schema_version,run_id,series_id,process_index,sequence_index,delta_ns
2,ex2-s5-e1-a1-p04,822db031c141350bdf4c2386109e1e2cd5cafd0121b7b280a05d83ea046def54,2,0,200
2,ex2-s5-e1-a1-p04,822db031c141350bdf4c2386109e1e2cd5cafd0121b7b280a05d83ea046def54,2,1,100
2,ex2-s5-e1-a1-p04,822db031c141350bdf4c2386109e1e2cd5cafd0121b7b280a05d83ea046def54,2,2,0
2,ex2-s5-e1-a1-p04,822db031c141350bdf4c2386109e1e2cd5cafd0121b7b280a05d83ea046def54,2,3,100
2,ex2-s5-e1-a1-p04,822db031c141350bdf4c2386109e1e2cd5cafd0121b7b280a05d83ea046def54,2,4,0
2,ex2-s5-e1-a1-p04,822db031c141350bdf4c2386109e1e2cd5cafd0121b7b280a05d83ea046def54,2,5,100
2,ex2-s5-e1-a1-p04,822db031c141350bdf4c2386109e1e2cd5cafd0121b7b280a05d83ea046def54,2,6,0
2,ex2-s5-e1-a1-p04,822db031c141350bdf4c2386109e1e2cd5cafd0121b7b280a05d83ea046def54,2,7,100
2,ex2-s5-e1-a1-p04,822db031c141350bdf4c2386109e1e2cd5cafd0121b7b280a05d83ea046def54,2,8,0
2,ex2-s5-e1-a1-p04,822db031c141350bdf4c2386109e1e2cd5cafd0121b7b280a05d83ea046def54,2,9,100
2,ex2-s5-e1-a1-p04,822db031c141350bdf4c2386109e1e2cd5cafd0121b7b280a05d83ea046def54,2,10,100
2,ex2-s5-e1-a1-p04,822db031c141350bdf4c2386109e1e2cd5cafd0121b7b280a05d83ea046def54,2,11,0
2,ex2-s5-e1-a1-p04,822db031c141350bdf4c2386109e1e2cd5cafd0121b7b280a05d83ea046def54,2,12,100
2,ex2-s5-e1-a1-p04,822db031c141350bdf4c2386109e1e2cd5cafd0121b7b280a05d83ea046def54,2,13,0
2,ex2-s5-e1-a1-p04,822db031c141350bdf4c2386109e1e2cd5cafd0121b7b280a05d83ea046def54,2,14,100
2,ex2-s5-e1-a1-p04,822db031c141350bdf4c2386109e1e2cd5cafd0121b7b280a05d83ea046def54,2,15,0
2,ex2-s5-e1-a1-p04,822db031c141350bdf4c2386109e1e2cd5cafd0121b7b280a05d83ea046def54,2,16,100
2,ex2-s5-e1-a1-p04,822db031c141350bdf4c2386109e1e2cd5cafd0121b7b280a05d83ea046def54,2,17,0
2,ex2-s5-e1-a1-p04,822db031c141350bdf4c2386109e1e2cd5cafd0121b7b280a05d83ea046def54,2,18,100
2,ex2-s5-e1-a1-p04,822db031c141350bdf4c2386109e1e2cd5cafd0121b7b280a05d83ea046def54,2,19,100
2,ex2-s5-e1-a1-p04,822db031c141350bdf4c2386109e1e2cd5cafd0121b7b280a05d83ea046def54,2,20,0
2,ex2-s5-e1-a1-p04,822db031c141350bdf4c2386109e1e2cd5cafd0121b7b280a05d83ea046def54,2,21,100
2,ex2-s5-e1-a1-p04,822db031c141350bdf4c2386109e1e2cd5cafd0121b7b280a05d83ea046def54,2,22,0
2,ex2-s5-e1-a1-p04,822db031c141350bdf4c2386109e1e2cd5cafd0121b7b280a05d83ea046def54,2,23,100
2,ex2-s5-e1-a1-p04,822db031c141350bdf4c2386109e1e2cd5cafd0121b7b280a05d83ea046def54,2,24,100
2,ex2-s5-e1-a1-p04,822db031c141350bdf4c2386109e1e2cd5cafd0121b7b280a05d83ea046def54,2,25,0
2,ex2-s5-e1-a1-p04,822db031c141350bdf4c2386109e1e2cd5cafd0121b7b280a05d83ea046def54,2,26,100
2,ex2-s5-e1-a1-p04,822db031c141350bdf4c2386109e1e2cd5cafd0121b7b280a05d83ea046def54,2,27,0
2,ex2-s5-e1-a1-p04,822db031c141350bdf4c2386109e1e2cd5cafd0121b7b280a05d83ea046def54,2,28,100
2,ex2-s5-e1-a1-p04,822db031c141350bdf4c2386109e1e2cd5cafd0121b7b280a05d83ea046def54,2,29,0
2,ex2-s5-e1-a1-p04,822db031c141350bdf4c2386109e1e2cd5cafd0121b7b280a05d83ea046def54,2,30,100
2,ex2-s5-e1-a1-p04,822db031c141350bdf4c2386109e1e2cd5cafd0121b7b280a05d83ea046def54,2,31,0
2,ex2-s5-e1-a1-p04,822db031c141350bdf4c2386109e1e2cd5cafd0121b7b280a05d83ea046def54,2,32,100
2,ex2-s5-e1-a1-p04,822db031c141350bdf4c2386109e1e2cd5cafd0121b7b280a05d83ea046def54,2,33,0
2,ex2-s5-e1-a1-p04,822db031c141350bdf4c2386109e1e2cd5cafd0121b7b280a05d83ea046def54,2,34,100
2,ex2-s5-e1-a1-p04,822db031c141350bdf4c2386109e1e2cd5cafd0121b7b280a05d83ea046def54,2,35,100
2,ex2-s5-e1-a1-p04,822db031c141350bdf4c2386109e1e2cd5cafd0121b7b280a05d83ea046def54,2,36,0
2,ex2-s5-e1-a1-p04,822db031c141350bdf4c2386109e1e2cd5cafd0121b7b280a05d83ea046def54,2,37,100
2,ex2-s5-e1-a1-p04,822db031c141350bdf4c2386109e1e2cd5cafd0121b7b280a05d83ea046def54,2,38,0
2,ex2-s5-e1-a1-p04,822db031c141350bdf4c2386109e1e2cd5cafd0121b7b280a05d83ea046def54,2,39,100
2,ex2-s5-e1-a1-p04,822db031c141350bdf4c2386109e1e2cd5cafd0121b7b280a05d83ea046def54,2,40,0
2,ex2-s5-e1-a1-p04,822db031c141350bdf4c2386109e1e2cd5cafd0121b7b280a05d83ea046def54,2,41,100
2,ex2-s5-e1-a1-p04,822db031c141350bdf4c2386109e1e2cd5cafd0121b7b280a05d83ea046def54,2,42,0
2,ex2-s5-e1-a1-p04,822db031c141350bdf4c2386109e1e2cd5cafd0121b7b280a05d83ea046def54,2,43,100
2,ex2-s5-e1-a1-p04,822db031c141350bdf4c2386109e1e2cd5cafd0121b7b280a05d83ea046def54,2,44,100
2,ex2-s5-e1-a1-p04,822db031c141350bdf4c2386109e1e2cd5cafd0121b7b280a05d83ea046def54,2,45,0
2,ex2-s5-e1-a1-p04,822db031c141350bdf4c2386109e1e2cd5cafd0121b7b280a05d83ea046def54,2,46,100
2,ex2-s5-e1-a1-p04,822db031c141350bdf4c2386109e1e2cd5cafd0121b7b280a05d83ea046def54,2,47,0
2,ex2-s5-e1-a1-p04,822db031c141350bdf4c2386109e1e2cd5cafd0121b7b280a05d83ea046def54,2,48,100
2,ex2-s5-e1-a1-p04,822db031c141350bdf4c2386109e1e2cd5cafd0121b7b280a05d83ea046def54,2,49,0
2,ex2-s5-e1-a1-p04,822db031c141350bdf4c2386109e1e2cd5cafd0121b7b280a05d83ea046def54,2,50,100
2,ex2-s5-e1-a1-p04,822db031c141350bdf4c2386109e1e2cd5cafd0121b7b280a05d83ea046def54,2,51,0
2,ex2-s5-e1-a1-p04,822db031c141350bdf4c2386109e1e2cd5cafd0121b7b280a05d83ea046def54,2,52,100
2,ex2-s5-e1-a1-p04,822db031c141350bdf4c2386109e1e2cd5cafd0121b7b280a05d83ea046def54,2,53,100
2,ex2-s5-e1-a1-p04,822db031c141350bdf4c2386109e1e2cd5cafd0121b7b280a05d83ea046def54,2,54,0
2,ex2-s5-e1-a1-p04,822db031c141350bdf4c2386109e1e2cd5cafd0121b7b280a05d83ea046def54,2,55,100
2,ex2-s5-e1-a1-p04,822db031c141350bdf4c2386109e1e2cd5cafd0121b7b280a05d83ea046def54,2,56,0
2,ex2-s5-e1-a1-p04,822db031c141350bdf4c2386109e1e2cd5cafd0121b7b280a05d83ea046def54,2,57,100
2,ex2-s5-e1-a1-p04,822db031c141350bdf4c2386109e1e2cd5cafd0121b7b280a05d83ea046def54,2,58,0
2,ex2-s5-e1-a1-p04,822db031c141350bdf4c2386109e1e2cd5cafd0121b7b280a05d83ea046def54,2,59,100
2,ex2-s5-e1-a1-p04,822db031c141350bdf4c2386109e1e2cd5cafd0121b7b280a05d83ea046def54,2,60,0
2,ex2-s5-e1-a1-p04,822db031c141350bdf4c2386109e1e2cd5cafd0121b7b280a05d83ea046def54,2,61,100
2,ex2-s5-e1-a1-p04,822db031c141350bdf4c2386109e1e2cd5cafd0121b7b280a05d83ea046def54,2,62,0
2,ex2-s5-e1-a1-p04,822db031c141350bdf4c2386109e1e2cd5cafd0121b7b280a05d83ea046def54,2,63,100
2,ex2-s5-e1-a1-p04,822db031c141350bdf4c2386109e1e2cd5cafd0121b7b280a05d83ea046def54,2,64,100
2,ex2-s5-e1-a1-p04,822db031c141350bdf4c2386109e1e2cd5cafd0121b7b280a05d83ea046def54,2,65,0
2,ex2-s5-e1-a1-p04,822db031c141350bdf4c2386109e1e2cd5cafd0121b7b280a05d83ea046def54,2,66,100
2,ex2-s5-e1-a1-p04,822db031c141350bdf4c2386109e1e2cd5cafd0121b7b280a05d83ea046def54,2,67,0
2,ex2-s5-e1-a1-p04,822db031c141350bdf4c2386109e1e2cd5cafd0121b7b280a05d83ea046def54,2,68,100
2,ex2-s5-e1-a1-p04,822db031c141350bdf4c2386109e1e2cd5cafd0121b7b280a05d83ea046def54,2,69,0
2,ex2-s5-e1-a1-p04,822db031c141350bdf4c2386109e1e2cd5cafd0121b7b280a05d83ea046def54,2,70,100
2,ex2-s5-e1-a1-p04,822db031c141350bdf4c2386109e1e2cd5cafd0121b7b280a05d83ea046def54,2,71,0
2,ex2-s5-e1-a1-p04,822db031c141350bdf4c2386109e1e2cd5cafd0121b7b280a05d83ea046def54,2,72,100
2,ex2-s5-e1-a1-p04,822db031c141350bdf4c2386109e1e2cd5cafd0121b7b280a05d83ea046def54,2,73,100
2,ex2-s5-e1-a1-p04,822db031c141350bdf4c2386109e1e2cd5cafd0121b7b280a05d83ea046def54,2,74,0
2,ex2-s5-e1-a1-p04,822db031c141350bdf4c2386109e1e2cd5cafd0121b7b280a05d83ea046def54,2,75,100
2,ex2-s5-e1-a1-p04,822db031c141350bdf4c2386109e1e2cd5cafd0121b7b280a05d83ea046def54,2,76,0
2,ex2-s5-e1-a1-p04,822db031c141350bdf4c2386109e1e2cd5cafd0121b7b280a05d83ea046def54,2,77,100
2,ex2-s5-e1-a1-p04,822db031c141350bdf4c2386109e1e2cd5cafd0121b7b280a05d83ea046def54,2,78,0
2,ex2-s5-e1-a1-p04,822db031c141350bdf4c2386109e1e2cd5cafd0121b7b280a05d83ea046def54,2,79,100
2,ex2-s5-e1-a1-p04,822db031c141350bdf4c2386109e1e2cd5cafd0121b7b280a05d83ea046def54,2,80,0
2,ex2-s5-e1-a1-p04,822db031c141350bdf4c2386109e1e2cd5cafd0121b7b280a05d83ea046def54,2,81,100
2,ex2-s5-e1-a1-p04,822db031c141350bdf4c2386109e1e2cd5cafd0121b7b280a05d83ea046def54,2,82,0
2,ex2-s5-e1-a1-p04,822db031c141350bdf4c2386109e1e2cd5cafd0121b7b280a05d83ea046def54,2,83,100
2,ex2-s5-e1-a1-p04,822db031c141350bdf4c2386109e1e2cd5cafd0121b7b280a05d83ea046def54,2,84,100
2,ex2-s5-e1-a1-p04,822db031c141350bdf4c2386109e1e2cd5cafd0121b7b280a05d83ea046def54,2,85,0
2,ex2-s5-e1-a1-p04,822db031c141350bdf4c2386109e1e2cd5cafd0121b7b280a05d83ea046def54,2,86,100
2,ex2-s5-e1-a1-p04,822db031c141350bdf4c2386109e1e2cd5cafd0121b7b280a05d83ea046def54,2,87,0
2,ex2-s5-e1-a1-p04,822db031c141350bdf4c2386109e1e2cd5cafd0121b7b280a05d83ea046def54,2,88,100
2,ex2-s5-e1-a1-p04,822db031c141350bdf4c2386109e1e2cd5cafd0121b7b280a05d83ea046def54,2,89,0
2,ex2-s5-e1-a1-p04,822db031c141350bdf4c2386109e1e2cd5cafd0121b7b280a05d83ea046def54,2,90,100
2,ex2-s5-e1-a1-p04,822db031c141350bdf4c2386109e1e2cd5cafd0121b7b280a05d83ea046def54,2,91,0
2,ex2-s5-e1-a1-p04,822db031c141350bdf4c2386109e1e2cd5cafd0121b7b280a05d83ea046def54,2,92,100
2,ex2-s5-e1-a1-p04,822db031c141350bdf4c2386109e1e2cd5cafd0121b7b280a05d83ea046def54,2,93,100
2,ex2-s5-e1-a1-p04,822db031c141350bdf4c2386109e1e2cd5cafd0121b7b280a05d83ea046def54,2,94,0
2,ex2-s5-e1-a1-p04,822db031c141350bdf4c2386109e1e2cd5cafd0121b7b280a05d83ea046def54,2,95,100
2,ex2-s5-e1-a1-p04,822db031c141350bdf4c2386109e1e2cd5cafd0121b7b280a05d83ea046def54,2,96,0
2,ex2-s5-e1-a1-p04,822db031c141350bdf4c2386109e1e2cd5cafd0121b7b280a05d83ea046def54,2,97,100
2,ex2-s5-e1-a1-p04,822db031c141350bdf4c2386109e1e2cd5cafd0121b7b280a05d83ea046def54,2,98,0
2,ex2-s5-e1-a1-p04,822db031c141350bdf4c2386109e1e2cd5cafd0121b7b280a05d83ea046def54,2,99,100
2,ex2-s5-e1-a1-p04,822db031c141350bdf4c2386109e1e2cd5cafd0121b7b280a05d83ea046def54,2,100,0
2,ex2-s5-e1-a1-p04,822db031c141350bdf4c2386109e1e2cd5cafd0121b7b280a05d83ea046def54,2,101,100
2,ex2-s5-e1-a1-p04,822db031c141350bdf4c2386109e1e2cd5cafd0121b7b280a05d83ea046def54,2,102,0
2,ex2-s5-e1-a1-p04,822db031c141350bdf4c2386109e1e2cd5cafd0121b7b280a05d83ea046def54,2,103,100
2,ex2-s5-e1-a1-p04,822db031c141350bdf4c2386109e1e2cd5cafd0121b7b280a05d83ea046def54,2,104,100
2,ex2-s5-e1-a1-p04,822db031c141350bdf4c2386109e1e2cd5cafd0121b7b280a05d83ea046def54,2,105,0
2,ex2-s5-e1-a1-p04,822db031c141350bdf4c2386109e1e2cd5cafd0121b7b280a05d83ea046def54,2,106,100
2,ex2-s5-e1-a1-p04,822db031c141350bdf4c2386109e1e2cd5cafd0121b7b280a05d83ea046def54,2,107,0
2,ex2-s5-e1-a1-p04,822db031c141350bdf4c2386109e1e2cd5cafd0121b7b280a05d83ea046def54,2,108,100
2,ex2-s5-e1-a1-p04,822db031c141350bdf4c2386109e1e2cd5cafd0121b7b280a05d83ea046def54,2,109,0
2,ex2-s5-e1-a1-p04,822db031c141350bdf4c2386109e1e2cd5cafd0121b7b280a05d83ea046def54,2,110,100
2,ex2-s5-e1-a1-p04,822db031c141350bdf4c2386109e1e2cd5cafd0121b7b280a05d83ea046def54,2,111,0
2,ex2-s5-e1-a1-p04,822db031c141350bdf4c2386109e1e2cd5cafd0121b7b280a05d83ea046def54,2,112,100
2,ex2-s5-e1-a1-p04,822db031c141350bdf4c2386109e1e2cd5cafd0121b7b280a05d83ea046def54,2,113,100
2,ex2-s5-e1-a1-p04,822db031c141350bdf4c2386109e1e2cd5cafd0121b7b280a05d83ea046def54,2,114,0
2,ex2-s5-e1-a1-p04,822db031c141350bdf4c2386109e1e2cd5cafd0121b7b280a05d83ea046def54,2,115,100
2,ex2-s5-e1-a1-p04,822db031c141350bdf4c2386109e1e2cd5cafd0121b7b280a05d83ea046def54,2,116,0
2,ex2-s5-e1-a1-p04,822db031c141350bdf4c2386109e1e2cd5cafd0121b7b280a05d83ea046def54,2,117,100
2,ex2-s5-e1-a1-p04,822db031c141350bdf4c2386109e1e2cd5cafd0121b7b280a05d83ea046def54,2,118,0
2,ex2-s5-e1-a1-p04,822db031c141350bdf4c2386109e1e2cd5cafd0121b7b280a05d83ea046def54,2,119,100
2,ex2-s5-e1-a1-p04,822db031c141350bdf4c2386109e1e2cd5cafd0121b7b280a05d83ea046def54,2,120,0
2,ex2-s5-e1-a1-p04,822db031c141350bdf4c2386109e1e2cd5cafd0121b7b280a05d83ea046def54,2,121,100
2,ex2-s5-e1-a1-p04,822db031c141350bdf4c2386109e1e2cd5cafd0121b7b280a05d83ea046def54,2,122,0
2,ex2-s5-e1-a1-p04,822db031c141350bdf4c2386109e1e2cd5cafd0121b7b280a05d83ea046def54,2,123,100
2,ex2-s5-e1-a1-p04,822db031c141350bdf4c2386109e1e2cd5cafd0121b7b280a05d83ea046def54,2,124,100
2,ex2-s5-e1-a1-p04,822db031c141350bdf4c2386109e1e2cd5cafd0121b7b280a05d83ea046def54,2,125,0
2,ex2-s5-e1-a1-p04,822db031c141350bdf4c2386109e1e2cd5cafd0121b7b280a05d83ea046def54,2,126,100
2,ex2-s5-e1-a1-p04,822db031c141350bdf4c2386109e1e2cd5cafd0121b7b280a05d83ea046def54,2,127,0
2,ex2-s5-e1-a1-p04,822db031c141350bdf4c2386109e1e2cd5cafd0121b7b280a05d83ea046def54,2,128,100
2,ex2-s5-e1-a1-p04,822db031c141350bdf4c2386109e1e2cd5cafd0121b7b280a05d83ea046def54,2,129,0
2,ex2-s5-e1-a1-p04,822db031c141350bdf4c2386109e1e2cd5cafd0121b7b280a05d83ea046def54,2,130,100
2,ex2-s5-e1-a1-p04,822db031c141350bdf4c2386109e1e2cd5cafd0121b7b280a05d83ea046def54,2,131,0
2,ex2-s5-e1-a1-p04,822db031c141350bdf4c2386109e1e2cd5cafd0121b7b280a05d83ea046def54,2,132,100
2,ex2-s5-e1-a1-p04,822db031c141350bdf4c2386109e1e2cd5cafd0121b7b280a05d83ea046def54,2,133,0
2,ex2-s5-e1-a1-p04,822db031c141350bdf4c2386109e1e2cd5cafd0121b7b280a05d83ea046def54,2,134,100
2,ex2-s5-e1-a1-p04,822db031c141350bdf4c2386109e1e2cd5cafd0121b7b280a05d83ea046def54,2,135,100
2,ex2-s5-e1-a1-p04,822db031c141350bdf4c2386109e1e2cd5cafd0121b7b280a05d83ea046def54,2,136,0
2,ex2-s5-e1-a1-p04,822db031c141350bdf4c2386109e1e2cd5cafd0121b7b280a05d83ea046def54,2,137,100
2,ex2-s5-e1-a1-p04,822db031c141350bdf4c2386109e1e2cd5cafd0121b7b280a05d83ea046def54,2,138,0
2,ex2-s5-e1-a1-p04,822db031c141350bdf4c2386109e1e2cd5cafd0121b7b280a05d83ea046def54,2,139,100
2,ex2-s5-e1-a1-p04,822db031c141350bdf4c2386109e1e2cd5cafd0121b7b280a05d83ea046def54,2,140,0
2,ex2-s5-e1-a1-p04,822db031c141350bdf4c2386109e1e2cd5cafd0121b7b280a05d83ea046def54,2,141,100
2,ex2-s5-e1-a1-p04,822db031c141350bdf4c2386109e1e2cd5cafd0121b7b280a05d83ea046def54,2,142,0
2,ex2-s5-e1-a1-p04,822db031c141350bdf4c2386109e1e2cd5cafd0121b7b280a05d83ea046def54,2,143,100
2,ex2-s5-e1-a1-p04,822db031c141350bdf4c2386109e1e2cd5cafd0121b7b280a05d83ea046def54,2,144,100
2,ex2-s5-e1-a1-p04,822db031c141350bdf4c2386109e1e2cd5cafd0121b7b280a05d83ea046def54,2,145,0
2,ex2-s5-e1-a1-p04,822db031c141350bdf4c2386109e1e2cd5cafd0121b7b280a05d83ea046def54,2,146,100
2,ex2-s5-e1-a1-p04,822db031c141350bdf4c2386109e1e2cd5cafd0121b7b280a05d83ea046def54,2,147,0
2,ex2-s5-e1-a1-p04,822db031c141350bdf4c2386109e1e2cd5cafd0121b7b280a05d83ea046def54,2,148,100
2,ex2-s5-e1-a1-p04,822db031c141350bdf4c2386109e1e2cd5cafd0121b7b280a05d83ea046def54,2,149,0
2,ex2-s5-e1-a1-p04,822db031c141350bdf4c2386109e1e2cd5cafd0121b7b280a05d83ea046def54,2,150,100
2,ex2-s5-e1-a1-p04,822db031c141350bdf4c2386109e1e2cd5cafd0121b7b280a05d83ea046def54,2,151,0
2,ex2-s5-e1-a1-p04,822db031c141350bdf4c2386109e1e2cd5cafd0121b7b280a05d83ea046def54,2,152,100
2,ex2-s5-e1-a1-p04,822db031c141350bdf4c2386109e1e2cd5cafd0121b7b280a05d83ea046def54,2,153,100
2,ex2-s5-e1-a1-p04,822db031c141350bdf4c2386109e1e2cd5cafd0121b7b280a05d83ea046def54,2,154,0
2,ex2-s5-e1-a1-p04,822db031c141350bdf4c2386109e1e2cd5cafd0121b7b280a05d83ea046def54,2,155,100
2,ex2-s5-e1-a1-p04,822db031c141350bdf4c2386109e1e2cd5cafd0121b7b280a05d83ea046def54,2,156,0
2,ex2-s5-e1-a1-p04,822db031c141350bdf4c2386109e1e2cd5cafd0121b7b280a05d83ea046def54,2,157,100
2,ex2-s5-e1-a1-p04,822db031c141350bdf4c2386109e1e2cd5cafd0121b7b280a05d83ea046def54,2,158,0
2,ex2-s5-e1-a1-p04,822db031c141350bdf4c2386109e1e2cd5cafd0121b7b280a05d83ea046def54,2,159,100
2,ex2-s5-e1-a1-p04,822db031c141350bdf4c2386109e1e2cd5cafd0121b7b280a05d83ea046def54,2,160,0
2,ex2-s5-e1-a1-p04,822db031c141350bdf4c2386109e1e2cd5cafd0121b7b280a05d83ea046def54,2,161,100
2,ex2-s5-e1-a1-p04,822db031c141350bdf4c2386109e1e2cd5cafd0121b7b280a05d83ea046def54,2,162,0
2,ex2-s5-e1-a1-p04,822db031c141350bdf4c2386109e1e2cd5cafd0121b7b280a05d83ea046def54,2,163,100
2,ex2-s5-e1-a1-p04,822db031c141350bdf4c2386109e1e2cd5cafd0121b7b280a05d83ea046def54,2,164,100
2,ex2-s5-e1-a1-p04,822db031c141350bdf4c2386109e1e2cd5cafd0121b7b280a05d83ea046def54,2,165,0
2,ex2-s5-e1-a1-p04,822db031c141350bdf4c2386109e1e2cd5cafd0121b7b280a05d83ea046def54,2,166,100
2,ex2-s5-e1-a1-p04,822db031c141350bdf4c2386109e1e2cd5cafd0121b7b280a05d83ea046def54,2,167,0
2,ex2-s5-e1-a1-p04,822db031c141350bdf4c2386109e1e2cd5cafd0121b7b280a05d83ea046def54,2,168,100
2,ex2-s5-e1-a1-p04,822db031c141350bdf4c2386109e1e2cd5cafd0121b7b280a05d83ea046def54,2,169,0
2,ex2-s5-e1-a1-p04,822db031c141350bdf4c2386109e1e2cd5cafd0121b7b280a05d83ea046def54,2,170,100
2,ex2-s5-e1-a1-p04,822db031c141350bdf4c2386109e1e2cd5cafd0121b7b280a05d83ea046def54,2,171,0
2,ex2-s5-e1-a1-p04,822db031c141350bdf4c2386109e1e2cd5cafd0121b7b280a05d83ea046def54,2,172,100
2,ex2-s5-e1-a1-p04,822db031c141350bdf4c2386109e1e2cd5cafd0121b7b280a05d83ea046def54,2,173,100
2,ex2-s5-e1-a1-p04,822db031c141350bdf4c2386109e1e2cd5cafd0121b7b280a05d83ea046def54,2,174,0
2,ex2-s5-e1-a1-p04,822db031c141350bdf4c2386109e1e2cd5cafd0121b7b280a05d83ea046def54,2,175,100
2,ex2-s5-e1-a1-p04,822db031c141350bdf4c2386109e1e2cd5cafd0121b7b280a05d83ea046def54,2,176,0
2,ex2-s5-e1-a1-p04,822db031c141350bdf4c2386109e1e2cd5cafd0121b7b280a05d83ea046def54,2,177,100
2,ex2-s5-e1-a1-p04,822db031c141350bdf4c2386109e1e2cd5cafd0121b7b280a05d83ea046def54,2,178,0
2,ex2-s5-e1-a1-p04,822db031c141350bdf4c2386109e1e2cd5cafd0121b7b280a05d83ea046def54,2,179,100
2,ex2-s5-e1-a1-p04,822db031c141350bdf4c2386109e1e2cd5cafd0121b7b280a05d83ea046def54,2,180,0
2,ex2-s5-e1-a1-p04,822db031c141350bdf4c2386109e1e2cd5cafd0121b7b280a05d83ea046def54,2,181,100
2,ex2-s5-e1-a1-p04,822db031c141350bdf4c2386109e1e2cd5cafd0121b7b280a05d83ea046def54,2,182,0
2,ex2-s5-e1-a1-p04,822db031c141350bdf4c2386109e1e2cd5cafd0121b7b280a05d83ea046def54,2,183,100
2,ex2-s5-e1-a1-p04,822db031c141350bdf4c2386109e1e2cd5cafd0121b7b280a05d83ea046def54,2,184,100
2,ex2-s5-e1-a1-p04,822db031c141350bdf4c2386109e1e2cd5cafd0121b7b280a05d83ea046def54,2,185,0
2,ex2-s5-e1-a1-p04,822db031c141350bdf4c2386109e1e2cd5cafd0121b7b280a05d83ea046def54,2,186,100
2,ex2-s5-e1-a1-p04,822db031c141350bdf4c2386109e1e2cd5cafd0121b7b280a05d83ea046def54,2,187,0
2,ex2-s5-e1-a1-p04,822db031c141350bdf4c2386109e1e2cd5cafd0121b7b280a05d83ea046def54,2,188,100
2,ex2-s5-e1-a1-p04,822db031c141350bdf4c2386109e1e2cd5cafd0121b7b280a05d83ea046def54,2,189,0
2,ex2-s5-e1-a1-p04,822db031c141350bdf4c2386109e1e2cd5cafd0121b7b280a05d83ea046def54,2,190,100
2,ex2-s5-e1-a1-p04,822db031c141350bdf4c2386109e1e2cd5cafd0121b7b280a05d83ea046def54,2,191,0
2,ex2-s5-e1-a1-p04,822db031c141350bdf4c2386109e1e2cd5cafd0121b7b280a05d83ea046def54,2,192,100
2,ex2-s5-e1-a1-p04,822db031c141350bdf4c2386109e1e2cd5cafd0121b7b280a05d83ea046def54,2,193,100
2,ex2-s5-e1-a1-p04,822db031c141350bdf4c2386109e1e2cd5cafd0121b7b280a05d83ea046def54,2,194,0
2,ex2-s5-e1-a1-p04,822db031c141350bdf4c2386109e1e2cd5cafd0121b7b280a05d83ea046def54,2,195,100
2,ex2-s5-e1-a1-p04,822db031c141350bdf4c2386109e1e2cd5cafd0121b7b280a05d83ea046def54,2,196,0
2,ex2-s5-e1-a1-p04,822db031c141350bdf4c2386109e1e2cd5cafd0121b7b280a05d83ea046def54,2,197,100
2,ex2-s5-e1-a1-p04,822db031c141350bdf4c2386109e1e2cd5cafd0121b7b280a05d83ea046def54,2,198,0
2,ex2-s5-e1-a1-p04,822db031c141350bdf4c2386109e1e2cd5cafd0121b7b280a05d83ea046def54,2,199,100
2,ex2-s5-e1-a1-p04,822db031c141350bdf4c2386109e1e2cd5cafd0121b7b280a05d83ea046def54,2,200,0
2,ex2-s5-e1-a1-p04,822db031c141350bdf4c2386109e1e2cd5cafd0121b7b280a05d83ea046def54,2,201,100
2,ex2-s5-e1-a1-p04,822db031c141350bdf4c2386109e1e2cd5cafd0121b7b280a05d83ea046def54,2,202,100
2,ex2-s5-e1-a1-p04,822db031c141350bdf4c2386109e1e2cd5cafd0121b7b280a05d83ea046def54,2,203,0
2,ex2-s5-e1-a1-p04,822db031c141350bdf4c2386109e1e2cd5cafd0121b7b280a05d83ea046def54,2,204,100
2,ex2-s5-e1-a1-p04,822db031c141350bdf4c2386109e1e2cd5cafd0121b7b280a05d83ea046def54,2,205,0
2,ex2-s5-e1-a1-p04,822db031c141350bdf4c2386109e1e2cd5cafd0121b7b280a05d83ea046def54,2,206,100
2,ex2-s5-e1-a1-p04,822db031c141350bdf4c2386109e1e2cd5cafd0121b7b280a05d83ea046def54,2,207,0
2,ex2-s5-e1-a1-p04,822db031c141350bdf4c2386109e1e2cd5cafd0121b7b280a05d83ea046def54,2,208,100
2,ex2-s5-e1-a1-p04,822db031c141350bdf4c2386109e1e2cd5cafd0121b7b280a05d83ea046def54,2,209,0
2,ex2-s5-e1-a1-p04,822db031c141350bdf4c2386109e1e2cd5cafd0121b7b280a05d83ea046def54,2,210,100
2,ex2-s5-e1-a1-p04,822db031c141350bdf4c2386109e1e2cd5cafd0121b7b280a05d83ea046def54,2,211,0
2,ex2-s5-e1-a1-p04,822db031c141350bdf4c2386109e1e2cd5cafd0121b7b280a05d83ea046def54,2,212,100
2,ex2-s5-e1-a1-p04,822db031c141350bdf4c2386109e1e2cd5cafd0121b7b280a05d83ea046def54,2,213,100
2,ex2-s5-e1-a1-p04,822db031c141350bdf4c2386109e1e2cd5cafd0121b7b280a05d83ea046def54,2,214,0
2,ex2-s5-e1-a1-p04,822db031c141350bdf4c2386109e1e2cd5cafd0121b7b280a05d83ea046def54,2,215,100
2,ex2-s5-e1-a1-p04,822db031c141350bdf4c2386109e1e2cd5cafd0121b7b280a05d83ea046def54,2,216,0
2,ex2-s5-e1-a1-p04,822db031c141350bdf4c2386109e1e2cd5cafd0121b7b280a05d83ea046def54,2,217,100
2,ex2-s5-e1-a1-p04,822db031c141350bdf4c2386109e1e2cd5cafd0121b7b280a05d83ea046def54,2,218,0
2,ex2-s5-e1-a1-p04,822db031c141350bdf4c2386109e1e2cd5cafd0121b7b280a05d83ea046def54,2,219,100
2,ex2-s5-e1-a1-p04,822db031c141350bdf4c2386109e1e2cd5cafd0121b7b280a05d83ea046def54,2,220,0
2,ex2-s5-e1-a1-p04,822db031c141350bdf4c2386109e1e2cd5cafd0121b7b280a05d83ea046def54,2,221,100
2,ex2-s5-e1-a1-p04,822db031c141350bdf4c2386109e1e2cd5cafd0121b7b280a05d83ea046def54,2,222,0
2,ex2-s5-e1-a1-p04,822db031c141350bdf4c2386109e1e2cd5cafd0121b7b280a05d83ea046def54,2,223,100
2,ex2-s5-e1-a1-p04,822db031c141350bdf4c2386109e1e2cd5cafd0121b7b280a05d83ea046def54,2,224,100
2,ex2-s5-e1-a1-p04,822db031c141350bdf4c2386109e1e2cd5cafd0121b7b280a05d83ea046def54,2,225,0
2,ex2-s5-e1-a1-p04,822db031c141350bdf4c2386109e1e2cd5cafd0121b7b280a05d83ea046def54,2,226,100
2,ex2-s5-e1-a1-p04,822db031c141350bdf4c2386109e1e2cd5cafd0121b7b280a05d83ea046def54,2,227,0
2,ex2-s5-e1-a1-p04,822db031c141350bdf4c2386109e1e2cd5cafd0121b7b280a05d83ea046def54,2,228,100
2,ex2-s5-e1-a1-p04,822db031c141350bdf4c2386109e1e2cd5cafd0121b7b280a05d83ea046def54,2,229,0
2,ex2-s5-e1-a1-p04,822db031c141350bdf4c2386109e1e2cd5cafd0121b7b280a05d83ea046def54,2,230,100
2,ex2-s5-e1-a1-p04,822db031c141350bdf4c2386109e1e2cd5cafd0121b7b280a05d83ea046def54,2,231,0
2,ex2-s5-e1-a1-p04,822db031c141350bdf4c2386109e1e2cd5cafd0121b7b280a05d83ea046def54,2,232,100
2,ex2-s5-e1-a1-p04,822db031c141350bdf4c2386109e1e2cd5cafd0121b7b280a05d83ea046def54,2,233,100
2,ex2-s5-e1-a1-p04,822db031c141350bdf4c2386109e1e2cd5cafd0121b7b280a05d83ea046def54,2,234,0
2,ex2-s5-e1-a1-p04,822db031c141350bdf4c2386109e1e2cd5cafd0121b7b280a05d83ea046def54,2,235,100
2,ex2-s5-e1-a1-p04,822db031c141350bdf4c2386109e1e2cd5cafd0121b7b280a05d83ea046def54,2,236,0
2,ex2-s5-e1-a1-p04,822db031c141350bdf4c2386109e1e2cd5cafd0121b7b280a05d83ea046def54,2,237,100
2,ex2-s5-e1-a1-p04,822db031c141350bdf4c2386109e1e2cd5cafd0121b7b280a05d83ea046def54,2,238,0
2,ex2-s5-e1-a1-p04,822db031c141350bdf4c2386109e1e2cd5cafd0121b7b280a05d83ea046def54,2,239,100
2,ex2-s5-e1-a1-p04,822db031c141350bdf4c2386109e1e2cd5cafd0121b7b280a05d83ea046def54,2,240,0
2,ex2-s5-e1-a1-p04,822db031c141350bdf4c2386109e1e2cd5cafd0121b7b280a05d83ea046def54,2,241,100
2,ex2-s5-e1-a1-p04,822db031c141350bdf4c2386109e1e2cd5cafd0121b7b280a05d83ea046def54,2,242,0
2,ex2-s5-e1-a1-p04,822db031c141350bdf4c2386109e1e2cd5cafd0121b7b280a05d83ea046def54,2,243,100
2,ex2-s5-e1-a1-p04,822db031c141350bdf4c2386109e1e2cd5cafd0121b7b280a05d83ea046def54,2,244,100
2,ex2-s5-e1-a1-p04,822db031c141350bdf4c2386109e1e2cd5cafd0121b7b280a05d83ea046def54,2,245,0
2,ex2-s5-e1-a1-p04,822db031c141350bdf4c2386109e1e2cd5cafd0121b7b280a05d83ea046def54,2,246,100
2,ex2-s5-e1-a1-p04,822db031c141350bdf4c2386109e1e2cd5cafd0121b7b280a05d83ea046def54,2,247,0
2,ex2-s5-e1-a1-p04,822db031c141350bdf4c2386109e1e2cd5cafd0121b7b280a05d83ea046def54,2,248,100
2,ex2-s5-e1-a1-p04,822db031c141350bdf4c2386109e1e2cd5cafd0121b7b280a05d83ea046def54,2,249,0
2,ex2-s5-e1-a1-p04,822db031c141350bdf4c2386109e1e2cd5cafd0121b7b280a05d83ea046def54,2,250,100
2,ex2-s5-e1-a1-p04,822db031c141350bdf4c2386109e1e2cd5cafd0121b7b280a05d83ea046def54,2,251,0
2,ex2-s5-e1-a1-p04,822db031c141350bdf4c2386109e1e2cd5cafd0121b7b280a05d83ea046def54,2,252,100
2,ex2-s5-e1-a1-p04,822db031c141350bdf4c2386109e1e2cd5cafd0121b7b280a05d83ea046def54,2,253,100
2,ex2-s5-e1-a1-p04,822db031c141350bdf4c2386109e1e2cd5cafd0121b7b280a05d83ea046def54,2,254,0
2,ex2-s5-e1-a1-p04,822db031c141350bdf4c2386109e1e2cd5cafd0121b7b280a05d83ea046def54,2,255,100
2,ex2-s5-e1-a1-p04,822db031c141350bdf4c2386109e1e2cd5cafd0121b7b280a05d83ea046def54,2,256,0
2,ex2-s5-e1-a1-p04,822db031c141350bdf4c2386109e1e2cd5cafd0121b7b280a05d83ea046def54,2,257,100
2,ex2-s5-e1-a1-p04,822db031c141350bdf4c2386109e1e2cd5cafd0121b7b280a05d83ea046def54,2,258,0
2,ex2-s5-e1-a1-p04,822db031c141350bdf4c2386109e1e2cd5cafd0121b7b280a05d83ea046def54,2,259,100
2,ex2-s5-e1-a1-p04,822db031c141350bdf4c2386109e1e2cd5cafd0121b7b280a05d83ea046def54,2,260,0
2,ex2-s5-e1-a1-p04,822db031c141350bdf4c2386109e1e2cd5cafd0121b7b280a05d83ea046def54,2,261,100
2,ex2-s5-e1-a1-p04,822db031c141350bdf4c2386109e1e2cd5cafd0121b7b280a05d83ea046def54,2,262,100
2,ex2-s5-e1-a1-p04,822db031c141350bdf4c2386109e1e2cd5cafd0121b7b280a05d83ea046def54,2,263,0
2,ex2-s5-e1-a1-p04,822db031c141350bdf4c2386109e1e2cd5cafd0121b7b280a05d83ea046def54,2,264,100
2,ex2-s5-e1-a1-p04,822db031c141350bdf4c2386109e1e2cd5cafd0121b7b280a05d83ea046def54,2,265,0
2,ex2-s5-e1-a1-p04,822db031c141350bdf4c2386109e1e2cd5cafd0121b7b280a05d83ea046def54,2,266,100
2,ex2-s5-e1-a1-p04,822db031c141350bdf4c2386109e1e2cd5cafd0121b7b280a05d83ea046def54,2,267,0
2,ex2-s5-e1-a1-p04,822db031c141350bdf4c2386109e1e2cd5cafd0121b7b280a05d83ea046def54,2,268,100
2,ex2-s5-e1-a1-p04,822db031c141350bdf4c2386109e1e2cd5cafd0121b7b280a05d83ea046def54,2,269,0
2,ex2-s5-e1-a1-p04,822db031c141350bdf4c2386109e1e2cd5cafd0121b7b280a05d83ea046def54,2,270,100
2,ex2-s5-e1-a1-p04,822db031c141350bdf4c2386109e1e2cd5cafd0121b7b280a05d83ea046def54,2,271,0
2,ex2-s5-e1-a1-p04,822db031c141350bdf4c2386109e1e2cd5cafd0121b7b280a05d83ea046def54,2,272,100
2,ex2-s5-e1-a1-p04,822db031c141350bdf4c2386109e1e2cd5cafd0121b7b280a05d83ea046def54,2,273,100
2,ex2-s5-e1-a1-p04,822db031c141350bdf4c2386109e1e2cd5cafd0121b7b280a05d83ea046def54,2,274,0
2,ex2-s5-e1-a1-p04,822db031c141350bdf4c2386109e1e2cd5cafd0121b7b280a05d83ea046def54,2,275,100
2,ex2-s5-e1-a1-p04,822db031c141350bdf4c2386109e1e2cd5cafd0121b7b280a05d83ea046def54,2,276,0
2,ex2-s5-e1-a1-p04,822db031c141350bdf4c2386109e1e2cd5cafd0121b7b280a05d83ea046def54,2,277,100
2,ex2-s5-e1-a1-p04,822db031c141350bdf4c2386109e1e2cd5cafd0121b7b280a05d83ea046def54,2,278,0
2,ex2-s5-e1-a1-p04,822db031c141350bdf4c2386109e1e2cd5cafd0121b7b280a05d83ea046def54,2,279,100
2,ex2-s5-e1-a1-p04,822db031c141350bdf4c2386109e1e2cd5cafd0121b7b280a05d83ea046def54,2,280,0
2,ex2-s5-e1-a1-p04,822db031c141350bdf4c2386109e1e2cd5cafd0121b7b280a05d83ea046def54,2,281,100
2,ex2-s5-e1-a1-p04,822db031c141350bdf4c2386109e1e2cd5cafd0121b7b280a05d83ea046def54,2,282,100
2,ex2-s5-e1-a1-p04,822db031c141350bdf4c2386109e1e2cd5cafd0121b7b280a05d83ea046def54,2,283,0
2,ex2-s5-e1-a1-p04,822db031c141350bdf4c2386109e1e2cd5cafd0121b7b280a05d83ea046def54,2,284,100
2,ex2-s5-e1-a1-p04,822db031c141350bdf4c2386109e1e2cd5cafd0121b7b280a05d83ea046def54,2,285,0
2,ex2-s5-e1-a1-p04,822db031c141350bdf4c2386109e1e2cd5cafd0121b7b280a05d83ea046def54,2,286,100
2,ex2-s5-e1-a1-p04,822db031c141350bdf4c2386109e1e2cd5cafd0121b7b280a05d83ea046def54,2,287,0
2,ex2-s5-e1-a1-p04,822db031c141350bdf4c2386109e1e2cd5cafd0121b7b280a05d83ea046def54,2,288,100
2,ex2-s5-e1-a1-p04,822db031c141350bdf4c2386109e1e2cd5cafd0121b7b280a05d83ea046def54,2,289,0
2,ex2-s5-e1-a1-p04,822db031c141350bdf4c2386109e1e2cd5cafd0121b7b280a05d83ea046def54,2,290,100
2,ex2-s5-e1-a1-p04,822db031c141350bdf4c2386109e1e2cd5cafd0121b7b280a05d83ea046def54,2,291,0
2,ex2-s5-e1-a1-p04,822db031c141350bdf4c2386109e1e2cd5cafd0121b7b280a05d83ea046def54,2,292,100
2,ex2-s5-e1-a1-p04,822db031c141350bdf4c2386109e1e2cd5cafd0121b7b280a05d83ea046def54,2,293,100
2,ex2-s5-e1-a1-p04,822db031c141350bdf4c2386109e1e2cd5cafd0121b7b280a05d83ea046def54,2,294,0
2,ex2-s5-e1-a1-p04,822db031c141350bdf4c2386109e1e2cd5cafd0121b7b280a05d83ea046def54,2,295,100
2,ex2-s5-e1-a1-p04,822db031c141350bdf4c2386109e1e2cd5cafd0121b7b280a05d83ea046def54,2,296,0
2,ex2-s5-e1-a1-p04,822db031c141350bdf4c2386109e1e2cd5cafd0121b7b280a05d83ea046def54,2,297,100
2,ex2-s5-e1-a1-p04,822db031c141350bdf4c2386109e1e2cd5cafd0121b7b280a05d83ea046def54,2,298,0
2,ex2-s5-e1-a1-p04,822db031c141350bdf4c2386109e1e2cd5cafd0121b7b280a05d83ea046def54,2,299,100
2,ex2-s5-e1-a1-p04,822db031c141350bdf4c2386109e1e2cd5cafd0121b7b280a05d83ea046def54,2,300,0
2,ex2-s5-e1-a1-p04,822db031c141350bdf4c2386109e1e2cd5cafd0121b7b280a05d83ea046def54,2,301,100
2,ex2-s5-e1-a1-p04,822db031c141350bdf4c2386109e1e2cd5cafd0121b7b280a05d83ea046def54,2,302,100
2,ex2-s5-e1-a1-p04,822db031c141350bdf4c2386109e1e2cd5cafd0121b7b280a05d83ea046def54,2,303,0
2,ex2-s5-e1-a1-p04,822db031c141350bdf4c2386109e1e2cd5cafd0121b7b280a05d83ea046def54,2,304,100
2,ex2-s5-e1-a1-p04,822db031c141350bdf4c2386109e1e2cd5cafd0121b7b280a05d83ea046def54,2,305,0
2,ex2-s5-e1-a1-p04,822db031c141350bdf4c2386109e1e2cd5cafd0121b7b280a05d83ea046def54,2,306,100
2,ex2-s5-e1-a1-p04,822db031c141350bdf4c2386109e1e2cd5cafd0121b7b280a05d83ea046def54,2,307,0
2,ex2-s5-e1-a1-p04,822db031c141350bdf4c2386109e1e2cd5cafd0121b7b280a05d83ea046def54,2,308,100
2,ex2-s5-e1-a1-p04,822db031c141350bdf4c2386109e1e2cd5cafd0121b7b280a05d83ea046def54,2,309,0
2,ex2-s5-e1-a1-p04,822db031c141350bdf4c2386109e1e2cd5cafd0121b7b280a05d83ea046def54,2,310,100
2,ex2-s5-e1-a1-p04,822db031c141350bdf4c2386109e1e2cd5cafd0121b7b280a05d83ea046def54,2,311,100
2,ex2-s5-e1-a1-p04,822db031c141350bdf4c2386109e1e2cd5cafd0121b7b280a05d83ea046def54,2,312,0
2,ex2-s5-e1-a1-p04,822db031c141350bdf4c2386109e1e2cd5cafd0121b7b280a05d83ea046def54,2,313,100
2,ex2-s5-e1-a1-p04,822db031c141350bdf4c2386109e1e2cd5cafd0121b7b280a05d83ea046def54,2,314,0
2,ex2-s5-e1-a1-p04,822db031c141350bdf4c2386109e1e2cd5cafd0121b7b280a05d83ea046def54,2,315,100
2,ex2-s5-e1-a1-p04,822db031c141350bdf4c2386109e1e2cd5cafd0121b7b280a05d83ea046def54,2,316,0
2,ex2-s5-e1-a1-p04,822db031c141350bdf4c2386109e1e2cd5cafd0121b7b280a05d83ea046def54,2,317,100
2,ex2-s5-e1-a1-p04,822db031c141350bdf4c2386109e1e2cd5cafd0121b7b280a05d83ea046def54,2,318,0
2,ex2-s5-e1-a1-p04,822db031c141350bdf4c2386109e1e2cd5cafd0121b7b280a05d83ea046def54,2,319,100
2,ex2-s5-e1-a1-p04,822db031c141350bdf4c2386109e1e2cd5cafd0121b7b280a05d83ea046def54,2,320,100
2,ex2-s5-e1-a1-p04,822db031c141350bdf4c2386109e1e2cd5cafd0121b7b280a05d83ea046def54,2,321,0
2,ex2-s5-e1-a1-p04,822db031c141350bdf4c2386109e1e2cd5cafd0121b7b280a05d83ea046def54,2,322,100
2,ex2-s5-e1-a1-p04,822db031c141350bdf4c2386109e1e2cd5cafd0121b7b280a05d83ea046def54,2,323,0
2,ex2-s5-e1-a1-p04,822db031c141350bdf4c2386109e1e2cd5cafd0121b7b280a05d83ea046def54,2,324,100
2,ex2-s5-e1-a1-p04,822db031c141350bdf4c2386109e1e2cd5cafd0121b7b280a05d83ea046def54,2,325,0
2,ex2-s5-e1-a1-p04,822db031c141350bdf4c2386109e1e2cd5cafd0121b7b280a05d83ea046def54,2,326,100
2,ex2-s5-e1-a1-p04,822db031c141350bdf4c2386109e1e2cd5cafd0121b7b280a05d83ea046def54,2,327,0
2,ex2-s5-e1-a1-p04,822db031c141350bdf4c2386109e1e2cd5cafd0121b7b280a05d83ea046def54,2,328,100
2,ex2-s5-e1-a1-p04,822db031c141350bdf4c2386109e1e2cd5cafd0121b7b280a05d83ea046def54,2,329,0
2,ex2-s5-e1-a1-p04,822db031c141350bdf4c2386109e1e2cd5cafd0121b7b280a05d83ea046def54,2,330,100
2,ex2-s5-e1-a1-p04,822db031c141350bdf4c2386109e1e2cd5cafd0121b7b280a05d83ea046def54,2,331,100
2,ex2-s5-e1-a1-p04,822db031c141350bdf4c2386109e1e2cd5cafd0121b7b280a05d83ea046def54,2,332,0
2,ex2-s5-e1-a1-p04,822db031c141350bdf4c2386109e1e2cd5cafd0121b7b280a05d83ea046def54,2,333,100
2,ex2-s5-e1-a1-p04,822db031c141350bdf4c2386109e1e2cd5cafd0121b7b280a05d83ea046def54,2,334,0
2,ex2-s5-e1-a1-p04,822db031c141350bdf4c2386109e1e2cd5cafd0121b7b280a05d83ea046def54,2,335,100
2,ex2-s5-e1-a1-p04,822db031c141350bdf4c2386109e1e2cd5cafd0121b7b280a05d83ea046def54,2,336,0
2,ex2-s5-e1-a1-p04,822db031c141350bdf4c2386109e1e2cd5cafd0121b7b280a05d83ea046def54,2,337,100
2,ex2-s5-e1-a1-p04,822db031c141350bdf4c2386109e1e2cd5cafd0121b7b280a05d83ea046def54,2,338,0
2,ex2-s5-e1-a1-p04,822db031c141350bdf4c2386109e1e2cd5cafd0121b7b280a05d83ea046def54,2,339,100
2,ex2-s5-e1-a1-p04,822db031c141350bdf4c2386109e1e2cd5cafd0121b7b280a05d83ea046def54,2,340,100
2,ex2-s5-e1-a1-p04,822db031c141350bdf4c2386109e1e2cd5cafd0121b7b280a05d83ea046def54,2,341,0
2,ex2-s5-e1-a1-p04,822db031c141350bdf4c2386109e1e2cd5cafd0121b7b280a05d83ea046def54,2,342,100
2,ex2-s5-e1-a1-p04,822db031c141350bdf4c2386109e1e2cd5cafd0121b7b280a05d83ea046def54,2,343,0
2,ex2-s5-e1-a1-p04,822db031c141350bdf4c2386109e1e2cd5cafd0121b7b280a05d83ea046def54,2,344,100
2,ex2-s5-e1-a1-p04,822db031c141350bdf4c2386109e1e2cd5cafd0121b7b280a05d83ea046def54,2,345,0
2,ex2-s5-e1-a1-p04,822db031c141350bdf4c2386109e1e2cd5cafd0121b7b280a05d83ea046def54,2,346,100
2,ex2-s5-e1-a1-p04,822db031c141350bdf4c2386109e1e2cd5cafd0121b7b280a05d83ea046def54,2,347,0
2,ex2-s5-e1-a1-p04,822db031c141350bdf4c2386109e1e2cd5cafd0121b7b280a05d83ea046def54,2,348,100
2,ex2-s5-e1-a1-p04,822db031c141350bdf4c2386109e1e2cd5cafd0121b7b280a05d83ea046def54,2,349,100
2,ex2-s5-e1-a1-p04,822db031c141350bdf4c2386109e1e2cd5cafd0121b7b280a05d83ea046def54,2,350,0
2,ex2-s5-e1-a1-p04,822db031c141350bdf4c2386109e1e2cd5cafd0121b7b280a05d83ea046def54,2,351,100
2,ex2-s5-e1-a1-p04,822db031c141350bdf4c2386109e1e2cd5cafd0121b7b280a05d83ea046def54,2,352,0
2,ex2-s5-e1-a1-p04,822db031c141350bdf4c2386109e1e2cd5cafd0121b7b280a05d83ea046def54,2,353,100
2,ex2-s5-e1-a1-p04,822db031c141350bdf4c2386109e1e2cd5cafd0121b7b280a05d83ea046def54,2,354,0
2,ex2-s5-e1-a1-p04,822db031c141350bdf4c2386109e1e2cd5cafd0121b7b280a05d83ea046def54,2,355,100
2,ex2-s5-e1-a1-p04,822db031c141350bdf4c2386109e1e2cd5cafd0121b7b280a05d83ea046def54,2,356,0
2,ex2-s5-e1-a1-p04,822db031c141350bdf4c2386109e1e2cd5cafd0121b7b280a05d83ea046def54,2,357,100
2,ex2-s5-e1-a1-p04,822db031c141350bdf4c2386109e1e2cd5cafd0121b7b280a05d83ea046def54,2,358,0
2,ex2-s5-e1-a1-p04,822db031c141350bdf4c2386109e1e2cd5cafd0121b7b280a05d83ea046def54,2,359,100
2,ex2-s5-e1-a1-p04,822db031c141350bdf4c2386109e1e2cd5cafd0121b7b280a05d83ea046def54,2,360,100
2,ex2-s5-e1-a1-p04,822db031c141350bdf4c2386109e1e2cd5cafd0121b7b280a05d83ea046def54,2,361,0
2,ex2-s5-e1-a1-p04,822db031c141350bdf4c2386109e1e2cd5cafd0121b7b280a05d83ea046def54,2,362,100
2,ex2-s5-e1-a1-p04,822db031c141350bdf4c2386109e1e2cd5cafd0121b7b280a05d83ea046def54,2,363,0
2,ex2-s5-e1-a1-p04,822db031c141350bdf4c2386109e1e2cd5cafd0121b7b280a05d83ea046def54,2,364,100
2,ex2-s5-e1-a1-p04,822db031c141350bdf4c2386109e1e2cd5cafd0121b7b280a05d83ea046def54,2,365,0
2,ex2-s5-e1-a1-p04,822db031c141350bdf4c2386109e1e2cd5cafd0121b7b280a05d83ea046def54,2,366,100
2,ex2-s5-e1-a1-p04,822db031c141350bdf4c2386109e1e2cd5cafd0121b7b280a05d83ea046def54,2,367,0
2,ex2-s5-e1-a1-p04,822db031c141350bdf4c2386109e1e2cd5cafd0121b7b280a05d83ea046def54,2,368,100
2,ex2-s5-e1-a1-p04,822db031c141350bdf4c2386109e1e2cd5cafd0121b7b280a05d83ea046def54,2,369,100
2,ex2-s5-e1-a1-p04,822db031c141350bdf4c2386109e1e2cd5cafd0121b7b280a05d83ea046def54,2,370,0
2,ex2-s5-e1-a1-p04,822db031c141350bdf4c2386109e1e2cd5cafd0121b7b280a05d83ea046def54,2,371,100
2,ex2-s5-e1-a1-p04,822db031c141350bdf4c2386109e1e2cd5cafd0121b7b280a05d83ea046def54,2,372,0
2,ex2-s5-e1-a1-p04,822db031c141350bdf4c2386109e1e2cd5cafd0121b7b280a05d83ea046def54,2,373,100
2,ex2-s5-e1-a1-p04,822db031c141350bdf4c2386109e1e2cd5cafd0121b7b280a05d83ea046def54,2,374,0
2,ex2-s5-e1-a1-p04,822db031c141350bdf4c2386109e1e2cd5cafd0121b7b280a05d83ea046def54,2,375,100
2,ex2-s5-e1-a1-p04,822db031c141350bdf4c2386109e1e2cd5cafd0121b7b280a05d83ea046def54,2,376,0
2,ex2-s5-e1-a1-p04,822db031c141350bdf4c2386109e1e2cd5cafd0121b7b280a05d83ea046def54,2,377,100
2,ex2-s5-e1-a1-p04,822db031c141350bdf4c2386109e1e2cd5cafd0121b7b280a05d83ea046def54,2,378,0
2,ex2-s5-e1-a1-p04,822db031c141350bdf4c2386109e1e2cd5cafd0121b7b280a05d83ea046def54,2,379,100
2,ex2-s5-e1-a1-p04,822db031c141350bdf4c2386109e1e2cd5cafd0121b7b280a05d83ea046def54,2,380,100
2,ex2-s5-e1-a1-p04,822db031c141350bdf4c2386109e1e2cd5cafd0121b7b280a05d83ea046def54,2,381,0
2,ex2-s5-e1-a1-p04,822db031c141350bdf4c2386109e1e2cd5cafd0121b7b280a05d83ea046def54,2,382,100
2,ex2-s5-e1-a1-p04,822db031c141350bdf4c2386109e1e2cd5cafd0121b7b280a05d83ea046def54,2,383,0
2,ex2-s5-e1-a1-p04,822db031c141350bdf4c2386109e1e2cd5cafd0121b7b280a05d83ea046def54,2,384,100
2,ex2-s5-e1-a1-p04,822db031c141350bdf4c2386109e1e2cd5cafd0121b7b280a05d83ea046def54,2,385,0
2,ex2-s5-e1-a1-p04,822db031c141350bdf4c2386109e1e2cd5cafd0121b7b280a05d83ea046def54,2,386,100
2,ex2-s5-e1-a1-p04,822db031c141350bdf4c2386109e1e2cd5cafd0121b7b280a05d83ea046def54,2,387,0
2,ex2-s5-e1-a1-p04,822db031c141350bdf4c2386109e1e2cd5cafd0121b7b280a05d83ea046def54,2,388,100
2,ex2-s5-e1-a1-p04,822db031c141350bdf4c2386109e1e2cd5cafd0121b7b280a05d83ea046def54,2,389,100
2,ex2-s5-e1-a1-p04,822db031c141350bdf4c2386109e1e2cd5cafd0121b7b280a05d83ea046def54,2,390,0
2,ex2-s5-e1-a1-p04,822db031c141350bdf4c2386109e1e2cd5cafd0121b7b280a05d83ea046def54,2,391,100
2,ex2-s5-e1-a1-p04,822db031c141350bdf4c2386109e1e2cd5cafd0121b7b280a05d83ea046def54,2,392,0
2,ex2-s5-e1-a1-p04,822db031c141350bdf4c2386109e1e2cd5cafd0121b7b280a05d83ea046def54,2,393,100
2,ex2-s5-e1-a1-p04,822db031c141350bdf4c2386109e1e2cd5cafd0121b7b280a05d83ea046def54,2,394,0
2,ex2-s5-e1-a1-p04,822db031c141350bdf4c2386109e1e2cd5cafd0121b7b280a05d83ea046def54,2,395,100
2,ex2-s5-e1-a1-p04,822db031c141350bdf4c2386109e1e2cd5cafd0121b7b280a05d83ea046def54,2,396,0
2,ex2-s5-e1-a1-p04,822db031c141350bdf4c2386109e1e2cd5cafd0121b7b280a05d83ea046def54,2,397,100
2,ex2-s5-e1-a1-p04,822db031c141350bdf4c2386109e1e2cd5cafd0121b7b280a05d83ea046def54,2,398,100
2,ex2-s5-e1-a1-p04,822db031c141350bdf4c2386109e1e2cd5cafd0121b7b280a05d83ea046def54,2,399,0
2,ex2-s5-e1-a1-p04,822db031c141350bdf4c2386109e1e2cd5cafd0121b7b280a05d83ea046def54,2,400,100
2,ex2-s5-e1-a1-p04,822db031c141350bdf4c2386109e1e2cd5cafd0121b7b280a05d83ea046def54,2,401,0
2,ex2-s5-e1-a1-p04,822db031c141350bdf4c2386109e1e2cd5cafd0121b7b280a05d83ea046def54,2,402,100
2,ex2-s5-e1-a1-p04,822db031c141350bdf4c2386109e1e2cd5cafd0121b7b280a05d83ea046def54,2,403,0
2,ex2-s5-e1-a1-p04,822db031c141350bdf4c2386109e1e2cd5cafd0121b7b280a05d83ea046def54,2,404,100
2,ex2-s5-e1-a1-p04,822db031c141350bdf4c2386109e1e2cd5cafd0121b7b280a05d83ea046def54,2,405,0
2,ex2-s5-e1-a1-p04,822db031c141350bdf4c2386109e1e2cd5cafd0121b7b280a05d83ea046def54,2,406,100
2,ex2-s5-e1-a1-p04,822db031c141350bdf4c2386109e1e2cd5cafd0121b7b280a05d83ea046def54,2,407,100
2,ex2-s5-e1-a1-p04,822db031c141350bdf4c2386109e1e2cd5cafd0121b7b280a05d83ea046def54,2,408,0
2,ex2-s5-e1-a1-p04,822db031c141350bdf4c2386109e1e2cd5cafd0121b7b280a05d83ea046def54,2,409,100
2,ex2-s5-e1-a1-p04,822db031c141350bdf4c2386109e1e2cd5cafd0121b7b280a05d83ea046def54,2,410,0
2,ex2-s5-e1-a1-p04,822db031c141350bdf4c2386109e1e2cd5cafd0121b7b280a05d83ea046def54,2,411,100
2,ex2-s5-e1-a1-p04,822db031c141350bdf4c2386109e1e2cd5cafd0121b7b280a05d83ea046def54,2,412,0
2,ex2-s5-e1-a1-p04,822db031c141350bdf4c2386109e1e2cd5cafd0121b7b280a05d83ea046def54,2,413,100
2,ex2-s5-e1-a1-p04,822db031c141350bdf4c2386109e1e2cd5cafd0121b7b280a05d83ea046def54,2,414,0
2,ex2-s5-e1-a1-p04,822db031c141350bdf4c2386109e1e2cd5cafd0121b7b280a05d83ea046def54,2,415,100
2,ex2-s5-e1-a1-p04,822db031c141350bdf4c2386109e1e2cd5cafd0121b7b280a05d83ea046def54,2,416,0
2,ex2-s5-e1-a1-p04,822db031c141350bdf4c2386109e1e2cd5cafd0121b7b280a05d83ea046def54,2,417,100
2,ex2-s5-e1-a1-p04,822db031c141350bdf4c2386109e1e2cd5cafd0121b7b280a05d83ea046def54,2,418,100
2,ex2-s5-e1-a1-p04,822db031c141350bdf4c2386109e1e2cd5cafd0121b7b280a05d83ea046def54,2,419,0
2,ex2-s5-e1-a1-p04,822db031c141350bdf4c2386109e1e2cd5cafd0121b7b280a05d83ea046def54,2,420,100
2,ex2-s5-e1-a1-p04,822db031c141350bdf4c2386109e1e2cd5cafd0121b7b280a05d83ea046def54,2,421,0
2,ex2-s5-e1-a1-p04,822db031c141350bdf4c2386109e1e2cd5cafd0121b7b280a05d83ea046def54,2,422,100
2,ex2-s5-e1-a1-p04,822db031c141350bdf4c2386109e1e2cd5cafd0121b7b280a05d83ea046def54,2,423,0
2,ex2-s5-e1-a1-p04,822db031c141350bdf4c2386109e1e2cd5cafd0121b7b280a05d83ea046def54,2,424,100
2,ex2-s5-e1-a1-p04,822db031c141350bdf4c2386109e1e2cd5cafd0121b7b280a05d83ea046def54,2,425,0
2,ex2-s5-e1-a1-p04,822db031c141350bdf4c2386109e1e2cd5cafd0121b7b280a05d83ea046def54,2,426,100
2,ex2-s5-e1-a1-p04,822db031c141350bdf4c2386109e1e2cd5cafd0121b7b280a05d83ea046def54,2,427,100
2,ex2-s5-e1-a1-p04,822db031c141350bdf4c2386109e1e2cd5cafd0121b7b280a05d83ea046def54,2,428,0
2,ex2-s5-e1-a1-p04,822db031c141350bdf4c2386109e1e2cd5cafd0121b7b280a05d83ea046def54,2,429,100
2,ex2-s5-e1-a1-p04,822db031c141350bdf4c2386109e1e2cd5cafd0121b7b280a05d83ea046def54,2,430,0
2,ex2-s5-e1-a1-p04,822db031c141350bdf4c2386109e1e2cd5cafd0121b7b280a05d83ea046def54,2,431,100
2,ex2-s5-e1-a1-p04,822db031c141350bdf4c2386109e1e2cd5cafd0121b7b280a05d83ea046def54,2,432,0
2,ex2-s5-e1-a1-p04,822db031c141350bdf4c2386109e1e2cd5cafd0121b7b280a05d83ea046def54,2,433,100
2,ex2-s5-e1-a1-p04,822db031c141350bdf4c2386109e1e2cd5cafd0121b7b280a05d83ea046def54,2,434,0
2,ex2-s5-e1-a1-p04,822db031c141350bdf4c2386109e1e2cd5cafd0121b7b280a05d83ea046def54,2,435,100
2,ex2-s5-e1-a1-p04,822db031c141350bdf4c2386109e1e2cd5cafd0121b7b280a05d83ea046def54,2,436,100
2,ex2-s5-e1-a1-p04,822db031c141350bdf4c2386109e1e2cd5cafd0121b7b280a05d83ea046def54,2,437,0
2,ex2-s5-e1-a1-p04,822db031c141350bdf4c2386109e1e2cd5cafd0121b7b280a05d83ea046def54,2,438,100
2,ex2-s5-e1-a1-p04,822db031c141350bdf4c2386109e1e2cd5cafd0121b7b280a05d83ea046def54,2,439,0
2,ex2-s5-e1-a1-p04,822db031c141350bdf4c2386109e1e2cd5cafd0121b7b280a05d83ea046def54,2,440,100
2,ex2-s5-e1-a1-p04,822db031c141350bdf4c2386109e1e2cd5cafd0121b7b280a05d83ea046def54,2,441,0
2,ex2-s5-e1-a1-p04,822db031c141350bdf4c2386109e1e2cd5cafd0121b7b280a05d83ea046def54,2,442,100
2,ex2-s5-e1-a1-p04,822db031c141350bdf4c2386109e1e2cd5cafd0121b7b280a05d83ea046def54,2,443,0
2,ex2-s5-e1-a1-p04,822db031c141350bdf4c2386109e1e2cd5cafd0121b7b280a05d83ea046def54,2,444,100
2,ex2-s5-e1-a1-p04,822db031c141350bdf4c2386109e1e2cd5cafd0121b7b280a05d83ea046def54,2,445,100
2,ex2-s5-e1-a1-p04,822db031c141350bdf4c2386109e1e2cd5cafd0121b7b280a05d83ea046def54,2,446,0
2,ex2-s5-e1-a1-p04,822db031c141350bdf4c2386109e1e2cd5cafd0121b7b280a05d83ea046def54,2,447,100
2,ex2-s5-e1-a1-p04,822db031c141350bdf4c2386109e1e2cd5cafd0121b7b280a05d83ea046def54,2,448,0
2,ex2-s5-e1-a1-p04,822db031c141350bdf4c2386109e1e2cd5cafd0121b7b280a05d83ea046def54,2,449,100
2,ex2-s5-e1-a1-p04,822db031c141350bdf4c2386109e1e2cd5cafd0121b7b280a05d83ea046def54,2,450,0
2,ex2-s5-e1-a1-p04,822db031c141350bdf4c2386109e1e2cd5cafd0121b7b280a05d83ea046def54,2,451,100
2,ex2-s5-e1-a1-p04,822db031c141350bdf4c2386109e1e2cd5cafd0121b7b280a05d83ea046def54,2,452,0
2,ex2-s5-e1-a1-p04,822db031c141350bdf4c2386109e1e2cd5cafd0121b7b280a05d83ea046def54,2,453,100
2,ex2-s5-e1-a1-p04,822db031c141350bdf4c2386109e1e2cd5cafd0121b7b280a05d83ea046def54,2,454,0
2,ex2-s5-e1-a1-p04,822db031c141350bdf4c2386109e1e2cd5cafd0121b7b280a05d83ea046def54,2,455,100
2,ex2-s5-e1-a1-p04,822db031c141350bdf4c2386109e1e2cd5cafd0121b7b280a05d83ea046def54,2,456,100
2,ex2-s5-e1-a1-p04,822db031c141350bdf4c2386109e1e2cd5cafd0121b7b280a05d83ea046def54,2,457,0
2,ex2-s5-e1-a1-p04,822db031c141350bdf4c2386109e1e2cd5cafd0121b7b280a05d83ea046def54,2,458,100
2,ex2-s5-e1-a1-p04,822db031c141350bdf4c2386109e1e2cd5cafd0121b7b280a05d83ea046def54,2,459,0
2,ex2-s5-e1-a1-p04,822db031c141350bdf4c2386109e1e2cd5cafd0121b7b280a05d83ea046def54,2,460,100
2,ex2-s5-e1-a1-p04,822db031c141350bdf4c2386109e1e2cd5cafd0121b7b280a05d83ea046def54,2,461,0
2,ex2-s5-e1-a1-p04,822db031c141350bdf4c2386109e1e2cd5cafd0121b7b280a05d83ea046def54,2,462,100
2,ex2-s5-e1-a1-p04,822db031c141350bdf4c2386109e1e2cd5cafd0121b7b280a05d83ea046def54,2,463,0
2,ex2-s5-e1-a1-p04,822db031c141350bdf4c2386109e1e2cd5cafd0121b7b280a05d83ea046def54,2,464,100
2,ex2-s5-e1-a1-p04,822db031c141350bdf4c2386109e1e2cd5cafd0121b7b280a05d83ea046def54,2,465,100
2,ex2-s5-e1-a1-p04,822db031c141350bdf4c2386109e1e2cd5cafd0121b7b280a05d83ea046def54,2,466,0
2,ex2-s5-e1-a1-p04,822db031c141350bdf4c2386109e1e2cd5cafd0121b7b280a05d83ea046def54,2,467,100
2,ex2-s5-e1-a1-p04,822db031c141350bdf4c2386109e1e2cd5cafd0121b7b280a05d83ea046def54,2,468,0
2,ex2-s5-e1-a1-p04,822db031c141350bdf4c2386109e1e2cd5cafd0121b7b280a05d83ea046def54,2,469,100
2,ex2-s5-e1-a1-p04,822db031c141350bdf4c2386109e1e2cd5cafd0121b7b280a05d83ea046def54,2,470,0
2,ex2-s5-e1-a1-p04,822db031c141350bdf4c2386109e1e2cd5cafd0121b7b280a05d83ea046def54,2,471,100
2,ex2-s5-e1-a1-p04,822db031c141350bdf4c2386109e1e2cd5cafd0121b7b280a05d83ea046def54,2,472,0
2,ex2-s5-e1-a1-p04,822db031c141350bdf4c2386109e1e2cd5cafd0121b7b280a05d83ea046def54,2,473,100
2,ex2-s5-e1-a1-p04,822db031c141350bdf4c2386109e1e2cd5cafd0121b7b280a05d83ea046def54,2,474,100
2,ex2-s5-e1-a1-p04,822db031c141350bdf4c2386109e1e2cd5cafd0121b7b280a05d83ea046def54,2,475,0
2,ex2-s5-e1-a1-p04,822db031c141350bdf4c2386109e1e2cd5cafd0121b7b280a05d83ea046def54,2,476,100
2,ex2-s5-e1-a1-p04,822db031c141350bdf4c2386109e1e2cd5cafd0121b7b280a05d83ea046def54,2,477,0
2,ex2-s5-e1-a1-p04,822db031c141350bdf4c2386109e1e2cd5cafd0121b7b280a05d83ea046def54,2,478,100
2,ex2-s5-e1-a1-p04,822db031c141350bdf4c2386109e1e2cd5cafd0121b7b280a05d83ea046def54,2,479,0
2,ex2-s5-e1-a1-p04,822db031c141350bdf4c2386109e1e2cd5cafd0121b7b280a05d83ea046def54,2,480,100
2,ex2-s5-e1-a1-p04,822db031c141350bdf4c2386109e1e2cd5cafd0121b7b280a05d83ea046def54,2,481,0
2,ex2-s5-e1-a1-p04,822db031c141350bdf4c2386109e1e2cd5cafd0121b7b280a05d83ea046def54,2,482,100
2,ex2-s5-e1-a1-p04,822db031c141350bdf4c2386109e1e2cd5cafd0121b7b280a05d83ea046def54,2,483,100
2,ex2-s5-e1-a1-p04,822db031c141350bdf4c2386109e1e2cd5cafd0121b7b280a05d83ea046def54,2,484,0
2,ex2-s5-e1-a1-p04,822db031c141350bdf4c2386109e1e2cd5cafd0121b7b280a05d83ea046def54,2,485,100
2,ex2-s5-e1-a1-p04,822db031c141350bdf4c2386109e1e2cd5cafd0121b7b280a05d83ea046def54,2,486,0
2,ex2-s5-e1-a1-p04,822db031c141350bdf4c2386109e1e2cd5cafd0121b7b280a05d83ea046def54,2,487,100
2,ex2-s5-e1-a1-p04,822db031c141350bdf4c2386109e1e2cd5cafd0121b7b280a05d83ea046def54,2,488,0
2,ex2-s5-e1-a1-p04,822db031c141350bdf4c2386109e1e2cd5cafd0121b7b280a05d83ea046def54,2,489,100
2,ex2-s5-e1-a1-p04,822db031c141350bdf4c2386109e1e2cd5cafd0121b7b280a05d83ea046def54,2,490,0
2,ex2-s5-e1-a1-p04,822db031c141350bdf4c2386109e1e2cd5cafd0121b7b280a05d83ea046def54,2,491,100
2,ex2-s5-e1-a1-p04,822db031c141350bdf4c2386109e1e2cd5cafd0121b7b280a05d83ea046def54,2,492,0
2,ex2-s5-e1-a1-p04,822db031c141350bdf4c2386109e1e2cd5cafd0121b7b280a05d83ea046def54,2,493,100
2,ex2-s5-e1-a1-p04,822db031c141350bdf4c2386109e1e2cd5cafd0121b7b280a05d83ea046def54,2,494,100
2,ex2-s5-e1-a1-p04,822db031c141350bdf4c2386109e1e2cd5cafd0121b7b280a05d83ea046def54,2,495,0
2,ex2-s5-e1-a1-p04,822db031c141350bdf4c2386109e1e2cd5cafd0121b7b280a05d83ea046def54,2,496,100
2,ex2-s5-e1-a1-p04,822db031c141350bdf4c2386109e1e2cd5cafd0121b7b280a05d83ea046def54,2,497,0
2,ex2-s5-e1-a1-p04,822db031c141350bdf4c2386109e1e2cd5cafd0121b7b280a05d83ea046def54,2,498,100
2,ex2-s5-e1-a1-p04,822db031c141350bdf4c2386109e1e2cd5cafd0121b7b280a05d83ea046def54,2,499,0
2,ex2-s5-e1-a1-p04,822db031c141350bdf4c2386109e1e2cd5cafd0121b7b280a05d83ea046def54,2,500,100
2,ex2-s5-e1-a1-p04,822db031c141350bdf4c2386109e1e2cd5cafd0121b7b280a05d83ea046def54,2,501,0
2,ex2-s5-e1-a1-p04,822db031c141350bdf4c2386109e1e2cd5cafd0121b7b280a05d83ea046def54,2,502,100
2,ex2-s5-e1-a1-p04,822db031c141350bdf4c2386109e1e2cd5cafd0121b7b280a05d83ea046def54,2,503,100
2,ex2-s5-e1-a1-p04,822db031c141350bdf4c2386109e1e2cd5cafd0121b7b280a05d83ea046def54,2,504,0
2,ex2-s5-e1-a1-p04,822db031c141350bdf4c2386109e1e2cd5cafd0121b7b280a05d83ea046def54,2,505,100
2,ex2-s5-e1-a1-p04,822db031c141350bdf4c2386109e1e2cd5cafd0121b7b280a05d83ea046def54,2,506,0
2,ex2-s5-e1-a1-p04,822db031c141350bdf4c2386109e1e2cd5cafd0121b7b280a05d83ea046def54,2,507,100
2,ex2-s5-e1-a1-p04,822db031c141350bdf4c2386109e1e2cd5cafd0121b7b280a05d83ea046def54,2,508,0
2,ex2-s5-e1-a1-p04,822db031c141350bdf4c2386109e1e2cd5cafd0121b7b280a05d83ea046def54,2,509,100
2,ex2-s5-e1-a1-p04,822db031c141350bdf4c2386109e1e2cd5cafd0121b7b280a05d83ea046def54,2,510,0
2,ex2-s5-e1-a1-p04,822db031c141350bdf4c2386109e1e2cd5cafd0121b7b280a05d83ea046def54,2,511,100
2,ex2-s5-e1-a1-p04,822db031c141350bdf4c2386109e1e2cd5cafd0121b7b280a05d83ea046def54,2,512,100
2,ex2-s5-e1-a1-p04,822db031c141350bdf4c2386109e1e2cd5cafd0121b7b280a05d83ea046def54,2,513,0
2,ex2-s5-e1-a1-p04,822db031c141350bdf4c2386109e1e2cd5cafd0121b7b280a05d83ea046def54,2,514,100
2,ex2-s5-e1-a1-p04,822db031c141350bdf4c2386109e1e2cd5cafd0121b7b280a05d83ea046def54,2,515,0
2,ex2-s5-e1-a1-p04,822db031c141350bdf4c2386109e1e2cd5cafd0121b7b280a05d83ea046def54,2,516,100
2,ex2-s5-e1-a1-p04,822db031c141350bdf4c2386109e1e2cd5cafd0121b7b280a05d83ea046def54,2,517,0
2,ex2-s5-e1-a1-p04,822db031c141350bdf4c2386109e1e2cd5cafd0121b7b280a05d83ea046def54,2,518,100
2,ex2-s5-e1-a1-p04,822db031c141350bdf4c2386109e1e2cd5cafd0121b7b280a05d83ea046def54,2,519,0
2,ex2-s5-e1-a1-p04,822db031c141350bdf4c2386109e1e2cd5cafd0121b7b280a05d83ea046def54,2,520,100
2,ex2-s5-e1-a1-p04,822db031c141350bdf4c2386109e1e2cd5cafd0121b7b280a05d83ea046def54,2,521,0
2,ex2-s5-e1-a1-p04,822db031c141350bdf4c2386109e1e2cd5cafd0121b7b280a05d83ea046def54,2,522,100
2,ex2-s5-e1-a1-p04,822db031c141350bdf4c2386109e1e2cd5cafd0121b7b280a05d83ea046def54,2,523,100
2,ex2-s5-e1-a1-p04,822db031c141350bdf4c2386109e1e2cd5cafd0121b7b280a05d83ea046def54,2,524,0
2,ex2-s5-e1-a1-p04,822db031c141350bdf4c2386109e1e2cd5cafd0121b7b280a05d83ea046def54,2,525,100
2,ex2-s5-e1-a1-p04,822db031c141350bdf4c2386109e1e2cd5cafd0121b7b280a05d83ea046def54,2,526,0
2,ex2-s5-e1-a1-p04,822db031c141350bdf4c2386109e1e2cd5cafd0121b7b280a05d83ea046def54,2,527,100
2,ex2-s5-e1-a1-p04,822db031c141350bdf4c2386109e1e2cd5cafd0121b7b280a05d83ea046def54,2,528,0
2,ex2-s5-e1-a1-p04,822db031c141350bdf4c2386109e1e2cd5cafd0121b7b280a05d83ea046def54,2,529,100
2,ex2-s5-e1-a1-p04,822db031c141350bdf4c2386109e1e2cd5cafd0121b7b280a05d83ea046def54,2,530,0
2,ex2-s5-e1-a1-p04,822db031c141350bdf4c2386109e1e2cd5cafd0121b7b280a05d83ea046def54,2,531,100
2,ex2-s5-e1-a1-p04,822db031c141350bdf4c2386109e1e2cd5cafd0121b7b280a05d83ea046def54,2,532,100
2,ex2-s5-e1-a1-p04,822db031c141350bdf4c2386109e1e2cd5cafd0121b7b280a05d83ea046def54,2,533,0
2,ex2-s5-e1-a1-p04,822db031c141350bdf4c2386109e1e2cd5cafd0121b7b280a05d83ea046def54,2,534,100
2,ex2-s5-e1-a1-p04,822db031c141350bdf4c2386109e1e2cd5cafd0121b7b280a05d83ea046def54,2,535,0
2,ex2-s5-e1-a1-p04,822db031c141350bdf4c2386109e1e2cd5cafd0121b7b280a05d83ea046def54,2,536,100
2,ex2-s5-e1-a1-p04,822db031c141350bdf4c2386109e1e2cd5cafd0121b7b280a05d83ea046def54,2,537,0
2,ex2-s5-e1-a1-p04,822db031c141350bdf4c2386109e1e2cd5cafd0121b7b280a05d83ea046def54,2,538,100
2,ex2-s5-e1-a1-p04,822db031c141350bdf4c2386109e1e2cd5cafd0121b7b280a05d83ea046def54,2,539,0
2,ex2-s5-e1-a1-p04,822db031c141350bdf4c2386109e1e2cd5cafd0121b7b280a05d83ea046def54,2,540,100
2,ex2-s5-e1-a1-p04,822db031c141350bdf4c2386109e1e2cd5cafd0121b7b280a05d83ea046def54,2,541,0
2,ex2-s5-e1-a1-p04,822db031c141350bdf4c2386109e1e2cd5cafd0121b7b280a05d83ea046def54,2,542,100
2,ex2-s5-e1-a1-p04,822db031c141350bdf4c2386109e1e2cd5cafd0121b7b280a05d83ea046def54,2,543,100
2,ex2-s5-e1-a1-p04,822db031c141350bdf4c2386109e1e2cd5cafd0121b7b280a05d83ea046def54,2,544,0
2,ex2-s5-e1-a1-p04,822db031c141350bdf4c2386109e1e2cd5cafd0121b7b280a05d83ea046def54,2,545,100
2,ex2-s5-e1-a1-p04,822db031c141350bdf4c2386109e1e2cd5cafd0121b7b280a05d83ea046def54,2,546,0
2,ex2-s5-e1-a1-p04,822db031c141350bdf4c2386109e1e2cd5cafd0121b7b280a05d83ea046def54,2,547,100
2,ex2-s5-e1-a1-p04,822db031c141350bdf4c2386109e1e2cd5cafd0121b7b280a05d83ea046def54,2,548,0
2,ex2-s5-e1-a1-p04,822db031c141350bdf4c2386109e1e2cd5cafd0121b7b280a05d83ea046def54,2,549,100
2,ex2-s5-e1-a1-p04,822db031c141350bdf4c2386109e1e2cd5cafd0121b7b280a05d83ea046def54,2,550,0
2,ex2-s5-e1-a1-p04,822db031c141350bdf4c2386109e1e2cd5cafd0121b7b280a05d83ea046def54,2,551,100
2,ex2-s5-e1-a1-p04,822db031c141350bdf4c2386109e1e2cd5cafd0121b7b280a05d83ea046def54,2,552,100
2,ex2-s5-e1-a1-p04,822db031c141350bdf4c2386109e1e2cd5cafd0121b7b280a05d83ea046def54,2,553,0
2,ex2-s5-e1-a1-p04,822db031c141350bdf4c2386109e1e2cd5cafd0121b7b280a05d83ea046def54,2,554,100
2,ex2-s5-e1-a1-p04,822db031c141350bdf4c2386109e1e2cd5cafd0121b7b280a05d83ea046def54,2,555,0
2,ex2-s5-e1-a1-p04,822db031c141350bdf4c2386109e1e2cd5cafd0121b7b280a05d83ea046def54,2,556,100
2,ex2-s5-e1-a1-p04,822db031c141350bdf4c2386109e1e2cd5cafd0121b7b280a05d83ea046def54,2,557,0
2,ex2-s5-e1-a1-p04,822db031c141350bdf4c2386109e1e2cd5cafd0121b7b280a05d83ea046def54,2,558,100
2,ex2-s5-e1-a1-p04,822db031c141350bdf4c2386109e1e2cd5cafd0121b7b280a05d83ea046def54,2,559,0
2,ex2-s5-e1-a1-p04,822db031c141350bdf4c2386109e1e2cd5cafd0121b7b280a05d83ea046def54,2,560,100
2,ex2-s5-e1-a1-p04,822db031c141350bdf4c2386109e1e2cd5cafd0121b7b280a05d83ea046def54,2,561,100
2,ex2-s5-e1-a1-p04,822db031c141350bdf4c2386109e1e2cd5cafd0121b7b280a05d83ea046def54,2,562,0
2,ex2-s5-e1-a1-p04,822db031c141350bdf4c2386109e1e2cd5cafd0121b7b280a05d83ea046def54,2,563,100
2,ex2-s5-e1-a1-p04,822db031c141350bdf4c2386109e1e2cd5cafd0121b7b280a05d83ea046def54,2,564,0
2,ex2-s5-e1-a1-p04,822db031c141350bdf4c2386109e1e2cd5cafd0121b7b280a05d83ea046def54,2,565,100
2,ex2-s5-e1-a1-p04,822db031c141350bdf4c2386109e1e2cd5cafd0121b7b280a05d83ea046def54,2,566,0
2,ex2-s5-e1-a1-p04,822db031c141350bdf4c2386109e1e2cd5cafd0121b7b280a05d83ea046def54,2,567,100
2,ex2-s5-e1-a1-p04,822db031c141350bdf4c2386109e1e2cd5cafd0121b7b280a05d83ea046def54,2,568,0
2,ex2-s5-e1-a1-p04,822db031c141350bdf4c2386109e1e2cd5cafd0121b7b280a05d83ea046def54,2,569,100
2,ex2-s5-e1-a1-p04,822db031c141350bdf4c2386109e1e2cd5cafd0121b7b280a05d83ea046def54,2,570,100
2,ex2-s5-e1-a1-p04,822db031c141350bdf4c2386109e1e2cd5cafd0121b7b280a05d83ea046def54,2,571,0
2,ex2-s5-e1-a1-p04,822db031c141350bdf4c2386109e1e2cd5cafd0121b7b280a05d83ea046def54,2,572,100
2,ex2-s5-e1-a1-p04,822db031c141350bdf4c2386109e1e2cd5cafd0121b7b280a05d83ea046def54,2,573,0
2,ex2-s5-e1-a1-p04,822db031c141350bdf4c2386109e1e2cd5cafd0121b7b280a05d83ea046def54,2,574,100
2,ex2-s5-e1-a1-p04,822db031c141350bdf4c2386109e1e2cd5cafd0121b7b280a05d83ea046def54,2,575,0
2,ex2-s5-e1-a1-p04,822db031c141350bdf4c2386109e1e2cd5cafd0121b7b280a05d83ea046def54,2,576,100
2,ex2-s5-e1-a1-p04,822db031c141350bdf4c2386109e1e2cd5cafd0121b7b280a05d83ea046def54,2,577,0
2,ex2-s5-e1-a1-p04,822db031c141350bdf4c2386109e1e2cd5cafd0121b7b280a05d83ea046def54,2,578,100
2,ex2-s5-e1-a1-p04,822db031c141350bdf4c2386109e1e2cd5cafd0121b7b280a05d83ea046def54,2,579,0
2,ex2-s5-e1-a1-p04,822db031c141350bdf4c2386109e1e2cd5cafd0121b7b280a05d83ea046def54,2,580,100
2,ex2-s5-e1-a1-p04,822db031c141350bdf4c2386109e1e2cd5cafd0121b7b280a05d83ea046def54,2,581,100
2,ex2-s5-e1-a1-p04,822db031c141350bdf4c2386109e1e2cd5cafd0121b7b280a05d83ea046def54,2,582,0
2,ex2-s5-e1-a1-p04,822db031c141350bdf4c2386109e1e2cd5cafd0121b7b280a05d83ea046def54,2,583,100
2,ex2-s5-e1-a1-p04,822db031c141350bdf4c2386109e1e2cd5cafd0121b7b280a05d83ea046def54,2,584,0
2,ex2-s5-e1-a1-p04,822db031c141350bdf4c2386109e1e2cd5cafd0121b7b280a05d83ea046def54,2,585,100
2,ex2-s5-e1-a1-p04,822db031c141350bdf4c2386109e1e2cd5cafd0121b7b280a05d83ea046def54,2,586,0
2,ex2-s5-e1-a1-p04,822db031c141350bdf4c2386109e1e2cd5cafd0121b7b280a05d83ea046def54,2,587,100
2,ex2-s5-e1-a1-p04,822db031c141350bdf4c2386109e1e2cd5cafd0121b7b280a05d83ea046def54,2,588,0
2,ex2-s5-e1-a1-p04,822db031c141350bdf4c2386109e1e2cd5cafd0121b7b280a05d83ea046def54,2,589,100
2,ex2-s5-e1-a1-p04,822db031c141350bdf4c2386109e1e2cd5cafd0121b7b280a05d83ea046def54,2,590,0
2,ex2-s5-e1-a1-p04,822db031c141350bdf4c2386109e1e2cd5cafd0121b7b280a05d83ea046def54,2,591,100
2,ex2-s5-e1-a1-p04,822db031c141350bdf4c2386109e1e2cd5cafd0121b7b280a05d83ea046def54,2,592,100
2,ex2-s5-e1-a1-p04,822db031c141350bdf4c2386109e1e2cd5cafd0121b7b280a05d83ea046def54,2,593,0
2,ex2-s5-e1-a1-p04,822db031c141350bdf4c2386109e1e2cd5cafd0121b7b280a05d83ea046def54,2,594,100
2,ex2-s5-e1-a1-p04,822db031c141350bdf4c2386109e1e2cd5cafd0121b7b280a05d83ea046def54,2,595,0
2,ex2-s5-e1-a1-p04,822db031c141350bdf4c2386109e1e2cd5cafd0121b7b280a05d83ea046def54,2,596,100
2,ex2-s5-e1-a1-p04,822db031c141350bdf4c2386109e1e2cd5cafd0121b7b280a05d83ea046def54,2,597,0
2,ex2-s5-e1-a1-p04,822db031c141350bdf4c2386109e1e2cd5cafd0121b7b280a05d83ea046def54,2,598,100
2,ex2-s5-e1-a1-p04,822db031c141350bdf4c2386109e1e2cd5cafd0121b7b280a05d83ea046def54,2,599,0
2,ex2-s5-e1-a1-p04,822db031c141350bdf4c2386109e1e2cd5cafd0121b7b280a05d83ea046def54,2,600,100
2,ex2-s5-e1-a1-p04,822db031c141350bdf4c2386109e1e2cd5cafd0121b7b280a05d83ea046def54,2,601,100
2,ex2-s5-e1-a1-p04,822db031c141350bdf4c2386109e1e2cd5cafd0121b7b280a05d83ea046def54,2,602,0
2,ex2-s5-e1-a1-p04,822db031c141350bdf4c2386109e1e2cd5cafd0121b7b280a05d83ea046def54,2,603,100
2,ex2-s5-e1-a1-p04,822db031c141350bdf4c2386109e1e2cd5cafd0121b7b280a05d83ea046def54,2,604,0
2,ex2-s5-e1-a1-p04,822db031c141350bdf4c2386109e1e2cd5cafd0121b7b280a05d83ea046def54,2,605,100
2,ex2-s5-e1-a1-p04,822db031c141350bdf4c2386109e1e2cd5cafd0121b7b280a05d83ea046def54,2,606,0
2,ex2-s5-e1-a1-p04,822db031c141350bdf4c2386109e1e2cd5cafd0121b7b280a05d83ea046def54,2,607,100
2,ex2-s5-e1-a1-p04,822db031c141350bdf4c2386109e1e2cd5cafd0121b7b280a05d83ea046def54,2,608,0
2,ex2-s5-e1-a1-p04,822db031c141350bdf4c2386109e1e2cd5cafd0121b7b280a05d83ea046def54,2,609,100
2,ex2-s5-e1-a1-p04,822db031c141350bdf4c2386109e1e2cd5cafd0121b7b280a05d83ea046def54,2,610,100
2,ex2-s5-e1-a1-p04,822db031c141350bdf4c2386109e1e2cd5cafd0121b7b280a05d83ea046def54,2,611,0
2,ex2-s5-e1-a1-p04,822db031c141350bdf4c2386109e1e2cd5cafd0121b7b280a05d83ea046def54,2,612,100
2,ex2-s5-e1-a1-p04,822db031c141350bdf4c2386109e1e2cd5cafd0121b7b280a05d83ea046def54,2,613,0
2,ex2-s5-e1-a1-p04,822db031c141350bdf4c2386109e1e2cd5cafd0121b7b280a05d83ea046def54,2,614,100
2,ex2-s5-e1-a1-p04,822db031c141350bdf4c2386109e1e2cd5cafd0121b7b280a05d83ea046def54,2,615,0
2,ex2-s5-e1-a1-p04,822db031c141350bdf4c2386109e1e2cd5cafd0121b7b280a05d83ea046def54,2,616,100
2,ex2-s5-e1-a1-p04,822db031c141350bdf4c2386109e1e2cd5cafd0121b7b280a05d83ea046def54,2,617,0
2,ex2-s5-e1-a1-p04,822db031c141350bdf4c2386109e1e2cd5cafd0121b7b280a05d83ea046def54,2,618,100
2,ex2-s5-e1-a1-p04,822db031c141350bdf4c2386109e1e2cd5cafd0121b7b280a05d83ea046def54,2,619,0
2,ex2-s5-e1-a1-p04,822db031c141350bdf4c2386109e1e2cd5cafd0121b7b280a05d83ea046def54,2,620,100
2,ex2-s5-e1-a1-p04,822db031c141350bdf4c2386109e1e2cd5cafd0121b7b280a05d83ea046def54,2,621,100
2,ex2-s5-e1-a1-p04,822db031c141350bdf4c2386109e1e2cd5cafd0121b7b280a05d83ea046def54,2,622,0
2,ex2-s5-e1-a1-p04,822db031c141350bdf4c2386109e1e2cd5cafd0121b7b280a05d83ea046def54,2,623,100
2,ex2-s5-e1-a1-p04,822db031c141350bdf4c2386109e1e2cd5cafd0121b7b280a05d83ea046def54,2,624,0
2,ex2-s5-e1-a1-p04,822db031c141350bdf4c2386109e1e2cd5cafd0121b7b280a05d83ea046def54,2,625,100
2,ex2-s5-e1-a1-p04,822db031c141350bdf4c2386109e1e2cd5cafd0121b7b280a05d83ea046def54,2,626,0
2,ex2-s5-e1-a1-p04,822db031c141350bdf4c2386109e1e2cd5cafd0121b7b280a05d83ea046def54,2,627,100
2,ex2-s5-e1-a1-p04,822db031c141350bdf4c2386109e1e2cd5cafd0121b7b280a05d83ea046def54,2,628,0
2,ex2-s5-e1-a1-p04,822db031c141350bdf4c2386109e1e2cd5cafd0121b7b280a05d83ea046def54,2,629,100
2,ex2-s5-e1-a1-p04,822db031c141350bdf4c2386109e1e2cd5cafd0121b7b280a05d83ea046def54,2,630,100
2,ex2-s5-e1-a1-p04,822db031c141350bdf4c2386109e1e2cd5cafd0121b7b280a05d83ea046def54,2,631,0
2,ex2-s5-e1-a1-p04,822db031c141350bdf4c2386109e1e2cd5cafd0121b7b280a05d83ea046def54,2,632,100
2,ex2-s5-e1-a1-p04,822db031c141350bdf4c2386109e1e2cd5cafd0121b7b280a05d83ea046def54,2,633,0
2,ex2-s5-e1-a1-p04,822db031c141350bdf4c2386109e1e2cd5cafd0121b7b280a05d83ea046def54,2,634,100
2,ex2-s5-e1-a1-p04,822db031c141350bdf4c2386109e1e2cd5cafd0121b7b280a05d83ea046def54,2,635,0
2,ex2-s5-e1-a1-p04,822db031c141350bdf4c2386109e1e2cd5cafd0121b7b280a05d83ea046def54,2,636,100
2,ex2-s5-e1-a1-p04,822db031c141350bdf4c2386109e1e2cd5cafd0121b7b280a05d83ea046def54,2,637,0
2,ex2-s5-e1-a1-p04,822db031c141350bdf4c2386109e1e2cd5cafd0121b7b280a05d83ea046def54,2,638,100
2,ex2-s5-e1-a1-p04,822db031c141350bdf4c2386109e1e2cd5cafd0121b7b280a05d83ea046def54,2,639,100
2,ex2-s5-e1-a1-p04,822db031c141350bdf4c2386109e1e2cd5cafd0121b7b280a05d83ea046def54,2,640,0
2,ex2-s5-e1-a1-p04,822db031c141350bdf4c2386109e1e2cd5cafd0121b7b280a05d83ea046def54,2,641,100
2,ex2-s5-e1-a1-p04,822db031c141350bdf4c2386109e1e2cd5cafd0121b7b280a05d83ea046def54,2,642,0
2,ex2-s5-e1-a1-p04,822db031c141350bdf4c2386109e1e2cd5cafd0121b7b280a05d83ea046def54,2,643,100
2,ex2-s5-e1-a1-p04,822db031c141350bdf4c2386109e1e2cd5cafd0121b7b280a05d83ea046def54,2,644,0
2,ex2-s5-e1-a1-p04,822db031c141350bdf4c2386109e1e2cd5cafd0121b7b280a05d83ea046def54,2,645,100
2,ex2-s5-e1-a1-p04,822db031c141350bdf4c2386109e1e2cd5cafd0121b7b280a05d83ea046def54,2,646,0
2,ex2-s5-e1-a1-p04,822db031c141350bdf4c2386109e1e2cd5cafd0121b7b280a05d83ea046def54,2,647,100
2,ex2-s5-e1-a1-p04,822db031c141350bdf4c2386109e1e2cd5cafd0121b7b280a05d83ea046def54,2,648,0
2,ex2-s5-e1-a1-p04,822db031c141350bdf4c2386109e1e2cd5cafd0121b7b280a05d83ea046def54,2,649,100
2,ex2-s5-e1-a1-p04,822db031c141350bdf4c2386109e1e2cd5cafd0121b7b280a05d83ea046def54,2,650,100
2,ex2-s5-e1-a1-p04,822db031c141350bdf4c2386109e1e2cd5cafd0121b7b280a05d83ea046def54,2,651,0
2,ex2-s5-e1-a1-p04,822db031c141350bdf4c2386109e1e2cd5cafd0121b7b280a05d83ea046def54,2,652,100
2,ex2-s5-e1-a1-p04,822db031c141350bdf4c2386109e1e2cd5cafd0121b7b280a05d83ea046def54,2,653,0
2,ex2-s5-e1-a1-p04,822db031c141350bdf4c2386109e1e2cd5cafd0121b7b280a05d83ea046def54,2,654,100
2,ex2-s5-e1-a1-p04,822db031c141350bdf4c2386109e1e2cd5cafd0121b7b280a05d83ea046def54,2,655,0
2,ex2-s5-e1-a1-p04,822db031c141350bdf4c2386109e1e2cd5cafd0121b7b280a05d83ea046def54,2,656,100
2,ex2-s5-e1-a1-p04,822db031c141350bdf4c2386109e1e2cd5cafd0121b7b280a05d83ea046def54,2,657,0
2,ex2-s5-e1-a1-p04,822db031c141350bdf4c2386109e1e2cd5cafd0121b7b280a05d83ea046def54,2,658,100
2,ex2-s5-e1-a1-p04,822db031c141350bdf4c2386109e1e2cd5cafd0121b7b280a05d83ea046def54,2,659,0
2,ex2-s5-e1-a1-p04,822db031c141350bdf4c2386109e1e2cd5cafd0121b7b280a05d83ea046def54,2,660,100
2,ex2-s5-e1-a1-p04,822db031c141350bdf4c2386109e1e2cd5cafd0121b7b280a05d83ea046def54,2,661,100
2,ex2-s5-e1-a1-p04,822db031c141350bdf4c2386109e1e2cd5cafd0121b7b280a05d83ea046def54,2,662,0
2,ex2-s5-e1-a1-p04,822db031c141350bdf4c2386109e1e2cd5cafd0121b7b280a05d83ea046def54,2,663,100
2,ex2-s5-e1-a1-p04,822db031c141350bdf4c2386109e1e2cd5cafd0121b7b280a05d83ea046def54,2,664,0
2,ex2-s5-e1-a1-p04,822db031c141350bdf4c2386109e1e2cd5cafd0121b7b280a05d83ea046def54,2,665,100
2,ex2-s5-e1-a1-p04,822db031c141350bdf4c2386109e1e2cd5cafd0121b7b280a05d83ea046def54,2,666,0
2,ex2-s5-e1-a1-p04,822db031c141350bdf4c2386109e1e2cd5cafd0121b7b280a05d83ea046def54,2,667,100
2,ex2-s5-e1-a1-p04,822db031c141350bdf4c2386109e1e2cd5cafd0121b7b280a05d83ea046def54,2,668,0
2,ex2-s5-e1-a1-p04,822db031c141350bdf4c2386109e1e2cd5cafd0121b7b280a05d83ea046def54,2,669,100
2,ex2-s5-e1-a1-p04,822db031c141350bdf4c2386109e1e2cd5cafd0121b7b280a05d83ea046def54,2,670,100
2,ex2-s5-e1-a1-p04,822db031c141350bdf4c2386109e1e2cd5cafd0121b7b280a05d83ea046def54,2,671,0
2,ex2-s5-e1-a1-p04,822db031c141350bdf4c2386109e1e2cd5cafd0121b7b280a05d83ea046def54,2,672,100
2,ex2-s5-e1-a1-p04,822db031c141350bdf4c2386109e1e2cd5cafd0121b7b280a05d83ea046def54,2,673,0
2,ex2-s5-e1-a1-p04,822db031c141350bdf4c2386109e1e2cd5cafd0121b7b280a05d83ea046def54,2,674,100
2,ex2-s5-e1-a1-p04,822db031c141350bdf4c2386109e1e2cd5cafd0121b7b280a05d83ea046def54,2,675,0
2,ex2-s5-e1-a1-p04,822db031c141350bdf4c2386109e1e2cd5cafd0121b7b280a05d83ea046def54,2,676,100
2,ex2-s5-e1-a1-p04,822db031c141350bdf4c2386109e1e2cd5cafd0121b7b280a05d83ea046def54,2,677,0
2,ex2-s5-e1-a1-p04,822db031c141350bdf4c2386109e1e2cd5cafd0121b7b280a05d83ea046def54,2,678,100
2,ex2-s5-e1-a1-p04,822db031c141350bdf4c2386109e1e2cd5cafd0121b7b280a05d83ea046def54,2,679,100
2,ex2-s5-e1-a1-p04,822db031c141350bdf4c2386109e1e2cd5cafd0121b7b280a05d83ea046def54,2,680,0
2,ex2-s5-e1-a1-p04,822db031c141350bdf4c2386109e1e2cd5cafd0121b7b280a05d83ea046def54,2,681,100
2,ex2-s5-e1-a1-p04,822db031c141350bdf4c2386109e1e2cd5cafd0121b7b280a05d83ea046def54,2,682,0
2,ex2-s5-e1-a1-p04,822db031c141350bdf4c2386109e1e2cd5cafd0121b7b280a05d83ea046def54,2,683,100
2,ex2-s5-e1-a1-p04,822db031c141350bdf4c2386109e1e2cd5cafd0121b7b280a05d83ea046def54,2,684,0
2,ex2-s5-e1-a1-p04,822db031c141350bdf4c2386109e1e2cd5cafd0121b7b280a05d83ea046def54,2,685,100
2,ex2-s5-e1-a1-p04,822db031c141350bdf4c2386109e1e2cd5cafd0121b7b280a05d83ea046def54,2,686,0
2,ex2-s5-e1-a1-p04,822db031c141350bdf4c2386109e1e2cd5cafd0121b7b280a05d83ea046def54,2,687,100
2,ex2-s5-e1-a1-p04,822db031c141350bdf4c2386109e1e2cd5cafd0121b7b280a05d83ea046def54,2,688,0
2,ex2-s5-e1-a1-p04,822db031c141350bdf4c2386109e1e2cd5cafd0121b7b280a05d83ea046def54,2,689,100
2,ex2-s5-e1-a1-p04,822db031c141350bdf4c2386109e1e2cd5cafd0121b7b280a05d83ea046def54,2,690,100
2,ex2-s5-e1-a1-p04,822db031c141350bdf4c2386109e1e2cd5cafd0121b7b280a05d83ea046def54,2,691,0
2,ex2-s5-e1-a1-p04,822db031c141350bdf4c2386109e1e2cd5cafd0121b7b280a05d83ea046def54,2,692,100
2,ex2-s5-e1-a1-p04,822db031c141350bdf4c2386109e1e2cd5cafd0121b7b280a05d83ea046def54,2,693,0
2,ex2-s5-e1-a1-p04,822db031c141350bdf4c2386109e1e2cd5cafd0121b7b280a05d83ea046def54,2,694,100
2,ex2-s5-e1-a1-p04,822db031c141350bdf4c2386109e1e2cd5cafd0121b7b280a05d83ea046def54,2,695,0
2,ex2-s5-e1-a1-p04,822db031c141350bdf4c2386109e1e2cd5cafd0121b7b280a05d83ea046def54,2,696,100
2,ex2-s5-e1-a1-p04,822db031c141350bdf4c2386109e1e2cd5cafd0121b7b280a05d83ea046def54,2,697,0
2,ex2-s5-e1-a1-p04,822db031c141350bdf4c2386109e1e2cd5cafd0121b7b280a05d83ea046def54,2,698,100
2,ex2-s5-e1-a1-p04,822db031c141350bdf4c2386109e1e2cd5cafd0121b7b280a05d83ea046def54,2,699,100
2,ex2-s5-e1-a1-p04,822db031c141350bdf4c2386109e1e2cd5cafd0121b7b280a05d83ea046def54,2,700,0
2,ex2-s5-e1-a1-p04,822db031c141350bdf4c2386109e1e2cd5cafd0121b7b280a05d83ea046def54,2,701,100
2,ex2-s5-e1-a1-p04,822db031c141350bdf4c2386109e1e2cd5cafd0121b7b280a05d83ea046def54,2,702,0
2,ex2-s5-e1-a1-p04,822db031c141350bdf4c2386109e1e2cd5cafd0121b7b280a05d83ea046def54,2,703,100
2,ex2-s5-e1-a1-p04,822db031c141350bdf4c2386109e1e2cd5cafd0121b7b280a05d83ea046def54,2,704,0
2,ex2-s5-e1-a1-p04,822db031c141350bdf4c2386109e1e2cd5cafd0121b7b280a05d83ea046def54,2,705,100
2,ex2-s5-e1-a1-p04,822db031c141350bdf4c2386109e1e2cd5cafd0121b7b280a05d83ea046def54,2,706,0
2,ex2-s5-e1-a1-p04,822db031c141350bdf4c2386109e1e2cd5cafd0121b7b280a05d83ea046def54,2,707,100
2,ex2-s5-e1-a1-p04,822db031c141350bdf4c2386109e1e2cd5cafd0121b7b280a05d83ea046def54,2,708,0
2,ex2-s5-e1-a1-p04,822db031c141350bdf4c2386109e1e2cd5cafd0121b7b280a05d83ea046def54,2,709,100
2,ex2-s5-e1-a1-p04,822db031c141350bdf4c2386109e1e2cd5cafd0121b7b280a05d83ea046def54,2,710,100
2,ex2-s5-e1-a1-p04,822db031c141350bdf4c2386109e1e2cd5cafd0121b7b280a05d83ea046def54,2,711,0
2,ex2-s5-e1-a1-p04,822db031c141350bdf4c2386109e1e2cd5cafd0121b7b280a05d83ea046def54,2,712,100
2,ex2-s5-e1-a1-p04,822db031c141350bdf4c2386109e1e2cd5cafd0121b7b280a05d83ea046def54,2,713,0
2,ex2-s5-e1-a1-p04,822db031c141350bdf4c2386109e1e2cd5cafd0121b7b280a05d83ea046def54,2,714,100
2,ex2-s5-e1-a1-p04,822db031c141350bdf4c2386109e1e2cd5cafd0121b7b280a05d83ea046def54,2,715,0
2,ex2-s5-e1-a1-p04,822db031c141350bdf4c2386109e1e2cd5cafd0121b7b280a05d83ea046def54,2,716,100
2,ex2-s5-e1-a1-p04,822db031c141350bdf4c2386109e1e2cd5cafd0121b7b280a05d83ea046def54,2,717,0
2,ex2-s5-e1-a1-p04,822db031c141350bdf4c2386109e1e2cd5cafd0121b7b280a05d83ea046def54,2,718,100
2,ex2-s5-e1-a1-p04,822db031c141350bdf4c2386109e1e2cd5cafd0121b7b280a05d83ea046def54,2,719,100
2,ex2-s5-e1-a1-p04,822db031c141350bdf4c2386109e1e2cd5cafd0121b7b280a05d83ea046def54,2,720,0
2,ex2-s5-e1-a1-p04,822db031c141350bdf4c2386109e1e2cd5cafd0121b7b280a05d83ea046def54,2,721,100
2,ex2-s5-e1-a1-p04,822db031c141350bdf4c2386109e1e2cd5cafd0121b7b280a05d83ea046def54,2,722,0
2,ex2-s5-e1-a1-p04,822db031c141350bdf4c2386109e1e2cd5cafd0121b7b280a05d83ea046def54,2,723,100
2,ex2-s5-e1-a1-p04,822db031c141350bdf4c2386109e1e2cd5cafd0121b7b280a05d83ea046def54,2,724,0
2,ex2-s5-e1-a1-p04,822db031c141350bdf4c2386109e1e2cd5cafd0121b7b280a05d83ea046def54,2,725,100
2,ex2-s5-e1-a1-p04,822db031c141350bdf4c2386109e1e2cd5cafd0121b7b280a05d83ea046def54,2,726,0
2,ex2-s5-e1-a1-p04,822db031c141350bdf4c2386109e1e2cd5cafd0121b7b280a05d83ea046def54,2,727,100
2,ex2-s5-e1-a1-p04,822db031c141350bdf4c2386109e1e2cd5cafd0121b7b280a05d83ea046def54,2,728,0
2,ex2-s5-e1-a1-p04,822db031c141350bdf4c2386109e1e2cd5cafd0121b7b280a05d83ea046def54,2,729,100
2,ex2-s5-e1-a1-p04,822db031c141350bdf4c2386109e1e2cd5cafd0121b7b280a05d83ea046def54,2,730,100
2,ex2-s5-e1-a1-p04,822db031c141350bdf4c2386109e1e2cd5cafd0121b7b280a05d83ea046def54,2,731,0
2,ex2-s5-e1-a1-p04,822db031c141350bdf4c2386109e1e2cd5cafd0121b7b280a05d83ea046def54,2,732,100
2,ex2-s5-e1-a1-p04,822db031c141350bdf4c2386109e1e2cd5cafd0121b7b280a05d83ea046def54,2,733,0
2,ex2-s5-e1-a1-p04,822db031c141350bdf4c2386109e1e2cd5cafd0121b7b280a05d83ea046def54,2,734,100
2,ex2-s5-e1-a1-p04,822db031c141350bdf4c2386109e1e2cd5cafd0121b7b280a05d83ea046def54,2,735,0
2,ex2-s5-e1-a1-p04,822db031c141350bdf4c2386109e1e2cd5cafd0121b7b280a05d83ea046def54,2,736,100
2,ex2-s5-e1-a1-p04,822db031c141350bdf4c2386109e1e2cd5cafd0121b7b280a05d83ea046def54,2,737,0
2,ex2-s5-e1-a1-p04,822db031c141350bdf4c2386109e1e2cd5cafd0121b7b280a05d83ea046def54,2,738,100
2,ex2-s5-e1-a1-p04,822db031c141350bdf4c2386109e1e2cd5cafd0121b7b280a05d83ea046def54,2,739,100
2,ex2-s5-e1-a1-p04,822db031c141350bdf4c2386109e1e2cd5cafd0121b7b280a05d83ea046def54,2,740,0
2,ex2-s5-e1-a1-p04,822db031c141350bdf4c2386109e1e2cd5cafd0121b7b280a05d83ea046def54,2,741,100
2,ex2-s5-e1-a1-p04,822db031c141350bdf4c2386109e1e2cd5cafd0121b7b280a05d83ea046def54,2,742,0
2,ex2-s5-e1-a1-p04,822db031c141350bdf4c2386109e1e2cd5cafd0121b7b280a05d83ea046def54,2,743,100
2,ex2-s5-e1-a1-p04,822db031c141350bdf4c2386109e1e2cd5cafd0121b7b280a05d83ea046def54,2,744,0
2,ex2-s5-e1-a1-p04,822db031c141350bdf4c2386109e1e2cd5cafd0121b7b280a05d83ea046def54,2,745,100
2,ex2-s5-e1-a1-p04,822db031c141350bdf4c2386109e1e2cd5cafd0121b7b280a05d83ea046def54,2,746,0
2,ex2-s5-e1-a1-p04,822db031c141350bdf4c2386109e1e2cd5cafd0121b7b280a05d83ea046def54,2,747,100
2,ex2-s5-e1-a1-p04,822db031c141350bdf4c2386109e1e2cd5cafd0121b7b280a05d83ea046def54,2,748,0
2,ex2-s5-e1-a1-p04,822db031c141350bdf4c2386109e1e2cd5cafd0121b7b280a05d83ea046def54,2,749,100
2,ex2-s5-e1-a1-p04,822db031c141350bdf4c2386109e1e2cd5cafd0121b7b280a05d83ea046def54,2,750,100
2,ex2-s5-e1-a1-p04,822db031c141350bdf4c2386109e1e2cd5cafd0121b7b280a05d83ea046def54,2,751,0
2,ex2-s5-e1-a1-p04,822db031c141350bdf4c2386109e1e2cd5cafd0121b7b280a05d83ea046def54,2,752,100
2,ex2-s5-e1-a1-p04,822db031c141350bdf4c2386109e1e2cd5cafd0121b7b280a05d83ea046def54,2,753,0
2,ex2-s5-e1-a1-p04,822db031c141350bdf4c2386109e1e2cd5cafd0121b7b280a05d83ea046def54,2,754,100
2,ex2-s5-e1-a1-p04,822db031c141350bdf4c2386109e1e2cd5cafd0121b7b280a05d83ea046def54,2,755,0
2,ex2-s5-e1-a1-p04,822db031c141350bdf4c2386109e1e2cd5cafd0121b7b280a05d83ea046def54,2,756,100
2,ex2-s5-e1-a1-p04,822db031c141350bdf4c2386109e1e2cd5cafd0121b7b280a05d83ea046def54,2,757,0
2,ex2-s5-e1-a1-p04,822db031c141350bdf4c2386109e1e2cd5cafd0121b7b280a05d83ea046def54,2,758,100
2,ex2-s5-e1-a1-p04,822db031c141350bdf4c2386109e1e2cd5cafd0121b7b280a05d83ea046def54,2,759,100
2,ex2-s5-e1-a1-p04,822db031c141350bdf4c2386109e1e2cd5cafd0121b7b280a05d83ea046def54,2,760,0
2,ex2-s5-e1-a1-p04,822db031c141350bdf4c2386109e1e2cd5cafd0121b7b280a05d83ea046def54,2,761,100
2,ex2-s5-e1-a1-p04,822db031c141350bdf4c2386109e1e2cd5cafd0121b7b280a05d83ea046def54,2,762,0
2,ex2-s5-e1-a1-p04,822db031c141350bdf4c2386109e1e2cd5cafd0121b7b280a05d83ea046def54,2,763,100
2,ex2-s5-e1-a1-p04,822db031c141350bdf4c2386109e1e2cd5cafd0121b7b280a05d83ea046def54,2,764,0
2,ex2-s5-e1-a1-p04,822db031c141350bdf4c2386109e1e2cd5cafd0121b7b280a05d83ea046def54,2,765,100
2,ex2-s5-e1-a1-p04,822db031c141350bdf4c2386109e1e2cd5cafd0121b7b280a05d83ea046def54,2,766,0
2,ex2-s5-e1-a1-p04,822db031c141350bdf4c2386109e1e2cd5cafd0121b7b280a05d83ea046def54,2,767,100
2,ex2-s5-e1-a1-p04,822db031c141350bdf4c2386109e1e2cd5cafd0121b7b280a05d83ea046def54,2,768,0
2,ex2-s5-e1-a1-p04,822db031c141350bdf4c2386109e1e2cd5cafd0121b7b280a05d83ea046def54,2,769,100
2,ex2-s5-e1-a1-p04,822db031c141350bdf4c2386109e1e2cd5cafd0121b7b280a05d83ea046def54,2,770,100
2,ex2-s5-e1-a1-p04,822db031c141350bdf4c2386109e1e2cd5cafd0121b7b280a05d83ea046def54,2,771,0
2,ex2-s5-e1-a1-p04,822db031c141350bdf4c2386109e1e2cd5cafd0121b7b280a05d83ea046def54,2,772,100
2,ex2-s5-e1-a1-p04,822db031c141350bdf4c2386109e1e2cd5cafd0121b7b280a05d83ea046def54,2,773,0
2,ex2-s5-e1-a1-p04,822db031c141350bdf4c2386109e1e2cd5cafd0121b7b280a05d83ea046def54,2,774,100
2,ex2-s5-e1-a1-p04,822db031c141350bdf4c2386109e1e2cd5cafd0121b7b280a05d83ea046def54,2,775,0
2,ex2-s5-e1-a1-p04,822db031c141350bdf4c2386109e1e2cd5cafd0121b7b280a05d83ea046def54,2,776,100
2,ex2-s5-e1-a1-p04,822db031c141350bdf4c2386109e1e2cd5cafd0121b7b280a05d83ea046def54,2,777,0
2,ex2-s5-e1-a1-p04,822db031c141350bdf4c2386109e1e2cd5cafd0121b7b280a05d83ea046def54,2,778,100
2,ex2-s5-e1-a1-p04,822db031c141350bdf4c2386109e1e2cd5cafd0121b7b280a05d83ea046def54,2,779,100
2,ex2-s5-e1-a1-p04,822db031c141350bdf4c2386109e1e2cd5cafd0121b7b280a05d83ea046def54,2,780,0
2,ex2-s5-e1-a1-p04,822db031c141350bdf4c2386109e1e2cd5cafd0121b7b280a05d83ea046def54,2,781,100
2,ex2-s5-e1-a1-p04,822db031c141350bdf4c2386109e1e2cd5cafd0121b7b280a05d83ea046def54,2,782,0
2,ex2-s5-e1-a1-p04,822db031c141350bdf4c2386109e1e2cd5cafd0121b7b280a05d83ea046def54,2,783,100
2,ex2-s5-e1-a1-p04,822db031c141350bdf4c2386109e1e2cd5cafd0121b7b280a05d83ea046def54,2,784,0
2,ex2-s5-e1-a1-p04,822db031c141350bdf4c2386109e1e2cd5cafd0121b7b280a05d83ea046def54,2,785,100
2,ex2-s5-e1-a1-p04,822db031c141350bdf4c2386109e1e2cd5cafd0121b7b280a05d83ea046def54,2,786,0
2,ex2-s5-e1-a1-p04,822db031c141350bdf4c2386109e1e2cd5cafd0121b7b280a05d83ea046def54,2,787,100
2,ex2-s5-e1-a1-p04,822db031c141350bdf4c2386109e1e2cd5cafd0121b7b280a05d83ea046def54,2,788,0
2,ex2-s5-e1-a1-p04,822db031c141350bdf4c2386109e1e2cd5cafd0121b7b280a05d83ea046def54,2,789,100
2,ex2-s5-e1-a1-p04,822db031c141350bdf4c2386109e1e2cd5cafd0121b7b280a05d83ea046def54,2,790,100
2,ex2-s5-e1-a1-p04,822db031c141350bdf4c2386109e1e2cd5cafd0121b7b280a05d83ea046def54,2,791,0
2,ex2-s5-e1-a1-p04,822db031c141350bdf4c2386109e1e2cd5cafd0121b7b280a05d83ea046def54,2,792,100
2,ex2-s5-e1-a1-p04,822db031c141350bdf4c2386109e1e2cd5cafd0121b7b280a05d83ea046def54,2,793,0
2,ex2-s5-e1-a1-p04,822db031c141350bdf4c2386109e1e2cd5cafd0121b7b280a05d83ea046def54,2,794,100
2,ex2-s5-e1-a1-p04,822db031c141350bdf4c2386109e1e2cd5cafd0121b7b280a05d83ea046def54,2,795,0
2,ex2-s5-e1-a1-p04,822db031c141350bdf4c2386109e1e2cd5cafd0121b7b280a05d83ea046def54,2,796,100
2,ex2-s5-e1-a1-p04,822db031c141350bdf4c2386109e1e2cd5cafd0121b7b280a05d83ea046def54,2,797,0
2,ex2-s5-e1-a1-p04,822db031c141350bdf4c2386109e1e2cd5cafd0121b7b280a05d83ea046def54,2,798,100
2,ex2-s5-e1-a1-p04,822db031c141350bdf4c2386109e1e2cd5cafd0121b7b280a05d83ea046def54,2,799,100
2,ex2-s5-e1-a1-p04,822db031c141350bdf4c2386109e1e2cd5cafd0121b7b280a05d83ea046def54,2,800,0
2,ex2-s5-e1-a1-p04,822db031c141350bdf4c2386109e1e2cd5cafd0121b7b280a05d83ea046def54,2,801,100
2,ex2-s5-e1-a1-p04,822db031c141350bdf4c2386109e1e2cd5cafd0121b7b280a05d83ea046def54,2,802,0
2,ex2-s5-e1-a1-p04,822db031c141350bdf4c2386109e1e2cd5cafd0121b7b280a05d83ea046def54,2,803,100
2,ex2-s5-e1-a1-p04,822db031c141350bdf4c2386109e1e2cd5cafd0121b7b280a05d83ea046def54,2,804,0
2,ex2-s5-e1-a1-p04,822db031c141350bdf4c2386109e1e2cd5cafd0121b7b280a05d83ea046def54,2,805,100
2,ex2-s5-e1-a1-p04,822db031c141350bdf4c2386109e1e2cd5cafd0121b7b280a05d83ea046def54,2,806,0
2,ex2-s5-e1-a1-p04,822db031c141350bdf4c2386109e1e2cd5cafd0121b7b280a05d83ea046def54,2,807,100
2,ex2-s5-e1-a1-p04,822db031c141350bdf4c2386109e1e2cd5cafd0121b7b280a05d83ea046def54,2,808,0
2,ex2-s5-e1-a1-p04,822db031c141350bdf4c2386109e1e2cd5cafd0121b7b280a05d83ea046def54,2,809,100
2,ex2-s5-e1-a1-p04,822db031c141350bdf4c2386109e1e2cd5cafd0121b7b280a05d83ea046def54,2,810,100
2,ex2-s5-e1-a1-p04,822db031c141350bdf4c2386109e1e2cd5cafd0121b7b280a05d83ea046def54,2,811,0
2,ex2-s5-e1-a1-p04,822db031c141350bdf4c2386109e1e2cd5cafd0121b7b280a05d83ea046def54,2,812,100
2,ex2-s5-e1-a1-p04,822db031c141350bdf4c2386109e1e2cd5cafd0121b7b280a05d83ea046def54,2,813,0
2,ex2-s5-e1-a1-p04,822db031c141350bdf4c2386109e1e2cd5cafd0121b7b280a05d83ea046def54,2,814,100
2,ex2-s5-e1-a1-p04,822db031c141350bdf4c2386109e1e2cd5cafd0121b7b280a05d83ea046def54,2,815,0
2,ex2-s5-e1-a1-p04,822db031c141350bdf4c2386109e1e2cd5cafd0121b7b280a05d83ea046def54,2,816,100
2,ex2-s5-e1-a1-p04,822db031c141350bdf4c2386109e1e2cd5cafd0121b7b280a05d83ea046def54,2,817,0
2,ex2-s5-e1-a1-p04,822db031c141350bdf4c2386109e1e2cd5cafd0121b7b280a05d83ea046def54,2,818,100
2,ex2-s5-e1-a1-p04,822db031c141350bdf4c2386109e1e2cd5cafd0121b7b280a05d83ea046def54,2,819,100
2,ex2-s5-e1-a1-p04,822db031c141350bdf4c2386109e1e2cd5cafd0121b7b280a05d83ea046def54,2,820,0
2,ex2-s5-e1-a1-p04,822db031c141350bdf4c2386109e1e2cd5cafd0121b7b280a05d83ea046def54,2,821,100
2,ex2-s5-e1-a1-p04,822db031c141350bdf4c2386109e1e2cd5cafd0121b7b280a05d83ea046def54,2,822,0
2,ex2-s5-e1-a1-p04,822db031c141350bdf4c2386109e1e2cd5cafd0121b7b280a05d83ea046def54,2,823,100
2,ex2-s5-e1-a1-p04,822db031c141350bdf4c2386109e1e2cd5cafd0121b7b280a05d83ea046def54,2,824,0
2,ex2-s5-e1-a1-p04,822db031c141350bdf4c2386109e1e2cd5cafd0121b7b280a05d83ea046def54,2,825,100
2,ex2-s5-e1-a1-p04,822db031c141350bdf4c2386109e1e2cd5cafd0121b7b280a05d83ea046def54,2,826,0
2,ex2-s5-e1-a1-p04,822db031c141350bdf4c2386109e1e2cd5cafd0121b7b280a05d83ea046def54,2,827,100
2,ex2-s5-e1-a1-p04,822db031c141350bdf4c2386109e1e2cd5cafd0121b7b280a05d83ea046def54,2,828,100
2,ex2-s5-e1-a1-p04,822db031c141350bdf4c2386109e1e2cd5cafd0121b7b280a05d83ea046def54,2,829,0
2,ex2-s5-e1-a1-p04,822db031c141350bdf4c2386109e1e2cd5cafd0121b7b280a05d83ea046def54,2,830,100
2,ex2-s5-e1-a1-p04,822db031c141350bdf4c2386109e1e2cd5cafd0121b7b280a05d83ea046def54,2,831,0
2,ex2-s5-e1-a1-p04,822db031c141350bdf4c2386109e1e2cd5cafd0121b7b280a05d83ea046def54,2,832,100
2,ex2-s5-e1-a1-p04,822db031c141350bdf4c2386109e1e2cd5cafd0121b7b280a05d83ea046def54,2,833,0
2,ex2-s5-e1-a1-p04,822db031c141350bdf4c2386109e1e2cd5cafd0121b7b280a05d83ea046def54,2,834,100
2,ex2-s5-e1-a1-p04,822db031c141350bdf4c2386109e1e2cd5cafd0121b7b280a05d83ea046def54,2,835,0
2,ex2-s5-e1-a1-p04,822db031c141350bdf4c2386109e1e2cd5cafd0121b7b280a05d83ea046def54,2,836,100
2,ex2-s5-e1-a1-p04,822db031c141350bdf4c2386109e1e2cd5cafd0121b7b280a05d83ea046def54,2,837,0
2,ex2-s5-e1-a1-p04,822db031c141350bdf4c2386109e1e2cd5cafd0121b7b280a05d83ea046def54,2,838,100
2,ex2-s5-e1-a1-p04,822db031c141350bdf4c2386109e1e2cd5cafd0121b7b280a05d83ea046def54,2,839,100
2,ex2-s5-e1-a1-p04,822db031c141350bdf4c2386109e1e2cd5cafd0121b7b280a05d83ea046def54,2,840,0
2,ex2-s5-e1-a1-p04,822db031c141350bdf4c2386109e1e2cd5cafd0121b7b280a05d83ea046def54,2,841,100
2,ex2-s5-e1-a1-p04,822db031c141350bdf4c2386109e1e2cd5cafd0121b7b280a05d83ea046def54,2,842,0
2,ex2-s5-e1-a1-p04,822db031c141350bdf4c2386109e1e2cd5cafd0121b7b280a05d83ea046def54,2,843,100
2,ex2-s5-e1-a1-p04,822db031c141350bdf4c2386109e1e2cd5cafd0121b7b280a05d83ea046def54,2,844,100
2,ex2-s5-e1-a1-p04,822db031c141350bdf4c2386109e1e2cd5cafd0121b7b280a05d83ea046def54,2,845,0
2,ex2-s5-e1-a1-p04,822db031c141350bdf4c2386109e1e2cd5cafd0121b7b280a05d83ea046def54,2,846,100
2,ex2-s5-e1-a1-p04,822db031c141350bdf4c2386109e1e2cd5cafd0121b7b280a05d83ea046def54,2,847,0
2,ex2-s5-e1-a1-p04,822db031c141350bdf4c2386109e1e2cd5cafd0121b7b280a05d83ea046def54,2,848,100
2,ex2-s5-e1-a1-p04,822db031c141350bdf4c2386109e1e2cd5cafd0121b7b280a05d83ea046def54,2,849,0
2,ex2-s5-e1-a1-p04,822db031c141350bdf4c2386109e1e2cd5cafd0121b7b280a05d83ea046def54,2,850,100
2,ex2-s5-e1-a1-p04,822db031c141350bdf4c2386109e1e2cd5cafd0121b7b280a05d83ea046def54,2,851,0
2,ex2-s5-e1-a1-p04,822db031c141350bdf4c2386109e1e2cd5cafd0121b7b280a05d83ea046def54,2,852,100
2,ex2-s5-e1-a1-p04,822db031c141350bdf4c2386109e1e2cd5cafd0121b7b280a05d83ea046def54,2,853,0
2,ex2-s5-e1-a1-p04,822db031c141350bdf4c2386109e1e2cd5cafd0121b7b280a05d83ea046def54,2,854,100
2,ex2-s5-e1-a1-p04,822db031c141350bdf4c2386109e1e2cd5cafd0121b7b280a05d83ea046def54,2,855,100
2,ex2-s5-e1-a1-p04,822db031c141350bdf4c2386109e1e2cd5cafd0121b7b280a05d83ea046def54,2,856,0
2,ex2-s5-e1-a1-p04,822db031c141350bdf4c2386109e1e2cd5cafd0121b7b280a05d83ea046def54,2,857,100
2,ex2-s5-e1-a1-p04,822db031c141350bdf4c2386109e1e2cd5cafd0121b7b280a05d83ea046def54,2,858,0
2,ex2-s5-e1-a1-p04,822db031c141350bdf4c2386109e1e2cd5cafd0121b7b280a05d83ea046def54,2,859,100
2,ex2-s5-e1-a1-p04,822db031c141350bdf4c2386109e1e2cd5cafd0121b7b280a05d83ea046def54,2,860,0
2,ex2-s5-e1-a1-p04,822db031c141350bdf4c2386109e1e2cd5cafd0121b7b280a05d83ea046def54,2,861,100
2,ex2-s5-e1-a1-p04,822db031c141350bdf4c2386109e1e2cd5cafd0121b7b280a05d83ea046def54,2,862,0
2,ex2-s5-e1-a1-p04,822db031c141350bdf4c2386109e1e2cd5cafd0121b7b280a05d83ea046def54,2,863,100
2,ex2-s5-e1-a1-p04,822db031c141350bdf4c2386109e1e2cd5cafd0121b7b280a05d83ea046def54,2,864,100
2,ex2-s5-e1-a1-p04,822db031c141350bdf4c2386109e1e2cd5cafd0121b7b280a05d83ea046def54,2,865,0
2,ex2-s5-e1-a1-p04,822db031c141350bdf4c2386109e1e2cd5cafd0121b7b280a05d83ea046def54,2,866,100
2,ex2-s5-e1-a1-p04,822db031c141350bdf4c2386109e1e2cd5cafd0121b7b280a05d83ea046def54,2,867,0
2,ex2-s5-e1-a1-p04,822db031c141350bdf4c2386109e1e2cd5cafd0121b7b280a05d83ea046def54,2,868,100
2,ex2-s5-e1-a1-p04,822db031c141350bdf4c2386109e1e2cd5cafd0121b7b280a05d83ea046def54,2,869,0
2,ex2-s5-e1-a1-p04,822db031c141350bdf4c2386109e1e2cd5cafd0121b7b280a05d83ea046def54,2,870,100
2,ex2-s5-e1-a1-p04,822db031c141350bdf4c2386109e1e2cd5cafd0121b7b280a05d83ea046def54,2,871,0
2,ex2-s5-e1-a1-p04,822db031c141350bdf4c2386109e1e2cd5cafd0121b7b280a05d83ea046def54,2,872,100
2,ex2-s5-e1-a1-p04,822db031c141350bdf4c2386109e1e2cd5cafd0121b7b280a05d83ea046def54,2,873,100
2,ex2-s5-e1-a1-p04,822db031c141350bdf4c2386109e1e2cd5cafd0121b7b280a05d83ea046def54,2,874,0
2,ex2-s5-e1-a1-p04,822db031c141350bdf4c2386109e1e2cd5cafd0121b7b280a05d83ea046def54,2,875,100
2,ex2-s5-e1-a1-p04,822db031c141350bdf4c2386109e1e2cd5cafd0121b7b280a05d83ea046def54,2,876,0
2,ex2-s5-e1-a1-p04,822db031c141350bdf4c2386109e1e2cd5cafd0121b7b280a05d83ea046def54,2,877,100
2,ex2-s5-e1-a1-p04,822db031c141350bdf4c2386109e1e2cd5cafd0121b7b280a05d83ea046def54,2,878,0
2,ex2-s5-e1-a1-p04,822db031c141350bdf4c2386109e1e2cd5cafd0121b7b280a05d83ea046def54,2,879,100
2,ex2-s5-e1-a1-p04,822db031c141350bdf4c2386109e1e2cd5cafd0121b7b280a05d83ea046def54,2,880,0
2,ex2-s5-e1-a1-p04,822db031c141350bdf4c2386109e1e2cd5cafd0121b7b280a05d83ea046def54,2,881,100
2,ex2-s5-e1-a1-p04,822db031c141350bdf4c2386109e1e2cd5cafd0121b7b280a05d83ea046def54,2,882,0
2,ex2-s5-e1-a1-p04,822db031c141350bdf4c2386109e1e2cd5cafd0121b7b280a05d83ea046def54,2,883,100
2,ex2-s5-e1-a1-p04,822db031c141350bdf4c2386109e1e2cd5cafd0121b7b280a05d83ea046def54,2,884,100
2,ex2-s5-e1-a1-p04,822db031c141350bdf4c2386109e1e2cd5cafd0121b7b280a05d83ea046def54,2,885,0
2,ex2-s5-e1-a1-p04,822db031c141350bdf4c2386109e1e2cd5cafd0121b7b280a05d83ea046def54,2,886,100
2,ex2-s5-e1-a1-p04,822db031c141350bdf4c2386109e1e2cd5cafd0121b7b280a05d83ea046def54,2,887,0
2,ex2-s5-e1-a1-p04,822db031c141350bdf4c2386109e1e2cd5cafd0121b7b280a05d83ea046def54,2,888,100
2,ex2-s5-e1-a1-p04,822db031c141350bdf4c2386109e1e2cd5cafd0121b7b280a05d83ea046def54,2,889,0
2,ex2-s5-e1-a1-p04,822db031c141350bdf4c2386109e1e2cd5cafd0121b7b280a05d83ea046def54,2,890,100
2,ex2-s5-e1-a1-p04,822db031c141350bdf4c2386109e1e2cd5cafd0121b7b280a05d83ea046def54,2,891,0
2,ex2-s5-e1-a1-p04,822db031c141350bdf4c2386109e1e2cd5cafd0121b7b280a05d83ea046def54,2,892,100
2,ex2-s5-e1-a1-p04,822db031c141350bdf4c2386109e1e2cd5cafd0121b7b280a05d83ea046def54,2,893,100
2,ex2-s5-e1-a1-p04,822db031c141350bdf4c2386109e1e2cd5cafd0121b7b280a05d83ea046def54,2,894,0
2,ex2-s5-e1-a1-p04,822db031c141350bdf4c2386109e1e2cd5cafd0121b7b280a05d83ea046def54,2,895,100
2,ex2-s5-e1-a1-p04,822db031c141350bdf4c2386109e1e2cd5cafd0121b7b280a05d83ea046def54,2,896,0
2,ex2-s5-e1-a1-p04,822db031c141350bdf4c2386109e1e2cd5cafd0121b7b280a05d83ea046def54,2,897,100
2,ex2-s5-e1-a1-p04,822db031c141350bdf4c2386109e1e2cd5cafd0121b7b280a05d83ea046def54,2,898,0
2,ex2-s5-e1-a1-p04,822db031c141350bdf4c2386109e1e2cd5cafd0121b7b280a05d83ea046def54,2,899,100
2,ex2-s5-e1-a1-p04,822db031c141350bdf4c2386109e1e2cd5cafd0121b7b280a05d83ea046def54,2,900,0
2,ex2-s5-e1-a1-p04,822db031c141350bdf4c2386109e1e2cd5cafd0121b7b280a05d83ea046def54,2,901,100
2,ex2-s5-e1-a1-p04,822db031c141350bdf4c2386109e1e2cd5cafd0121b7b280a05d83ea046def54,2,902,100
2,ex2-s5-e1-a1-p04,822db031c141350bdf4c2386109e1e2cd5cafd0121b7b280a05d83ea046def54,2,903,0
2,ex2-s5-e1-a1-p04,822db031c141350bdf4c2386109e1e2cd5cafd0121b7b280a05d83ea046def54,2,904,100
2,ex2-s5-e1-a1-p04,822db031c141350bdf4c2386109e1e2cd5cafd0121b7b280a05d83ea046def54,2,905,0
2,ex2-s5-e1-a1-p04,822db031c141350bdf4c2386109e1e2cd5cafd0121b7b280a05d83ea046def54,2,906,100
2,ex2-s5-e1-a1-p04,822db031c141350bdf4c2386109e1e2cd5cafd0121b7b280a05d83ea046def54,2,907,0
2,ex2-s5-e1-a1-p04,822db031c141350bdf4c2386109e1e2cd5cafd0121b7b280a05d83ea046def54,2,908,100
2,ex2-s5-e1-a1-p04,822db031c141350bdf4c2386109e1e2cd5cafd0121b7b280a05d83ea046def54,2,909,0
2,ex2-s5-e1-a1-p04,822db031c141350bdf4c2386109e1e2cd5cafd0121b7b280a05d83ea046def54,2,910,100
2,ex2-s5-e1-a1-p04,822db031c141350bdf4c2386109e1e2cd5cafd0121b7b280a05d83ea046def54,2,911,0
2,ex2-s5-e1-a1-p04,822db031c141350bdf4c2386109e1e2cd5cafd0121b7b280a05d83ea046def54,2,912,100
2,ex2-s5-e1-a1-p04,822db031c141350bdf4c2386109e1e2cd5cafd0121b7b280a05d83ea046def54,2,913,100
2,ex2-s5-e1-a1-p04,822db031c141350bdf4c2386109e1e2cd5cafd0121b7b280a05d83ea046def54,2,914,0
2,ex2-s5-e1-a1-p04,822db031c141350bdf4c2386109e1e2cd5cafd0121b7b280a05d83ea046def54,2,915,100
2,ex2-s5-e1-a1-p04,822db031c141350bdf4c2386109e1e2cd5cafd0121b7b280a05d83ea046def54,2,916,0
2,ex2-s5-e1-a1-p04,822db031c141350bdf4c2386109e1e2cd5cafd0121b7b280a05d83ea046def54,2,917,100
2,ex2-s5-e1-a1-p04,822db031c141350bdf4c2386109e1e2cd5cafd0121b7b280a05d83ea046def54,2,918,0
2,ex2-s5-e1-a1-p04,822db031c141350bdf4c2386109e1e2cd5cafd0121b7b280a05d83ea046def54,2,919,100
2,ex2-s5-e1-a1-p04,822db031c141350bdf4c2386109e1e2cd5cafd0121b7b280a05d83ea046def54,2,920,0
2,ex2-s5-e1-a1-p04,822db031c141350bdf4c2386109e1e2cd5cafd0121b7b280a05d83ea046def54,2,921,100
2,ex2-s5-e1-a1-p04,822db031c141350bdf4c2386109e1e2cd5cafd0121b7b280a05d83ea046def54,2,922,100
2,ex2-s5-e1-a1-p04,822db031c141350bdf4c2386109e1e2cd5cafd0121b7b280a05d83ea046def54,2,923,0
2,ex2-s5-e1-a1-p04,822db031c141350bdf4c2386109e1e2cd5cafd0121b7b280a05d83ea046def54,2,924,100
2,ex2-s5-e1-a1-p04,822db031c141350bdf4c2386109e1e2cd5cafd0121b7b280a05d83ea046def54,2,925,0
2,ex2-s5-e1-a1-p04,822db031c141350bdf4c2386109e1e2cd5cafd0121b7b280a05d83ea046def54,2,926,100
2,ex2-s5-e1-a1-p04,822db031c141350bdf4c2386109e1e2cd5cafd0121b7b280a05d83ea046def54,2,927,0
2,ex2-s5-e1-a1-p04,822db031c141350bdf4c2386109e1e2cd5cafd0121b7b280a05d83ea046def54,2,928,100
2,ex2-s5-e1-a1-p04,822db031c141350bdf4c2386109e1e2cd5cafd0121b7b280a05d83ea046def54,2,929,0
2,ex2-s5-e1-a1-p04,822db031c141350bdf4c2386109e1e2cd5cafd0121b7b280a05d83ea046def54,2,930,100
2,ex2-s5-e1-a1-p04,822db031c141350bdf4c2386109e1e2cd5cafd0121b7b280a05d83ea046def54,2,931,100
2,ex2-s5-e1-a1-p04,822db031c141350bdf4c2386109e1e2cd5cafd0121b7b280a05d83ea046def54,2,932,0
2,ex2-s5-e1-a1-p04,822db031c141350bdf4c2386109e1e2cd5cafd0121b7b280a05d83ea046def54,2,933,100
2,ex2-s5-e1-a1-p04,822db031c141350bdf4c2386109e1e2cd5cafd0121b7b280a05d83ea046def54,2,934,0
2,ex2-s5-e1-a1-p04,822db031c141350bdf4c2386109e1e2cd5cafd0121b7b280a05d83ea046def54,2,935,100
2,ex2-s5-e1-a1-p04,822db031c141350bdf4c2386109e1e2cd5cafd0121b7b280a05d83ea046def54,2,936,0
2,ex2-s5-e1-a1-p04,822db031c141350bdf4c2386109e1e2cd5cafd0121b7b280a05d83ea046def54,2,937,100
2,ex2-s5-e1-a1-p04,822db031c141350bdf4c2386109e1e2cd5cafd0121b7b280a05d83ea046def54,2,938,0
2,ex2-s5-e1-a1-p04,822db031c141350bdf4c2386109e1e2cd5cafd0121b7b280a05d83ea046def54,2,939,100
2,ex2-s5-e1-a1-p04,822db031c141350bdf4c2386109e1e2cd5cafd0121b7b280a05d83ea046def54,2,940,0
2,ex2-s5-e1-a1-p04,822db031c141350bdf4c2386109e1e2cd5cafd0121b7b280a05d83ea046def54,2,941,100
2,ex2-s5-e1-a1-p04,822db031c141350bdf4c2386109e1e2cd5cafd0121b7b280a05d83ea046def54,2,942,100
2,ex2-s5-e1-a1-p04,822db031c141350bdf4c2386109e1e2cd5cafd0121b7b280a05d83ea046def54,2,943,0
2,ex2-s5-e1-a1-p04,822db031c141350bdf4c2386109e1e2cd5cafd0121b7b280a05d83ea046def54,2,944,100
2,ex2-s5-e1-a1-p04,822db031c141350bdf4c2386109e1e2cd5cafd0121b7b280a05d83ea046def54,2,945,0
2,ex2-s5-e1-a1-p04,822db031c141350bdf4c2386109e1e2cd5cafd0121b7b280a05d83ea046def54,2,946,100
2,ex2-s5-e1-a1-p04,822db031c141350bdf4c2386109e1e2cd5cafd0121b7b280a05d83ea046def54,2,947,0
2,ex2-s5-e1-a1-p04,822db031c141350bdf4c2386109e1e2cd5cafd0121b7b280a05d83ea046def54,2,948,100
2,ex2-s5-e1-a1-p04,822db031c141350bdf4c2386109e1e2cd5cafd0121b7b280a05d83ea046def54,2,949,0
2,ex2-s5-e1-a1-p04,822db031c141350bdf4c2386109e1e2cd5cafd0121b7b280a05d83ea046def54,2,950,100
2,ex2-s5-e1-a1-p04,822db031c141350bdf4c2386109e1e2cd5cafd0121b7b280a05d83ea046def54,2,951,100
2,ex2-s5-e1-a1-p04,822db031c141350bdf4c2386109e1e2cd5cafd0121b7b280a05d83ea046def54,2,952,0
2,ex2-s5-e1-a1-p04,822db031c141350bdf4c2386109e1e2cd5cafd0121b7b280a05d83ea046def54,2,953,100
2,ex2-s5-e1-a1-p04,822db031c141350bdf4c2386109e1e2cd5cafd0121b7b280a05d83ea046def54,2,954,0
2,ex2-s5-e1-a1-p04,822db031c141350bdf4c2386109e1e2cd5cafd0121b7b280a05d83ea046def54,2,955,100
2,ex2-s5-e1-a1-p04,822db031c141350bdf4c2386109e1e2cd5cafd0121b7b280a05d83ea046def54,2,956,0
2,ex2-s5-e1-a1-p04,822db031c141350bdf4c2386109e1e2cd5cafd0121b7b280a05d83ea046def54,2,957,100
2,ex2-s5-e1-a1-p04,822db031c141350bdf4c2386109e1e2cd5cafd0121b7b280a05d83ea046def54,2,958,0
2,ex2-s5-e1-a1-p04,822db031c141350bdf4c2386109e1e2cd5cafd0121b7b280a05d83ea046def54,2,959,100
2,ex2-s5-e1-a1-p04,822db031c141350bdf4c2386109e1e2cd5cafd0121b7b280a05d83ea046def54,2,960,100
2,ex2-s5-e1-a1-p04,822db031c141350bdf4c2386109e1e2cd5cafd0121b7b280a05d83ea046def54,2,961,0
2,ex2-s5-e1-a1-p04,822db031c141350bdf4c2386109e1e2cd5cafd0121b7b280a05d83ea046def54,2,962,100
2,ex2-s5-e1-a1-p04,822db031c141350bdf4c2386109e1e2cd5cafd0121b7b280a05d83ea046def54,2,963,0
2,ex2-s5-e1-a1-p04,822db031c141350bdf4c2386109e1e2cd5cafd0121b7b280a05d83ea046def54,2,964,100
2,ex2-s5-e1-a1-p04,822db031c141350bdf4c2386109e1e2cd5cafd0121b7b280a05d83ea046def54,2,965,0
2,ex2-s5-e1-a1-p04,822db031c141350bdf4c2386109e1e2cd5cafd0121b7b280a05d83ea046def54,2,966,100
2,ex2-s5-e1-a1-p04,822db031c141350bdf4c2386109e1e2cd5cafd0121b7b280a05d83ea046def54,2,967,0
2,ex2-s5-e1-a1-p04,822db031c141350bdf4c2386109e1e2cd5cafd0121b7b280a05d83ea046def54,2,968,100
2,ex2-s5-e1-a1-p04,822db031c141350bdf4c2386109e1e2cd5cafd0121b7b280a05d83ea046def54,2,969,0
2,ex2-s5-e1-a1-p04,822db031c141350bdf4c2386109e1e2cd5cafd0121b7b280a05d83ea046def54,2,970,100
2,ex2-s5-e1-a1-p04,822db031c141350bdf4c2386109e1e2cd5cafd0121b7b280a05d83ea046def54,2,971,100
2,ex2-s5-e1-a1-p04,822db031c141350bdf4c2386109e1e2cd5cafd0121b7b280a05d83ea046def54,2,972,0
2,ex2-s5-e1-a1-p04,822db031c141350bdf4c2386109e1e2cd5cafd0121b7b280a05d83ea046def54,2,973,100
2,ex2-s5-e1-a1-p04,822db031c141350bdf4c2386109e1e2cd5cafd0121b7b280a05d83ea046def54,2,974,0
2,ex2-s5-e1-a1-p04,822db031c141350bdf4c2386109e1e2cd5cafd0121b7b280a05d83ea046def54,2,975,100
2,ex2-s5-e1-a1-p04,822db031c141350bdf4c2386109e1e2cd5cafd0121b7b280a05d83ea046def54,2,976,0
2,ex2-s5-e1-a1-p04,822db031c141350bdf4c2386109e1e2cd5cafd0121b7b280a05d83ea046def54,2,977,100
2,ex2-s5-e1-a1-p04,822db031c141350bdf4c2386109e1e2cd5cafd0121b7b280a05d83ea046def54,2,978,0
2,ex2-s5-e1-a1-p04,822db031c141350bdf4c2386109e1e2cd5cafd0121b7b280a05d83ea046def54,2,979,100
2,ex2-s5-e1-a1-p04,822db031c141350bdf4c2386109e1e2cd5cafd0121b7b280a05d83ea046def54,2,980,100
2,ex2-s5-e1-a1-p04,822db031c141350bdf4c2386109e1e2cd5cafd0121b7b280a05d83ea046def54,2,981,0
2,ex2-s5-e1-a1-p04,822db031c141350bdf4c2386109e1e2cd5cafd0121b7b280a05d83ea046def54,2,982,100
2,ex2-s5-e1-a1-p04,822db031c141350bdf4c2386109e1e2cd5cafd0121b7b280a05d83ea046def54,2,983,0
2,ex2-s5-e1-a1-p04,822db031c141350bdf4c2386109e1e2cd5cafd0121b7b280a05d83ea046def54,2,984,100
2,ex2-s5-e1-a1-p04,822db031c141350bdf4c2386109e1e2cd5cafd0121b7b280a05d83ea046def54,2,985,0
2,ex2-s5-e1-a1-p04,822db031c141350bdf4c2386109e1e2cd5cafd0121b7b280a05d83ea046def54,2,986,100
2,ex2-s5-e1-a1-p04,822db031c141350bdf4c2386109e1e2cd5cafd0121b7b280a05d83ea046def54,2,987,0
2,ex2-s5-e1-a1-p04,822db031c141350bdf4c2386109e1e2cd5cafd0121b7b280a05d83ea046def54,2,988,100
2,ex2-s5-e1-a1-p04,822db031c141350bdf4c2386109e1e2cd5cafd0121b7b280a05d83ea046def54,2,989,100
2,ex2-s5-e1-a1-p04,822db031c141350bdf4c2386109e1e2cd5cafd0121b7b280a05d83ea046def54,2,990,0
2,ex2-s5-e1-a1-p04,822db031c141350bdf4c2386109e1e2cd5cafd0121b7b280a05d83ea046def54,2,991,100
2,ex2-s5-e1-a1-p04,822db031c141350bdf4c2386109e1e2cd5cafd0121b7b280a05d83ea046def54,2,992,0
2,ex2-s5-e1-a1-p04,822db031c141350bdf4c2386109e1e2cd5cafd0121b7b280a05d83ea046def54,2,993,100
2,ex2-s5-e1-a1-p04,822db031c141350bdf4c2386109e1e2cd5cafd0121b7b280a05d83ea046def54,2,994,0
2,ex2-s5-e1-a1-p04,822db031c141350bdf4c2386109e1e2cd5cafd0121b7b280a05d83ea046def54,2,995,100
2,ex2-s5-e1-a1-p04,822db031c141350bdf4c2386109e1e2cd5cafd0121b7b280a05d83ea046def54,2,996,0
2,ex2-s5-e1-a1-p04,822db031c141350bdf4c2386109e1e2cd5cafd0121b7b280a05d83ea046def54,2,997,100
2,ex2-s5-e1-a1-p04,822db031c141350bdf4c2386109e1e2cd5cafd0121b7b280a05d83ea046def54,2,998,100
2,ex2-s5-e1-a1-p04,822db031c141350bdf4c2386109e1e2cd5cafd0121b7b280a05d83ea046def54,2,999,0
2,ex2-s5-e1-a1-p04,822db031c141350bdf4c2386109e1e2cd5cafd0121b7b280a05d83ea046def54,2,1000,100
2,ex2-s5-e1-a1-p04,822db031c141350bdf4c2386109e1e2cd5cafd0121b7b280a05d83ea046def54,2,1001,0
2,ex2-s5-e1-a1-p04,822db031c141350bdf4c2386109e1e2cd5cafd0121b7b280a05d83ea046def54,2,1002,100
2,ex2-s5-e1-a1-p04,822db031c141350bdf4c2386109e1e2cd5cafd0121b7b280a05d83ea046def54,2,1003,0
2,ex2-s5-e1-a1-p04,822db031c141350bdf4c2386109e1e2cd5cafd0121b7b280a05d83ea046def54,2,1004,100
2,ex2-s5-e1-a1-p04,822db031c141350bdf4c2386109e1e2cd5cafd0121b7b280a05d83ea046def54,2,1005,0
2,ex2-s5-e1-a1-p04,822db031c141350bdf4c2386109e1e2cd5cafd0121b7b280a05d83ea046def54,2,1006,100
2,ex2-s5-e1-a1-p04,822db031c141350bdf4c2386109e1e2cd5cafd0121b7b280a05d83ea046def54,2,1007,100
2,ex2-s5-e1-a1-p04,822db031c141350bdf4c2386109e1e2cd5cafd0121b7b280a05d83ea046def54,2,1008,0
2,ex2-s5-e1-a1-p04,822db031c141350bdf4c2386109e1e2cd5cafd0121b7b280a05d83ea046def54,2,1009,100
2,ex2-s5-e1-a1-p04,822db031c141350bdf4c2386109e1e2cd5cafd0121b7b280a05d83ea046def54,2,1010,0
2,ex2-s5-e1-a1-p04,822db031c141350bdf4c2386109e1e2cd5cafd0121b7b280a05d83ea046def54,2,1011,100
2,ex2-s5-e1-a1-p04,822db031c141350bdf4c2386109e1e2cd5cafd0121b7b280a05d83ea046def54,2,1012,0
2,ex2-s5-e1-a1-p04,822db031c141350bdf4c2386109e1e2cd5cafd0121b7b280a05d83ea046def54,2,1013,100
2,ex2-s5-e1-a1-p04,822db031c141350bdf4c2386109e1e2cd5cafd0121b7b280a05d83ea046def54,2,1014,0
2,ex2-s5-e1-a1-p04,822db031c141350bdf4c2386109e1e2cd5cafd0121b7b280a05d83ea046def54,2,1015,100
2,ex2-s5-e1-a1-p04,822db031c141350bdf4c2386109e1e2cd5cafd0121b7b280a05d83ea046def54,2,1016,0
2,ex2-s5-e1-a1-p04,822db031c141350bdf4c2386109e1e2cd5cafd0121b7b280a05d83ea046def54,2,1017,100
2,ex2-s5-e1-a1-p04,822db031c141350bdf4c2386109e1e2cd5cafd0121b7b280a05d83ea046def54,2,1018,100
2,ex2-s5-e1-a1-p04,822db031c141350bdf4c2386109e1e2cd5cafd0121b7b280a05d83ea046def54,2,1019,0
2,ex2-s5-e1-a1-p04,822db031c141350bdf4c2386109e1e2cd5cafd0121b7b280a05d83ea046def54,2,1020,100
2,ex2-s5-e1-a1-p04,822db031c141350bdf4c2386109e1e2cd5cafd0121b7b280a05d83ea046def54,2,1021,0
2,ex2-s5-e1-a1-p04,822db031c141350bdf4c2386109e1e2cd5cafd0121b7b280a05d83ea046def54,2,1022,100
2,ex2-s5-e1-a1-p04,822db031c141350bdf4c2386109e1e2cd5cafd0121b7b280a05d83ea046def54,2,1023,0
2,ex2-s5-e1-a1-p04,822db031c141350bdf4c2386109e1e2cd5cafd0121b7b280a05d83ea046def54,2,1024,100
2,ex2-s5-e1-a1-p04,822db031c141350bdf4c2386109e1e2cd5cafd0121b7b280a05d83ea046def54,2,1025,0
2,ex2-s5-e1-a1-p04,822db031c141350bdf4c2386109e1e2cd5cafd0121b7b280a05d83ea046def54,2,1026,100
2,ex2-s5-e1-a1-p04,822db031c141350bdf4c2386109e1e2cd5cafd0121b7b280a05d83ea046def54,2,1027,100
2,ex2-s5-e1-a1-p04,822db031c141350bdf4c2386109e1e2cd5cafd0121b7b280a05d83ea046def54,2,1028,0
2,ex2-s5-e1-a1-p04,822db031c141350bdf4c2386109e1e2cd5cafd0121b7b280a05d83ea046def54,2,1029,100
2,ex2-s5-e1-a1-p04,822db031c141350bdf4c2386109e1e2cd5cafd0121b7b280a05d83ea046def54,2,1030,0
2,ex2-s5-e1-a1-p04,822db031c141350bdf4c2386109e1e2cd5cafd0121b7b280a05d83ea046def54,2,1031,100
2,ex2-s5-e1-a1-p04,822db031c141350bdf4c2386109e1e2cd5cafd0121b7b280a05d83ea046def54,2,1032,0
2,ex2-s5-e1-a1-p04,822db031c141350bdf4c2386109e1e2cd5cafd0121b7b280a05d83ea046def54,2,1033,100
2,ex2-s5-e1-a1-p04,822db031c141350bdf4c2386109e1e2cd5cafd0121b7b280a05d83ea046def54,2,1034,0
2,ex2-s5-e1-a1-p04,822db031c141350bdf4c2386109e1e2cd5cafd0121b7b280a05d83ea046def54,2,1035,100
2,ex2-s5-e1-a1-p04,822db031c141350bdf4c2386109e1e2cd5cafd0121b7b280a05d83ea046def54,2,1036,100
2,ex2-s5-e1-a1-p04,822db031c141350bdf4c2386109e1e2cd5cafd0121b7b280a05d83ea046def54,2,1037,0
2,ex2-s5-e1-a1-p04,822db031c141350bdf4c2386109e1e2cd5cafd0121b7b280a05d83ea046def54,2,1038,100
2,ex2-s5-e1-a1-p04,822db031c141350bdf4c2386109e1e2cd5cafd0121b7b280a05d83ea046def54,2,1039,0
2,ex2-s5-e1-a1-p04,822db031c141350bdf4c2386109e1e2cd5cafd0121b7b280a05d83ea046def54,2,1040,100
2,ex2-s5-e1-a1-p04,822db031c141350bdf4c2386109e1e2cd5cafd0121b7b280a05d83ea046def54,2,1041,0
2,ex2-s5-e1-a1-p04,822db031c141350bdf4c2386109e1e2cd5cafd0121b7b280a05d83ea046def54,2,1042,100
2,ex2-s5-e1-a1-p04,822db031c141350bdf4c2386109e1e2cd5cafd0121b7b280a05d83ea046def54,2,1043,0
2,ex2-s5-e1-a1-p04,822db031c141350bdf4c2386109e1e2cd5cafd0121b7b280a05d83ea046def54,2,1044,100
2,ex2-s5-e1-a1-p04,822db031c141350bdf4c2386109e1e2cd5cafd0121b7b280a05d83ea046def54,2,1045,0
2,ex2-s5-e1-a1-p04,822db031c141350bdf4c2386109e1e2cd5cafd0121b7b280a05d83ea046def54,2,1046,100
2,ex2-s5-e1-a1-p04,822db031c141350bdf4c2386109e1e2cd5cafd0121b7b280a05d83ea046def54,2,1047,100
2,ex2-s5-e1-a1-p04,822db031c141350bdf4c2386109e1e2cd5cafd0121b7b280a05d83ea046def54,2,1048,0
2,ex2-s5-e1-a1-p04,822db031c141350bdf4c2386109e1e2cd5cafd0121b7b280a05d83ea046def54,2,1049,100
2,ex2-s5-e1-a1-p04,822db031c141350bdf4c2386109e1e2cd5cafd0121b7b280a05d83ea046def54,2,1050,0
2,ex2-s5-e1-a1-p04,822db031c141350bdf4c2386109e1e2cd5cafd0121b7b280a05d83ea046def54,2,1051,100
2,ex2-s5-e1-a1-p04,822db031c141350bdf4c2386109e1e2cd5cafd0121b7b280a05d83ea046def54,2,1052,0
2,ex2-s5-e1-a1-p04,822db031c141350bdf4c2386109e1e2cd5cafd0121b7b280a05d83ea046def54,2,1053,100
2,ex2-s5-e1-a1-p04,822db031c141350bdf4c2386109e1e2cd5cafd0121b7b280a05d83ea046def54,2,1054,0
2,ex2-s5-e1-a1-p04,822db031c141350bdf4c2386109e1e2cd5cafd0121b7b280a05d83ea046def54,2,1055,100
2,ex2-s5-e1-a1-p04,822db031c141350bdf4c2386109e1e2cd5cafd0121b7b280a05d83ea046def54,2,1056,100
2,ex2-s5-e1-a1-p04,822db031c141350bdf4c2386109e1e2cd5cafd0121b7b280a05d83ea046def54,2,1057,0
2,ex2-s5-e1-a1-p04,822db031c141350bdf4c2386109e1e2cd5cafd0121b7b280a05d83ea046def54,2,1058,100
2,ex2-s5-e1-a1-p04,822db031c141350bdf4c2386109e1e2cd5cafd0121b7b280a05d83ea046def54,2,1059,0
2,ex2-s5-e1-a1-p04,822db031c141350bdf4c2386109e1e2cd5cafd0121b7b280a05d83ea046def54,2,1060,100
2,ex2-s5-e1-a1-p04,822db031c141350bdf4c2386109e1e2cd5cafd0121b7b280a05d83ea046def54,2,1061,0
2,ex2-s5-e1-a1-p04,822db031c141350bdf4c2386109e1e2cd5cafd0121b7b280a05d83ea046def54,2,1062,100
2,ex2-s5-e1-a1-p04,822db031c141350bdf4c2386109e1e2cd5cafd0121b7b280a05d83ea046def54,2,1063,0
2,ex2-s5-e1-a1-p04,822db031c141350bdf4c2386109e1e2cd5cafd0121b7b280a05d83ea046def54,2,1064,100
2,ex2-s5-e1-a1-p04,822db031c141350bdf4c2386109e1e2cd5cafd0121b7b280a05d83ea046def54,2,1065,100
2,ex2-s5-e1-a1-p04,822db031c141350bdf4c2386109e1e2cd5cafd0121b7b280a05d83ea046def54,2,1066,0
2,ex2-s5-e1-a1-p04,822db031c141350bdf4c2386109e1e2cd5cafd0121b7b280a05d83ea046def54,2,1067,100
2,ex2-s5-e1-a1-p04,822db031c141350bdf4c2386109e1e2cd5cafd0121b7b280a05d83ea046def54,2,1068,0
2,ex2-s5-e1-a1-p04,822db031c141350bdf4c2386109e1e2cd5cafd0121b7b280a05d83ea046def54,2,1069,100
2,ex2-s5-e1-a1-p04,822db031c141350bdf4c2386109e1e2cd5cafd0121b7b280a05d83ea046def54,2,1070,0
2,ex2-s5-e1-a1-p04,822db031c141350bdf4c2386109e1e2cd5cafd0121b7b280a05d83ea046def54,2,1071,100
2,ex2-s5-e1-a1-p04,822db031c141350bdf4c2386109e1e2cd5cafd0121b7b280a05d83ea046def54,2,1072,0
2,ex2-s5-e1-a1-p04,822db031c141350bdf4c2386109e1e2cd5cafd0121b7b280a05d83ea046def54,2,1073,100
2,ex2-s5-e1-a1-p04,822db031c141350bdf4c2386109e1e2cd5cafd0121b7b280a05d83ea046def54,2,1074,100
2,ex2-s5-e1-a1-p04,822db031c141350bdf4c2386109e1e2cd5cafd0121b7b280a05d83ea046def54,2,1075,0
2,ex2-s5-e1-a1-p04,822db031c141350bdf4c2386109e1e2cd5cafd0121b7b280a05d83ea046def54,2,1076,100
2,ex2-s5-e1-a1-p04,822db031c141350bdf4c2386109e1e2cd5cafd0121b7b280a05d83ea046def54,2,1077,0
2,ex2-s5-e1-a1-p04,822db031c141350bdf4c2386109e1e2cd5cafd0121b7b280a05d83ea046def54,2,1078,100
2,ex2-s5-e1-a1-p04,822db031c141350bdf4c2386109e1e2cd5cafd0121b7b280a05d83ea046def54,2,1079,0
2,ex2-s5-e1-a1-p04,822db031c141350bdf4c2386109e1e2cd5cafd0121b7b280a05d83ea046def54,2,1080,100
2,ex2-s5-e1-a1-p04,822db031c141350bdf4c2386109e1e2cd5cafd0121b7b280a05d83ea046def54,2,1081,0
2,ex2-s5-e1-a1-p04,822db031c141350bdf4c2386109e1e2cd5cafd0121b7b280a05d83ea046def54,2,1082,100
2,ex2-s5-e1-a1-p04,822db031c141350bdf4c2386109e1e2cd5cafd0121b7b280a05d83ea046def54,2,1083,0
2,ex2-s5-e1-a1-p04,822db031c141350bdf4c2386109e1e2cd5cafd0121b7b280a05d83ea046def54,2,1084,100
2,ex2-s5-e1-a1-p04,822db031c141350bdf4c2386109e1e2cd5cafd0121b7b280a05d83ea046def54,2,1085,100
2,ex2-s5-e1-a1-p04,822db031c141350bdf4c2386109e1e2cd5cafd0121b7b280a05d83ea046def54,2,1086,0
2,ex2-s5-e1-a1-p04,822db031c141350bdf4c2386109e1e2cd5cafd0121b7b280a05d83ea046def54,2,1087,100
2,ex2-s5-e1-a1-p04,822db031c141350bdf4c2386109e1e2cd5cafd0121b7b280a05d83ea046def54,2,1088,0
2,ex2-s5-e1-a1-p04,822db031c141350bdf4c2386109e1e2cd5cafd0121b7b280a05d83ea046def54,2,1089,100
2,ex2-s5-e1-a1-p04,822db031c141350bdf4c2386109e1e2cd5cafd0121b7b280a05d83ea046def54,2,1090,0
2,ex2-s5-e1-a1-p04,822db031c141350bdf4c2386109e1e2cd5cafd0121b7b280a05d83ea046def54,2,1091,100
2,ex2-s5-e1-a1-p04,822db031c141350bdf4c2386109e1e2cd5cafd0121b7b280a05d83ea046def54,2,1092,0
2,ex2-s5-e1-a1-p04,822db031c141350bdf4c2386109e1e2cd5cafd0121b7b280a05d83ea046def54,2,1093,100
2,ex2-s5-e1-a1-p04,822db031c141350bdf4c2386109e1e2cd5cafd0121b7b280a05d83ea046def54,2,1094,100
2,ex2-s5-e1-a1-p04,822db031c141350bdf4c2386109e1e2cd5cafd0121b7b280a05d83ea046def54,2,1095,0
2,ex2-s5-e1-a1-p04,822db031c141350bdf4c2386109e1e2cd5cafd0121b7b280a05d83ea046def54,2,1096,100
2,ex2-s5-e1-a1-p04,822db031c141350bdf4c2386109e1e2cd5cafd0121b7b280a05d83ea046def54,2,1097,100
2,ex2-s5-e1-a1-p04,822db031c141350bdf4c2386109e1e2cd5cafd0121b7b280a05d83ea046def54,2,1098,0
2,ex2-s5-e1-a1-p04,822db031c141350bdf4c2386109e1e2cd5cafd0121b7b280a05d83ea046def54,2,1099,100
2,ex2-s5-e1-a1-p04,822db031c141350bdf4c2386109e1e2cd5cafd0121b7b280a05d83ea046def54,2,1100,0
2,ex2-s5-e1-a1-p04,822db031c141350bdf4c2386109e1e2cd5cafd0121b7b280a05d83ea046def54,2,1101,100
2,ex2-s5-e1-a1-p04,822db031c141350bdf4c2386109e1e2cd5cafd0121b7b280a05d83ea046def54,2,1102,0
2,ex2-s5-e1-a1-p04,822db031c141350bdf4c2386109e1e2cd5cafd0121b7b280a05d83ea046def54,2,1103,100
2,ex2-s5-e1-a1-p04,822db031c141350bdf4c2386109e1e2cd5cafd0121b7b280a05d83ea046def54,2,1104,0
2,ex2-s5-e1-a1-p04,822db031c141350bdf4c2386109e1e2cd5cafd0121b7b280a05d83ea046def54,2,1105,100
2,ex2-s5-e1-a1-p04,822db031c141350bdf4c2386109e1e2cd5cafd0121b7b280a05d83ea046def54,2,1106,0
2,ex2-s5-e1-a1-p04,822db031c141350bdf4c2386109e1e2cd5cafd0121b7b280a05d83ea046def54,2,1107,100
2,ex2-s5-e1-a1-p04,822db031c141350bdf4c2386109e1e2cd5cafd0121b7b280a05d83ea046def54,2,1108,100
2,ex2-s5-e1-a1-p04,822db031c141350bdf4c2386109e1e2cd5cafd0121b7b280a05d83ea046def54,2,1109,0
2,ex2-s5-e1-a1-p04,822db031c141350bdf4c2386109e1e2cd5cafd0121b7b280a05d83ea046def54,2,1110,100
2,ex2-s5-e1-a1-p04,822db031c141350bdf4c2386109e1e2cd5cafd0121b7b280a05d83ea046def54,2,1111,0
2,ex2-s5-e1-a1-p04,822db031c141350bdf4c2386109e1e2cd5cafd0121b7b280a05d83ea046def54,2,1112,100
2,ex2-s5-e1-a1-p04,822db031c141350bdf4c2386109e1e2cd5cafd0121b7b280a05d83ea046def54,2,1113,0
2,ex2-s5-e1-a1-p04,822db031c141350bdf4c2386109e1e2cd5cafd0121b7b280a05d83ea046def54,2,1114,100
2,ex2-s5-e1-a1-p04,822db031c141350bdf4c2386109e1e2cd5cafd0121b7b280a05d83ea046def54,2,1115,0
2,ex2-s5-e1-a1-p04,822db031c141350bdf4c2386109e1e2cd5cafd0121b7b280a05d83ea046def54,2,1116,100
2,ex2-s5-e1-a1-p04,822db031c141350bdf4c2386109e1e2cd5cafd0121b7b280a05d83ea046def54,2,1117,100
2,ex2-s5-e1-a1-p04,822db031c141350bdf4c2386109e1e2cd5cafd0121b7b280a05d83ea046def54,2,1118,0
2,ex2-s5-e1-a1-p04,822db031c141350bdf4c2386109e1e2cd5cafd0121b7b280a05d83ea046def54,2,1119,100
2,ex2-s5-e1-a1-p04,822db031c141350bdf4c2386109e1e2cd5cafd0121b7b280a05d83ea046def54,2,1120,0
2,ex2-s5-e1-a1-p04,822db031c141350bdf4c2386109e1e2cd5cafd0121b7b280a05d83ea046def54,2,1121,100
2,ex2-s5-e1-a1-p04,822db031c141350bdf4c2386109e1e2cd5cafd0121b7b280a05d83ea046def54,2,1122,0
2,ex2-s5-e1-a1-p04,822db031c141350bdf4c2386109e1e2cd5cafd0121b7b280a05d83ea046def54,2,1123,100
2,ex2-s5-e1-a1-p04,822db031c141350bdf4c2386109e1e2cd5cafd0121b7b280a05d83ea046def54,2,1124,0
2,ex2-s5-e1-a1-p04,822db031c141350bdf4c2386109e1e2cd5cafd0121b7b280a05d83ea046def54,2,1125,100
2,ex2-s5-e1-a1-p04,822db031c141350bdf4c2386109e1e2cd5cafd0121b7b280a05d83ea046def54,2,1126,0
2,ex2-s5-e1-a1-p04,822db031c141350bdf4c2386109e1e2cd5cafd0121b7b280a05d83ea046def54,2,1127,100
2,ex2-s5-e1-a1-p04,822db031c141350bdf4c2386109e1e2cd5cafd0121b7b280a05d83ea046def54,2,1128,100
2,ex2-s5-e1-a1-p04,822db031c141350bdf4c2386109e1e2cd5cafd0121b7b280a05d83ea046def54,2,1129,0
2,ex2-s5-e1-a1-p04,822db031c141350bdf4c2386109e1e2cd5cafd0121b7b280a05d83ea046def54,2,1130,100
2,ex2-s5-e1-a1-p04,822db031c141350bdf4c2386109e1e2cd5cafd0121b7b280a05d83ea046def54,2,1131,0
2,ex2-s5-e1-a1-p04,822db031c141350bdf4c2386109e1e2cd5cafd0121b7b280a05d83ea046def54,2,1132,100
2,ex2-s5-e1-a1-p04,822db031c141350bdf4c2386109e1e2cd5cafd0121b7b280a05d83ea046def54,2,1133,0
2,ex2-s5-e1-a1-p04,822db031c141350bdf4c2386109e1e2cd5cafd0121b7b280a05d83ea046def54,2,1134,100
2,ex2-s5-e1-a1-p04,822db031c141350bdf4c2386109e1e2cd5cafd0121b7b280a05d83ea046def54,2,1135,0
2,ex2-s5-e1-a1-p04,822db031c141350bdf4c2386109e1e2cd5cafd0121b7b280a05d83ea046def54,2,1136,100
2,ex2-s5-e1-a1-p04,822db031c141350bdf4c2386109e1e2cd5cafd0121b7b280a05d83ea046def54,2,1137,100
2,ex2-s5-e1-a1-p04,822db031c141350bdf4c2386109e1e2cd5cafd0121b7b280a05d83ea046def54,2,1138,0
2,ex2-s5-e1-a1-p04,822db031c141350bdf4c2386109e1e2cd5cafd0121b7b280a05d83ea046def54,2,1139,100
2,ex2-s5-e1-a1-p04,822db031c141350bdf4c2386109e1e2cd5cafd0121b7b280a05d83ea046def54,2,1140,0
2,ex2-s5-e1-a1-p04,822db031c141350bdf4c2386109e1e2cd5cafd0121b7b280a05d83ea046def54,2,1141,100
2,ex2-s5-e1-a1-p04,822db031c141350bdf4c2386109e1e2cd5cafd0121b7b280a05d83ea046def54,2,1142,0
2,ex2-s5-e1-a1-p04,822db031c141350bdf4c2386109e1e2cd5cafd0121b7b280a05d83ea046def54,2,1143,100
2,ex2-s5-e1-a1-p04,822db031c141350bdf4c2386109e1e2cd5cafd0121b7b280a05d83ea046def54,2,1144,0
2,ex2-s5-e1-a1-p04,822db031c141350bdf4c2386109e1e2cd5cafd0121b7b280a05d83ea046def54,2,1145,100
2,ex2-s5-e1-a1-p04,822db031c141350bdf4c2386109e1e2cd5cafd0121b7b280a05d83ea046def54,2,1146,100
2,ex2-s5-e1-a1-p04,822db031c141350bdf4c2386109e1e2cd5cafd0121b7b280a05d83ea046def54,2,1147,0
2,ex2-s5-e1-a1-p04,822db031c141350bdf4c2386109e1e2cd5cafd0121b7b280a05d83ea046def54,2,1148,100
2,ex2-s5-e1-a1-p04,822db031c141350bdf4c2386109e1e2cd5cafd0121b7b280a05d83ea046def54,2,1149,0
2,ex2-s5-e1-a1-p04,822db031c141350bdf4c2386109e1e2cd5cafd0121b7b280a05d83ea046def54,2,1150,100
2,ex2-s5-e1-a1-p04,822db031c141350bdf4c2386109e1e2cd5cafd0121b7b280a05d83ea046def54,2,1151,0
2,ex2-s5-e1-a1-p04,822db031c141350bdf4c2386109e1e2cd5cafd0121b7b280a05d83ea046def54,2,1152,100
2,ex2-s5-e1-a1-p04,822db031c141350bdf4c2386109e1e2cd5cafd0121b7b280a05d83ea046def54,2,1153,0
2,ex2-s5-e1-a1-p04,822db031c141350bdf4c2386109e1e2cd5cafd0121b7b280a05d83ea046def54,2,1154,100
2,ex2-s5-e1-a1-p04,822db031c141350bdf4c2386109e1e2cd5cafd0121b7b280a05d83ea046def54,2,1155,0
2,ex2-s5-e1-a1-p04,822db031c141350bdf4c2386109e1e2cd5cafd0121b7b280a05d83ea046def54,2,1156,100
2,ex2-s5-e1-a1-p04,822db031c141350bdf4c2386109e1e2cd5cafd0121b7b280a05d83ea046def54,2,1157,100
2,ex2-s5-e1-a1-p04,822db031c141350bdf4c2386109e1e2cd5cafd0121b7b280a05d83ea046def54,2,1158,0
2,ex2-s5-e1-a1-p04,822db031c141350bdf4c2386109e1e2cd5cafd0121b7b280a05d83ea046def54,2,1159,100
2,ex2-s5-e1-a1-p04,822db031c141350bdf4c2386109e1e2cd5cafd0121b7b280a05d83ea046def54,2,1160,0
2,ex2-s5-e1-a1-p04,822db031c141350bdf4c2386109e1e2cd5cafd0121b7b280a05d83ea046def54,2,1161,100
2,ex2-s5-e1-a1-p04,822db031c141350bdf4c2386109e1e2cd5cafd0121b7b280a05d83ea046def54,2,1162,0
2,ex2-s5-e1-a1-p04,822db031c141350bdf4c2386109e1e2cd5cafd0121b7b280a05d83ea046def54,2,1163,100
2,ex2-s5-e1-a1-p04,822db031c141350bdf4c2386109e1e2cd5cafd0121b7b280a05d83ea046def54,2,1164,0
2,ex2-s5-e1-a1-p04,822db031c141350bdf4c2386109e1e2cd5cafd0121b7b280a05d83ea046def54,2,1165,100
2,ex2-s5-e1-a1-p04,822db031c141350bdf4c2386109e1e2cd5cafd0121b7b280a05d83ea046def54,2,1166,100
2,ex2-s5-e1-a1-p04,822db031c141350bdf4c2386109e1e2cd5cafd0121b7b280a05d83ea046def54,2,1167,0
2,ex2-s5-e1-a1-p04,822db031c141350bdf4c2386109e1e2cd5cafd0121b7b280a05d83ea046def54,2,1168,100
2,ex2-s5-e1-a1-p04,822db031c141350bdf4c2386109e1e2cd5cafd0121b7b280a05d83ea046def54,2,1169,0
2,ex2-s5-e1-a1-p04,822db031c141350bdf4c2386109e1e2cd5cafd0121b7b280a05d83ea046def54,2,1170,100
2,ex2-s5-e1-a1-p04,822db031c141350bdf4c2386109e1e2cd5cafd0121b7b280a05d83ea046def54,2,1171,0
2,ex2-s5-e1-a1-p04,822db031c141350bdf4c2386109e1e2cd5cafd0121b7b280a05d83ea046def54,2,1172,100
2,ex2-s5-e1-a1-p04,822db031c141350bdf4c2386109e1e2cd5cafd0121b7b280a05d83ea046def54,2,1173,0
2,ex2-s5-e1-a1-p04,822db031c141350bdf4c2386109e1e2cd5cafd0121b7b280a05d83ea046def54,2,1174,100
2,ex2-s5-e1-a1-p04,822db031c141350bdf4c2386109e1e2cd5cafd0121b7b280a05d83ea046def54,2,1175,0
2,ex2-s5-e1-a1-p04,822db031c141350bdf4c2386109e1e2cd5cafd0121b7b280a05d83ea046def54,2,1176,100
2,ex2-s5-e1-a1-p04,822db031c141350bdf4c2386109e1e2cd5cafd0121b7b280a05d83ea046def54,2,1177,100
2,ex2-s5-e1-a1-p04,822db031c141350bdf4c2386109e1e2cd5cafd0121b7b280a05d83ea046def54,2,1178,0
2,ex2-s5-e1-a1-p04,822db031c141350bdf4c2386109e1e2cd5cafd0121b7b280a05d83ea046def54,2,1179,100
2,ex2-s5-e1-a1-p04,822db031c141350bdf4c2386109e1e2cd5cafd0121b7b280a05d83ea046def54,2,1180,0
2,ex2-s5-e1-a1-p04,822db031c141350bdf4c2386109e1e2cd5cafd0121b7b280a05d83ea046def54,2,1181,100
2,ex2-s5-e1-a1-p04,822db031c141350bdf4c2386109e1e2cd5cafd0121b7b280a05d83ea046def54,2,1182,0
2,ex2-s5-e1-a1-p04,822db031c141350bdf4c2386109e1e2cd5cafd0121b7b280a05d83ea046def54,2,1183,100
2,ex2-s5-e1-a1-p04,822db031c141350bdf4c2386109e1e2cd5cafd0121b7b280a05d83ea046def54,2,1184,0
2,ex2-s5-e1-a1-p04,822db031c141350bdf4c2386109e1e2cd5cafd0121b7b280a05d83ea046def54,2,1185,100
2,ex2-s5-e1-a1-p04,822db031c141350bdf4c2386109e1e2cd5cafd0121b7b280a05d83ea046def54,2,1186,100
2,ex2-s5-e1-a1-p04,822db031c141350bdf4c2386109e1e2cd5cafd0121b7b280a05d83ea046def54,2,1187,0
2,ex2-s5-e1-a1-p04,822db031c141350bdf4c2386109e1e2cd5cafd0121b7b280a05d83ea046def54,2,1188,100
2,ex2-s5-e1-a1-p04,822db031c141350bdf4c2386109e1e2cd5cafd0121b7b280a05d83ea046def54,2,1189,0
2,ex2-s5-e1-a1-p04,822db031c141350bdf4c2386109e1e2cd5cafd0121b7b280a05d83ea046def54,2,1190,100
2,ex2-s5-e1-a1-p04,822db031c141350bdf4c2386109e1e2cd5cafd0121b7b280a05d83ea046def54,2,1191,0
2,ex2-s5-e1-a1-p04,822db031c141350bdf4c2386109e1e2cd5cafd0121b7b280a05d83ea046def54,2,1192,100
2,ex2-s5-e1-a1-p04,822db031c141350bdf4c2386109e1e2cd5cafd0121b7b280a05d83ea046def54,2,1193,0
2,ex2-s5-e1-a1-p04,822db031c141350bdf4c2386109e1e2cd5cafd0121b7b280a05d83ea046def54,2,1194,100
2,ex2-s5-e1-a1-p04,822db031c141350bdf4c2386109e1e2cd5cafd0121b7b280a05d83ea046def54,2,1195,100
2,ex2-s5-e1-a1-p04,822db031c141350bdf4c2386109e1e2cd5cafd0121b7b280a05d83ea046def54,2,1196,0
2,ex2-s5-e1-a1-p04,822db031c141350bdf4c2386109e1e2cd5cafd0121b7b280a05d83ea046def54,2,1197,100
2,ex2-s5-e1-a1-p04,822db031c141350bdf4c2386109e1e2cd5cafd0121b7b280a05d83ea046def54,2,1198,0
2,ex2-s5-e1-a1-p04,822db031c141350bdf4c2386109e1e2cd5cafd0121b7b280a05d83ea046def54,2,1199,100
2,ex2-s5-e1-a1-p04,822db031c141350bdf4c2386109e1e2cd5cafd0121b7b280a05d83ea046def54,2,1200,0
2,ex2-s5-e1-a1-p04,822db031c141350bdf4c2386109e1e2cd5cafd0121b7b280a05d83ea046def54,2,1201,100
2,ex2-s5-e1-a1-p04,822db031c141350bdf4c2386109e1e2cd5cafd0121b7b280a05d83ea046def54,2,1202,0
2,ex2-s5-e1-a1-p04,822db031c141350bdf4c2386109e1e2cd5cafd0121b7b280a05d83ea046def54,2,1203,100
2,ex2-s5-e1-a1-p04,822db031c141350bdf4c2386109e1e2cd5cafd0121b7b280a05d83ea046def54,2,1204,0
2,ex2-s5-e1-a1-p04,822db031c141350bdf4c2386109e1e2cd5cafd0121b7b280a05d83ea046def54,2,1205,100
2,ex2-s5-e1-a1-p04,822db031c141350bdf4c2386109e1e2cd5cafd0121b7b280a05d83ea046def54,2,1206,100
2,ex2-s5-e1-a1-p04,822db031c141350bdf4c2386109e1e2cd5cafd0121b7b280a05d83ea046def54,2,1207,0
2,ex2-s5-e1-a1-p04,822db031c141350bdf4c2386109e1e2cd5cafd0121b7b280a05d83ea046def54,2,1208,100
2,ex2-s5-e1-a1-p04,822db031c141350bdf4c2386109e1e2cd5cafd0121b7b280a05d83ea046def54,2,1209,0
2,ex2-s5-e1-a1-p04,822db031c141350bdf4c2386109e1e2cd5cafd0121b7b280a05d83ea046def54,2,1210,100
2,ex2-s5-e1-a1-p04,822db031c141350bdf4c2386109e1e2cd5cafd0121b7b280a05d83ea046def54,2,1211,0
2,ex2-s5-e1-a1-p04,822db031c141350bdf4c2386109e1e2cd5cafd0121b7b280a05d83ea046def54,2,1212,100
2,ex2-s5-e1-a1-p04,822db031c141350bdf4c2386109e1e2cd5cafd0121b7b280a05d83ea046def54,2,1213,0
2,ex2-s5-e1-a1-p04,822db031c141350bdf4c2386109e1e2cd5cafd0121b7b280a05d83ea046def54,2,1214,100
2,ex2-s5-e1-a1-p04,822db031c141350bdf4c2386109e1e2cd5cafd0121b7b280a05d83ea046def54,2,1215,100
2,ex2-s5-e1-a1-p04,822db031c141350bdf4c2386109e1e2cd5cafd0121b7b280a05d83ea046def54,2,1216,0
2,ex2-s5-e1-a1-p04,822db031c141350bdf4c2386109e1e2cd5cafd0121b7b280a05d83ea046def54,2,1217,100
2,ex2-s5-e1-a1-p04,822db031c141350bdf4c2386109e1e2cd5cafd0121b7b280a05d83ea046def54,2,1218,0
2,ex2-s5-e1-a1-p04,822db031c141350bdf4c2386109e1e2cd5cafd0121b7b280a05d83ea046def54,2,1219,100
2,ex2-s5-e1-a1-p04,822db031c141350bdf4c2386109e1e2cd5cafd0121b7b280a05d83ea046def54,2,1220,0
2,ex2-s5-e1-a1-p04,822db031c141350bdf4c2386109e1e2cd5cafd0121b7b280a05d83ea046def54,2,1221,100
2,ex2-s5-e1-a1-p04,822db031c141350bdf4c2386109e1e2cd5cafd0121b7b280a05d83ea046def54,2,1222,0
2,ex2-s5-e1-a1-p04,822db031c141350bdf4c2386109e1e2cd5cafd0121b7b280a05d83ea046def54,2,1223,100
2,ex2-s5-e1-a1-p04,822db031c141350bdf4c2386109e1e2cd5cafd0121b7b280a05d83ea046def54,2,1224,0
2,ex2-s5-e1-a1-p04,822db031c141350bdf4c2386109e1e2cd5cafd0121b7b280a05d83ea046def54,2,1225,100
2,ex2-s5-e1-a1-p04,822db031c141350bdf4c2386109e1e2cd5cafd0121b7b280a05d83ea046def54,2,1226,100
2,ex2-s5-e1-a1-p04,822db031c141350bdf4c2386109e1e2cd5cafd0121b7b280a05d83ea046def54,2,1227,0
2,ex2-s5-e1-a1-p04,822db031c141350bdf4c2386109e1e2cd5cafd0121b7b280a05d83ea046def54,2,1228,100
2,ex2-s5-e1-a1-p04,822db031c141350bdf4c2386109e1e2cd5cafd0121b7b280a05d83ea046def54,2,1229,0
2,ex2-s5-e1-a1-p04,822db031c141350bdf4c2386109e1e2cd5cafd0121b7b280a05d83ea046def54,2,1230,100
2,ex2-s5-e1-a1-p04,822db031c141350bdf4c2386109e1e2cd5cafd0121b7b280a05d83ea046def54,2,1231,0
2,ex2-s5-e1-a1-p04,822db031c141350bdf4c2386109e1e2cd5cafd0121b7b280a05d83ea046def54,2,1232,100
2,ex2-s5-e1-a1-p04,822db031c141350bdf4c2386109e1e2cd5cafd0121b7b280a05d83ea046def54,2,1233,0
2,ex2-s5-e1-a1-p04,822db031c141350bdf4c2386109e1e2cd5cafd0121b7b280a05d83ea046def54,2,1234,100
2,ex2-s5-e1-a1-p04,822db031c141350bdf4c2386109e1e2cd5cafd0121b7b280a05d83ea046def54,2,1235,100
2,ex2-s5-e1-a1-p04,822db031c141350bdf4c2386109e1e2cd5cafd0121b7b280a05d83ea046def54,2,1236,0
2,ex2-s5-e1-a1-p04,822db031c141350bdf4c2386109e1e2cd5cafd0121b7b280a05d83ea046def54,2,1237,100
2,ex2-s5-e1-a1-p04,822db031c141350bdf4c2386109e1e2cd5cafd0121b7b280a05d83ea046def54,2,1238,0
2,ex2-s5-e1-a1-p04,822db031c141350bdf4c2386109e1e2cd5cafd0121b7b280a05d83ea046def54,2,1239,100
2,ex2-s5-e1-a1-p04,822db031c141350bdf4c2386109e1e2cd5cafd0121b7b280a05d83ea046def54,2,1240,0
2,ex2-s5-e1-a1-p04,822db031c141350bdf4c2386109e1e2cd5cafd0121b7b280a05d83ea046def54,2,1241,100
2,ex2-s5-e1-a1-p04,822db031c141350bdf4c2386109e1e2cd5cafd0121b7b280a05d83ea046def54,2,1242,0
2,ex2-s5-e1-a1-p04,822db031c141350bdf4c2386109e1e2cd5cafd0121b7b280a05d83ea046def54,2,1243,100
2,ex2-s5-e1-a1-p04,822db031c141350bdf4c2386109e1e2cd5cafd0121b7b280a05d83ea046def54,2,1244,100
2,ex2-s5-e1-a1-p04,822db031c141350bdf4c2386109e1e2cd5cafd0121b7b280a05d83ea046def54,2,1245,0
2,ex2-s5-e1-a1-p04,822db031c141350bdf4c2386109e1e2cd5cafd0121b7b280a05d83ea046def54,2,1246,100
2,ex2-s5-e1-a1-p04,822db031c141350bdf4c2386109e1e2cd5cafd0121b7b280a05d83ea046def54,2,1247,0
2,ex2-s5-e1-a1-p04,822db031c141350bdf4c2386109e1e2cd5cafd0121b7b280a05d83ea046def54,2,1248,100
2,ex2-s5-e1-a1-p04,822db031c141350bdf4c2386109e1e2cd5cafd0121b7b280a05d83ea046def54,2,1249,0
2,ex2-s5-e1-a1-p04,822db031c141350bdf4c2386109e1e2cd5cafd0121b7b280a05d83ea046def54,2,1250,100
2,ex2-s5-e1-a1-p04,822db031c141350bdf4c2386109e1e2cd5cafd0121b7b280a05d83ea046def54,2,1251,0
2,ex2-s5-e1-a1-p04,822db031c141350bdf4c2386109e1e2cd5cafd0121b7b280a05d83ea046def54,2,1252,100
2,ex2-s5-e1-a1-p04,822db031c141350bdf4c2386109e1e2cd5cafd0121b7b280a05d83ea046def54,2,1253,0
2,ex2-s5-e1-a1-p04,822db031c141350bdf4c2386109e1e2cd5cafd0121b7b280a05d83ea046def54,2,1254,100
2,ex2-s5-e1-a1-p04,822db031c141350bdf4c2386109e1e2cd5cafd0121b7b280a05d83ea046def54,2,1255,100
2,ex2-s5-e1-a1-p04,822db031c141350bdf4c2386109e1e2cd5cafd0121b7b280a05d83ea046def54,2,1256,0
2,ex2-s5-e1-a1-p04,822db031c141350bdf4c2386109e1e2cd5cafd0121b7b280a05d83ea046def54,2,1257,100
2,ex2-s5-e1-a1-p04,822db031c141350bdf4c2386109e1e2cd5cafd0121b7b280a05d83ea046def54,2,1258,0
2,ex2-s5-e1-a1-p04,822db031c141350bdf4c2386109e1e2cd5cafd0121b7b280a05d83ea046def54,2,1259,100
2,ex2-s5-e1-a1-p04,822db031c141350bdf4c2386109e1e2cd5cafd0121b7b280a05d83ea046def54,2,1260,0
2,ex2-s5-e1-a1-p04,822db031c141350bdf4c2386109e1e2cd5cafd0121b7b280a05d83ea046def54,2,1261,100
2,ex2-s5-e1-a1-p04,822db031c141350bdf4c2386109e1e2cd5cafd0121b7b280a05d83ea046def54,2,1262,0
2,ex2-s5-e1-a1-p04,822db031c141350bdf4c2386109e1e2cd5cafd0121b7b280a05d83ea046def54,2,1263,100
2,ex2-s5-e1-a1-p04,822db031c141350bdf4c2386109e1e2cd5cafd0121b7b280a05d83ea046def54,2,1264,100
2,ex2-s5-e1-a1-p04,822db031c141350bdf4c2386109e1e2cd5cafd0121b7b280a05d83ea046def54,2,1265,0
2,ex2-s5-e1-a1-p04,822db031c141350bdf4c2386109e1e2cd5cafd0121b7b280a05d83ea046def54,2,1266,100
2,ex2-s5-e1-a1-p04,822db031c141350bdf4c2386109e1e2cd5cafd0121b7b280a05d83ea046def54,2,1267,0
2,ex2-s5-e1-a1-p04,822db031c141350bdf4c2386109e1e2cd5cafd0121b7b280a05d83ea046def54,2,1268,100
2,ex2-s5-e1-a1-p04,822db031c141350bdf4c2386109e1e2cd5cafd0121b7b280a05d83ea046def54,2,1269,0
2,ex2-s5-e1-a1-p04,822db031c141350bdf4c2386109e1e2cd5cafd0121b7b280a05d83ea046def54,2,1270,100
2,ex2-s5-e1-a1-p04,822db031c141350bdf4c2386109e1e2cd5cafd0121b7b280a05d83ea046def54,2,1271,0
2,ex2-s5-e1-a1-p04,822db031c141350bdf4c2386109e1e2cd5cafd0121b7b280a05d83ea046def54,2,1272,100
2,ex2-s5-e1-a1-p04,822db031c141350bdf4c2386109e1e2cd5cafd0121b7b280a05d83ea046def54,2,1273,0
2,ex2-s5-e1-a1-p04,822db031c141350bdf4c2386109e1e2cd5cafd0121b7b280a05d83ea046def54,2,1274,100
2,ex2-s5-e1-a1-p04,822db031c141350bdf4c2386109e1e2cd5cafd0121b7b280a05d83ea046def54,2,1275,100
2,ex2-s5-e1-a1-p04,822db031c141350bdf4c2386109e1e2cd5cafd0121b7b280a05d83ea046def54,2,1276,0
2,ex2-s5-e1-a1-p04,822db031c141350bdf4c2386109e1e2cd5cafd0121b7b280a05d83ea046def54,2,1277,100
2,ex2-s5-e1-a1-p04,822db031c141350bdf4c2386109e1e2cd5cafd0121b7b280a05d83ea046def54,2,1278,0
2,ex2-s5-e1-a1-p04,822db031c141350bdf4c2386109e1e2cd5cafd0121b7b280a05d83ea046def54,2,1279,100
2,ex2-s5-e1-a1-p04,822db031c141350bdf4c2386109e1e2cd5cafd0121b7b280a05d83ea046def54,2,1280,0
2,ex2-s5-e1-a1-p04,822db031c141350bdf4c2386109e1e2cd5cafd0121b7b280a05d83ea046def54,2,1281,100
2,ex2-s5-e1-a1-p04,822db031c141350bdf4c2386109e1e2cd5cafd0121b7b280a05d83ea046def54,2,1282,0
2,ex2-s5-e1-a1-p04,822db031c141350bdf4c2386109e1e2cd5cafd0121b7b280a05d83ea046def54,2,1283,100
2,ex2-s5-e1-a1-p04,822db031c141350bdf4c2386109e1e2cd5cafd0121b7b280a05d83ea046def54,2,1284,100
2,ex2-s5-e1-a1-p04,822db031c141350bdf4c2386109e1e2cd5cafd0121b7b280a05d83ea046def54,2,1285,0
2,ex2-s5-e1-a1-p04,822db031c141350bdf4c2386109e1e2cd5cafd0121b7b280a05d83ea046def54,2,1286,100
2,ex2-s5-e1-a1-p04,822db031c141350bdf4c2386109e1e2cd5cafd0121b7b280a05d83ea046def54,2,1287,0
2,ex2-s5-e1-a1-p04,822db031c141350bdf4c2386109e1e2cd5cafd0121b7b280a05d83ea046def54,2,1288,100
2,ex2-s5-e1-a1-p04,822db031c141350bdf4c2386109e1e2cd5cafd0121b7b280a05d83ea046def54,2,1289,0
2,ex2-s5-e1-a1-p04,822db031c141350bdf4c2386109e1e2cd5cafd0121b7b280a05d83ea046def54,2,1290,100
2,ex2-s5-e1-a1-p04,822db031c141350bdf4c2386109e1e2cd5cafd0121b7b280a05d83ea046def54,2,1291,0
2,ex2-s5-e1-a1-p04,822db031c141350bdf4c2386109e1e2cd5cafd0121b7b280a05d83ea046def54,2,1292,100
2,ex2-s5-e1-a1-p04,822db031c141350bdf4c2386109e1e2cd5cafd0121b7b280a05d83ea046def54,2,1293,0
2,ex2-s5-e1-a1-p04,822db031c141350bdf4c2386109e1e2cd5cafd0121b7b280a05d83ea046def54,2,1294,100
2,ex2-s5-e1-a1-p04,822db031c141350bdf4c2386109e1e2cd5cafd0121b7b280a05d83ea046def54,2,1295,100
2,ex2-s5-e1-a1-p04,822db031c141350bdf4c2386109e1e2cd5cafd0121b7b280a05d83ea046def54,2,1296,0
2,ex2-s5-e1-a1-p04,822db031c141350bdf4c2386109e1e2cd5cafd0121b7b280a05d83ea046def54,2,1297,100
2,ex2-s5-e1-a1-p04,822db031c141350bdf4c2386109e1e2cd5cafd0121b7b280a05d83ea046def54,2,1298,0
2,ex2-s5-e1-a1-p04,822db031c141350bdf4c2386109e1e2cd5cafd0121b7b280a05d83ea046def54,2,1299,100
2,ex2-s5-e1-a1-p04,822db031c141350bdf4c2386109e1e2cd5cafd0121b7b280a05d83ea046def54,2,1300,0
2,ex2-s5-e1-a1-p04,822db031c141350bdf4c2386109e1e2cd5cafd0121b7b280a05d83ea046def54,2,1301,100
2,ex2-s5-e1-a1-p04,822db031c141350bdf4c2386109e1e2cd5cafd0121b7b280a05d83ea046def54,2,1302,0
2,ex2-s5-e1-a1-p04,822db031c141350bdf4c2386109e1e2cd5cafd0121b7b280a05d83ea046def54,2,1303,100
2,ex2-s5-e1-a1-p04,822db031c141350bdf4c2386109e1e2cd5cafd0121b7b280a05d83ea046def54,2,1304,100
2,ex2-s5-e1-a1-p04,822db031c141350bdf4c2386109e1e2cd5cafd0121b7b280a05d83ea046def54,2,1305,0
2,ex2-s5-e1-a1-p04,822db031c141350bdf4c2386109e1e2cd5cafd0121b7b280a05d83ea046def54,2,1306,100
2,ex2-s5-e1-a1-p04,822db031c141350bdf4c2386109e1e2cd5cafd0121b7b280a05d83ea046def54,2,1307,0
2,ex2-s5-e1-a1-p04,822db031c141350bdf4c2386109e1e2cd5cafd0121b7b280a05d83ea046def54,2,1308,100
2,ex2-s5-e1-a1-p04,822db031c141350bdf4c2386109e1e2cd5cafd0121b7b280a05d83ea046def54,2,1309,0
2,ex2-s5-e1-a1-p04,822db031c141350bdf4c2386109e1e2cd5cafd0121b7b280a05d83ea046def54,2,1310,100
2,ex2-s5-e1-a1-p04,822db031c141350bdf4c2386109e1e2cd5cafd0121b7b280a05d83ea046def54,2,1311,0
2,ex2-s5-e1-a1-p04,822db031c141350bdf4c2386109e1e2cd5cafd0121b7b280a05d83ea046def54,2,1312,100
2,ex2-s5-e1-a1-p04,822db031c141350bdf4c2386109e1e2cd5cafd0121b7b280a05d83ea046def54,2,1313,0
2,ex2-s5-e1-a1-p04,822db031c141350bdf4c2386109e1e2cd5cafd0121b7b280a05d83ea046def54,2,1314,100
2,ex2-s5-e1-a1-p04,822db031c141350bdf4c2386109e1e2cd5cafd0121b7b280a05d83ea046def54,2,1315,100
2,ex2-s5-e1-a1-p04,822db031c141350bdf4c2386109e1e2cd5cafd0121b7b280a05d83ea046def54,2,1316,0
2,ex2-s5-e1-a1-p04,822db031c141350bdf4c2386109e1e2cd5cafd0121b7b280a05d83ea046def54,2,1317,100
2,ex2-s5-e1-a1-p04,822db031c141350bdf4c2386109e1e2cd5cafd0121b7b280a05d83ea046def54,2,1318,0
2,ex2-s5-e1-a1-p04,822db031c141350bdf4c2386109e1e2cd5cafd0121b7b280a05d83ea046def54,2,1319,100
2,ex2-s5-e1-a1-p04,822db031c141350bdf4c2386109e1e2cd5cafd0121b7b280a05d83ea046def54,2,1320,0
2,ex2-s5-e1-a1-p04,822db031c141350bdf4c2386109e1e2cd5cafd0121b7b280a05d83ea046def54,2,1321,100
2,ex2-s5-e1-a1-p04,822db031c141350bdf4c2386109e1e2cd5cafd0121b7b280a05d83ea046def54,2,1322,0
2,ex2-s5-e1-a1-p04,822db031c141350bdf4c2386109e1e2cd5cafd0121b7b280a05d83ea046def54,2,1323,100
2,ex2-s5-e1-a1-p04,822db031c141350bdf4c2386109e1e2cd5cafd0121b7b280a05d83ea046def54,2,1324,100
2,ex2-s5-e1-a1-p04,822db031c141350bdf4c2386109e1e2cd5cafd0121b7b280a05d83ea046def54,2,1325,0
2,ex2-s5-e1-a1-p04,822db031c141350bdf4c2386109e1e2cd5cafd0121b7b280a05d83ea046def54,2,1326,100
2,ex2-s5-e1-a1-p04,822db031c141350bdf4c2386109e1e2cd5cafd0121b7b280a05d83ea046def54,2,1327,0
2,ex2-s5-e1-a1-p04,822db031c141350bdf4c2386109e1e2cd5cafd0121b7b280a05d83ea046def54,2,1328,100
2,ex2-s5-e1-a1-p04,822db031c141350bdf4c2386109e1e2cd5cafd0121b7b280a05d83ea046def54,2,1329,0
2,ex2-s5-e1-a1-p04,822db031c141350bdf4c2386109e1e2cd5cafd0121b7b280a05d83ea046def54,2,1330,100
2,ex2-s5-e1-a1-p04,822db031c141350bdf4c2386109e1e2cd5cafd0121b7b280a05d83ea046def54,2,1331,0
2,ex2-s5-e1-a1-p04,822db031c141350bdf4c2386109e1e2cd5cafd0121b7b280a05d83ea046def54,2,1332,100
2,ex2-s5-e1-a1-p04,822db031c141350bdf4c2386109e1e2cd5cafd0121b7b280a05d83ea046def54,2,1333,0
2,ex2-s5-e1-a1-p04,822db031c141350bdf4c2386109e1e2cd5cafd0121b7b280a05d83ea046def54,2,1334,100
2,ex2-s5-e1-a1-p04,822db031c141350bdf4c2386109e1e2cd5cafd0121b7b280a05d83ea046def54,2,1335,100
2,ex2-s5-e1-a1-p04,822db031c141350bdf4c2386109e1e2cd5cafd0121b7b280a05d83ea046def54,2,1336,0
2,ex2-s5-e1-a1-p04,822db031c141350bdf4c2386109e1e2cd5cafd0121b7b280a05d83ea046def54,2,1337,100
2,ex2-s5-e1-a1-p04,822db031c141350bdf4c2386109e1e2cd5cafd0121b7b280a05d83ea046def54,2,1338,0
2,ex2-s5-e1-a1-p04,822db031c141350bdf4c2386109e1e2cd5cafd0121b7b280a05d83ea046def54,2,1339,100
2,ex2-s5-e1-a1-p04,822db031c141350bdf4c2386109e1e2cd5cafd0121b7b280a05d83ea046def54,2,1340,0
2,ex2-s5-e1-a1-p04,822db031c141350bdf4c2386109e1e2cd5cafd0121b7b280a05d83ea046def54,2,1341,100
2,ex2-s5-e1-a1-p04,822db031c141350bdf4c2386109e1e2cd5cafd0121b7b280a05d83ea046def54,2,1342,0
2,ex2-s5-e1-a1-p04,822db031c141350bdf4c2386109e1e2cd5cafd0121b7b280a05d83ea046def54,2,1343,100
2,ex2-s5-e1-a1-p04,822db031c141350bdf4c2386109e1e2cd5cafd0121b7b280a05d83ea046def54,2,1344,100
2,ex2-s5-e1-a1-p04,822db031c141350bdf4c2386109e1e2cd5cafd0121b7b280a05d83ea046def54,2,1345,0
2,ex2-s5-e1-a1-p04,822db031c141350bdf4c2386109e1e2cd5cafd0121b7b280a05d83ea046def54,2,1346,100
2,ex2-s5-e1-a1-p04,822db031c141350bdf4c2386109e1e2cd5cafd0121b7b280a05d83ea046def54,2,1347,0
2,ex2-s5-e1-a1-p04,822db031c141350bdf4c2386109e1e2cd5cafd0121b7b280a05d83ea046def54,2,1348,100
2,ex2-s5-e1-a1-p04,822db031c141350bdf4c2386109e1e2cd5cafd0121b7b280a05d83ea046def54,2,1349,0
2,ex2-s5-e1-a1-p04,822db031c141350bdf4c2386109e1e2cd5cafd0121b7b280a05d83ea046def54,2,1350,100
2,ex2-s5-e1-a1-p04,822db031c141350bdf4c2386109e1e2cd5cafd0121b7b280a05d83ea046def54,2,1351,100
2,ex2-s5-e1-a1-p04,822db031c141350bdf4c2386109e1e2cd5cafd0121b7b280a05d83ea046def54,2,1352,100
2,ex2-s5-e1-a1-p04,822db031c141350bdf4c2386109e1e2cd5cafd0121b7b280a05d83ea046def54,2,1353,0
2,ex2-s5-e1-a1-p04,822db031c141350bdf4c2386109e1e2cd5cafd0121b7b280a05d83ea046def54,2,1354,100
2,ex2-s5-e1-a1-p04,822db031c141350bdf4c2386109e1e2cd5cafd0121b7b280a05d83ea046def54,2,1355,0
2,ex2-s5-e1-a1-p04,822db031c141350bdf4c2386109e1e2cd5cafd0121b7b280a05d83ea046def54,2,1356,100
2,ex2-s5-e1-a1-p04,822db031c141350bdf4c2386109e1e2cd5cafd0121b7b280a05d83ea046def54,2,1357,100
2,ex2-s5-e1-a1-p04,822db031c141350bdf4c2386109e1e2cd5cafd0121b7b280a05d83ea046def54,2,1358,0
2,ex2-s5-e1-a1-p04,822db031c141350bdf4c2386109e1e2cd5cafd0121b7b280a05d83ea046def54,2,1359,100
2,ex2-s5-e1-a1-p04,822db031c141350bdf4c2386109e1e2cd5cafd0121b7b280a05d83ea046def54,2,1360,0
2,ex2-s5-e1-a1-p04,822db031c141350bdf4c2386109e1e2cd5cafd0121b7b280a05d83ea046def54,2,1361,100
2,ex2-s5-e1-a1-p04,822db031c141350bdf4c2386109e1e2cd5cafd0121b7b280a05d83ea046def54,2,1362,0
2,ex2-s5-e1-a1-p04,822db031c141350bdf4c2386109e1e2cd5cafd0121b7b280a05d83ea046def54,2,1363,100
2,ex2-s5-e1-a1-p04,822db031c141350bdf4c2386109e1e2cd5cafd0121b7b280a05d83ea046def54,2,1364,0
2,ex2-s5-e1-a1-p04,822db031c141350bdf4c2386109e1e2cd5cafd0121b7b280a05d83ea046def54,2,1365,100
2,ex2-s5-e1-a1-p04,822db031c141350bdf4c2386109e1e2cd5cafd0121b7b280a05d83ea046def54,2,1366,100
2,ex2-s5-e1-a1-p04,822db031c141350bdf4c2386109e1e2cd5cafd0121b7b280a05d83ea046def54,2,1367,0
2,ex2-s5-e1-a1-p04,822db031c141350bdf4c2386109e1e2cd5cafd0121b7b280a05d83ea046def54,2,1368,100
2,ex2-s5-e1-a1-p04,822db031c141350bdf4c2386109e1e2cd5cafd0121b7b280a05d83ea046def54,2,1369,0
2,ex2-s5-e1-a1-p04,822db031c141350bdf4c2386109e1e2cd5cafd0121b7b280a05d83ea046def54,2,1370,100
2,ex2-s5-e1-a1-p04,822db031c141350bdf4c2386109e1e2cd5cafd0121b7b280a05d83ea046def54,2,1371,0
2,ex2-s5-e1-a1-p04,822db031c141350bdf4c2386109e1e2cd5cafd0121b7b280a05d83ea046def54,2,1372,100
2,ex2-s5-e1-a1-p04,822db031c141350bdf4c2386109e1e2cd5cafd0121b7b280a05d83ea046def54,2,1373,0
2,ex2-s5-e1-a1-p04,822db031c141350bdf4c2386109e1e2cd5cafd0121b7b280a05d83ea046def54,2,1374,100
2,ex2-s5-e1-a1-p04,822db031c141350bdf4c2386109e1e2cd5cafd0121b7b280a05d83ea046def54,2,1375,0
2,ex2-s5-e1-a1-p04,822db031c141350bdf4c2386109e1e2cd5cafd0121b7b280a05d83ea046def54,2,1376,100
2,ex2-s5-e1-a1-p04,822db031c141350bdf4c2386109e1e2cd5cafd0121b7b280a05d83ea046def54,2,1377,100
2,ex2-s5-e1-a1-p04,822db031c141350bdf4c2386109e1e2cd5cafd0121b7b280a05d83ea046def54,2,1378,0
2,ex2-s5-e1-a1-p04,822db031c141350bdf4c2386109e1e2cd5cafd0121b7b280a05d83ea046def54,2,1379,100
2,ex2-s5-e1-a1-p04,822db031c141350bdf4c2386109e1e2cd5cafd0121b7b280a05d83ea046def54,2,1380,0
2,ex2-s5-e1-a1-p04,822db031c141350bdf4c2386109e1e2cd5cafd0121b7b280a05d83ea046def54,2,1381,100
2,ex2-s5-e1-a1-p04,822db031c141350bdf4c2386109e1e2cd5cafd0121b7b280a05d83ea046def54,2,1382,0
2,ex2-s5-e1-a1-p04,822db031c141350bdf4c2386109e1e2cd5cafd0121b7b280a05d83ea046def54,2,1383,100
2,ex2-s5-e1-a1-p04,822db031c141350bdf4c2386109e1e2cd5cafd0121b7b280a05d83ea046def54,2,1384,0
2,ex2-s5-e1-a1-p04,822db031c141350bdf4c2386109e1e2cd5cafd0121b7b280a05d83ea046def54,2,1385,100
2,ex2-s5-e1-a1-p04,822db031c141350bdf4c2386109e1e2cd5cafd0121b7b280a05d83ea046def54,2,1386,100
2,ex2-s5-e1-a1-p04,822db031c141350bdf4c2386109e1e2cd5cafd0121b7b280a05d83ea046def54,2,1387,0
2,ex2-s5-e1-a1-p04,822db031c141350bdf4c2386109e1e2cd5cafd0121b7b280a05d83ea046def54,2,1388,100
2,ex2-s5-e1-a1-p04,822db031c141350bdf4c2386109e1e2cd5cafd0121b7b280a05d83ea046def54,2,1389,0
2,ex2-s5-e1-a1-p04,822db031c141350bdf4c2386109e1e2cd5cafd0121b7b280a05d83ea046def54,2,1390,100
2,ex2-s5-e1-a1-p04,822db031c141350bdf4c2386109e1e2cd5cafd0121b7b280a05d83ea046def54,2,1391,0
2,ex2-s5-e1-a1-p04,822db031c141350bdf4c2386109e1e2cd5cafd0121b7b280a05d83ea046def54,2,1392,100
2,ex2-s5-e1-a1-p04,822db031c141350bdf4c2386109e1e2cd5cafd0121b7b280a05d83ea046def54,2,1393,0
2,ex2-s5-e1-a1-p04,822db031c141350bdf4c2386109e1e2cd5cafd0121b7b280a05d83ea046def54,2,1394,100
2,ex2-s5-e1-a1-p04,822db031c141350bdf4c2386109e1e2cd5cafd0121b7b280a05d83ea046def54,2,1395,0
2,ex2-s5-e1-a1-p04,822db031c141350bdf4c2386109e1e2cd5cafd0121b7b280a05d83ea046def54,2,1396,100
2,ex2-s5-e1-a1-p04,822db031c141350bdf4c2386109e1e2cd5cafd0121b7b280a05d83ea046def54,2,1397,100
2,ex2-s5-e1-a1-p04,822db031c141350bdf4c2386109e1e2cd5cafd0121b7b280a05d83ea046def54,2,1398,0
2,ex2-s5-e1-a1-p04,822db031c141350bdf4c2386109e1e2cd5cafd0121b7b280a05d83ea046def54,2,1399,100
2,ex2-s5-e1-a1-p04,822db031c141350bdf4c2386109e1e2cd5cafd0121b7b280a05d83ea046def54,2,1400,0
2,ex2-s5-e1-a1-p04,822db031c141350bdf4c2386109e1e2cd5cafd0121b7b280a05d83ea046def54,2,1401,100
2,ex2-s5-e1-a1-p04,822db031c141350bdf4c2386109e1e2cd5cafd0121b7b280a05d83ea046def54,2,1402,0
2,ex2-s5-e1-a1-p04,822db031c141350bdf4c2386109e1e2cd5cafd0121b7b280a05d83ea046def54,2,1403,100
2,ex2-s5-e1-a1-p04,822db031c141350bdf4c2386109e1e2cd5cafd0121b7b280a05d83ea046def54,2,1404,0
2,ex2-s5-e1-a1-p04,822db031c141350bdf4c2386109e1e2cd5cafd0121b7b280a05d83ea046def54,2,1405,100
2,ex2-s5-e1-a1-p04,822db031c141350bdf4c2386109e1e2cd5cafd0121b7b280a05d83ea046def54,2,1406,100
2,ex2-s5-e1-a1-p04,822db031c141350bdf4c2386109e1e2cd5cafd0121b7b280a05d83ea046def54,2,1407,0
2,ex2-s5-e1-a1-p04,822db031c141350bdf4c2386109e1e2cd5cafd0121b7b280a05d83ea046def54,2,1408,100
2,ex2-s5-e1-a1-p04,822db031c141350bdf4c2386109e1e2cd5cafd0121b7b280a05d83ea046def54,2,1409,0
2,ex2-s5-e1-a1-p04,822db031c141350bdf4c2386109e1e2cd5cafd0121b7b280a05d83ea046def54,2,1410,100
2,ex2-s5-e1-a1-p04,822db031c141350bdf4c2386109e1e2cd5cafd0121b7b280a05d83ea046def54,2,1411,0
2,ex2-s5-e1-a1-p04,822db031c141350bdf4c2386109e1e2cd5cafd0121b7b280a05d83ea046def54,2,1412,100
2,ex2-s5-e1-a1-p04,822db031c141350bdf4c2386109e1e2cd5cafd0121b7b280a05d83ea046def54,2,1413,0
2,ex2-s5-e1-a1-p04,822db031c141350bdf4c2386109e1e2cd5cafd0121b7b280a05d83ea046def54,2,1414,100
2,ex2-s5-e1-a1-p04,822db031c141350bdf4c2386109e1e2cd5cafd0121b7b280a05d83ea046def54,2,1415,100
2,ex2-s5-e1-a1-p04,822db031c141350bdf4c2386109e1e2cd5cafd0121b7b280a05d83ea046def54,2,1416,0
2,ex2-s5-e1-a1-p04,822db031c141350bdf4c2386109e1e2cd5cafd0121b7b280a05d83ea046def54,2,1417,100
2,ex2-s5-e1-a1-p04,822db031c141350bdf4c2386109e1e2cd5cafd0121b7b280a05d83ea046def54,2,1418,0
2,ex2-s5-e1-a1-p04,822db031c141350bdf4c2386109e1e2cd5cafd0121b7b280a05d83ea046def54,2,1419,100
2,ex2-s5-e1-a1-p04,822db031c141350bdf4c2386109e1e2cd5cafd0121b7b280a05d83ea046def54,2,1420,0
2,ex2-s5-e1-a1-p04,822db031c141350bdf4c2386109e1e2cd5cafd0121b7b280a05d83ea046def54,2,1421,100
2,ex2-s5-e1-a1-p04,822db031c141350bdf4c2386109e1e2cd5cafd0121b7b280a05d83ea046def54,2,1422,0
2,ex2-s5-e1-a1-p04,822db031c141350bdf4c2386109e1e2cd5cafd0121b7b280a05d83ea046def54,2,1423,100
2,ex2-s5-e1-a1-p04,822db031c141350bdf4c2386109e1e2cd5cafd0121b7b280a05d83ea046def54,2,1424,0
2,ex2-s5-e1-a1-p04,822db031c141350bdf4c2386109e1e2cd5cafd0121b7b280a05d83ea046def54,2,1425,100
2,ex2-s5-e1-a1-p04,822db031c141350bdf4c2386109e1e2cd5cafd0121b7b280a05d83ea046def54,2,1426,100
2,ex2-s5-e1-a1-p04,822db031c141350bdf4c2386109e1e2cd5cafd0121b7b280a05d83ea046def54,2,1427,0
2,ex2-s5-e1-a1-p04,822db031c141350bdf4c2386109e1e2cd5cafd0121b7b280a05d83ea046def54,2,1428,100
2,ex2-s5-e1-a1-p04,822db031c141350bdf4c2386109e1e2cd5cafd0121b7b280a05d83ea046def54,2,1429,0
2,ex2-s5-e1-a1-p04,822db031c141350bdf4c2386109e1e2cd5cafd0121b7b280a05d83ea046def54,2,1430,100
2,ex2-s5-e1-a1-p04,822db031c141350bdf4c2386109e1e2cd5cafd0121b7b280a05d83ea046def54,2,1431,0
2,ex2-s5-e1-a1-p04,822db031c141350bdf4c2386109e1e2cd5cafd0121b7b280a05d83ea046def54,2,1432,100
2,ex2-s5-e1-a1-p04,822db031c141350bdf4c2386109e1e2cd5cafd0121b7b280a05d83ea046def54,2,1433,0
2,ex2-s5-e1-a1-p04,822db031c141350bdf4c2386109e1e2cd5cafd0121b7b280a05d83ea046def54,2,1434,100
2,ex2-s5-e1-a1-p04,822db031c141350bdf4c2386109e1e2cd5cafd0121b7b280a05d83ea046def54,2,1435,100
2,ex2-s5-e1-a1-p04,822db031c141350bdf4c2386109e1e2cd5cafd0121b7b280a05d83ea046def54,2,1436,0
2,ex2-s5-e1-a1-p04,822db031c141350bdf4c2386109e1e2cd5cafd0121b7b280a05d83ea046def54,2,1437,100
2,ex2-s5-e1-a1-p04,822db031c141350bdf4c2386109e1e2cd5cafd0121b7b280a05d83ea046def54,2,1438,0
2,ex2-s5-e1-a1-p04,822db031c141350bdf4c2386109e1e2cd5cafd0121b7b280a05d83ea046def54,2,1439,100
2,ex2-s5-e1-a1-p04,822db031c141350bdf4c2386109e1e2cd5cafd0121b7b280a05d83ea046def54,2,1440,0
2,ex2-s5-e1-a1-p04,822db031c141350bdf4c2386109e1e2cd5cafd0121b7b280a05d83ea046def54,2,1441,100
2,ex2-s5-e1-a1-p04,822db031c141350bdf4c2386109e1e2cd5cafd0121b7b280a05d83ea046def54,2,1442,0
2,ex2-s5-e1-a1-p04,822db031c141350bdf4c2386109e1e2cd5cafd0121b7b280a05d83ea046def54,2,1443,100
2,ex2-s5-e1-a1-p04,822db031c141350bdf4c2386109e1e2cd5cafd0121b7b280a05d83ea046def54,2,1444,100
2,ex2-s5-e1-a1-p04,822db031c141350bdf4c2386109e1e2cd5cafd0121b7b280a05d83ea046def54,2,1445,0
2,ex2-s5-e1-a1-p04,822db031c141350bdf4c2386109e1e2cd5cafd0121b7b280a05d83ea046def54,2,1446,100
2,ex2-s5-e1-a1-p04,822db031c141350bdf4c2386109e1e2cd5cafd0121b7b280a05d83ea046def54,2,1447,0
2,ex2-s5-e1-a1-p04,822db031c141350bdf4c2386109e1e2cd5cafd0121b7b280a05d83ea046def54,2,1448,100
2,ex2-s5-e1-a1-p04,822db031c141350bdf4c2386109e1e2cd5cafd0121b7b280a05d83ea046def54,2,1449,0
2,ex2-s5-e1-a1-p04,822db031c141350bdf4c2386109e1e2cd5cafd0121b7b280a05d83ea046def54,2,1450,100
2,ex2-s5-e1-a1-p04,822db031c141350bdf4c2386109e1e2cd5cafd0121b7b280a05d83ea046def54,2,1451,0
2,ex2-s5-e1-a1-p04,822db031c141350bdf4c2386109e1e2cd5cafd0121b7b280a05d83ea046def54,2,1452,100
2,ex2-s5-e1-a1-p04,822db031c141350bdf4c2386109e1e2cd5cafd0121b7b280a05d83ea046def54,2,1453,0
2,ex2-s5-e1-a1-p04,822db031c141350bdf4c2386109e1e2cd5cafd0121b7b280a05d83ea046def54,2,1454,100
2,ex2-s5-e1-a1-p04,822db031c141350bdf4c2386109e1e2cd5cafd0121b7b280a05d83ea046def54,2,1455,100
2,ex2-s5-e1-a1-p04,822db031c141350bdf4c2386109e1e2cd5cafd0121b7b280a05d83ea046def54,2,1456,0
2,ex2-s5-e1-a1-p04,822db031c141350bdf4c2386109e1e2cd5cafd0121b7b280a05d83ea046def54,2,1457,100
2,ex2-s5-e1-a1-p04,822db031c141350bdf4c2386109e1e2cd5cafd0121b7b280a05d83ea046def54,2,1458,0
2,ex2-s5-e1-a1-p04,822db031c141350bdf4c2386109e1e2cd5cafd0121b7b280a05d83ea046def54,2,1459,100
2,ex2-s5-e1-a1-p04,822db031c141350bdf4c2386109e1e2cd5cafd0121b7b280a05d83ea046def54,2,1460,0
2,ex2-s5-e1-a1-p04,822db031c141350bdf4c2386109e1e2cd5cafd0121b7b280a05d83ea046def54,2,1461,100
2,ex2-s5-e1-a1-p04,822db031c141350bdf4c2386109e1e2cd5cafd0121b7b280a05d83ea046def54,2,1462,0
2,ex2-s5-e1-a1-p04,822db031c141350bdf4c2386109e1e2cd5cafd0121b7b280a05d83ea046def54,2,1463,100
2,ex2-s5-e1-a1-p04,822db031c141350bdf4c2386109e1e2cd5cafd0121b7b280a05d83ea046def54,2,1464,100
2,ex2-s5-e1-a1-p04,822db031c141350bdf4c2386109e1e2cd5cafd0121b7b280a05d83ea046def54,2,1465,0
2,ex2-s5-e1-a1-p04,822db031c141350bdf4c2386109e1e2cd5cafd0121b7b280a05d83ea046def54,2,1466,100
2,ex2-s5-e1-a1-p04,822db031c141350bdf4c2386109e1e2cd5cafd0121b7b280a05d83ea046def54,2,1467,0
2,ex2-s5-e1-a1-p04,822db031c141350bdf4c2386109e1e2cd5cafd0121b7b280a05d83ea046def54,2,1468,100
2,ex2-s5-e1-a1-p04,822db031c141350bdf4c2386109e1e2cd5cafd0121b7b280a05d83ea046def54,2,1469,0
2,ex2-s5-e1-a1-p04,822db031c141350bdf4c2386109e1e2cd5cafd0121b7b280a05d83ea046def54,2,1470,100
2,ex2-s5-e1-a1-p04,822db031c141350bdf4c2386109e1e2cd5cafd0121b7b280a05d83ea046def54,2,1471,0
2,ex2-s5-e1-a1-p04,822db031c141350bdf4c2386109e1e2cd5cafd0121b7b280a05d83ea046def54,2,1472,100
2,ex2-s5-e1-a1-p04,822db031c141350bdf4c2386109e1e2cd5cafd0121b7b280a05d83ea046def54,2,1473,0
2,ex2-s5-e1-a1-p04,822db031c141350bdf4c2386109e1e2cd5cafd0121b7b280a05d83ea046def54,2,1474,100
2,ex2-s5-e1-a1-p04,822db031c141350bdf4c2386109e1e2cd5cafd0121b7b280a05d83ea046def54,2,1475,100
2,ex2-s5-e1-a1-p04,822db031c141350bdf4c2386109e1e2cd5cafd0121b7b280a05d83ea046def54,2,1476,0
2,ex2-s5-e1-a1-p04,822db031c141350bdf4c2386109e1e2cd5cafd0121b7b280a05d83ea046def54,2,1477,100
2,ex2-s5-e1-a1-p04,822db031c141350bdf4c2386109e1e2cd5cafd0121b7b280a05d83ea046def54,2,1478,0
2,ex2-s5-e1-a1-p04,822db031c141350bdf4c2386109e1e2cd5cafd0121b7b280a05d83ea046def54,2,1479,100
2,ex2-s5-e1-a1-p04,822db031c141350bdf4c2386109e1e2cd5cafd0121b7b280a05d83ea046def54,2,1480,0
2,ex2-s5-e1-a1-p04,822db031c141350bdf4c2386109e1e2cd5cafd0121b7b280a05d83ea046def54,2,1481,100
2,ex2-s5-e1-a1-p04,822db031c141350bdf4c2386109e1e2cd5cafd0121b7b280a05d83ea046def54,2,1482,0
2,ex2-s5-e1-a1-p04,822db031c141350bdf4c2386109e1e2cd5cafd0121b7b280a05d83ea046def54,2,1483,100
2,ex2-s5-e1-a1-p04,822db031c141350bdf4c2386109e1e2cd5cafd0121b7b280a05d83ea046def54,2,1484,100
2,ex2-s5-e1-a1-p04,822db031c141350bdf4c2386109e1e2cd5cafd0121b7b280a05d83ea046def54,2,1485,0
2,ex2-s5-e1-a1-p04,822db031c141350bdf4c2386109e1e2cd5cafd0121b7b280a05d83ea046def54,2,1486,100
2,ex2-s5-e1-a1-p04,822db031c141350bdf4c2386109e1e2cd5cafd0121b7b280a05d83ea046def54,2,1487,0
2,ex2-s5-e1-a1-p04,822db031c141350bdf4c2386109e1e2cd5cafd0121b7b280a05d83ea046def54,2,1488,100
2,ex2-s5-e1-a1-p04,822db031c141350bdf4c2386109e1e2cd5cafd0121b7b280a05d83ea046def54,2,1489,0
2,ex2-s5-e1-a1-p04,822db031c141350bdf4c2386109e1e2cd5cafd0121b7b280a05d83ea046def54,2,1490,100
2,ex2-s5-e1-a1-p04,822db031c141350bdf4c2386109e1e2cd5cafd0121b7b280a05d83ea046def54,2,1491,0
2,ex2-s5-e1-a1-p04,822db031c141350bdf4c2386109e1e2cd5cafd0121b7b280a05d83ea046def54,2,1492,100
2,ex2-s5-e1-a1-p04,822db031c141350bdf4c2386109e1e2cd5cafd0121b7b280a05d83ea046def54,2,1493,100
2,ex2-s5-e1-a1-p04,822db031c141350bdf4c2386109e1e2cd5cafd0121b7b280a05d83ea046def54,2,1494,0
2,ex2-s5-e1-a1-p04,822db031c141350bdf4c2386109e1e2cd5cafd0121b7b280a05d83ea046def54,2,1495,100
2,ex2-s5-e1-a1-p04,822db031c141350bdf4c2386109e1e2cd5cafd0121b7b280a05d83ea046def54,2,1496,0
2,ex2-s5-e1-a1-p04,822db031c141350bdf4c2386109e1e2cd5cafd0121b7b280a05d83ea046def54,2,1497,100
2,ex2-s5-e1-a1-p04,822db031c141350bdf4c2386109e1e2cd5cafd0121b7b280a05d83ea046def54,2,1498,0
2,ex2-s5-e1-a1-p04,822db031c141350bdf4c2386109e1e2cd5cafd0121b7b280a05d83ea046def54,2,1499,100
2,ex2-s5-e1-a1-p04,822db031c141350bdf4c2386109e1e2cd5cafd0121b7b280a05d83ea046def54,2,1500,0
2,ex2-s5-e1-a1-p04,822db031c141350bdf4c2386109e1e2cd5cafd0121b7b280a05d83ea046def54,2,1501,100
2,ex2-s5-e1-a1-p04,822db031c141350bdf4c2386109e1e2cd5cafd0121b7b280a05d83ea046def54,2,1502,0
2,ex2-s5-e1-a1-p04,822db031c141350bdf4c2386109e1e2cd5cafd0121b7b280a05d83ea046def54,2,1503,100
2,ex2-s5-e1-a1-p04,822db031c141350bdf4c2386109e1e2cd5cafd0121b7b280a05d83ea046def54,2,1504,100
2,ex2-s5-e1-a1-p04,822db031c141350bdf4c2386109e1e2cd5cafd0121b7b280a05d83ea046def54,2,1505,0
2,ex2-s5-e1-a1-p04,822db031c141350bdf4c2386109e1e2cd5cafd0121b7b280a05d83ea046def54,2,1506,100
2,ex2-s5-e1-a1-p04,822db031c141350bdf4c2386109e1e2cd5cafd0121b7b280a05d83ea046def54,2,1507,0
2,ex2-s5-e1-a1-p04,822db031c141350bdf4c2386109e1e2cd5cafd0121b7b280a05d83ea046def54,2,1508,100
2,ex2-s5-e1-a1-p04,822db031c141350bdf4c2386109e1e2cd5cafd0121b7b280a05d83ea046def54,2,1509,0
2,ex2-s5-e1-a1-p04,822db031c141350bdf4c2386109e1e2cd5cafd0121b7b280a05d83ea046def54,2,1510,100
2,ex2-s5-e1-a1-p04,822db031c141350bdf4c2386109e1e2cd5cafd0121b7b280a05d83ea046def54,2,1511,0
2,ex2-s5-e1-a1-p04,822db031c141350bdf4c2386109e1e2cd5cafd0121b7b280a05d83ea046def54,2,1512,100
2,ex2-s5-e1-a1-p04,822db031c141350bdf4c2386109e1e2cd5cafd0121b7b280a05d83ea046def54,2,1513,100
2,ex2-s5-e1-a1-p04,822db031c141350bdf4c2386109e1e2cd5cafd0121b7b280a05d83ea046def54,2,1514,0
2,ex2-s5-e1-a1-p04,822db031c141350bdf4c2386109e1e2cd5cafd0121b7b280a05d83ea046def54,2,1515,100
2,ex2-s5-e1-a1-p04,822db031c141350bdf4c2386109e1e2cd5cafd0121b7b280a05d83ea046def54,2,1516,0
2,ex2-s5-e1-a1-p04,822db031c141350bdf4c2386109e1e2cd5cafd0121b7b280a05d83ea046def54,2,1517,100
2,ex2-s5-e1-a1-p04,822db031c141350bdf4c2386109e1e2cd5cafd0121b7b280a05d83ea046def54,2,1518,0
2,ex2-s5-e1-a1-p04,822db031c141350bdf4c2386109e1e2cd5cafd0121b7b280a05d83ea046def54,2,1519,100
2,ex2-s5-e1-a1-p04,822db031c141350bdf4c2386109e1e2cd5cafd0121b7b280a05d83ea046def54,2,1520,0
2,ex2-s5-e1-a1-p04,822db031c141350bdf4c2386109e1e2cd5cafd0121b7b280a05d83ea046def54,2,1521,100
2,ex2-s5-e1-a1-p04,822db031c141350bdf4c2386109e1e2cd5cafd0121b7b280a05d83ea046def54,2,1522,100
2,ex2-s5-e1-a1-p04,822db031c141350bdf4c2386109e1e2cd5cafd0121b7b280a05d83ea046def54,2,1523,0
2,ex2-s5-e1-a1-p04,822db031c141350bdf4c2386109e1e2cd5cafd0121b7b280a05d83ea046def54,2,1524,100
2,ex2-s5-e1-a1-p04,822db031c141350bdf4c2386109e1e2cd5cafd0121b7b280a05d83ea046def54,2,1525,0
2,ex2-s5-e1-a1-p04,822db031c141350bdf4c2386109e1e2cd5cafd0121b7b280a05d83ea046def54,2,1526,100
2,ex2-s5-e1-a1-p04,822db031c141350bdf4c2386109e1e2cd5cafd0121b7b280a05d83ea046def54,2,1527,0
2,ex2-s5-e1-a1-p04,822db031c141350bdf4c2386109e1e2cd5cafd0121b7b280a05d83ea046def54,2,1528,100
2,ex2-s5-e1-a1-p04,822db031c141350bdf4c2386109e1e2cd5cafd0121b7b280a05d83ea046def54,2,1529,0
2,ex2-s5-e1-a1-p04,822db031c141350bdf4c2386109e1e2cd5cafd0121b7b280a05d83ea046def54,2,1530,100
2,ex2-s5-e1-a1-p04,822db031c141350bdf4c2386109e1e2cd5cafd0121b7b280a05d83ea046def54,2,1531,100
2,ex2-s5-e1-a1-p04,822db031c141350bdf4c2386109e1e2cd5cafd0121b7b280a05d83ea046def54,2,1532,0
2,ex2-s5-e1-a1-p04,822db031c141350bdf4c2386109e1e2cd5cafd0121b7b280a05d83ea046def54,2,1533,100
2,ex2-s5-e1-a1-p04,822db031c141350bdf4c2386109e1e2cd5cafd0121b7b280a05d83ea046def54,2,1534,0
2,ex2-s5-e1-a1-p04,822db031c141350bdf4c2386109e1e2cd5cafd0121b7b280a05d83ea046def54,2,1535,100
2,ex2-s5-e1-a1-p04,822db031c141350bdf4c2386109e1e2cd5cafd0121b7b280a05d83ea046def54,2,1536,0
2,ex2-s5-e1-a1-p04,822db031c141350bdf4c2386109e1e2cd5cafd0121b7b280a05d83ea046def54,2,1537,100
2,ex2-s5-e1-a1-p04,822db031c141350bdf4c2386109e1e2cd5cafd0121b7b280a05d83ea046def54,2,1538,0
2,ex2-s5-e1-a1-p04,822db031c141350bdf4c2386109e1e2cd5cafd0121b7b280a05d83ea046def54,2,1539,100
2,ex2-s5-e1-a1-p04,822db031c141350bdf4c2386109e1e2cd5cafd0121b7b280a05d83ea046def54,2,1540,0
2,ex2-s5-e1-a1-p04,822db031c141350bdf4c2386109e1e2cd5cafd0121b7b280a05d83ea046def54,2,1541,100
2,ex2-s5-e1-a1-p04,822db031c141350bdf4c2386109e1e2cd5cafd0121b7b280a05d83ea046def54,2,1542,100
2,ex2-s5-e1-a1-p04,822db031c141350bdf4c2386109e1e2cd5cafd0121b7b280a05d83ea046def54,2,1543,0
2,ex2-s5-e1-a1-p04,822db031c141350bdf4c2386109e1e2cd5cafd0121b7b280a05d83ea046def54,2,1544,100
2,ex2-s5-e1-a1-p04,822db031c141350bdf4c2386109e1e2cd5cafd0121b7b280a05d83ea046def54,2,1545,0
2,ex2-s5-e1-a1-p04,822db031c141350bdf4c2386109e1e2cd5cafd0121b7b280a05d83ea046def54,2,1546,100
2,ex2-s5-e1-a1-p04,822db031c141350bdf4c2386109e1e2cd5cafd0121b7b280a05d83ea046def54,2,1547,0
2,ex2-s5-e1-a1-p04,822db031c141350bdf4c2386109e1e2cd5cafd0121b7b280a05d83ea046def54,2,1548,100
2,ex2-s5-e1-a1-p04,822db031c141350bdf4c2386109e1e2cd5cafd0121b7b280a05d83ea046def54,2,1549,0
2,ex2-s5-e1-a1-p04,822db031c141350bdf4c2386109e1e2cd5cafd0121b7b280a05d83ea046def54,2,1550,100
2,ex2-s5-e1-a1-p04,822db031c141350bdf4c2386109e1e2cd5cafd0121b7b280a05d83ea046def54,2,1551,100
2,ex2-s5-e1-a1-p04,822db031c141350bdf4c2386109e1e2cd5cafd0121b7b280a05d83ea046def54,2,1552,0
2,ex2-s5-e1-a1-p04,822db031c141350bdf4c2386109e1e2cd5cafd0121b7b280a05d83ea046def54,2,1553,100
2,ex2-s5-e1-a1-p04,822db031c141350bdf4c2386109e1e2cd5cafd0121b7b280a05d83ea046def54,2,1554,0
2,ex2-s5-e1-a1-p04,822db031c141350bdf4c2386109e1e2cd5cafd0121b7b280a05d83ea046def54,2,1555,100
2,ex2-s5-e1-a1-p04,822db031c141350bdf4c2386109e1e2cd5cafd0121b7b280a05d83ea046def54,2,1556,0
2,ex2-s5-e1-a1-p04,822db031c141350bdf4c2386109e1e2cd5cafd0121b7b280a05d83ea046def54,2,1557,100
2,ex2-s5-e1-a1-p04,822db031c141350bdf4c2386109e1e2cd5cafd0121b7b280a05d83ea046def54,2,1558,0
2,ex2-s5-e1-a1-p04,822db031c141350bdf4c2386109e1e2cd5cafd0121b7b280a05d83ea046def54,2,1559,100
2,ex2-s5-e1-a1-p04,822db031c141350bdf4c2386109e1e2cd5cafd0121b7b280a05d83ea046def54,2,1560,100
2,ex2-s5-e1-a1-p04,822db031c141350bdf4c2386109e1e2cd5cafd0121b7b280a05d83ea046def54,2,1561,0
2,ex2-s5-e1-a1-p04,822db031c141350bdf4c2386109e1e2cd5cafd0121b7b280a05d83ea046def54,2,1562,100
2,ex2-s5-e1-a1-p04,822db031c141350bdf4c2386109e1e2cd5cafd0121b7b280a05d83ea046def54,2,1563,0
2,ex2-s5-e1-a1-p04,822db031c141350bdf4c2386109e1e2cd5cafd0121b7b280a05d83ea046def54,2,1564,100
2,ex2-s5-e1-a1-p04,822db031c141350bdf4c2386109e1e2cd5cafd0121b7b280a05d83ea046def54,2,1565,0
2,ex2-s5-e1-a1-p04,822db031c141350bdf4c2386109e1e2cd5cafd0121b7b280a05d83ea046def54,2,1566,100
2,ex2-s5-e1-a1-p04,822db031c141350bdf4c2386109e1e2cd5cafd0121b7b280a05d83ea046def54,2,1567,0
2,ex2-s5-e1-a1-p04,822db031c141350bdf4c2386109e1e2cd5cafd0121b7b280a05d83ea046def54,2,1568,100
2,ex2-s5-e1-a1-p04,822db031c141350bdf4c2386109e1e2cd5cafd0121b7b280a05d83ea046def54,2,1569,100
2,ex2-s5-e1-a1-p04,822db031c141350bdf4c2386109e1e2cd5cafd0121b7b280a05d83ea046def54,2,1570,0
2,ex2-s5-e1-a1-p04,822db031c141350bdf4c2386109e1e2cd5cafd0121b7b280a05d83ea046def54,2,1571,100
2,ex2-s5-e1-a1-p04,822db031c141350bdf4c2386109e1e2cd5cafd0121b7b280a05d83ea046def54,2,1572,0
2,ex2-s5-e1-a1-p04,822db031c141350bdf4c2386109e1e2cd5cafd0121b7b280a05d83ea046def54,2,1573,100
2,ex2-s5-e1-a1-p04,822db031c141350bdf4c2386109e1e2cd5cafd0121b7b280a05d83ea046def54,2,1574,0
2,ex2-s5-e1-a1-p04,822db031c141350bdf4c2386109e1e2cd5cafd0121b7b280a05d83ea046def54,2,1575,100
2,ex2-s5-e1-a1-p04,822db031c141350bdf4c2386109e1e2cd5cafd0121b7b280a05d83ea046def54,2,1576,0
2,ex2-s5-e1-a1-p04,822db031c141350bdf4c2386109e1e2cd5cafd0121b7b280a05d83ea046def54,2,1577,100
2,ex2-s5-e1-a1-p04,822db031c141350bdf4c2386109e1e2cd5cafd0121b7b280a05d83ea046def54,2,1578,0
2,ex2-s5-e1-a1-p04,822db031c141350bdf4c2386109e1e2cd5cafd0121b7b280a05d83ea046def54,2,1579,100
2,ex2-s5-e1-a1-p04,822db031c141350bdf4c2386109e1e2cd5cafd0121b7b280a05d83ea046def54,2,1580,100
2,ex2-s5-e1-a1-p04,822db031c141350bdf4c2386109e1e2cd5cafd0121b7b280a05d83ea046def54,2,1581,0
2,ex2-s5-e1-a1-p04,822db031c141350bdf4c2386109e1e2cd5cafd0121b7b280a05d83ea046def54,2,1582,100
2,ex2-s5-e1-a1-p04,822db031c141350bdf4c2386109e1e2cd5cafd0121b7b280a05d83ea046def54,2,1583,0
2,ex2-s5-e1-a1-p04,822db031c141350bdf4c2386109e1e2cd5cafd0121b7b280a05d83ea046def54,2,1584,100
2,ex2-s5-e1-a1-p04,822db031c141350bdf4c2386109e1e2cd5cafd0121b7b280a05d83ea046def54,2,1585,0
2,ex2-s5-e1-a1-p04,822db031c141350bdf4c2386109e1e2cd5cafd0121b7b280a05d83ea046def54,2,1586,100
2,ex2-s5-e1-a1-p04,822db031c141350bdf4c2386109e1e2cd5cafd0121b7b280a05d83ea046def54,2,1587,0
2,ex2-s5-e1-a1-p04,822db031c141350bdf4c2386109e1e2cd5cafd0121b7b280a05d83ea046def54,2,1588,100
2,ex2-s5-e1-a1-p04,822db031c141350bdf4c2386109e1e2cd5cafd0121b7b280a05d83ea046def54,2,1589,100
2,ex2-s5-e1-a1-p04,822db031c141350bdf4c2386109e1e2cd5cafd0121b7b280a05d83ea046def54,2,1590,0
2,ex2-s5-e1-a1-p04,822db031c141350bdf4c2386109e1e2cd5cafd0121b7b280a05d83ea046def54,2,1591,100
2,ex2-s5-e1-a1-p04,822db031c141350bdf4c2386109e1e2cd5cafd0121b7b280a05d83ea046def54,2,1592,0
2,ex2-s5-e1-a1-p04,822db031c141350bdf4c2386109e1e2cd5cafd0121b7b280a05d83ea046def54,2,1593,100
2,ex2-s5-e1-a1-p04,822db031c141350bdf4c2386109e1e2cd5cafd0121b7b280a05d83ea046def54,2,1594,0
2,ex2-s5-e1-a1-p04,822db031c141350bdf4c2386109e1e2cd5cafd0121b7b280a05d83ea046def54,2,1595,100
2,ex2-s5-e1-a1-p04,822db031c141350bdf4c2386109e1e2cd5cafd0121b7b280a05d83ea046def54,2,1596,0
2,ex2-s5-e1-a1-p04,822db031c141350bdf4c2386109e1e2cd5cafd0121b7b280a05d83ea046def54,2,1597,100
2,ex2-s5-e1-a1-p04,822db031c141350bdf4c2386109e1e2cd5cafd0121b7b280a05d83ea046def54,2,1598,100
2,ex2-s5-e1-a1-p04,822db031c141350bdf4c2386109e1e2cd5cafd0121b7b280a05d83ea046def54,2,1599,0
2,ex2-s5-e1-a1-p04,822db031c141350bdf4c2386109e1e2cd5cafd0121b7b280a05d83ea046def54,2,1600,100
2,ex2-s5-e1-a1-p04,822db031c141350bdf4c2386109e1e2cd5cafd0121b7b280a05d83ea046def54,2,1601,0
2,ex2-s5-e1-a1-p04,822db031c141350bdf4c2386109e1e2cd5cafd0121b7b280a05d83ea046def54,2,1602,100
2,ex2-s5-e1-a1-p04,822db031c141350bdf4c2386109e1e2cd5cafd0121b7b280a05d83ea046def54,2,1603,0
2,ex2-s5-e1-a1-p04,822db031c141350bdf4c2386109e1e2cd5cafd0121b7b280a05d83ea046def54,2,1604,100
2,ex2-s5-e1-a1-p04,822db031c141350bdf4c2386109e1e2cd5cafd0121b7b280a05d83ea046def54,2,1605,0
2,ex2-s5-e1-a1-p04,822db031c141350bdf4c2386109e1e2cd5cafd0121b7b280a05d83ea046def54,2,1606,100
2,ex2-s5-e1-a1-p04,822db031c141350bdf4c2386109e1e2cd5cafd0121b7b280a05d83ea046def54,2,1607,100
2,ex2-s5-e1-a1-p04,822db031c141350bdf4c2386109e1e2cd5cafd0121b7b280a05d83ea046def54,2,1608,0
2,ex2-s5-e1-a1-p04,822db031c141350bdf4c2386109e1e2cd5cafd0121b7b280a05d83ea046def54,2,1609,100
2,ex2-s5-e1-a1-p04,822db031c141350bdf4c2386109e1e2cd5cafd0121b7b280a05d83ea046def54,2,1610,0
2,ex2-s5-e1-a1-p04,822db031c141350bdf4c2386109e1e2cd5cafd0121b7b280a05d83ea046def54,2,1611,100
2,ex2-s5-e1-a1-p04,822db031c141350bdf4c2386109e1e2cd5cafd0121b7b280a05d83ea046def54,2,1612,0
2,ex2-s5-e1-a1-p04,822db031c141350bdf4c2386109e1e2cd5cafd0121b7b280a05d83ea046def54,2,1613,100
2,ex2-s5-e1-a1-p04,822db031c141350bdf4c2386109e1e2cd5cafd0121b7b280a05d83ea046def54,2,1614,0
2,ex2-s5-e1-a1-p04,822db031c141350bdf4c2386109e1e2cd5cafd0121b7b280a05d83ea046def54,2,1615,100
2,ex2-s5-e1-a1-p04,822db031c141350bdf4c2386109e1e2cd5cafd0121b7b280a05d83ea046def54,2,1616,0
2,ex2-s5-e1-a1-p04,822db031c141350bdf4c2386109e1e2cd5cafd0121b7b280a05d83ea046def54,2,1617,100
2,ex2-s5-e1-a1-p04,822db031c141350bdf4c2386109e1e2cd5cafd0121b7b280a05d83ea046def54,2,1618,100
2,ex2-s5-e1-a1-p04,822db031c141350bdf4c2386109e1e2cd5cafd0121b7b280a05d83ea046def54,2,1619,0
2,ex2-s5-e1-a1-p04,822db031c141350bdf4c2386109e1e2cd5cafd0121b7b280a05d83ea046def54,2,1620,100
2,ex2-s5-e1-a1-p04,822db031c141350bdf4c2386109e1e2cd5cafd0121b7b280a05d83ea046def54,2,1621,0
2,ex2-s5-e1-a1-p04,822db031c141350bdf4c2386109e1e2cd5cafd0121b7b280a05d83ea046def54,2,1622,100
2,ex2-s5-e1-a1-p04,822db031c141350bdf4c2386109e1e2cd5cafd0121b7b280a05d83ea046def54,2,1623,0
2,ex2-s5-e1-a1-p04,822db031c141350bdf4c2386109e1e2cd5cafd0121b7b280a05d83ea046def54,2,1624,100
2,ex2-s5-e1-a1-p04,822db031c141350bdf4c2386109e1e2cd5cafd0121b7b280a05d83ea046def54,2,1625,0
2,ex2-s5-e1-a1-p04,822db031c141350bdf4c2386109e1e2cd5cafd0121b7b280a05d83ea046def54,2,1626,100
2,ex2-s5-e1-a1-p04,822db031c141350bdf4c2386109e1e2cd5cafd0121b7b280a05d83ea046def54,2,1627,100
2,ex2-s5-e1-a1-p04,822db031c141350bdf4c2386109e1e2cd5cafd0121b7b280a05d83ea046def54,2,1628,0
2,ex2-s5-e1-a1-p04,822db031c141350bdf4c2386109e1e2cd5cafd0121b7b280a05d83ea046def54,2,1629,100
2,ex2-s5-e1-a1-p04,822db031c141350bdf4c2386109e1e2cd5cafd0121b7b280a05d83ea046def54,2,1630,0
2,ex2-s5-e1-a1-p04,822db031c141350bdf4c2386109e1e2cd5cafd0121b7b280a05d83ea046def54,2,1631,100
2,ex2-s5-e1-a1-p04,822db031c141350bdf4c2386109e1e2cd5cafd0121b7b280a05d83ea046def54,2,1632,0
2,ex2-s5-e1-a1-p04,822db031c141350bdf4c2386109e1e2cd5cafd0121b7b280a05d83ea046def54,2,1633,100
2,ex2-s5-e1-a1-p04,822db031c141350bdf4c2386109e1e2cd5cafd0121b7b280a05d83ea046def54,2,1634,0
2,ex2-s5-e1-a1-p04,822db031c141350bdf4c2386109e1e2cd5cafd0121b7b280a05d83ea046def54,2,1635,100
2,ex2-s5-e1-a1-p04,822db031c141350bdf4c2386109e1e2cd5cafd0121b7b280a05d83ea046def54,2,1636,0
2,ex2-s5-e1-a1-p04,822db031c141350bdf4c2386109e1e2cd5cafd0121b7b280a05d83ea046def54,2,1637,100
2,ex2-s5-e1-a1-p04,822db031c141350bdf4c2386109e1e2cd5cafd0121b7b280a05d83ea046def54,2,1638,100
2,ex2-s5-e1-a1-p04,822db031c141350bdf4c2386109e1e2cd5cafd0121b7b280a05d83ea046def54,2,1639,0
2,ex2-s5-e1-a1-p04,822db031c141350bdf4c2386109e1e2cd5cafd0121b7b280a05d83ea046def54,2,1640,100
2,ex2-s5-e1-a1-p04,822db031c141350bdf4c2386109e1e2cd5cafd0121b7b280a05d83ea046def54,2,1641,0
2,ex2-s5-e1-a1-p04,822db031c141350bdf4c2386109e1e2cd5cafd0121b7b280a05d83ea046def54,2,1642,100
2,ex2-s5-e1-a1-p04,822db031c141350bdf4c2386109e1e2cd5cafd0121b7b280a05d83ea046def54,2,1643,0
2,ex2-s5-e1-a1-p04,822db031c141350bdf4c2386109e1e2cd5cafd0121b7b280a05d83ea046def54,2,1644,100
2,ex2-s5-e1-a1-p04,822db031c141350bdf4c2386109e1e2cd5cafd0121b7b280a05d83ea046def54,2,1645,0
2,ex2-s5-e1-a1-p04,822db031c141350bdf4c2386109e1e2cd5cafd0121b7b280a05d83ea046def54,2,1646,100
2,ex2-s5-e1-a1-p04,822db031c141350bdf4c2386109e1e2cd5cafd0121b7b280a05d83ea046def54,2,1647,100
2,ex2-s5-e1-a1-p04,822db031c141350bdf4c2386109e1e2cd5cafd0121b7b280a05d83ea046def54,2,1648,0
2,ex2-s5-e1-a1-p04,822db031c141350bdf4c2386109e1e2cd5cafd0121b7b280a05d83ea046def54,2,1649,100
2,ex2-s5-e1-a1-p04,822db031c141350bdf4c2386109e1e2cd5cafd0121b7b280a05d83ea046def54,2,1650,0
2,ex2-s5-e1-a1-p04,822db031c141350bdf4c2386109e1e2cd5cafd0121b7b280a05d83ea046def54,2,1651,100
2,ex2-s5-e1-a1-p04,822db031c141350bdf4c2386109e1e2cd5cafd0121b7b280a05d83ea046def54,2,1652,0
2,ex2-s5-e1-a1-p04,822db031c141350bdf4c2386109e1e2cd5cafd0121b7b280a05d83ea046def54,2,1653,100
2,ex2-s5-e1-a1-p04,822db031c141350bdf4c2386109e1e2cd5cafd0121b7b280a05d83ea046def54,2,1654,0
2,ex2-s5-e1-a1-p04,822db031c141350bdf4c2386109e1e2cd5cafd0121b7b280a05d83ea046def54,2,1655,100
2,ex2-s5-e1-a1-p04,822db031c141350bdf4c2386109e1e2cd5cafd0121b7b280a05d83ea046def54,2,1656,100
2,ex2-s5-e1-a1-p04,822db031c141350bdf4c2386109e1e2cd5cafd0121b7b280a05d83ea046def54,2,1657,0
2,ex2-s5-e1-a1-p04,822db031c141350bdf4c2386109e1e2cd5cafd0121b7b280a05d83ea046def54,2,1658,100
2,ex2-s5-e1-a1-p04,822db031c141350bdf4c2386109e1e2cd5cafd0121b7b280a05d83ea046def54,2,1659,0
2,ex2-s5-e1-a1-p04,822db031c141350bdf4c2386109e1e2cd5cafd0121b7b280a05d83ea046def54,2,1660,100
2,ex2-s5-e1-a1-p04,822db031c141350bdf4c2386109e1e2cd5cafd0121b7b280a05d83ea046def54,2,1661,0
2,ex2-s5-e1-a1-p04,822db031c141350bdf4c2386109e1e2cd5cafd0121b7b280a05d83ea046def54,2,1662,100
2,ex2-s5-e1-a1-p04,822db031c141350bdf4c2386109e1e2cd5cafd0121b7b280a05d83ea046def54,2,1663,0
2,ex2-s5-e1-a1-p04,822db031c141350bdf4c2386109e1e2cd5cafd0121b7b280a05d83ea046def54,2,1664,100
2,ex2-s5-e1-a1-p04,822db031c141350bdf4c2386109e1e2cd5cafd0121b7b280a05d83ea046def54,2,1665,0
2,ex2-s5-e1-a1-p04,822db031c141350bdf4c2386109e1e2cd5cafd0121b7b280a05d83ea046def54,2,1666,100
2,ex2-s5-e1-a1-p04,822db031c141350bdf4c2386109e1e2cd5cafd0121b7b280a05d83ea046def54,2,1667,100
2,ex2-s5-e1-a1-p04,822db031c141350bdf4c2386109e1e2cd5cafd0121b7b280a05d83ea046def54,2,1668,0
2,ex2-s5-e1-a1-p04,822db031c141350bdf4c2386109e1e2cd5cafd0121b7b280a05d83ea046def54,2,1669,100
2,ex2-s5-e1-a1-p04,822db031c141350bdf4c2386109e1e2cd5cafd0121b7b280a05d83ea046def54,2,1670,0
2,ex2-s5-e1-a1-p04,822db031c141350bdf4c2386109e1e2cd5cafd0121b7b280a05d83ea046def54,2,1671,100
2,ex2-s5-e1-a1-p04,822db031c141350bdf4c2386109e1e2cd5cafd0121b7b280a05d83ea046def54,2,1672,0
2,ex2-s5-e1-a1-p04,822db031c141350bdf4c2386109e1e2cd5cafd0121b7b280a05d83ea046def54,2,1673,100
2,ex2-s5-e1-a1-p04,822db031c141350bdf4c2386109e1e2cd5cafd0121b7b280a05d83ea046def54,2,1674,0
2,ex2-s5-e1-a1-p04,822db031c141350bdf4c2386109e1e2cd5cafd0121b7b280a05d83ea046def54,2,1675,100
2,ex2-s5-e1-a1-p04,822db031c141350bdf4c2386109e1e2cd5cafd0121b7b280a05d83ea046def54,2,1676,100
2,ex2-s5-e1-a1-p04,822db031c141350bdf4c2386109e1e2cd5cafd0121b7b280a05d83ea046def54,2,1677,0
2,ex2-s5-e1-a1-p04,822db031c141350bdf4c2386109e1e2cd5cafd0121b7b280a05d83ea046def54,2,1678,100
2,ex2-s5-e1-a1-p04,822db031c141350bdf4c2386109e1e2cd5cafd0121b7b280a05d83ea046def54,2,1679,0
2,ex2-s5-e1-a1-p04,822db031c141350bdf4c2386109e1e2cd5cafd0121b7b280a05d83ea046def54,2,1680,100
2,ex2-s5-e1-a1-p04,822db031c141350bdf4c2386109e1e2cd5cafd0121b7b280a05d83ea046def54,2,1681,0
2,ex2-s5-e1-a1-p04,822db031c141350bdf4c2386109e1e2cd5cafd0121b7b280a05d83ea046def54,2,1682,100
2,ex2-s5-e1-a1-p04,822db031c141350bdf4c2386109e1e2cd5cafd0121b7b280a05d83ea046def54,2,1683,0
2,ex2-s5-e1-a1-p04,822db031c141350bdf4c2386109e1e2cd5cafd0121b7b280a05d83ea046def54,2,1684,100
2,ex2-s5-e1-a1-p04,822db031c141350bdf4c2386109e1e2cd5cafd0121b7b280a05d83ea046def54,2,1685,100
2,ex2-s5-e1-a1-p04,822db031c141350bdf4c2386109e1e2cd5cafd0121b7b280a05d83ea046def54,2,1686,0
2,ex2-s5-e1-a1-p04,822db031c141350bdf4c2386109e1e2cd5cafd0121b7b280a05d83ea046def54,2,1687,100
2,ex2-s5-e1-a1-p04,822db031c141350bdf4c2386109e1e2cd5cafd0121b7b280a05d83ea046def54,2,1688,0
2,ex2-s5-e1-a1-p04,822db031c141350bdf4c2386109e1e2cd5cafd0121b7b280a05d83ea046def54,2,1689,100
2,ex2-s5-e1-a1-p04,822db031c141350bdf4c2386109e1e2cd5cafd0121b7b280a05d83ea046def54,2,1690,0
2,ex2-s5-e1-a1-p04,822db031c141350bdf4c2386109e1e2cd5cafd0121b7b280a05d83ea046def54,2,1691,100
2,ex2-s5-e1-a1-p04,822db031c141350bdf4c2386109e1e2cd5cafd0121b7b280a05d83ea046def54,2,1692,0
2,ex2-s5-e1-a1-p04,822db031c141350bdf4c2386109e1e2cd5cafd0121b7b280a05d83ea046def54,2,1693,100
2,ex2-s5-e1-a1-p04,822db031c141350bdf4c2386109e1e2cd5cafd0121b7b280a05d83ea046def54,2,1694,0
2,ex2-s5-e1-a1-p04,822db031c141350bdf4c2386109e1e2cd5cafd0121b7b280a05d83ea046def54,2,1695,100
2,ex2-s5-e1-a1-p04,822db031c141350bdf4c2386109e1e2cd5cafd0121b7b280a05d83ea046def54,2,1696,100
2,ex2-s5-e1-a1-p04,822db031c141350bdf4c2386109e1e2cd5cafd0121b7b280a05d83ea046def54,2,1697,0
2,ex2-s5-e1-a1-p04,822db031c141350bdf4c2386109e1e2cd5cafd0121b7b280a05d83ea046def54,2,1698,100
2,ex2-s5-e1-a1-p04,822db031c141350bdf4c2386109e1e2cd5cafd0121b7b280a05d83ea046def54,2,1699,0
2,ex2-s5-e1-a1-p04,822db031c141350bdf4c2386109e1e2cd5cafd0121b7b280a05d83ea046def54,2,1700,100
2,ex2-s5-e1-a1-p04,822db031c141350bdf4c2386109e1e2cd5cafd0121b7b280a05d83ea046def54,2,1701,0
2,ex2-s5-e1-a1-p04,822db031c141350bdf4c2386109e1e2cd5cafd0121b7b280a05d83ea046def54,2,1702,100
2,ex2-s5-e1-a1-p04,822db031c141350bdf4c2386109e1e2cd5cafd0121b7b280a05d83ea046def54,2,1703,0
2,ex2-s5-e1-a1-p04,822db031c141350bdf4c2386109e1e2cd5cafd0121b7b280a05d83ea046def54,2,1704,100
2,ex2-s5-e1-a1-p04,822db031c141350bdf4c2386109e1e2cd5cafd0121b7b280a05d83ea046def54,2,1705,100
2,ex2-s5-e1-a1-p04,822db031c141350bdf4c2386109e1e2cd5cafd0121b7b280a05d83ea046def54,2,1706,0
2,ex2-s5-e1-a1-p04,822db031c141350bdf4c2386109e1e2cd5cafd0121b7b280a05d83ea046def54,2,1707,100
2,ex2-s5-e1-a1-p04,822db031c141350bdf4c2386109e1e2cd5cafd0121b7b280a05d83ea046def54,2,1708,0
2,ex2-s5-e1-a1-p04,822db031c141350bdf4c2386109e1e2cd5cafd0121b7b280a05d83ea046def54,2,1709,100
2,ex2-s5-e1-a1-p04,822db031c141350bdf4c2386109e1e2cd5cafd0121b7b280a05d83ea046def54,2,1710,0
2,ex2-s5-e1-a1-p04,822db031c141350bdf4c2386109e1e2cd5cafd0121b7b280a05d83ea046def54,2,1711,100
2,ex2-s5-e1-a1-p04,822db031c141350bdf4c2386109e1e2cd5cafd0121b7b280a05d83ea046def54,2,1712,0
2,ex2-s5-e1-a1-p04,822db031c141350bdf4c2386109e1e2cd5cafd0121b7b280a05d83ea046def54,2,1713,100
2,ex2-s5-e1-a1-p04,822db031c141350bdf4c2386109e1e2cd5cafd0121b7b280a05d83ea046def54,2,1714,100
2,ex2-s5-e1-a1-p04,822db031c141350bdf4c2386109e1e2cd5cafd0121b7b280a05d83ea046def54,2,1715,0
2,ex2-s5-e1-a1-p04,822db031c141350bdf4c2386109e1e2cd5cafd0121b7b280a05d83ea046def54,2,1716,100
2,ex2-s5-e1-a1-p04,822db031c141350bdf4c2386109e1e2cd5cafd0121b7b280a05d83ea046def54,2,1717,0
2,ex2-s5-e1-a1-p04,822db031c141350bdf4c2386109e1e2cd5cafd0121b7b280a05d83ea046def54,2,1718,100
2,ex2-s5-e1-a1-p04,822db031c141350bdf4c2386109e1e2cd5cafd0121b7b280a05d83ea046def54,2,1719,0
2,ex2-s5-e1-a1-p04,822db031c141350bdf4c2386109e1e2cd5cafd0121b7b280a05d83ea046def54,2,1720,100
2,ex2-s5-e1-a1-p04,822db031c141350bdf4c2386109e1e2cd5cafd0121b7b280a05d83ea046def54,2,1721,0
2,ex2-s5-e1-a1-p04,822db031c141350bdf4c2386109e1e2cd5cafd0121b7b280a05d83ea046def54,2,1722,100
2,ex2-s5-e1-a1-p04,822db031c141350bdf4c2386109e1e2cd5cafd0121b7b280a05d83ea046def54,2,1723,0
2,ex2-s5-e1-a1-p04,822db031c141350bdf4c2386109e1e2cd5cafd0121b7b280a05d83ea046def54,2,1724,100
2,ex2-s5-e1-a1-p04,822db031c141350bdf4c2386109e1e2cd5cafd0121b7b280a05d83ea046def54,2,1725,100
2,ex2-s5-e1-a1-p04,822db031c141350bdf4c2386109e1e2cd5cafd0121b7b280a05d83ea046def54,2,1726,0
2,ex2-s5-e1-a1-p04,822db031c141350bdf4c2386109e1e2cd5cafd0121b7b280a05d83ea046def54,2,1727,100
2,ex2-s5-e1-a1-p04,822db031c141350bdf4c2386109e1e2cd5cafd0121b7b280a05d83ea046def54,2,1728,0
2,ex2-s5-e1-a1-p04,822db031c141350bdf4c2386109e1e2cd5cafd0121b7b280a05d83ea046def54,2,1729,100
2,ex2-s5-e1-a1-p04,822db031c141350bdf4c2386109e1e2cd5cafd0121b7b280a05d83ea046def54,2,1730,0
2,ex2-s5-e1-a1-p04,822db031c141350bdf4c2386109e1e2cd5cafd0121b7b280a05d83ea046def54,2,1731,100
2,ex2-s5-e1-a1-p04,822db031c141350bdf4c2386109e1e2cd5cafd0121b7b280a05d83ea046def54,2,1732,0
2,ex2-s5-e1-a1-p04,822db031c141350bdf4c2386109e1e2cd5cafd0121b7b280a05d83ea046def54,2,1733,100
2,ex2-s5-e1-a1-p04,822db031c141350bdf4c2386109e1e2cd5cafd0121b7b280a05d83ea046def54,2,1734,100
2,ex2-s5-e1-a1-p04,822db031c141350bdf4c2386109e1e2cd5cafd0121b7b280a05d83ea046def54,2,1735,0
2,ex2-s5-e1-a1-p04,822db031c141350bdf4c2386109e1e2cd5cafd0121b7b280a05d83ea046def54,2,1736,100
2,ex2-s5-e1-a1-p04,822db031c141350bdf4c2386109e1e2cd5cafd0121b7b280a05d83ea046def54,2,1737,0
2,ex2-s5-e1-a1-p04,822db031c141350bdf4c2386109e1e2cd5cafd0121b7b280a05d83ea046def54,2,1738,100
2,ex2-s5-e1-a1-p04,822db031c141350bdf4c2386109e1e2cd5cafd0121b7b280a05d83ea046def54,2,1739,0
2,ex2-s5-e1-a1-p04,822db031c141350bdf4c2386109e1e2cd5cafd0121b7b280a05d83ea046def54,2,1740,100
2,ex2-s5-e1-a1-p04,822db031c141350bdf4c2386109e1e2cd5cafd0121b7b280a05d83ea046def54,2,1741,0
2,ex2-s5-e1-a1-p04,822db031c141350bdf4c2386109e1e2cd5cafd0121b7b280a05d83ea046def54,2,1742,100
2,ex2-s5-e1-a1-p04,822db031c141350bdf4c2386109e1e2cd5cafd0121b7b280a05d83ea046def54,2,1743,100
2,ex2-s5-e1-a1-p04,822db031c141350bdf4c2386109e1e2cd5cafd0121b7b280a05d83ea046def54,2,1744,0
2,ex2-s5-e1-a1-p04,822db031c141350bdf4c2386109e1e2cd5cafd0121b7b280a05d83ea046def54,2,1745,100
2,ex2-s5-e1-a1-p04,822db031c141350bdf4c2386109e1e2cd5cafd0121b7b280a05d83ea046def54,2,1746,0
2,ex2-s5-e1-a1-p04,822db031c141350bdf4c2386109e1e2cd5cafd0121b7b280a05d83ea046def54,2,1747,100
2,ex2-s5-e1-a1-p04,822db031c141350bdf4c2386109e1e2cd5cafd0121b7b280a05d83ea046def54,2,1748,0
2,ex2-s5-e1-a1-p04,822db031c141350bdf4c2386109e1e2cd5cafd0121b7b280a05d83ea046def54,2,1749,100
2,ex2-s5-e1-a1-p04,822db031c141350bdf4c2386109e1e2cd5cafd0121b7b280a05d83ea046def54,2,1750,0
2,ex2-s5-e1-a1-p04,822db031c141350bdf4c2386109e1e2cd5cafd0121b7b280a05d83ea046def54,2,1751,100
2,ex2-s5-e1-a1-p04,822db031c141350bdf4c2386109e1e2cd5cafd0121b7b280a05d83ea046def54,2,1752,0
2,ex2-s5-e1-a1-p04,822db031c141350bdf4c2386109e1e2cd5cafd0121b7b280a05d83ea046def54,2,1753,100
2,ex2-s5-e1-a1-p04,822db031c141350bdf4c2386109e1e2cd5cafd0121b7b280a05d83ea046def54,2,1754,100
2,ex2-s5-e1-a1-p04,822db031c141350bdf4c2386109e1e2cd5cafd0121b7b280a05d83ea046def54,2,1755,0
2,ex2-s5-e1-a1-p04,822db031c141350bdf4c2386109e1e2cd5cafd0121b7b280a05d83ea046def54,2,1756,100
2,ex2-s5-e1-a1-p04,822db031c141350bdf4c2386109e1e2cd5cafd0121b7b280a05d83ea046def54,2,1757,0
2,ex2-s5-e1-a1-p04,822db031c141350bdf4c2386109e1e2cd5cafd0121b7b280a05d83ea046def54,2,1758,100
2,ex2-s5-e1-a1-p04,822db031c141350bdf4c2386109e1e2cd5cafd0121b7b280a05d83ea046def54,2,1759,0
2,ex2-s5-e1-a1-p04,822db031c141350bdf4c2386109e1e2cd5cafd0121b7b280a05d83ea046def54,2,1760,100
2,ex2-s5-e1-a1-p04,822db031c141350bdf4c2386109e1e2cd5cafd0121b7b280a05d83ea046def54,2,1761,0
2,ex2-s5-e1-a1-p04,822db031c141350bdf4c2386109e1e2cd5cafd0121b7b280a05d83ea046def54,2,1762,100
2,ex2-s5-e1-a1-p04,822db031c141350bdf4c2386109e1e2cd5cafd0121b7b280a05d83ea046def54,2,1763,100
2,ex2-s5-e1-a1-p04,822db031c141350bdf4c2386109e1e2cd5cafd0121b7b280a05d83ea046def54,2,1764,0
2,ex2-s5-e1-a1-p04,822db031c141350bdf4c2386109e1e2cd5cafd0121b7b280a05d83ea046def54,2,1765,100
2,ex2-s5-e1-a1-p04,822db031c141350bdf4c2386109e1e2cd5cafd0121b7b280a05d83ea046def54,2,1766,0
2,ex2-s5-e1-a1-p04,822db031c141350bdf4c2386109e1e2cd5cafd0121b7b280a05d83ea046def54,2,1767,100
2,ex2-s5-e1-a1-p04,822db031c141350bdf4c2386109e1e2cd5cafd0121b7b280a05d83ea046def54,2,1768,0
2,ex2-s5-e1-a1-p04,822db031c141350bdf4c2386109e1e2cd5cafd0121b7b280a05d83ea046def54,2,1769,100
2,ex2-s5-e1-a1-p04,822db031c141350bdf4c2386109e1e2cd5cafd0121b7b280a05d83ea046def54,2,1770,0
2,ex2-s5-e1-a1-p04,822db031c141350bdf4c2386109e1e2cd5cafd0121b7b280a05d83ea046def54,2,1771,100
2,ex2-s5-e1-a1-p04,822db031c141350bdf4c2386109e1e2cd5cafd0121b7b280a05d83ea046def54,2,1772,0
2,ex2-s5-e1-a1-p04,822db031c141350bdf4c2386109e1e2cd5cafd0121b7b280a05d83ea046def54,2,1773,100
2,ex2-s5-e1-a1-p04,822db031c141350bdf4c2386109e1e2cd5cafd0121b7b280a05d83ea046def54,2,1774,100
2,ex2-s5-e1-a1-p04,822db031c141350bdf4c2386109e1e2cd5cafd0121b7b280a05d83ea046def54,2,1775,0
2,ex2-s5-e1-a1-p04,822db031c141350bdf4c2386109e1e2cd5cafd0121b7b280a05d83ea046def54,2,1776,100
2,ex2-s5-e1-a1-p04,822db031c141350bdf4c2386109e1e2cd5cafd0121b7b280a05d83ea046def54,2,1777,0
2,ex2-s5-e1-a1-p04,822db031c141350bdf4c2386109e1e2cd5cafd0121b7b280a05d83ea046def54,2,1778,100
2,ex2-s5-e1-a1-p04,822db031c141350bdf4c2386109e1e2cd5cafd0121b7b280a05d83ea046def54,2,1779,0
2,ex2-s5-e1-a1-p04,822db031c141350bdf4c2386109e1e2cd5cafd0121b7b280a05d83ea046def54,2,1780,100
2,ex2-s5-e1-a1-p04,822db031c141350bdf4c2386109e1e2cd5cafd0121b7b280a05d83ea046def54,2,1781,0
2,ex2-s5-e1-a1-p04,822db031c141350bdf4c2386109e1e2cd5cafd0121b7b280a05d83ea046def54,2,1782,100
2,ex2-s5-e1-a1-p04,822db031c141350bdf4c2386109e1e2cd5cafd0121b7b280a05d83ea046def54,2,1783,100
2,ex2-s5-e1-a1-p04,822db031c141350bdf4c2386109e1e2cd5cafd0121b7b280a05d83ea046def54,2,1784,0
2,ex2-s5-e1-a1-p04,822db031c141350bdf4c2386109e1e2cd5cafd0121b7b280a05d83ea046def54,2,1785,100
2,ex2-s5-e1-a1-p04,822db031c141350bdf4c2386109e1e2cd5cafd0121b7b280a05d83ea046def54,2,1786,0
2,ex2-s5-e1-a1-p04,822db031c141350bdf4c2386109e1e2cd5cafd0121b7b280a05d83ea046def54,2,1787,100
2,ex2-s5-e1-a1-p04,822db031c141350bdf4c2386109e1e2cd5cafd0121b7b280a05d83ea046def54,2,1788,0
2,ex2-s5-e1-a1-p04,822db031c141350bdf4c2386109e1e2cd5cafd0121b7b280a05d83ea046def54,2,1789,100
2,ex2-s5-e1-a1-p04,822db031c141350bdf4c2386109e1e2cd5cafd0121b7b280a05d83ea046def54,2,1790,0
2,ex2-s5-e1-a1-p04,822db031c141350bdf4c2386109e1e2cd5cafd0121b7b280a05d83ea046def54,2,1791,100
2,ex2-s5-e1-a1-p04,822db031c141350bdf4c2386109e1e2cd5cafd0121b7b280a05d83ea046def54,2,1792,100
2,ex2-s5-e1-a1-p04,822db031c141350bdf4c2386109e1e2cd5cafd0121b7b280a05d83ea046def54,2,1793,0
2,ex2-s5-e1-a1-p04,822db031c141350bdf4c2386109e1e2cd5cafd0121b7b280a05d83ea046def54,2,1794,100
2,ex2-s5-e1-a1-p04,822db031c141350bdf4c2386109e1e2cd5cafd0121b7b280a05d83ea046def54,2,1795,0
2,ex2-s5-e1-a1-p04,822db031c141350bdf4c2386109e1e2cd5cafd0121b7b280a05d83ea046def54,2,1796,100
2,ex2-s5-e1-a1-p04,822db031c141350bdf4c2386109e1e2cd5cafd0121b7b280a05d83ea046def54,2,1797,0
2,ex2-s5-e1-a1-p04,822db031c141350bdf4c2386109e1e2cd5cafd0121b7b280a05d83ea046def54,2,1798,100
2,ex2-s5-e1-a1-p04,822db031c141350bdf4c2386109e1e2cd5cafd0121b7b280a05d83ea046def54,2,1799,0
2,ex2-s5-e1-a1-p04,822db031c141350bdf4c2386109e1e2cd5cafd0121b7b280a05d83ea046def54,2,1800,100
2,ex2-s5-e1-a1-p04,822db031c141350bdf4c2386109e1e2cd5cafd0121b7b280a05d83ea046def54,2,1801,0
2,ex2-s5-e1-a1-p04,822db031c141350bdf4c2386109e1e2cd5cafd0121b7b280a05d83ea046def54,2,1802,100
2,ex2-s5-e1-a1-p04,822db031c141350bdf4c2386109e1e2cd5cafd0121b7b280a05d83ea046def54,2,1803,100
2,ex2-s5-e1-a1-p04,822db031c141350bdf4c2386109e1e2cd5cafd0121b7b280a05d83ea046def54,2,1804,0
2,ex2-s5-e1-a1-p04,822db031c141350bdf4c2386109e1e2cd5cafd0121b7b280a05d83ea046def54,2,1805,100
2,ex2-s5-e1-a1-p04,822db031c141350bdf4c2386109e1e2cd5cafd0121b7b280a05d83ea046def54,2,1806,0
2,ex2-s5-e1-a1-p04,822db031c141350bdf4c2386109e1e2cd5cafd0121b7b280a05d83ea046def54,2,1807,100
2,ex2-s5-e1-a1-p04,822db031c141350bdf4c2386109e1e2cd5cafd0121b7b280a05d83ea046def54,2,1808,0
2,ex2-s5-e1-a1-p04,822db031c141350bdf4c2386109e1e2cd5cafd0121b7b280a05d83ea046def54,2,1809,100
2,ex2-s5-e1-a1-p04,822db031c141350bdf4c2386109e1e2cd5cafd0121b7b280a05d83ea046def54,2,1810,0
2,ex2-s5-e1-a1-p04,822db031c141350bdf4c2386109e1e2cd5cafd0121b7b280a05d83ea046def54,2,1811,100
2,ex2-s5-e1-a1-p04,822db031c141350bdf4c2386109e1e2cd5cafd0121b7b280a05d83ea046def54,2,1812,100
2,ex2-s5-e1-a1-p04,822db031c141350bdf4c2386109e1e2cd5cafd0121b7b280a05d83ea046def54,2,1813,0
2,ex2-s5-e1-a1-p04,822db031c141350bdf4c2386109e1e2cd5cafd0121b7b280a05d83ea046def54,2,1814,100
2,ex2-s5-e1-a1-p04,822db031c141350bdf4c2386109e1e2cd5cafd0121b7b280a05d83ea046def54,2,1815,0
2,ex2-s5-e1-a1-p04,822db031c141350bdf4c2386109e1e2cd5cafd0121b7b280a05d83ea046def54,2,1816,100
2,ex2-s5-e1-a1-p04,822db031c141350bdf4c2386109e1e2cd5cafd0121b7b280a05d83ea046def54,2,1817,0
2,ex2-s5-e1-a1-p04,822db031c141350bdf4c2386109e1e2cd5cafd0121b7b280a05d83ea046def54,2,1818,100
2,ex2-s5-e1-a1-p04,822db031c141350bdf4c2386109e1e2cd5cafd0121b7b280a05d83ea046def54,2,1819,0
2,ex2-s5-e1-a1-p04,822db031c141350bdf4c2386109e1e2cd5cafd0121b7b280a05d83ea046def54,2,1820,100
2,ex2-s5-e1-a1-p04,822db031c141350bdf4c2386109e1e2cd5cafd0121b7b280a05d83ea046def54,2,1821,0
2,ex2-s5-e1-a1-p04,822db031c141350bdf4c2386109e1e2cd5cafd0121b7b280a05d83ea046def54,2,1822,100
2,ex2-s5-e1-a1-p04,822db031c141350bdf4c2386109e1e2cd5cafd0121b7b280a05d83ea046def54,2,1823,100
2,ex2-s5-e1-a1-p04,822db031c141350bdf4c2386109e1e2cd5cafd0121b7b280a05d83ea046def54,2,1824,0
2,ex2-s5-e1-a1-p04,822db031c141350bdf4c2386109e1e2cd5cafd0121b7b280a05d83ea046def54,2,1825,100
2,ex2-s5-e1-a1-p04,822db031c141350bdf4c2386109e1e2cd5cafd0121b7b280a05d83ea046def54,2,1826,0
2,ex2-s5-e1-a1-p04,822db031c141350bdf4c2386109e1e2cd5cafd0121b7b280a05d83ea046def54,2,1827,100
2,ex2-s5-e1-a1-p04,822db031c141350bdf4c2386109e1e2cd5cafd0121b7b280a05d83ea046def54,2,1828,0
2,ex2-s5-e1-a1-p04,822db031c141350bdf4c2386109e1e2cd5cafd0121b7b280a05d83ea046def54,2,1829,100
2,ex2-s5-e1-a1-p04,822db031c141350bdf4c2386109e1e2cd5cafd0121b7b280a05d83ea046def54,2,1830,0
2,ex2-s5-e1-a1-p04,822db031c141350bdf4c2386109e1e2cd5cafd0121b7b280a05d83ea046def54,2,1831,100
2,ex2-s5-e1-a1-p04,822db031c141350bdf4c2386109e1e2cd5cafd0121b7b280a05d83ea046def54,2,1832,100
2,ex2-s5-e1-a1-p04,822db031c141350bdf4c2386109e1e2cd5cafd0121b7b280a05d83ea046def54,2,1833,0
2,ex2-s5-e1-a1-p04,822db031c141350bdf4c2386109e1e2cd5cafd0121b7b280a05d83ea046def54,2,1834,100
2,ex2-s5-e1-a1-p04,822db031c141350bdf4c2386109e1e2cd5cafd0121b7b280a05d83ea046def54,2,1835,0
2,ex2-s5-e1-a1-p04,822db031c141350bdf4c2386109e1e2cd5cafd0121b7b280a05d83ea046def54,2,1836,100
2,ex2-s5-e1-a1-p04,822db031c141350bdf4c2386109e1e2cd5cafd0121b7b280a05d83ea046def54,2,1837,0
2,ex2-s5-e1-a1-p04,822db031c141350bdf4c2386109e1e2cd5cafd0121b7b280a05d83ea046def54,2,1838,100
2,ex2-s5-e1-a1-p04,822db031c141350bdf4c2386109e1e2cd5cafd0121b7b280a05d83ea046def54,2,1839,0
2,ex2-s5-e1-a1-p04,822db031c141350bdf4c2386109e1e2cd5cafd0121b7b280a05d83ea046def54,2,1840,100
2,ex2-s5-e1-a1-p04,822db031c141350bdf4c2386109e1e2cd5cafd0121b7b280a05d83ea046def54,2,1841,0
2,ex2-s5-e1-a1-p04,822db031c141350bdf4c2386109e1e2cd5cafd0121b7b280a05d83ea046def54,2,1842,100
2,ex2-s5-e1-a1-p04,822db031c141350bdf4c2386109e1e2cd5cafd0121b7b280a05d83ea046def54,2,1843,100
2,ex2-s5-e1-a1-p04,822db031c141350bdf4c2386109e1e2cd5cafd0121b7b280a05d83ea046def54,2,1844,0
2,ex2-s5-e1-a1-p04,822db031c141350bdf4c2386109e1e2cd5cafd0121b7b280a05d83ea046def54,2,1845,100
2,ex2-s5-e1-a1-p04,822db031c141350bdf4c2386109e1e2cd5cafd0121b7b280a05d83ea046def54,2,1846,0
2,ex2-s5-e1-a1-p04,822db031c141350bdf4c2386109e1e2cd5cafd0121b7b280a05d83ea046def54,2,1847,100
2,ex2-s5-e1-a1-p04,822db031c141350bdf4c2386109e1e2cd5cafd0121b7b280a05d83ea046def54,2,1848,0
2,ex2-s5-e1-a1-p04,822db031c141350bdf4c2386109e1e2cd5cafd0121b7b280a05d83ea046def54,2,1849,100
2,ex2-s5-e1-a1-p04,822db031c141350bdf4c2386109e1e2cd5cafd0121b7b280a05d83ea046def54,2,1850,0
2,ex2-s5-e1-a1-p04,822db031c141350bdf4c2386109e1e2cd5cafd0121b7b280a05d83ea046def54,2,1851,100
2,ex2-s5-e1-a1-p04,822db031c141350bdf4c2386109e1e2cd5cafd0121b7b280a05d83ea046def54,2,1852,100
2,ex2-s5-e1-a1-p04,822db031c141350bdf4c2386109e1e2cd5cafd0121b7b280a05d83ea046def54,2,1853,0
2,ex2-s5-e1-a1-p04,822db031c141350bdf4c2386109e1e2cd5cafd0121b7b280a05d83ea046def54,2,1854,100
2,ex2-s5-e1-a1-p04,822db031c141350bdf4c2386109e1e2cd5cafd0121b7b280a05d83ea046def54,2,1855,0
2,ex2-s5-e1-a1-p04,822db031c141350bdf4c2386109e1e2cd5cafd0121b7b280a05d83ea046def54,2,1856,100
2,ex2-s5-e1-a1-p04,822db031c141350bdf4c2386109e1e2cd5cafd0121b7b280a05d83ea046def54,2,1857,0
2,ex2-s5-e1-a1-p04,822db031c141350bdf4c2386109e1e2cd5cafd0121b7b280a05d83ea046def54,2,1858,100
2,ex2-s5-e1-a1-p04,822db031c141350bdf4c2386109e1e2cd5cafd0121b7b280a05d83ea046def54,2,1859,0
2,ex2-s5-e1-a1-p04,822db031c141350bdf4c2386109e1e2cd5cafd0121b7b280a05d83ea046def54,2,1860,100
2,ex2-s5-e1-a1-p04,822db031c141350bdf4c2386109e1e2cd5cafd0121b7b280a05d83ea046def54,2,1861,0
2,ex2-s5-e1-a1-p04,822db031c141350bdf4c2386109e1e2cd5cafd0121b7b280a05d83ea046def54,2,1862,100
2,ex2-s5-e1-a1-p04,822db031c141350bdf4c2386109e1e2cd5cafd0121b7b280a05d83ea046def54,2,1863,100
2,ex2-s5-e1-a1-p04,822db031c141350bdf4c2386109e1e2cd5cafd0121b7b280a05d83ea046def54,2,1864,0
2,ex2-s5-e1-a1-p04,822db031c141350bdf4c2386109e1e2cd5cafd0121b7b280a05d83ea046def54,2,1865,100
2,ex2-s5-e1-a1-p04,822db031c141350bdf4c2386109e1e2cd5cafd0121b7b280a05d83ea046def54,2,1866,0
2,ex2-s5-e1-a1-p04,822db031c141350bdf4c2386109e1e2cd5cafd0121b7b280a05d83ea046def54,2,1867,100
2,ex2-s5-e1-a1-p04,822db031c141350bdf4c2386109e1e2cd5cafd0121b7b280a05d83ea046def54,2,1868,0
2,ex2-s5-e1-a1-p04,822db031c141350bdf4c2386109e1e2cd5cafd0121b7b280a05d83ea046def54,2,1869,100
2,ex2-s5-e1-a1-p04,822db031c141350bdf4c2386109e1e2cd5cafd0121b7b280a05d83ea046def54,2,1870,0
2,ex2-s5-e1-a1-p04,822db031c141350bdf4c2386109e1e2cd5cafd0121b7b280a05d83ea046def54,2,1871,100
2,ex2-s5-e1-a1-p04,822db031c141350bdf4c2386109e1e2cd5cafd0121b7b280a05d83ea046def54,2,1872,100
2,ex2-s5-e1-a1-p04,822db031c141350bdf4c2386109e1e2cd5cafd0121b7b280a05d83ea046def54,2,1873,0
2,ex2-s5-e1-a1-p04,822db031c141350bdf4c2386109e1e2cd5cafd0121b7b280a05d83ea046def54,2,1874,100
2,ex2-s5-e1-a1-p04,822db031c141350bdf4c2386109e1e2cd5cafd0121b7b280a05d83ea046def54,2,1875,0
2,ex2-s5-e1-a1-p04,822db031c141350bdf4c2386109e1e2cd5cafd0121b7b280a05d83ea046def54,2,1876,100
2,ex2-s5-e1-a1-p04,822db031c141350bdf4c2386109e1e2cd5cafd0121b7b280a05d83ea046def54,2,1877,0
2,ex2-s5-e1-a1-p04,822db031c141350bdf4c2386109e1e2cd5cafd0121b7b280a05d83ea046def54,2,1878,100
2,ex2-s5-e1-a1-p04,822db031c141350bdf4c2386109e1e2cd5cafd0121b7b280a05d83ea046def54,2,1879,0
2,ex2-s5-e1-a1-p04,822db031c141350bdf4c2386109e1e2cd5cafd0121b7b280a05d83ea046def54,2,1880,100
2,ex2-s5-e1-a1-p04,822db031c141350bdf4c2386109e1e2cd5cafd0121b7b280a05d83ea046def54,2,1881,0
2,ex2-s5-e1-a1-p04,822db031c141350bdf4c2386109e1e2cd5cafd0121b7b280a05d83ea046def54,2,1882,100
2,ex2-s5-e1-a1-p04,822db031c141350bdf4c2386109e1e2cd5cafd0121b7b280a05d83ea046def54,2,1883,100
2,ex2-s5-e1-a1-p04,822db031c141350bdf4c2386109e1e2cd5cafd0121b7b280a05d83ea046def54,2,1884,0
2,ex2-s5-e1-a1-p04,822db031c141350bdf4c2386109e1e2cd5cafd0121b7b280a05d83ea046def54,2,1885,100
2,ex2-s5-e1-a1-p04,822db031c141350bdf4c2386109e1e2cd5cafd0121b7b280a05d83ea046def54,2,1886,0
2,ex2-s5-e1-a1-p04,822db031c141350bdf4c2386109e1e2cd5cafd0121b7b280a05d83ea046def54,2,1887,100
2,ex2-s5-e1-a1-p04,822db031c141350bdf4c2386109e1e2cd5cafd0121b7b280a05d83ea046def54,2,1888,0
2,ex2-s5-e1-a1-p04,822db031c141350bdf4c2386109e1e2cd5cafd0121b7b280a05d83ea046def54,2,1889,100
2,ex2-s5-e1-a1-p04,822db031c141350bdf4c2386109e1e2cd5cafd0121b7b280a05d83ea046def54,2,1890,0
2,ex2-s5-e1-a1-p04,822db031c141350bdf4c2386109e1e2cd5cafd0121b7b280a05d83ea046def54,2,1891,100
2,ex2-s5-e1-a1-p04,822db031c141350bdf4c2386109e1e2cd5cafd0121b7b280a05d83ea046def54,2,1892,100
2,ex2-s5-e1-a1-p04,822db031c141350bdf4c2386109e1e2cd5cafd0121b7b280a05d83ea046def54,2,1893,0
2,ex2-s5-e1-a1-p04,822db031c141350bdf4c2386109e1e2cd5cafd0121b7b280a05d83ea046def54,2,1894,100
2,ex2-s5-e1-a1-p04,822db031c141350bdf4c2386109e1e2cd5cafd0121b7b280a05d83ea046def54,2,1895,0
2,ex2-s5-e1-a1-p04,822db031c141350bdf4c2386109e1e2cd5cafd0121b7b280a05d83ea046def54,2,1896,100
2,ex2-s5-e1-a1-p04,822db031c141350bdf4c2386109e1e2cd5cafd0121b7b280a05d83ea046def54,2,1897,0
2,ex2-s5-e1-a1-p04,822db031c141350bdf4c2386109e1e2cd5cafd0121b7b280a05d83ea046def54,2,1898,100
2,ex2-s5-e1-a1-p04,822db031c141350bdf4c2386109e1e2cd5cafd0121b7b280a05d83ea046def54,2,1899,0
2,ex2-s5-e1-a1-p04,822db031c141350bdf4c2386109e1e2cd5cafd0121b7b280a05d83ea046def54,2,1900,100
2,ex2-s5-e1-a1-p04,822db031c141350bdf4c2386109e1e2cd5cafd0121b7b280a05d83ea046def54,2,1901,0
2,ex2-s5-e1-a1-p04,822db031c141350bdf4c2386109e1e2cd5cafd0121b7b280a05d83ea046def54,2,1902,100
2,ex2-s5-e1-a1-p04,822db031c141350bdf4c2386109e1e2cd5cafd0121b7b280a05d83ea046def54,2,1903,100
2,ex2-s5-e1-a1-p04,822db031c141350bdf4c2386109e1e2cd5cafd0121b7b280a05d83ea046def54,2,1904,0
2,ex2-s5-e1-a1-p04,822db031c141350bdf4c2386109e1e2cd5cafd0121b7b280a05d83ea046def54,2,1905,100
2,ex2-s5-e1-a1-p04,822db031c141350bdf4c2386109e1e2cd5cafd0121b7b280a05d83ea046def54,2,1906,0
2,ex2-s5-e1-a1-p04,822db031c141350bdf4c2386109e1e2cd5cafd0121b7b280a05d83ea046def54,2,1907,100
2,ex2-s5-e1-a1-p04,822db031c141350bdf4c2386109e1e2cd5cafd0121b7b280a05d83ea046def54,2,1908,0
2,ex2-s5-e1-a1-p04,822db031c141350bdf4c2386109e1e2cd5cafd0121b7b280a05d83ea046def54,2,1909,100
2,ex2-s5-e1-a1-p04,822db031c141350bdf4c2386109e1e2cd5cafd0121b7b280a05d83ea046def54,2,1910,0
2,ex2-s5-e1-a1-p04,822db031c141350bdf4c2386109e1e2cd5cafd0121b7b280a05d83ea046def54,2,1911,100
2,ex2-s5-e1-a1-p04,822db031c141350bdf4c2386109e1e2cd5cafd0121b7b280a05d83ea046def54,2,1912,100
2,ex2-s5-e1-a1-p04,822db031c141350bdf4c2386109e1e2cd5cafd0121b7b280a05d83ea046def54,2,1913,0
2,ex2-s5-e1-a1-p04,822db031c141350bdf4c2386109e1e2cd5cafd0121b7b280a05d83ea046def54,2,1914,100
2,ex2-s5-e1-a1-p04,822db031c141350bdf4c2386109e1e2cd5cafd0121b7b280a05d83ea046def54,2,1915,0
2,ex2-s5-e1-a1-p04,822db031c141350bdf4c2386109e1e2cd5cafd0121b7b280a05d83ea046def54,2,1916,100
2,ex2-s5-e1-a1-p04,822db031c141350bdf4c2386109e1e2cd5cafd0121b7b280a05d83ea046def54,2,1917,0
2,ex2-s5-e1-a1-p04,822db031c141350bdf4c2386109e1e2cd5cafd0121b7b280a05d83ea046def54,2,1918,100
2,ex2-s5-e1-a1-p04,822db031c141350bdf4c2386109e1e2cd5cafd0121b7b280a05d83ea046def54,2,1919,0
2,ex2-s5-e1-a1-p04,822db031c141350bdf4c2386109e1e2cd5cafd0121b7b280a05d83ea046def54,2,1920,100
2,ex2-s5-e1-a1-p04,822db031c141350bdf4c2386109e1e2cd5cafd0121b7b280a05d83ea046def54,2,1921,0
2,ex2-s5-e1-a1-p04,822db031c141350bdf4c2386109e1e2cd5cafd0121b7b280a05d83ea046def54,2,1922,100
2,ex2-s5-e1-a1-p04,822db031c141350bdf4c2386109e1e2cd5cafd0121b7b280a05d83ea046def54,2,1923,100
2,ex2-s5-e1-a1-p04,822db031c141350bdf4c2386109e1e2cd5cafd0121b7b280a05d83ea046def54,2,1924,0
2,ex2-s5-e1-a1-p04,822db031c141350bdf4c2386109e1e2cd5cafd0121b7b280a05d83ea046def54,2,1925,100
2,ex2-s5-e1-a1-p04,822db031c141350bdf4c2386109e1e2cd5cafd0121b7b280a05d83ea046def54,2,1926,0
2,ex2-s5-e1-a1-p04,822db031c141350bdf4c2386109e1e2cd5cafd0121b7b280a05d83ea046def54,2,1927,100
2,ex2-s5-e1-a1-p04,822db031c141350bdf4c2386109e1e2cd5cafd0121b7b280a05d83ea046def54,2,1928,0
2,ex2-s5-e1-a1-p04,822db031c141350bdf4c2386109e1e2cd5cafd0121b7b280a05d83ea046def54,2,1929,100
2,ex2-s5-e1-a1-p04,822db031c141350bdf4c2386109e1e2cd5cafd0121b7b280a05d83ea046def54,2,1930,0
2,ex2-s5-e1-a1-p04,822db031c141350bdf4c2386109e1e2cd5cafd0121b7b280a05d83ea046def54,2,1931,100
2,ex2-s5-e1-a1-p04,822db031c141350bdf4c2386109e1e2cd5cafd0121b7b280a05d83ea046def54,2,1932,100
2,ex2-s5-e1-a1-p04,822db031c141350bdf4c2386109e1e2cd5cafd0121b7b280a05d83ea046def54,2,1933,0
2,ex2-s5-e1-a1-p04,822db031c141350bdf4c2386109e1e2cd5cafd0121b7b280a05d83ea046def54,2,1934,100
2,ex2-s5-e1-a1-p04,822db031c141350bdf4c2386109e1e2cd5cafd0121b7b280a05d83ea046def54,2,1935,0
2,ex2-s5-e1-a1-p04,822db031c141350bdf4c2386109e1e2cd5cafd0121b7b280a05d83ea046def54,2,1936,100
2,ex2-s5-e1-a1-p04,822db031c141350bdf4c2386109e1e2cd5cafd0121b7b280a05d83ea046def54,2,1937,0
2,ex2-s5-e1-a1-p04,822db031c141350bdf4c2386109e1e2cd5cafd0121b7b280a05d83ea046def54,2,1938,100
2,ex2-s5-e1-a1-p04,822db031c141350bdf4c2386109e1e2cd5cafd0121b7b280a05d83ea046def54,2,1939,0
2,ex2-s5-e1-a1-p04,822db031c141350bdf4c2386109e1e2cd5cafd0121b7b280a05d83ea046def54,2,1940,100
2,ex2-s5-e1-a1-p04,822db031c141350bdf4c2386109e1e2cd5cafd0121b7b280a05d83ea046def54,2,1941,0
2,ex2-s5-e1-a1-p04,822db031c141350bdf4c2386109e1e2cd5cafd0121b7b280a05d83ea046def54,2,1942,100
2,ex2-s5-e1-a1-p04,822db031c141350bdf4c2386109e1e2cd5cafd0121b7b280a05d83ea046def54,2,1943,100
2,ex2-s5-e1-a1-p04,822db031c141350bdf4c2386109e1e2cd5cafd0121b7b280a05d83ea046def54,2,1944,0
2,ex2-s5-e1-a1-p04,822db031c141350bdf4c2386109e1e2cd5cafd0121b7b280a05d83ea046def54,2,1945,100
2,ex2-s5-e1-a1-p04,822db031c141350bdf4c2386109e1e2cd5cafd0121b7b280a05d83ea046def54,2,1946,0
2,ex2-s5-e1-a1-p04,822db031c141350bdf4c2386109e1e2cd5cafd0121b7b280a05d83ea046def54,2,1947,100
2,ex2-s5-e1-a1-p04,822db031c141350bdf4c2386109e1e2cd5cafd0121b7b280a05d83ea046def54,2,1948,0
2,ex2-s5-e1-a1-p04,822db031c141350bdf4c2386109e1e2cd5cafd0121b7b280a05d83ea046def54,2,1949,100
2,ex2-s5-e1-a1-p04,822db031c141350bdf4c2386109e1e2cd5cafd0121b7b280a05d83ea046def54,2,1950,0
2,ex2-s5-e1-a1-p04,822db031c141350bdf4c2386109e1e2cd5cafd0121b7b280a05d83ea046def54,2,1951,100
2,ex2-s5-e1-a1-p04,822db031c141350bdf4c2386109e1e2cd5cafd0121b7b280a05d83ea046def54,2,1952,100
2,ex2-s5-e1-a1-p04,822db031c141350bdf4c2386109e1e2cd5cafd0121b7b280a05d83ea046def54,2,1953,0
2,ex2-s5-e1-a1-p04,822db031c141350bdf4c2386109e1e2cd5cafd0121b7b280a05d83ea046def54,2,1954,100
2,ex2-s5-e1-a1-p04,822db031c141350bdf4c2386109e1e2cd5cafd0121b7b280a05d83ea046def54,2,1955,0
2,ex2-s5-e1-a1-p04,822db031c141350bdf4c2386109e1e2cd5cafd0121b7b280a05d83ea046def54,2,1956,100
2,ex2-s5-e1-a1-p04,822db031c141350bdf4c2386109e1e2cd5cafd0121b7b280a05d83ea046def54,2,1957,0
2,ex2-s5-e1-a1-p04,822db031c141350bdf4c2386109e1e2cd5cafd0121b7b280a05d83ea046def54,2,1958,100
2,ex2-s5-e1-a1-p04,822db031c141350bdf4c2386109e1e2cd5cafd0121b7b280a05d83ea046def54,2,1959,0
2,ex2-s5-e1-a1-p04,822db031c141350bdf4c2386109e1e2cd5cafd0121b7b280a05d83ea046def54,2,1960,100
2,ex2-s5-e1-a1-p04,822db031c141350bdf4c2386109e1e2cd5cafd0121b7b280a05d83ea046def54,2,1961,100
2,ex2-s5-e1-a1-p04,822db031c141350bdf4c2386109e1e2cd5cafd0121b7b280a05d83ea046def54,2,1962,0
2,ex2-s5-e1-a1-p04,822db031c141350bdf4c2386109e1e2cd5cafd0121b7b280a05d83ea046def54,2,1963,100
2,ex2-s5-e1-a1-p04,822db031c141350bdf4c2386109e1e2cd5cafd0121b7b280a05d83ea046def54,2,1964,0
2,ex2-s5-e1-a1-p04,822db031c141350bdf4c2386109e1e2cd5cafd0121b7b280a05d83ea046def54,2,1965,100
2,ex2-s5-e1-a1-p04,822db031c141350bdf4c2386109e1e2cd5cafd0121b7b280a05d83ea046def54,2,1966,0
2,ex2-s5-e1-a1-p04,822db031c141350bdf4c2386109e1e2cd5cafd0121b7b280a05d83ea046def54,2,1967,100
2,ex2-s5-e1-a1-p04,822db031c141350bdf4c2386109e1e2cd5cafd0121b7b280a05d83ea046def54,2,1968,0
2,ex2-s5-e1-a1-p04,822db031c141350bdf4c2386109e1e2cd5cafd0121b7b280a05d83ea046def54,2,1969,100
2,ex2-s5-e1-a1-p04,822db031c141350bdf4c2386109e1e2cd5cafd0121b7b280a05d83ea046def54,2,1970,0
2,ex2-s5-e1-a1-p04,822db031c141350bdf4c2386109e1e2cd5cafd0121b7b280a05d83ea046def54,2,1971,100
2,ex2-s5-e1-a1-p04,822db031c141350bdf4c2386109e1e2cd5cafd0121b7b280a05d83ea046def54,2,1972,100
2,ex2-s5-e1-a1-p04,822db031c141350bdf4c2386109e1e2cd5cafd0121b7b280a05d83ea046def54,2,1973,0
2,ex2-s5-e1-a1-p04,822db031c141350bdf4c2386109e1e2cd5cafd0121b7b280a05d83ea046def54,2,1974,100
2,ex2-s5-e1-a1-p04,822db031c141350bdf4c2386109e1e2cd5cafd0121b7b280a05d83ea046def54,2,1975,0
2,ex2-s5-e1-a1-p04,822db031c141350bdf4c2386109e1e2cd5cafd0121b7b280a05d83ea046def54,2,1976,100
2,ex2-s5-e1-a1-p04,822db031c141350bdf4c2386109e1e2cd5cafd0121b7b280a05d83ea046def54,2,1977,0
2,ex2-s5-e1-a1-p04,822db031c141350bdf4c2386109e1e2cd5cafd0121b7b280a05d83ea046def54,2,1978,100
2,ex2-s5-e1-a1-p04,822db031c141350bdf4c2386109e1e2cd5cafd0121b7b280a05d83ea046def54,2,1979,0
2,ex2-s5-e1-a1-p04,822db031c141350bdf4c2386109e1e2cd5cafd0121b7b280a05d83ea046def54,2,1980,100
2,ex2-s5-e1-a1-p04,822db031c141350bdf4c2386109e1e2cd5cafd0121b7b280a05d83ea046def54,2,1981,100
2,ex2-s5-e1-a1-p04,822db031c141350bdf4c2386109e1e2cd5cafd0121b7b280a05d83ea046def54,2,1982,0
2,ex2-s5-e1-a1-p04,822db031c141350bdf4c2386109e1e2cd5cafd0121b7b280a05d83ea046def54,2,1983,100
2,ex2-s5-e1-a1-p04,822db031c141350bdf4c2386109e1e2cd5cafd0121b7b280a05d83ea046def54,2,1984,0
2,ex2-s5-e1-a1-p04,822db031c141350bdf4c2386109e1e2cd5cafd0121b7b280a05d83ea046def54,2,1985,100
2,ex2-s5-e1-a1-p04,822db031c141350bdf4c2386109e1e2cd5cafd0121b7b280a05d83ea046def54,2,1986,0
2,ex2-s5-e1-a1-p04,822db031c141350bdf4c2386109e1e2cd5cafd0121b7b280a05d83ea046def54,2,1987,100
2,ex2-s5-e1-a1-p04,822db031c141350bdf4c2386109e1e2cd5cafd0121b7b280a05d83ea046def54,2,1988,0
2,ex2-s5-e1-a1-p04,822db031c141350bdf4c2386109e1e2cd5cafd0121b7b280a05d83ea046def54,2,1989,100
2,ex2-s5-e1-a1-p04,822db031c141350bdf4c2386109e1e2cd5cafd0121b7b280a05d83ea046def54,2,1990,0
2,ex2-s5-e1-a1-p04,822db031c141350bdf4c2386109e1e2cd5cafd0121b7b280a05d83ea046def54,2,1991,100
2,ex2-s5-e1-a1-p04,822db031c141350bdf4c2386109e1e2cd5cafd0121b7b280a05d83ea046def54,2,1992,100
2,ex2-s5-e1-a1-p04,822db031c141350bdf4c2386109e1e2cd5cafd0121b7b280a05d83ea046def54,2,1993,0
2,ex2-s5-e1-a1-p04,822db031c141350bdf4c2386109e1e2cd5cafd0121b7b280a05d83ea046def54,2,1994,100
2,ex2-s5-e1-a1-p04,822db031c141350bdf4c2386109e1e2cd5cafd0121b7b280a05d83ea046def54,2,1995,0
2,ex2-s5-e1-a1-p04,822db031c141350bdf4c2386109e1e2cd5cafd0121b7b280a05d83ea046def54,2,1996,100
2,ex2-s5-e1-a1-p04,822db031c141350bdf4c2386109e1e2cd5cafd0121b7b280a05d83ea046def54,2,1997,0
2,ex2-s5-e1-a1-p04,822db031c141350bdf4c2386109e1e2cd5cafd0121b7b280a05d83ea046def54,2,1998,100
2,ex2-s5-e1-a1-p04,822db031c141350bdf4c2386109e1e2cd5cafd0121b7b280a05d83ea046def54,2,1999,0
2,ex2-s5-e1-a1-p04,822db031c141350bdf4c2386109e1e2cd5cafd0121b7b280a05d83ea046def54,2,2000,100
2,ex2-s5-e1-a1-p04,822db031c141350bdf4c2386109e1e2cd5cafd0121b7b280a05d83ea046def54,2,2001,100
2,ex2-s5-e1-a1-p04,822db031c141350bdf4c2386109e1e2cd5cafd0121b7b280a05d83ea046def54,2,2002,0
2,ex2-s5-e1-a1-p04,822db031c141350bdf4c2386109e1e2cd5cafd0121b7b280a05d83ea046def54,2,2003,100
2,ex2-s5-e1-a1-p04,822db031c141350bdf4c2386109e1e2cd5cafd0121b7b280a05d83ea046def54,2,2004,0
2,ex2-s5-e1-a1-p04,822db031c141350bdf4c2386109e1e2cd5cafd0121b7b280a05d83ea046def54,2,2005,100
2,ex2-s5-e1-a1-p04,822db031c141350bdf4c2386109e1e2cd5cafd0121b7b280a05d83ea046def54,2,2006,0
2,ex2-s5-e1-a1-p04,822db031c141350bdf4c2386109e1e2cd5cafd0121b7b280a05d83ea046def54,2,2007,100
2,ex2-s5-e1-a1-p04,822db031c141350bdf4c2386109e1e2cd5cafd0121b7b280a05d83ea046def54,2,2008,0
2,ex2-s5-e1-a1-p04,822db031c141350bdf4c2386109e1e2cd5cafd0121b7b280a05d83ea046def54,2,2009,100
2,ex2-s5-e1-a1-p04,822db031c141350bdf4c2386109e1e2cd5cafd0121b7b280a05d83ea046def54,2,2010,0
2,ex2-s5-e1-a1-p04,822db031c141350bdf4c2386109e1e2cd5cafd0121b7b280a05d83ea046def54,2,2011,100
2,ex2-s5-e1-a1-p04,822db031c141350bdf4c2386109e1e2cd5cafd0121b7b280a05d83ea046def54,2,2012,100
2,ex2-s5-e1-a1-p04,822db031c141350bdf4c2386109e1e2cd5cafd0121b7b280a05d83ea046def54,2,2013,0
2,ex2-s5-e1-a1-p04,822db031c141350bdf4c2386109e1e2cd5cafd0121b7b280a05d83ea046def54,2,2014,100
2,ex2-s5-e1-a1-p04,822db031c141350bdf4c2386109e1e2cd5cafd0121b7b280a05d83ea046def54,2,2015,0
2,ex2-s5-e1-a1-p04,822db031c141350bdf4c2386109e1e2cd5cafd0121b7b280a05d83ea046def54,2,2016,100
2,ex2-s5-e1-a1-p04,822db031c141350bdf4c2386109e1e2cd5cafd0121b7b280a05d83ea046def54,2,2017,0
2,ex2-s5-e1-a1-p04,822db031c141350bdf4c2386109e1e2cd5cafd0121b7b280a05d83ea046def54,2,2018,100
2,ex2-s5-e1-a1-p04,822db031c141350bdf4c2386109e1e2cd5cafd0121b7b280a05d83ea046def54,2,2019,0
2,ex2-s5-e1-a1-p04,822db031c141350bdf4c2386109e1e2cd5cafd0121b7b280a05d83ea046def54,2,2020,100
2,ex2-s5-e1-a1-p04,822db031c141350bdf4c2386109e1e2cd5cafd0121b7b280a05d83ea046def54,2,2021,100
2,ex2-s5-e1-a1-p04,822db031c141350bdf4c2386109e1e2cd5cafd0121b7b280a05d83ea046def54,2,2022,0
2,ex2-s5-e1-a1-p04,822db031c141350bdf4c2386109e1e2cd5cafd0121b7b280a05d83ea046def54,2,2023,100
2,ex2-s5-e1-a1-p04,822db031c141350bdf4c2386109e1e2cd5cafd0121b7b280a05d83ea046def54,2,2024,0
2,ex2-s5-e1-a1-p04,822db031c141350bdf4c2386109e1e2cd5cafd0121b7b280a05d83ea046def54,2,2025,100
2,ex2-s5-e1-a1-p04,822db031c141350bdf4c2386109e1e2cd5cafd0121b7b280a05d83ea046def54,2,2026,0
2,ex2-s5-e1-a1-p04,822db031c141350bdf4c2386109e1e2cd5cafd0121b7b280a05d83ea046def54,2,2027,100
2,ex2-s5-e1-a1-p04,822db031c141350bdf4c2386109e1e2cd5cafd0121b7b280a05d83ea046def54,2,2028,0
2,ex2-s5-e1-a1-p04,822db031c141350bdf4c2386109e1e2cd5cafd0121b7b280a05d83ea046def54,2,2029,100
2,ex2-s5-e1-a1-p04,822db031c141350bdf4c2386109e1e2cd5cafd0121b7b280a05d83ea046def54,2,2030,100
2,ex2-s5-e1-a1-p04,822db031c141350bdf4c2386109e1e2cd5cafd0121b7b280a05d83ea046def54,2,2031,0
2,ex2-s5-e1-a1-p04,822db031c141350bdf4c2386109e1e2cd5cafd0121b7b280a05d83ea046def54,2,2032,100
2,ex2-s5-e1-a1-p04,822db031c141350bdf4c2386109e1e2cd5cafd0121b7b280a05d83ea046def54,2,2033,0
2,ex2-s5-e1-a1-p04,822db031c141350bdf4c2386109e1e2cd5cafd0121b7b280a05d83ea046def54,2,2034,100
2,ex2-s5-e1-a1-p04,822db031c141350bdf4c2386109e1e2cd5cafd0121b7b280a05d83ea046def54,2,2035,0
2,ex2-s5-e1-a1-p04,822db031c141350bdf4c2386109e1e2cd5cafd0121b7b280a05d83ea046def54,2,2036,100
2,ex2-s5-e1-a1-p04,822db031c141350bdf4c2386109e1e2cd5cafd0121b7b280a05d83ea046def54,2,2037,0
2,ex2-s5-e1-a1-p04,822db031c141350bdf4c2386109e1e2cd5cafd0121b7b280a05d83ea046def54,2,2038,100
2,ex2-s5-e1-a1-p04,822db031c141350bdf4c2386109e1e2cd5cafd0121b7b280a05d83ea046def54,2,2039,0
2,ex2-s5-e1-a1-p04,822db031c141350bdf4c2386109e1e2cd5cafd0121b7b280a05d83ea046def54,2,2040,100
2,ex2-s5-e1-a1-p04,822db031c141350bdf4c2386109e1e2cd5cafd0121b7b280a05d83ea046def54,2,2041,100
2,ex2-s5-e1-a1-p04,822db031c141350bdf4c2386109e1e2cd5cafd0121b7b280a05d83ea046def54,2,2042,0
2,ex2-s5-e1-a1-p04,822db031c141350bdf4c2386109e1e2cd5cafd0121b7b280a05d83ea046def54,2,2043,100
2,ex2-s5-e1-a1-p04,822db031c141350bdf4c2386109e1e2cd5cafd0121b7b280a05d83ea046def54,2,2044,0
2,ex2-s5-e1-a1-p04,822db031c141350bdf4c2386109e1e2cd5cafd0121b7b280a05d83ea046def54,2,2045,100
2,ex2-s5-e1-a1-p04,822db031c141350bdf4c2386109e1e2cd5cafd0121b7b280a05d83ea046def54,2,2046,0
2,ex2-s5-e1-a1-p04,822db031c141350bdf4c2386109e1e2cd5cafd0121b7b280a05d83ea046def54,2,2047,100
2,ex2-s5-e1-a1-p04,822db031c141350bdf4c2386109e1e2cd5cafd0121b7b280a05d83ea046def54,2,2048,0
2,ex2-s5-e1-a1-p04,822db031c141350bdf4c2386109e1e2cd5cafd0121b7b280a05d83ea046def54,2,2049,100
2,ex2-s5-e1-a1-p04,822db031c141350bdf4c2386109e1e2cd5cafd0121b7b280a05d83ea046def54,2,2050,100
2,ex2-s5-e1-a1-p04,822db031c141350bdf4c2386109e1e2cd5cafd0121b7b280a05d83ea046def54,2,2051,0
2,ex2-s5-e1-a1-p04,822db031c141350bdf4c2386109e1e2cd5cafd0121b7b280a05d83ea046def54,2,2052,100
2,ex2-s5-e1-a1-p04,822db031c141350bdf4c2386109e1e2cd5cafd0121b7b280a05d83ea046def54,2,2053,0
2,ex2-s5-e1-a1-p04,822db031c141350bdf4c2386109e1e2cd5cafd0121b7b280a05d83ea046def54,2,2054,100
2,ex2-s5-e1-a1-p04,822db031c141350bdf4c2386109e1e2cd5cafd0121b7b280a05d83ea046def54,2,2055,0
2,ex2-s5-e1-a1-p04,822db031c141350bdf4c2386109e1e2cd5cafd0121b7b280a05d83ea046def54,2,2056,100
2,ex2-s5-e1-a1-p04,822db031c141350bdf4c2386109e1e2cd5cafd0121b7b280a05d83ea046def54,2,2057,0
2,ex2-s5-e1-a1-p04,822db031c141350bdf4c2386109e1e2cd5cafd0121b7b280a05d83ea046def54,2,2058,100
2,ex2-s5-e1-a1-p04,822db031c141350bdf4c2386109e1e2cd5cafd0121b7b280a05d83ea046def54,2,2059,0
2,ex2-s5-e1-a1-p04,822db031c141350bdf4c2386109e1e2cd5cafd0121b7b280a05d83ea046def54,2,2060,100
2,ex2-s5-e1-a1-p04,822db031c141350bdf4c2386109e1e2cd5cafd0121b7b280a05d83ea046def54,2,2061,100
2,ex2-s5-e1-a1-p04,822db031c141350bdf4c2386109e1e2cd5cafd0121b7b280a05d83ea046def54,2,2062,0
2,ex2-s5-e1-a1-p04,822db031c141350bdf4c2386109e1e2cd5cafd0121b7b280a05d83ea046def54,2,2063,100
2,ex2-s5-e1-a1-p04,822db031c141350bdf4c2386109e1e2cd5cafd0121b7b280a05d83ea046def54,2,2064,0
2,ex2-s5-e1-a1-p04,822db031c141350bdf4c2386109e1e2cd5cafd0121b7b280a05d83ea046def54,2,2065,100
2,ex2-s5-e1-a1-p04,822db031c141350bdf4c2386109e1e2cd5cafd0121b7b280a05d83ea046def54,2,2066,0
2,ex2-s5-e1-a1-p04,822db031c141350bdf4c2386109e1e2cd5cafd0121b7b280a05d83ea046def54,2,2067,100
2,ex2-s5-e1-a1-p04,822db031c141350bdf4c2386109e1e2cd5cafd0121b7b280a05d83ea046def54,2,2068,0
2,ex2-s5-e1-a1-p04,822db031c141350bdf4c2386109e1e2cd5cafd0121b7b280a05d83ea046def54,2,2069,100
2,ex2-s5-e1-a1-p04,822db031c141350bdf4c2386109e1e2cd5cafd0121b7b280a05d83ea046def54,2,2070,100
2,ex2-s5-e1-a1-p04,822db031c141350bdf4c2386109e1e2cd5cafd0121b7b280a05d83ea046def54,2,2071,0
2,ex2-s5-e1-a1-p04,822db031c141350bdf4c2386109e1e2cd5cafd0121b7b280a05d83ea046def54,2,2072,100
2,ex2-s5-e1-a1-p04,822db031c141350bdf4c2386109e1e2cd5cafd0121b7b280a05d83ea046def54,2,2073,0
2,ex2-s5-e1-a1-p04,822db031c141350bdf4c2386109e1e2cd5cafd0121b7b280a05d83ea046def54,2,2074,100
2,ex2-s5-e1-a1-p04,822db031c141350bdf4c2386109e1e2cd5cafd0121b7b280a05d83ea046def54,2,2075,0
2,ex2-s5-e1-a1-p04,822db031c141350bdf4c2386109e1e2cd5cafd0121b7b280a05d83ea046def54,2,2076,100
2,ex2-s5-e1-a1-p04,822db031c141350bdf4c2386109e1e2cd5cafd0121b7b280a05d83ea046def54,2,2077,0
2,ex2-s5-e1-a1-p04,822db031c141350bdf4c2386109e1e2cd5cafd0121b7b280a05d83ea046def54,2,2078,100
2,ex2-s5-e1-a1-p04,822db031c141350bdf4c2386109e1e2cd5cafd0121b7b280a05d83ea046def54,2,2079,100
2,ex2-s5-e1-a1-p04,822db031c141350bdf4c2386109e1e2cd5cafd0121b7b280a05d83ea046def54,2,2080,0
2,ex2-s5-e1-a1-p04,822db031c141350bdf4c2386109e1e2cd5cafd0121b7b280a05d83ea046def54,2,2081,100
2,ex2-s5-e1-a1-p04,822db031c141350bdf4c2386109e1e2cd5cafd0121b7b280a05d83ea046def54,2,2082,0
2,ex2-s5-e1-a1-p04,822db031c141350bdf4c2386109e1e2cd5cafd0121b7b280a05d83ea046def54,2,2083,100
2,ex2-s5-e1-a1-p04,822db031c141350bdf4c2386109e1e2cd5cafd0121b7b280a05d83ea046def54,2,2084,0
2,ex2-s5-e1-a1-p04,822db031c141350bdf4c2386109e1e2cd5cafd0121b7b280a05d83ea046def54,2,2085,100
2,ex2-s5-e1-a1-p04,822db031c141350bdf4c2386109e1e2cd5cafd0121b7b280a05d83ea046def54,2,2086,0
2,ex2-s5-e1-a1-p04,822db031c141350bdf4c2386109e1e2cd5cafd0121b7b280a05d83ea046def54,2,2087,100
2,ex2-s5-e1-a1-p04,822db031c141350bdf4c2386109e1e2cd5cafd0121b7b280a05d83ea046def54,2,2088,100
2,ex2-s5-e1-a1-p04,822db031c141350bdf4c2386109e1e2cd5cafd0121b7b280a05d83ea046def54,2,2089,0
2,ex2-s5-e1-a1-p04,822db031c141350bdf4c2386109e1e2cd5cafd0121b7b280a05d83ea046def54,2,2090,100
2,ex2-s5-e1-a1-p04,822db031c141350bdf4c2386109e1e2cd5cafd0121b7b280a05d83ea046def54,2,2091,0
2,ex2-s5-e1-a1-p04,822db031c141350bdf4c2386109e1e2cd5cafd0121b7b280a05d83ea046def54,2,2092,100
2,ex2-s5-e1-a1-p04,822db031c141350bdf4c2386109e1e2cd5cafd0121b7b280a05d83ea046def54,2,2093,0
2,ex2-s5-e1-a1-p04,822db031c141350bdf4c2386109e1e2cd5cafd0121b7b280a05d83ea046def54,2,2094,100
2,ex2-s5-e1-a1-p04,822db031c141350bdf4c2386109e1e2cd5cafd0121b7b280a05d83ea046def54,2,2095,0
2,ex2-s5-e1-a1-p04,822db031c141350bdf4c2386109e1e2cd5cafd0121b7b280a05d83ea046def54,2,2096,100
2,ex2-s5-e1-a1-p04,822db031c141350bdf4c2386109e1e2cd5cafd0121b7b280a05d83ea046def54,2,2097,0
2,ex2-s5-e1-a1-p04,822db031c141350bdf4c2386109e1e2cd5cafd0121b7b280a05d83ea046def54,2,2098,100
2,ex2-s5-e1-a1-p04,822db031c141350bdf4c2386109e1e2cd5cafd0121b7b280a05d83ea046def54,2,2099,100
2,ex2-s5-e1-a1-p04,822db031c141350bdf4c2386109e1e2cd5cafd0121b7b280a05d83ea046def54,2,2100,0
2,ex2-s5-e1-a1-p04,822db031c141350bdf4c2386109e1e2cd5cafd0121b7b280a05d83ea046def54,2,2101,100
2,ex2-s5-e1-a1-p04,822db031c141350bdf4c2386109e1e2cd5cafd0121b7b280a05d83ea046def54,2,2102,0
2,ex2-s5-e1-a1-p04,822db031c141350bdf4c2386109e1e2cd5cafd0121b7b280a05d83ea046def54,2,2103,100
2,ex2-s5-e1-a1-p04,822db031c141350bdf4c2386109e1e2cd5cafd0121b7b280a05d83ea046def54,2,2104,0
2,ex2-s5-e1-a1-p04,822db031c141350bdf4c2386109e1e2cd5cafd0121b7b280a05d83ea046def54,2,2105,100
2,ex2-s5-e1-a1-p04,822db031c141350bdf4c2386109e1e2cd5cafd0121b7b280a05d83ea046def54,2,2106,0
2,ex2-s5-e1-a1-p04,822db031c141350bdf4c2386109e1e2cd5cafd0121b7b280a05d83ea046def54,2,2107,100
2,ex2-s5-e1-a1-p04,822db031c141350bdf4c2386109e1e2cd5cafd0121b7b280a05d83ea046def54,2,2108,100
2,ex2-s5-e1-a1-p04,822db031c141350bdf4c2386109e1e2cd5cafd0121b7b280a05d83ea046def54,2,2109,0
2,ex2-s5-e1-a1-p04,822db031c141350bdf4c2386109e1e2cd5cafd0121b7b280a05d83ea046def54,2,2110,100
2,ex2-s5-e1-a1-p04,822db031c141350bdf4c2386109e1e2cd5cafd0121b7b280a05d83ea046def54,2,2111,0
2,ex2-s5-e1-a1-p04,822db031c141350bdf4c2386109e1e2cd5cafd0121b7b280a05d83ea046def54,2,2112,100
2,ex2-s5-e1-a1-p04,822db031c141350bdf4c2386109e1e2cd5cafd0121b7b280a05d83ea046def54,2,2113,0
2,ex2-s5-e1-a1-p04,822db031c141350bdf4c2386109e1e2cd5cafd0121b7b280a05d83ea046def54,2,2114,100
2,ex2-s5-e1-a1-p04,822db031c141350bdf4c2386109e1e2cd5cafd0121b7b280a05d83ea046def54,2,2115,0
2,ex2-s5-e1-a1-p04,822db031c141350bdf4c2386109e1e2cd5cafd0121b7b280a05d83ea046def54,2,2116,100
2,ex2-s5-e1-a1-p04,822db031c141350bdf4c2386109e1e2cd5cafd0121b7b280a05d83ea046def54,2,2117,100
2,ex2-s5-e1-a1-p04,822db031c141350bdf4c2386109e1e2cd5cafd0121b7b280a05d83ea046def54,2,2118,0
2,ex2-s5-e1-a1-p04,822db031c141350bdf4c2386109e1e2cd5cafd0121b7b280a05d83ea046def54,2,2119,100
2,ex2-s5-e1-a1-p04,822db031c141350bdf4c2386109e1e2cd5cafd0121b7b280a05d83ea046def54,2,2120,0
2,ex2-s5-e1-a1-p04,822db031c141350bdf4c2386109e1e2cd5cafd0121b7b280a05d83ea046def54,2,2121,100
2,ex2-s5-e1-a1-p04,822db031c141350bdf4c2386109e1e2cd5cafd0121b7b280a05d83ea046def54,2,2122,100
2,ex2-s5-e1-a1-p04,822db031c141350bdf4c2386109e1e2cd5cafd0121b7b280a05d83ea046def54,2,2123,0
2,ex2-s5-e1-a1-p04,822db031c141350bdf4c2386109e1e2cd5cafd0121b7b280a05d83ea046def54,2,2124,100
2,ex2-s5-e1-a1-p04,822db031c141350bdf4c2386109e1e2cd5cafd0121b7b280a05d83ea046def54,2,2125,0
2,ex2-s5-e1-a1-p04,822db031c141350bdf4c2386109e1e2cd5cafd0121b7b280a05d83ea046def54,2,2126,100
2,ex2-s5-e1-a1-p04,822db031c141350bdf4c2386109e1e2cd5cafd0121b7b280a05d83ea046def54,2,2127,0
2,ex2-s5-e1-a1-p04,822db031c141350bdf4c2386109e1e2cd5cafd0121b7b280a05d83ea046def54,2,2128,100
2,ex2-s5-e1-a1-p04,822db031c141350bdf4c2386109e1e2cd5cafd0121b7b280a05d83ea046def54,2,2129,0
2,ex2-s5-e1-a1-p04,822db031c141350bdf4c2386109e1e2cd5cafd0121b7b280a05d83ea046def54,2,2130,100
2,ex2-s5-e1-a1-p04,822db031c141350bdf4c2386109e1e2cd5cafd0121b7b280a05d83ea046def54,2,2131,0
2,ex2-s5-e1-a1-p04,822db031c141350bdf4c2386109e1e2cd5cafd0121b7b280a05d83ea046def54,2,2132,100
2,ex2-s5-e1-a1-p04,822db031c141350bdf4c2386109e1e2cd5cafd0121b7b280a05d83ea046def54,2,2133,100
2,ex2-s5-e1-a1-p04,822db031c141350bdf4c2386109e1e2cd5cafd0121b7b280a05d83ea046def54,2,2134,0
2,ex2-s5-e1-a1-p04,822db031c141350bdf4c2386109e1e2cd5cafd0121b7b280a05d83ea046def54,2,2135,100
2,ex2-s5-e1-a1-p04,822db031c141350bdf4c2386109e1e2cd5cafd0121b7b280a05d83ea046def54,2,2136,0
2,ex2-s5-e1-a1-p04,822db031c141350bdf4c2386109e1e2cd5cafd0121b7b280a05d83ea046def54,2,2137,100
2,ex2-s5-e1-a1-p04,822db031c141350bdf4c2386109e1e2cd5cafd0121b7b280a05d83ea046def54,2,2138,0
2,ex2-s5-e1-a1-p04,822db031c141350bdf4c2386109e1e2cd5cafd0121b7b280a05d83ea046def54,2,2139,100
2,ex2-s5-e1-a1-p04,822db031c141350bdf4c2386109e1e2cd5cafd0121b7b280a05d83ea046def54,2,2140,0
2,ex2-s5-e1-a1-p04,822db031c141350bdf4c2386109e1e2cd5cafd0121b7b280a05d83ea046def54,2,2141,100
2,ex2-s5-e1-a1-p04,822db031c141350bdf4c2386109e1e2cd5cafd0121b7b280a05d83ea046def54,2,2142,100
2,ex2-s5-e1-a1-p04,822db031c141350bdf4c2386109e1e2cd5cafd0121b7b280a05d83ea046def54,2,2143,0
2,ex2-s5-e1-a1-p04,822db031c141350bdf4c2386109e1e2cd5cafd0121b7b280a05d83ea046def54,2,2144,100
2,ex2-s5-e1-a1-p04,822db031c141350bdf4c2386109e1e2cd5cafd0121b7b280a05d83ea046def54,2,2145,0
2,ex2-s5-e1-a1-p04,822db031c141350bdf4c2386109e1e2cd5cafd0121b7b280a05d83ea046def54,2,2146,100
2,ex2-s5-e1-a1-p04,822db031c141350bdf4c2386109e1e2cd5cafd0121b7b280a05d83ea046def54,2,2147,0
2,ex2-s5-e1-a1-p04,822db031c141350bdf4c2386109e1e2cd5cafd0121b7b280a05d83ea046def54,2,2148,100
2,ex2-s5-e1-a1-p04,822db031c141350bdf4c2386109e1e2cd5cafd0121b7b280a05d83ea046def54,2,2149,0
2,ex2-s5-e1-a1-p04,822db031c141350bdf4c2386109e1e2cd5cafd0121b7b280a05d83ea046def54,2,2150,100
2,ex2-s5-e1-a1-p04,822db031c141350bdf4c2386109e1e2cd5cafd0121b7b280a05d83ea046def54,2,2151,100
2,ex2-s5-e1-a1-p04,822db031c141350bdf4c2386109e1e2cd5cafd0121b7b280a05d83ea046def54,2,2152,0
2,ex2-s5-e1-a1-p04,822db031c141350bdf4c2386109e1e2cd5cafd0121b7b280a05d83ea046def54,2,2153,100
2,ex2-s5-e1-a1-p04,822db031c141350bdf4c2386109e1e2cd5cafd0121b7b280a05d83ea046def54,2,2154,0
2,ex2-s5-e1-a1-p04,822db031c141350bdf4c2386109e1e2cd5cafd0121b7b280a05d83ea046def54,2,2155,100
2,ex2-s5-e1-a1-p04,822db031c141350bdf4c2386109e1e2cd5cafd0121b7b280a05d83ea046def54,2,2156,0
2,ex2-s5-e1-a1-p04,822db031c141350bdf4c2386109e1e2cd5cafd0121b7b280a05d83ea046def54,2,2157,100
2,ex2-s5-e1-a1-p04,822db031c141350bdf4c2386109e1e2cd5cafd0121b7b280a05d83ea046def54,2,2158,0
2,ex2-s5-e1-a1-p04,822db031c141350bdf4c2386109e1e2cd5cafd0121b7b280a05d83ea046def54,2,2159,100
2,ex2-s5-e1-a1-p04,822db031c141350bdf4c2386109e1e2cd5cafd0121b7b280a05d83ea046def54,2,2160,0
2,ex2-s5-e1-a1-p04,822db031c141350bdf4c2386109e1e2cd5cafd0121b7b280a05d83ea046def54,2,2161,100
2,ex2-s5-e1-a1-p04,822db031c141350bdf4c2386109e1e2cd5cafd0121b7b280a05d83ea046def54,2,2162,100
2,ex2-s5-e1-a1-p04,822db031c141350bdf4c2386109e1e2cd5cafd0121b7b280a05d83ea046def54,2,2163,0
2,ex2-s5-e1-a1-p04,822db031c141350bdf4c2386109e1e2cd5cafd0121b7b280a05d83ea046def54,2,2164,100
2,ex2-s5-e1-a1-p04,822db031c141350bdf4c2386109e1e2cd5cafd0121b7b280a05d83ea046def54,2,2165,0
2,ex2-s5-e1-a1-p04,822db031c141350bdf4c2386109e1e2cd5cafd0121b7b280a05d83ea046def54,2,2166,100
2,ex2-s5-e1-a1-p04,822db031c141350bdf4c2386109e1e2cd5cafd0121b7b280a05d83ea046def54,2,2167,0
2,ex2-s5-e1-a1-p04,822db031c141350bdf4c2386109e1e2cd5cafd0121b7b280a05d83ea046def54,2,2168,100
2,ex2-s5-e1-a1-p04,822db031c141350bdf4c2386109e1e2cd5cafd0121b7b280a05d83ea046def54,2,2169,0
2,ex2-s5-e1-a1-p04,822db031c141350bdf4c2386109e1e2cd5cafd0121b7b280a05d83ea046def54,2,2170,100
2,ex2-s5-e1-a1-p04,822db031c141350bdf4c2386109e1e2cd5cafd0121b7b280a05d83ea046def54,2,2171,100
2,ex2-s5-e1-a1-p04,822db031c141350bdf4c2386109e1e2cd5cafd0121b7b280a05d83ea046def54,2,2172,0
2,ex2-s5-e1-a1-p04,822db031c141350bdf4c2386109e1e2cd5cafd0121b7b280a05d83ea046def54,2,2173,100
2,ex2-s5-e1-a1-p04,822db031c141350bdf4c2386109e1e2cd5cafd0121b7b280a05d83ea046def54,2,2174,0
2,ex2-s5-e1-a1-p04,822db031c141350bdf4c2386109e1e2cd5cafd0121b7b280a05d83ea046def54,2,2175,100
2,ex2-s5-e1-a1-p04,822db031c141350bdf4c2386109e1e2cd5cafd0121b7b280a05d83ea046def54,2,2176,0
2,ex2-s5-e1-a1-p04,822db031c141350bdf4c2386109e1e2cd5cafd0121b7b280a05d83ea046def54,2,2177,100
2,ex2-s5-e1-a1-p04,822db031c141350bdf4c2386109e1e2cd5cafd0121b7b280a05d83ea046def54,2,2178,0
2,ex2-s5-e1-a1-p04,822db031c141350bdf4c2386109e1e2cd5cafd0121b7b280a05d83ea046def54,2,2179,100
2,ex2-s5-e1-a1-p04,822db031c141350bdf4c2386109e1e2cd5cafd0121b7b280a05d83ea046def54,2,2180,100
2,ex2-s5-e1-a1-p04,822db031c141350bdf4c2386109e1e2cd5cafd0121b7b280a05d83ea046def54,2,2181,0
2,ex2-s5-e1-a1-p04,822db031c141350bdf4c2386109e1e2cd5cafd0121b7b280a05d83ea046def54,2,2182,100
2,ex2-s5-e1-a1-p04,822db031c141350bdf4c2386109e1e2cd5cafd0121b7b280a05d83ea046def54,2,2183,0
2,ex2-s5-e1-a1-p04,822db031c141350bdf4c2386109e1e2cd5cafd0121b7b280a05d83ea046def54,2,2184,100
2,ex2-s5-e1-a1-p04,822db031c141350bdf4c2386109e1e2cd5cafd0121b7b280a05d83ea046def54,2,2185,0
2,ex2-s5-e1-a1-p04,822db031c141350bdf4c2386109e1e2cd5cafd0121b7b280a05d83ea046def54,2,2186,100
2,ex2-s5-e1-a1-p04,822db031c141350bdf4c2386109e1e2cd5cafd0121b7b280a05d83ea046def54,2,2187,0
2,ex2-s5-e1-a1-p04,822db031c141350bdf4c2386109e1e2cd5cafd0121b7b280a05d83ea046def54,2,2188,100
2,ex2-s5-e1-a1-p04,822db031c141350bdf4c2386109e1e2cd5cafd0121b7b280a05d83ea046def54,2,2189,0
2,ex2-s5-e1-a1-p04,822db031c141350bdf4c2386109e1e2cd5cafd0121b7b280a05d83ea046def54,2,2190,100
2,ex2-s5-e1-a1-p04,822db031c141350bdf4c2386109e1e2cd5cafd0121b7b280a05d83ea046def54,2,2191,100
2,ex2-s5-e1-a1-p04,822db031c141350bdf4c2386109e1e2cd5cafd0121b7b280a05d83ea046def54,2,2192,0
2,ex2-s5-e1-a1-p04,822db031c141350bdf4c2386109e1e2cd5cafd0121b7b280a05d83ea046def54,2,2193,100
2,ex2-s5-e1-a1-p04,822db031c141350bdf4c2386109e1e2cd5cafd0121b7b280a05d83ea046def54,2,2194,0
2,ex2-s5-e1-a1-p04,822db031c141350bdf4c2386109e1e2cd5cafd0121b7b280a05d83ea046def54,2,2195,100
2,ex2-s5-e1-a1-p04,822db031c141350bdf4c2386109e1e2cd5cafd0121b7b280a05d83ea046def54,2,2196,0
2,ex2-s5-e1-a1-p04,822db031c141350bdf4c2386109e1e2cd5cafd0121b7b280a05d83ea046def54,2,2197,100
2,ex2-s5-e1-a1-p04,822db031c141350bdf4c2386109e1e2cd5cafd0121b7b280a05d83ea046def54,2,2198,0
2,ex2-s5-e1-a1-p04,822db031c141350bdf4c2386109e1e2cd5cafd0121b7b280a05d83ea046def54,2,2199,100
2,ex2-s5-e1-a1-p04,822db031c141350bdf4c2386109e1e2cd5cafd0121b7b280a05d83ea046def54,2,2200,100
2,ex2-s5-e1-a1-p04,822db031c141350bdf4c2386109e1e2cd5cafd0121b7b280a05d83ea046def54,2,2201,0
2,ex2-s5-e1-a1-p04,822db031c141350bdf4c2386109e1e2cd5cafd0121b7b280a05d83ea046def54,2,2202,100
2,ex2-s5-e1-a1-p04,822db031c141350bdf4c2386109e1e2cd5cafd0121b7b280a05d83ea046def54,2,2203,0
2,ex2-s5-e1-a1-p04,822db031c141350bdf4c2386109e1e2cd5cafd0121b7b280a05d83ea046def54,2,2204,100
2,ex2-s5-e1-a1-p04,822db031c141350bdf4c2386109e1e2cd5cafd0121b7b280a05d83ea046def54,2,2205,0
2,ex2-s5-e1-a1-p04,822db031c141350bdf4c2386109e1e2cd5cafd0121b7b280a05d83ea046def54,2,2206,100
2,ex2-s5-e1-a1-p04,822db031c141350bdf4c2386109e1e2cd5cafd0121b7b280a05d83ea046def54,2,2207,0
2,ex2-s5-e1-a1-p04,822db031c141350bdf4c2386109e1e2cd5cafd0121b7b280a05d83ea046def54,2,2208,100
2,ex2-s5-e1-a1-p04,822db031c141350bdf4c2386109e1e2cd5cafd0121b7b280a05d83ea046def54,2,2209,100
2,ex2-s5-e1-a1-p04,822db031c141350bdf4c2386109e1e2cd5cafd0121b7b280a05d83ea046def54,2,2210,0
2,ex2-s5-e1-a1-p04,822db031c141350bdf4c2386109e1e2cd5cafd0121b7b280a05d83ea046def54,2,2211,100
2,ex2-s5-e1-a1-p04,822db031c141350bdf4c2386109e1e2cd5cafd0121b7b280a05d83ea046def54,2,2212,0
2,ex2-s5-e1-a1-p04,822db031c141350bdf4c2386109e1e2cd5cafd0121b7b280a05d83ea046def54,2,2213,100
2,ex2-s5-e1-a1-p04,822db031c141350bdf4c2386109e1e2cd5cafd0121b7b280a05d83ea046def54,2,2214,0
2,ex2-s5-e1-a1-p04,822db031c141350bdf4c2386109e1e2cd5cafd0121b7b280a05d83ea046def54,2,2215,100
2,ex2-s5-e1-a1-p04,822db031c141350bdf4c2386109e1e2cd5cafd0121b7b280a05d83ea046def54,2,2216,0
2,ex2-s5-e1-a1-p04,822db031c141350bdf4c2386109e1e2cd5cafd0121b7b280a05d83ea046def54,2,2217,100
2,ex2-s5-e1-a1-p04,822db031c141350bdf4c2386109e1e2cd5cafd0121b7b280a05d83ea046def54,2,2218,100
2,ex2-s5-e1-a1-p04,822db031c141350bdf4c2386109e1e2cd5cafd0121b7b280a05d83ea046def54,2,2219,0
2,ex2-s5-e1-a1-p04,822db031c141350bdf4c2386109e1e2cd5cafd0121b7b280a05d83ea046def54,2,2220,100
2,ex2-s5-e1-a1-p04,822db031c141350bdf4c2386109e1e2cd5cafd0121b7b280a05d83ea046def54,2,2221,0
2,ex2-s5-e1-a1-p04,822db031c141350bdf4c2386109e1e2cd5cafd0121b7b280a05d83ea046def54,2,2222,100
2,ex2-s5-e1-a1-p04,822db031c141350bdf4c2386109e1e2cd5cafd0121b7b280a05d83ea046def54,2,2223,0
2,ex2-s5-e1-a1-p04,822db031c141350bdf4c2386109e1e2cd5cafd0121b7b280a05d83ea046def54,2,2224,100
2,ex2-s5-e1-a1-p04,822db031c141350bdf4c2386109e1e2cd5cafd0121b7b280a05d83ea046def54,2,2225,0
2,ex2-s5-e1-a1-p04,822db031c141350bdf4c2386109e1e2cd5cafd0121b7b280a05d83ea046def54,2,2226,100
2,ex2-s5-e1-a1-p04,822db031c141350bdf4c2386109e1e2cd5cafd0121b7b280a05d83ea046def54,2,2227,0
2,ex2-s5-e1-a1-p04,822db031c141350bdf4c2386109e1e2cd5cafd0121b7b280a05d83ea046def54,2,2228,100
2,ex2-s5-e1-a1-p04,822db031c141350bdf4c2386109e1e2cd5cafd0121b7b280a05d83ea046def54,2,2229,100
2,ex2-s5-e1-a1-p04,822db031c141350bdf4c2386109e1e2cd5cafd0121b7b280a05d83ea046def54,2,2230,0
2,ex2-s5-e1-a1-p04,822db031c141350bdf4c2386109e1e2cd5cafd0121b7b280a05d83ea046def54,2,2231,100
2,ex2-s5-e1-a1-p04,822db031c141350bdf4c2386109e1e2cd5cafd0121b7b280a05d83ea046def54,2,2232,0
2,ex2-s5-e1-a1-p04,822db031c141350bdf4c2386109e1e2cd5cafd0121b7b280a05d83ea046def54,2,2233,100
2,ex2-s5-e1-a1-p04,822db031c141350bdf4c2386109e1e2cd5cafd0121b7b280a05d83ea046def54,2,2234,0
2,ex2-s5-e1-a1-p04,822db031c141350bdf4c2386109e1e2cd5cafd0121b7b280a05d83ea046def54,2,2235,100
2,ex2-s5-e1-a1-p04,822db031c141350bdf4c2386109e1e2cd5cafd0121b7b280a05d83ea046def54,2,2236,0
2,ex2-s5-e1-a1-p04,822db031c141350bdf4c2386109e1e2cd5cafd0121b7b280a05d83ea046def54,2,2237,100
2,ex2-s5-e1-a1-p04,822db031c141350bdf4c2386109e1e2cd5cafd0121b7b280a05d83ea046def54,2,2238,100
2,ex2-s5-e1-a1-p04,822db031c141350bdf4c2386109e1e2cd5cafd0121b7b280a05d83ea046def54,2,2239,0
2,ex2-s5-e1-a1-p04,822db031c141350bdf4c2386109e1e2cd5cafd0121b7b280a05d83ea046def54,2,2240,100
2,ex2-s5-e1-a1-p04,822db031c141350bdf4c2386109e1e2cd5cafd0121b7b280a05d83ea046def54,2,2241,0
2,ex2-s5-e1-a1-p04,822db031c141350bdf4c2386109e1e2cd5cafd0121b7b280a05d83ea046def54,2,2242,100
2,ex2-s5-e1-a1-p04,822db031c141350bdf4c2386109e1e2cd5cafd0121b7b280a05d83ea046def54,2,2243,0
2,ex2-s5-e1-a1-p04,822db031c141350bdf4c2386109e1e2cd5cafd0121b7b280a05d83ea046def54,2,2244,100
2,ex2-s5-e1-a1-p04,822db031c141350bdf4c2386109e1e2cd5cafd0121b7b280a05d83ea046def54,2,2245,0
2,ex2-s5-e1-a1-p04,822db031c141350bdf4c2386109e1e2cd5cafd0121b7b280a05d83ea046def54,2,2246,100
2,ex2-s5-e1-a1-p04,822db031c141350bdf4c2386109e1e2cd5cafd0121b7b280a05d83ea046def54,2,2247,100
2,ex2-s5-e1-a1-p04,822db031c141350bdf4c2386109e1e2cd5cafd0121b7b280a05d83ea046def54,2,2248,0
2,ex2-s5-e1-a1-p04,822db031c141350bdf4c2386109e1e2cd5cafd0121b7b280a05d83ea046def54,2,2249,100
2,ex2-s5-e1-a1-p04,822db031c141350bdf4c2386109e1e2cd5cafd0121b7b280a05d83ea046def54,2,2250,0
2,ex2-s5-e1-a1-p04,822db031c141350bdf4c2386109e1e2cd5cafd0121b7b280a05d83ea046def54,2,2251,100
2,ex2-s5-e1-a1-p04,822db031c141350bdf4c2386109e1e2cd5cafd0121b7b280a05d83ea046def54,2,2252,0
2,ex2-s5-e1-a1-p04,822db031c141350bdf4c2386109e1e2cd5cafd0121b7b280a05d83ea046def54,2,2253,100
2,ex2-s5-e1-a1-p04,822db031c141350bdf4c2386109e1e2cd5cafd0121b7b280a05d83ea046def54,2,2254,0
2,ex2-s5-e1-a1-p04,822db031c141350bdf4c2386109e1e2cd5cafd0121b7b280a05d83ea046def54,2,2255,100
2,ex2-s5-e1-a1-p04,822db031c141350bdf4c2386109e1e2cd5cafd0121b7b280a05d83ea046def54,2,2256,0
2,ex2-s5-e1-a1-p04,822db031c141350bdf4c2386109e1e2cd5cafd0121b7b280a05d83ea046def54,2,2257,100
2,ex2-s5-e1-a1-p04,822db031c141350bdf4c2386109e1e2cd5cafd0121b7b280a05d83ea046def54,2,2258,100
2,ex2-s5-e1-a1-p04,822db031c141350bdf4c2386109e1e2cd5cafd0121b7b280a05d83ea046def54,2,2259,0
2,ex2-s5-e1-a1-p04,822db031c141350bdf4c2386109e1e2cd5cafd0121b7b280a05d83ea046def54,2,2260,100
2,ex2-s5-e1-a1-p04,822db031c141350bdf4c2386109e1e2cd5cafd0121b7b280a05d83ea046def54,2,2261,0
2,ex2-s5-e1-a1-p04,822db031c141350bdf4c2386109e1e2cd5cafd0121b7b280a05d83ea046def54,2,2262,100
2,ex2-s5-e1-a1-p04,822db031c141350bdf4c2386109e1e2cd5cafd0121b7b280a05d83ea046def54,2,2263,0
2,ex2-s5-e1-a1-p04,822db031c141350bdf4c2386109e1e2cd5cafd0121b7b280a05d83ea046def54,2,2264,100
2,ex2-s5-e1-a1-p04,822db031c141350bdf4c2386109e1e2cd5cafd0121b7b280a05d83ea046def54,2,2265,0
2,ex2-s5-e1-a1-p04,822db031c141350bdf4c2386109e1e2cd5cafd0121b7b280a05d83ea046def54,2,2266,100
2,ex2-s5-e1-a1-p04,822db031c141350bdf4c2386109e1e2cd5cafd0121b7b280a05d83ea046def54,2,2267,100
2,ex2-s5-e1-a1-p04,822db031c141350bdf4c2386109e1e2cd5cafd0121b7b280a05d83ea046def54,2,2268,0
2,ex2-s5-e1-a1-p04,822db031c141350bdf4c2386109e1e2cd5cafd0121b7b280a05d83ea046def54,2,2269,100
2,ex2-s5-e1-a1-p04,822db031c141350bdf4c2386109e1e2cd5cafd0121b7b280a05d83ea046def54,2,2270,0
2,ex2-s5-e1-a1-p04,822db031c141350bdf4c2386109e1e2cd5cafd0121b7b280a05d83ea046def54,2,2271,100
2,ex2-s5-e1-a1-p04,822db031c141350bdf4c2386109e1e2cd5cafd0121b7b280a05d83ea046def54,2,2272,0
2,ex2-s5-e1-a1-p04,822db031c141350bdf4c2386109e1e2cd5cafd0121b7b280a05d83ea046def54,2,2273,100
2,ex2-s5-e1-a1-p04,822db031c141350bdf4c2386109e1e2cd5cafd0121b7b280a05d83ea046def54,2,2274,0
2,ex2-s5-e1-a1-p04,822db031c141350bdf4c2386109e1e2cd5cafd0121b7b280a05d83ea046def54,2,2275,100
2,ex2-s5-e1-a1-p04,822db031c141350bdf4c2386109e1e2cd5cafd0121b7b280a05d83ea046def54,2,2276,100
2,ex2-s5-e1-a1-p04,822db031c141350bdf4c2386109e1e2cd5cafd0121b7b280a05d83ea046def54,2,2277,0
2,ex2-s5-e1-a1-p04,822db031c141350bdf4c2386109e1e2cd5cafd0121b7b280a05d83ea046def54,2,2278,100
2,ex2-s5-e1-a1-p04,822db031c141350bdf4c2386109e1e2cd5cafd0121b7b280a05d83ea046def54,2,2279,0
2,ex2-s5-e1-a1-p04,822db031c141350bdf4c2386109e1e2cd5cafd0121b7b280a05d83ea046def54,2,2280,100
2,ex2-s5-e1-a1-p04,822db031c141350bdf4c2386109e1e2cd5cafd0121b7b280a05d83ea046def54,2,2281,0
2,ex2-s5-e1-a1-p04,822db031c141350bdf4c2386109e1e2cd5cafd0121b7b280a05d83ea046def54,2,2282,100
2,ex2-s5-e1-a1-p04,822db031c141350bdf4c2386109e1e2cd5cafd0121b7b280a05d83ea046def54,2,2283,0
2,ex2-s5-e1-a1-p04,822db031c141350bdf4c2386109e1e2cd5cafd0121b7b280a05d83ea046def54,2,2284,100
2,ex2-s5-e1-a1-p04,822db031c141350bdf4c2386109e1e2cd5cafd0121b7b280a05d83ea046def54,2,2285,100
2,ex2-s5-e1-a1-p04,822db031c141350bdf4c2386109e1e2cd5cafd0121b7b280a05d83ea046def54,2,2286,0
2,ex2-s5-e1-a1-p04,822db031c141350bdf4c2386109e1e2cd5cafd0121b7b280a05d83ea046def54,2,2287,100
2,ex2-s5-e1-a1-p04,822db031c141350bdf4c2386109e1e2cd5cafd0121b7b280a05d83ea046def54,2,2288,0
2,ex2-s5-e1-a1-p04,822db031c141350bdf4c2386109e1e2cd5cafd0121b7b280a05d83ea046def54,2,2289,100
2,ex2-s5-e1-a1-p04,822db031c141350bdf4c2386109e1e2cd5cafd0121b7b280a05d83ea046def54,2,2290,0
2,ex2-s5-e1-a1-p04,822db031c141350bdf4c2386109e1e2cd5cafd0121b7b280a05d83ea046def54,2,2291,100
2,ex2-s5-e1-a1-p04,822db031c141350bdf4c2386109e1e2cd5cafd0121b7b280a05d83ea046def54,2,2292,0
2,ex2-s5-e1-a1-p04,822db031c141350bdf4c2386109e1e2cd5cafd0121b7b280a05d83ea046def54,2,2293,100
2,ex2-s5-e1-a1-p04,822db031c141350bdf4c2386109e1e2cd5cafd0121b7b280a05d83ea046def54,2,2294,0
2,ex2-s5-e1-a1-p04,822db031c141350bdf4c2386109e1e2cd5cafd0121b7b280a05d83ea046def54,2,2295,100
2,ex2-s5-e1-a1-p04,822db031c141350bdf4c2386109e1e2cd5cafd0121b7b280a05d83ea046def54,2,2296,100
2,ex2-s5-e1-a1-p04,822db031c141350bdf4c2386109e1e2cd5cafd0121b7b280a05d83ea046def54,2,2297,0
2,ex2-s5-e1-a1-p04,822db031c141350bdf4c2386109e1e2cd5cafd0121b7b280a05d83ea046def54,2,2298,100
2,ex2-s5-e1-a1-p04,822db031c141350bdf4c2386109e1e2cd5cafd0121b7b280a05d83ea046def54,2,2299,0
2,ex2-s5-e1-a1-p04,822db031c141350bdf4c2386109e1e2cd5cafd0121b7b280a05d83ea046def54,2,2300,100
2,ex2-s5-e1-a1-p04,822db031c141350bdf4c2386109e1e2cd5cafd0121b7b280a05d83ea046def54,2,2301,0
2,ex2-s5-e1-a1-p04,822db031c141350bdf4c2386109e1e2cd5cafd0121b7b280a05d83ea046def54,2,2302,100
2,ex2-s5-e1-a1-p04,822db031c141350bdf4c2386109e1e2cd5cafd0121b7b280a05d83ea046def54,2,2303,0
2,ex2-s5-e1-a1-p04,822db031c141350bdf4c2386109e1e2cd5cafd0121b7b280a05d83ea046def54,2,2304,100
2,ex2-s5-e1-a1-p04,822db031c141350bdf4c2386109e1e2cd5cafd0121b7b280a05d83ea046def54,2,2305,100
2,ex2-s5-e1-a1-p04,822db031c141350bdf4c2386109e1e2cd5cafd0121b7b280a05d83ea046def54,2,2306,0
2,ex2-s5-e1-a1-p04,822db031c141350bdf4c2386109e1e2cd5cafd0121b7b280a05d83ea046def54,2,2307,100
2,ex2-s5-e1-a1-p04,822db031c141350bdf4c2386109e1e2cd5cafd0121b7b280a05d83ea046def54,2,2308,0
2,ex2-s5-e1-a1-p04,822db031c141350bdf4c2386109e1e2cd5cafd0121b7b280a05d83ea046def54,2,2309,100
2,ex2-s5-e1-a1-p04,822db031c141350bdf4c2386109e1e2cd5cafd0121b7b280a05d83ea046def54,2,2310,0
2,ex2-s5-e1-a1-p04,822db031c141350bdf4c2386109e1e2cd5cafd0121b7b280a05d83ea046def54,2,2311,100
2,ex2-s5-e1-a1-p04,822db031c141350bdf4c2386109e1e2cd5cafd0121b7b280a05d83ea046def54,2,2312,0
2,ex2-s5-e1-a1-p04,822db031c141350bdf4c2386109e1e2cd5cafd0121b7b280a05d83ea046def54,2,2313,100
2,ex2-s5-e1-a1-p04,822db031c141350bdf4c2386109e1e2cd5cafd0121b7b280a05d83ea046def54,2,2314,0
2,ex2-s5-e1-a1-p04,822db031c141350bdf4c2386109e1e2cd5cafd0121b7b280a05d83ea046def54,2,2315,100
2,ex2-s5-e1-a1-p04,822db031c141350bdf4c2386109e1e2cd5cafd0121b7b280a05d83ea046def54,2,2316,100
2,ex2-s5-e1-a1-p04,822db031c141350bdf4c2386109e1e2cd5cafd0121b7b280a05d83ea046def54,2,2317,0
2,ex2-s5-e1-a1-p04,822db031c141350bdf4c2386109e1e2cd5cafd0121b7b280a05d83ea046def54,2,2318,100
2,ex2-s5-e1-a1-p04,822db031c141350bdf4c2386109e1e2cd5cafd0121b7b280a05d83ea046def54,2,2319,0
2,ex2-s5-e1-a1-p04,822db031c141350bdf4c2386109e1e2cd5cafd0121b7b280a05d83ea046def54,2,2320,100
2,ex2-s5-e1-a1-p04,822db031c141350bdf4c2386109e1e2cd5cafd0121b7b280a05d83ea046def54,2,2321,0
2,ex2-s5-e1-a1-p04,822db031c141350bdf4c2386109e1e2cd5cafd0121b7b280a05d83ea046def54,2,2322,100
2,ex2-s5-e1-a1-p04,822db031c141350bdf4c2386109e1e2cd5cafd0121b7b280a05d83ea046def54,2,2323,0
2,ex2-s5-e1-a1-p04,822db031c141350bdf4c2386109e1e2cd5cafd0121b7b280a05d83ea046def54,2,2324,100
2,ex2-s5-e1-a1-p04,822db031c141350bdf4c2386109e1e2cd5cafd0121b7b280a05d83ea046def54,2,2325,100
2,ex2-s5-e1-a1-p04,822db031c141350bdf4c2386109e1e2cd5cafd0121b7b280a05d83ea046def54,2,2326,0
2,ex2-s5-e1-a1-p04,822db031c141350bdf4c2386109e1e2cd5cafd0121b7b280a05d83ea046def54,2,2327,100
2,ex2-s5-e1-a1-p04,822db031c141350bdf4c2386109e1e2cd5cafd0121b7b280a05d83ea046def54,2,2328,0
2,ex2-s5-e1-a1-p04,822db031c141350bdf4c2386109e1e2cd5cafd0121b7b280a05d83ea046def54,2,2329,100
2,ex2-s5-e1-a1-p04,822db031c141350bdf4c2386109e1e2cd5cafd0121b7b280a05d83ea046def54,2,2330,0
2,ex2-s5-e1-a1-p04,822db031c141350bdf4c2386109e1e2cd5cafd0121b7b280a05d83ea046def54,2,2331,100
2,ex2-s5-e1-a1-p04,822db031c141350bdf4c2386109e1e2cd5cafd0121b7b280a05d83ea046def54,2,2332,0
2,ex2-s5-e1-a1-p04,822db031c141350bdf4c2386109e1e2cd5cafd0121b7b280a05d83ea046def54,2,2333,100
2,ex2-s5-e1-a1-p04,822db031c141350bdf4c2386109e1e2cd5cafd0121b7b280a05d83ea046def54,2,2334,0
2,ex2-s5-e1-a1-p04,822db031c141350bdf4c2386109e1e2cd5cafd0121b7b280a05d83ea046def54,2,2335,100
2,ex2-s5-e1-a1-p04,822db031c141350bdf4c2386109e1e2cd5cafd0121b7b280a05d83ea046def54,2,2336,100
2,ex2-s5-e1-a1-p04,822db031c141350bdf4c2386109e1e2cd5cafd0121b7b280a05d83ea046def54,2,2337,0
2,ex2-s5-e1-a1-p04,822db031c141350bdf4c2386109e1e2cd5cafd0121b7b280a05d83ea046def54,2,2338,100
2,ex2-s5-e1-a1-p04,822db031c141350bdf4c2386109e1e2cd5cafd0121b7b280a05d83ea046def54,2,2339,0
2,ex2-s5-e1-a1-p04,822db031c141350bdf4c2386109e1e2cd5cafd0121b7b280a05d83ea046def54,2,2340,100
2,ex2-s5-e1-a1-p04,822db031c141350bdf4c2386109e1e2cd5cafd0121b7b280a05d83ea046def54,2,2341,0
2,ex2-s5-e1-a1-p04,822db031c141350bdf4c2386109e1e2cd5cafd0121b7b280a05d83ea046def54,2,2342,100
2,ex2-s5-e1-a1-p04,822db031c141350bdf4c2386109e1e2cd5cafd0121b7b280a05d83ea046def54,2,2343,0
2,ex2-s5-e1-a1-p04,822db031c141350bdf4c2386109e1e2cd5cafd0121b7b280a05d83ea046def54,2,2344,100
2,ex2-s5-e1-a1-p04,822db031c141350bdf4c2386109e1e2cd5cafd0121b7b280a05d83ea046def54,2,2345,100
2,ex2-s5-e1-a1-p04,822db031c141350bdf4c2386109e1e2cd5cafd0121b7b280a05d83ea046def54,2,2346,0
2,ex2-s5-e1-a1-p04,822db031c141350bdf4c2386109e1e2cd5cafd0121b7b280a05d83ea046def54,2,2347,100
2,ex2-s5-e1-a1-p04,822db031c141350bdf4c2386109e1e2cd5cafd0121b7b280a05d83ea046def54,2,2348,0
2,ex2-s5-e1-a1-p04,822db031c141350bdf4c2386109e1e2cd5cafd0121b7b280a05d83ea046def54,2,2349,100
2,ex2-s5-e1-a1-p04,822db031c141350bdf4c2386109e1e2cd5cafd0121b7b280a05d83ea046def54,2,2350,0
2,ex2-s5-e1-a1-p04,822db031c141350bdf4c2386109e1e2cd5cafd0121b7b280a05d83ea046def54,2,2351,100
2,ex2-s5-e1-a1-p04,822db031c141350bdf4c2386109e1e2cd5cafd0121b7b280a05d83ea046def54,2,2352,0
2,ex2-s5-e1-a1-p04,822db031c141350bdf4c2386109e1e2cd5cafd0121b7b280a05d83ea046def54,2,2353,100
2,ex2-s5-e1-a1-p04,822db031c141350bdf4c2386109e1e2cd5cafd0121b7b280a05d83ea046def54,2,2354,100
2,ex2-s5-e1-a1-p04,822db031c141350bdf4c2386109e1e2cd5cafd0121b7b280a05d83ea046def54,2,2355,0
2,ex2-s5-e1-a1-p04,822db031c141350bdf4c2386109e1e2cd5cafd0121b7b280a05d83ea046def54,2,2356,100
2,ex2-s5-e1-a1-p04,822db031c141350bdf4c2386109e1e2cd5cafd0121b7b280a05d83ea046def54,2,2357,0
2,ex2-s5-e1-a1-p04,822db031c141350bdf4c2386109e1e2cd5cafd0121b7b280a05d83ea046def54,2,2358,100
2,ex2-s5-e1-a1-p04,822db031c141350bdf4c2386109e1e2cd5cafd0121b7b280a05d83ea046def54,2,2359,0
2,ex2-s5-e1-a1-p04,822db031c141350bdf4c2386109e1e2cd5cafd0121b7b280a05d83ea046def54,2,2360,100
2,ex2-s5-e1-a1-p04,822db031c141350bdf4c2386109e1e2cd5cafd0121b7b280a05d83ea046def54,2,2361,0
2,ex2-s5-e1-a1-p04,822db031c141350bdf4c2386109e1e2cd5cafd0121b7b280a05d83ea046def54,2,2362,100
2,ex2-s5-e1-a1-p04,822db031c141350bdf4c2386109e1e2cd5cafd0121b7b280a05d83ea046def54,2,2363,0
2,ex2-s5-e1-a1-p04,822db031c141350bdf4c2386109e1e2cd5cafd0121b7b280a05d83ea046def54,2,2364,100
2,ex2-s5-e1-a1-p04,822db031c141350bdf4c2386109e1e2cd5cafd0121b7b280a05d83ea046def54,2,2365,100
2,ex2-s5-e1-a1-p04,822db031c141350bdf4c2386109e1e2cd5cafd0121b7b280a05d83ea046def54,2,2366,0
2,ex2-s5-e1-a1-p04,822db031c141350bdf4c2386109e1e2cd5cafd0121b7b280a05d83ea046def54,2,2367,100
2,ex2-s5-e1-a1-p04,822db031c141350bdf4c2386109e1e2cd5cafd0121b7b280a05d83ea046def54,2,2368,0
2,ex2-s5-e1-a1-p04,822db031c141350bdf4c2386109e1e2cd5cafd0121b7b280a05d83ea046def54,2,2369,100
2,ex2-s5-e1-a1-p04,822db031c141350bdf4c2386109e1e2cd5cafd0121b7b280a05d83ea046def54,2,2370,0
2,ex2-s5-e1-a1-p04,822db031c141350bdf4c2386109e1e2cd5cafd0121b7b280a05d83ea046def54,2,2371,100
2,ex2-s5-e1-a1-p04,822db031c141350bdf4c2386109e1e2cd5cafd0121b7b280a05d83ea046def54,2,2372,0
2,ex2-s5-e1-a1-p04,822db031c141350bdf4c2386109e1e2cd5cafd0121b7b280a05d83ea046def54,2,2373,100
2,ex2-s5-e1-a1-p04,822db031c141350bdf4c2386109e1e2cd5cafd0121b7b280a05d83ea046def54,2,2374,100
2,ex2-s5-e1-a1-p04,822db031c141350bdf4c2386109e1e2cd5cafd0121b7b280a05d83ea046def54,2,2375,0
2,ex2-s5-e1-a1-p04,822db031c141350bdf4c2386109e1e2cd5cafd0121b7b280a05d83ea046def54,2,2376,100
2,ex2-s5-e1-a1-p04,822db031c141350bdf4c2386109e1e2cd5cafd0121b7b280a05d83ea046def54,2,2377,0
2,ex2-s5-e1-a1-p04,822db031c141350bdf4c2386109e1e2cd5cafd0121b7b280a05d83ea046def54,2,2378,100
2,ex2-s5-e1-a1-p04,822db031c141350bdf4c2386109e1e2cd5cafd0121b7b280a05d83ea046def54,2,2379,0
2,ex2-s5-e1-a1-p04,822db031c141350bdf4c2386109e1e2cd5cafd0121b7b280a05d83ea046def54,2,2380,100
2,ex2-s5-e1-a1-p04,822db031c141350bdf4c2386109e1e2cd5cafd0121b7b280a05d83ea046def54,2,2381,0
2,ex2-s5-e1-a1-p04,822db031c141350bdf4c2386109e1e2cd5cafd0121b7b280a05d83ea046def54,2,2382,100
2,ex2-s5-e1-a1-p04,822db031c141350bdf4c2386109e1e2cd5cafd0121b7b280a05d83ea046def54,2,2383,0
2,ex2-s5-e1-a1-p04,822db031c141350bdf4c2386109e1e2cd5cafd0121b7b280a05d83ea046def54,2,2384,100
2,ex2-s5-e1-a1-p04,822db031c141350bdf4c2386109e1e2cd5cafd0121b7b280a05d83ea046def54,2,2385,100
2,ex2-s5-e1-a1-p04,822db031c141350bdf4c2386109e1e2cd5cafd0121b7b280a05d83ea046def54,2,2386,0
2,ex2-s5-e1-a1-p04,822db031c141350bdf4c2386109e1e2cd5cafd0121b7b280a05d83ea046def54,2,2387,100
2,ex2-s5-e1-a1-p04,822db031c141350bdf4c2386109e1e2cd5cafd0121b7b280a05d83ea046def54,2,2388,0
2,ex2-s5-e1-a1-p04,822db031c141350bdf4c2386109e1e2cd5cafd0121b7b280a05d83ea046def54,2,2389,100
2,ex2-s5-e1-a1-p04,822db031c141350bdf4c2386109e1e2cd5cafd0121b7b280a05d83ea046def54,2,2390,0
2,ex2-s5-e1-a1-p04,822db031c141350bdf4c2386109e1e2cd5cafd0121b7b280a05d83ea046def54,2,2391,100
2,ex2-s5-e1-a1-p04,822db031c141350bdf4c2386109e1e2cd5cafd0121b7b280a05d83ea046def54,2,2392,0
2,ex2-s5-e1-a1-p04,822db031c141350bdf4c2386109e1e2cd5cafd0121b7b280a05d83ea046def54,2,2393,100
2,ex2-s5-e1-a1-p04,822db031c141350bdf4c2386109e1e2cd5cafd0121b7b280a05d83ea046def54,2,2394,100
2,ex2-s5-e1-a1-p04,822db031c141350bdf4c2386109e1e2cd5cafd0121b7b280a05d83ea046def54,2,2395,0
2,ex2-s5-e1-a1-p04,822db031c141350bdf4c2386109e1e2cd5cafd0121b7b280a05d83ea046def54,2,2396,100
2,ex2-s5-e1-a1-p04,822db031c141350bdf4c2386109e1e2cd5cafd0121b7b280a05d83ea046def54,2,2397,0
2,ex2-s5-e1-a1-p04,822db031c141350bdf4c2386109e1e2cd5cafd0121b7b280a05d83ea046def54,2,2398,100
2,ex2-s5-e1-a1-p04,822db031c141350bdf4c2386109e1e2cd5cafd0121b7b280a05d83ea046def54,2,2399,0
2,ex2-s5-e1-a1-p04,822db031c141350bdf4c2386109e1e2cd5cafd0121b7b280a05d83ea046def54,2,2400,100
2,ex2-s5-e1-a1-p04,822db031c141350bdf4c2386109e1e2cd5cafd0121b7b280a05d83ea046def54,2,2401,0
2,ex2-s5-e1-a1-p04,822db031c141350bdf4c2386109e1e2cd5cafd0121b7b280a05d83ea046def54,2,2402,100
2,ex2-s5-e1-a1-p04,822db031c141350bdf4c2386109e1e2cd5cafd0121b7b280a05d83ea046def54,2,2403,0
2,ex2-s5-e1-a1-p04,822db031c141350bdf4c2386109e1e2cd5cafd0121b7b280a05d83ea046def54,2,2404,100
2,ex2-s5-e1-a1-p04,822db031c141350bdf4c2386109e1e2cd5cafd0121b7b280a05d83ea046def54,2,2405,100
2,ex2-s5-e1-a1-p04,822db031c141350bdf4c2386109e1e2cd5cafd0121b7b280a05d83ea046def54,2,2406,0
2,ex2-s5-e1-a1-p04,822db031c141350bdf4c2386109e1e2cd5cafd0121b7b280a05d83ea046def54,2,2407,100
2,ex2-s5-e1-a1-p04,822db031c141350bdf4c2386109e1e2cd5cafd0121b7b280a05d83ea046def54,2,2408,0
2,ex2-s5-e1-a1-p04,822db031c141350bdf4c2386109e1e2cd5cafd0121b7b280a05d83ea046def54,2,2409,100
2,ex2-s5-e1-a1-p04,822db031c141350bdf4c2386109e1e2cd5cafd0121b7b280a05d83ea046def54,2,2410,0
2,ex2-s5-e1-a1-p04,822db031c141350bdf4c2386109e1e2cd5cafd0121b7b280a05d83ea046def54,2,2411,100
2,ex2-s5-e1-a1-p04,822db031c141350bdf4c2386109e1e2cd5cafd0121b7b280a05d83ea046def54,2,2412,0
2,ex2-s5-e1-a1-p04,822db031c141350bdf4c2386109e1e2cd5cafd0121b7b280a05d83ea046def54,2,2413,100
2,ex2-s5-e1-a1-p04,822db031c141350bdf4c2386109e1e2cd5cafd0121b7b280a05d83ea046def54,2,2414,100
2,ex2-s5-e1-a1-p04,822db031c141350bdf4c2386109e1e2cd5cafd0121b7b280a05d83ea046def54,2,2415,0
2,ex2-s5-e1-a1-p04,822db031c141350bdf4c2386109e1e2cd5cafd0121b7b280a05d83ea046def54,2,2416,100
2,ex2-s5-e1-a1-p04,822db031c141350bdf4c2386109e1e2cd5cafd0121b7b280a05d83ea046def54,2,2417,0
2,ex2-s5-e1-a1-p04,822db031c141350bdf4c2386109e1e2cd5cafd0121b7b280a05d83ea046def54,2,2418,100
2,ex2-s5-e1-a1-p04,822db031c141350bdf4c2386109e1e2cd5cafd0121b7b280a05d83ea046def54,2,2419,0
2,ex2-s5-e1-a1-p04,822db031c141350bdf4c2386109e1e2cd5cafd0121b7b280a05d83ea046def54,2,2420,100
2,ex2-s5-e1-a1-p04,822db031c141350bdf4c2386109e1e2cd5cafd0121b7b280a05d83ea046def54,2,2421,0
2,ex2-s5-e1-a1-p04,822db031c141350bdf4c2386109e1e2cd5cafd0121b7b280a05d83ea046def54,2,2422,100
2,ex2-s5-e1-a1-p04,822db031c141350bdf4c2386109e1e2cd5cafd0121b7b280a05d83ea046def54,2,2423,0
2,ex2-s5-e1-a1-p04,822db031c141350bdf4c2386109e1e2cd5cafd0121b7b280a05d83ea046def54,2,2424,100
2,ex2-s5-e1-a1-p04,822db031c141350bdf4c2386109e1e2cd5cafd0121b7b280a05d83ea046def54,2,2425,100
2,ex2-s5-e1-a1-p04,822db031c141350bdf4c2386109e1e2cd5cafd0121b7b280a05d83ea046def54,2,2426,0
2,ex2-s5-e1-a1-p04,822db031c141350bdf4c2386109e1e2cd5cafd0121b7b280a05d83ea046def54,2,2427,100
2,ex2-s5-e1-a1-p04,822db031c141350bdf4c2386109e1e2cd5cafd0121b7b280a05d83ea046def54,2,2428,0
2,ex2-s5-e1-a1-p04,822db031c141350bdf4c2386109e1e2cd5cafd0121b7b280a05d83ea046def54,2,2429,100
2,ex2-s5-e1-a1-p04,822db031c141350bdf4c2386109e1e2cd5cafd0121b7b280a05d83ea046def54,2,2430,0
2,ex2-s5-e1-a1-p04,822db031c141350bdf4c2386109e1e2cd5cafd0121b7b280a05d83ea046def54,2,2431,100
2,ex2-s5-e1-a1-p04,822db031c141350bdf4c2386109e1e2cd5cafd0121b7b280a05d83ea046def54,2,2432,0
2,ex2-s5-e1-a1-p04,822db031c141350bdf4c2386109e1e2cd5cafd0121b7b280a05d83ea046def54,2,2433,100
2,ex2-s5-e1-a1-p04,822db031c141350bdf4c2386109e1e2cd5cafd0121b7b280a05d83ea046def54,2,2434,100
2,ex2-s5-e1-a1-p04,822db031c141350bdf4c2386109e1e2cd5cafd0121b7b280a05d83ea046def54,2,2435,0
2,ex2-s5-e1-a1-p04,822db031c141350bdf4c2386109e1e2cd5cafd0121b7b280a05d83ea046def54,2,2436,100
2,ex2-s5-e1-a1-p04,822db031c141350bdf4c2386109e1e2cd5cafd0121b7b280a05d83ea046def54,2,2437,0
2,ex2-s5-e1-a1-p04,822db031c141350bdf4c2386109e1e2cd5cafd0121b7b280a05d83ea046def54,2,2438,100
2,ex2-s5-e1-a1-p04,822db031c141350bdf4c2386109e1e2cd5cafd0121b7b280a05d83ea046def54,2,2439,0
2,ex2-s5-e1-a1-p04,822db031c141350bdf4c2386109e1e2cd5cafd0121b7b280a05d83ea046def54,2,2440,100
2,ex2-s5-e1-a1-p04,822db031c141350bdf4c2386109e1e2cd5cafd0121b7b280a05d83ea046def54,2,2441,0
2,ex2-s5-e1-a1-p04,822db031c141350bdf4c2386109e1e2cd5cafd0121b7b280a05d83ea046def54,2,2442,100
2,ex2-s5-e1-a1-p04,822db031c141350bdf4c2386109e1e2cd5cafd0121b7b280a05d83ea046def54,2,2443,0
2,ex2-s5-e1-a1-p04,822db031c141350bdf4c2386109e1e2cd5cafd0121b7b280a05d83ea046def54,2,2444,100
2,ex2-s5-e1-a1-p04,822db031c141350bdf4c2386109e1e2cd5cafd0121b7b280a05d83ea046def54,2,2445,100
2,ex2-s5-e1-a1-p04,822db031c141350bdf4c2386109e1e2cd5cafd0121b7b280a05d83ea046def54,2,2446,0
2,ex2-s5-e1-a1-p04,822db031c141350bdf4c2386109e1e2cd5cafd0121b7b280a05d83ea046def54,2,2447,100
2,ex2-s5-e1-a1-p04,822db031c141350bdf4c2386109e1e2cd5cafd0121b7b280a05d83ea046def54,2,2448,0
2,ex2-s5-e1-a1-p04,822db031c141350bdf4c2386109e1e2cd5cafd0121b7b280a05d83ea046def54,2,2449,100
2,ex2-s5-e1-a1-p04,822db031c141350bdf4c2386109e1e2cd5cafd0121b7b280a05d83ea046def54,2,2450,0
2,ex2-s5-e1-a1-p04,822db031c141350bdf4c2386109e1e2cd5cafd0121b7b280a05d83ea046def54,2,2451,100
2,ex2-s5-e1-a1-p04,822db031c141350bdf4c2386109e1e2cd5cafd0121b7b280a05d83ea046def54,2,2452,0
2,ex2-s5-e1-a1-p04,822db031c141350bdf4c2386109e1e2cd5cafd0121b7b280a05d83ea046def54,2,2453,100
2,ex2-s5-e1-a1-p04,822db031c141350bdf4c2386109e1e2cd5cafd0121b7b280a05d83ea046def54,2,2454,100
2,ex2-s5-e1-a1-p04,822db031c141350bdf4c2386109e1e2cd5cafd0121b7b280a05d83ea046def54,2,2455,0
2,ex2-s5-e1-a1-p04,822db031c141350bdf4c2386109e1e2cd5cafd0121b7b280a05d83ea046def54,2,2456,100
2,ex2-s5-e1-a1-p04,822db031c141350bdf4c2386109e1e2cd5cafd0121b7b280a05d83ea046def54,2,2457,0
2,ex2-s5-e1-a1-p04,822db031c141350bdf4c2386109e1e2cd5cafd0121b7b280a05d83ea046def54,2,2458,100
2,ex2-s5-e1-a1-p04,822db031c141350bdf4c2386109e1e2cd5cafd0121b7b280a05d83ea046def54,2,2459,0
2,ex2-s5-e1-a1-p04,822db031c141350bdf4c2386109e1e2cd5cafd0121b7b280a05d83ea046def54,2,2460,100
2,ex2-s5-e1-a1-p04,822db031c141350bdf4c2386109e1e2cd5cafd0121b7b280a05d83ea046def54,2,2461,0
2,ex2-s5-e1-a1-p04,822db031c141350bdf4c2386109e1e2cd5cafd0121b7b280a05d83ea046def54,2,2462,100
2,ex2-s5-e1-a1-p04,822db031c141350bdf4c2386109e1e2cd5cafd0121b7b280a05d83ea046def54,2,2463,0
2,ex2-s5-e1-a1-p04,822db031c141350bdf4c2386109e1e2cd5cafd0121b7b280a05d83ea046def54,2,2464,100
2,ex2-s5-e1-a1-p04,822db031c141350bdf4c2386109e1e2cd5cafd0121b7b280a05d83ea046def54,2,2465,100
2,ex2-s5-e1-a1-p04,822db031c141350bdf4c2386109e1e2cd5cafd0121b7b280a05d83ea046def54,2,2466,0
2,ex2-s5-e1-a1-p04,822db031c141350bdf4c2386109e1e2cd5cafd0121b7b280a05d83ea046def54,2,2467,100
2,ex2-s5-e1-a1-p04,822db031c141350bdf4c2386109e1e2cd5cafd0121b7b280a05d83ea046def54,2,2468,0
2,ex2-s5-e1-a1-p04,822db031c141350bdf4c2386109e1e2cd5cafd0121b7b280a05d83ea046def54,2,2469,100
2,ex2-s5-e1-a1-p04,822db031c141350bdf4c2386109e1e2cd5cafd0121b7b280a05d83ea046def54,2,2470,0
2,ex2-s5-e1-a1-p04,822db031c141350bdf4c2386109e1e2cd5cafd0121b7b280a05d83ea046def54,2,2471,100
2,ex2-s5-e1-a1-p04,822db031c141350bdf4c2386109e1e2cd5cafd0121b7b280a05d83ea046def54,2,2472,0
2,ex2-s5-e1-a1-p04,822db031c141350bdf4c2386109e1e2cd5cafd0121b7b280a05d83ea046def54,2,2473,100
2,ex2-s5-e1-a1-p04,822db031c141350bdf4c2386109e1e2cd5cafd0121b7b280a05d83ea046def54,2,2474,100
2,ex2-s5-e1-a1-p04,822db031c141350bdf4c2386109e1e2cd5cafd0121b7b280a05d83ea046def54,2,2475,0
2,ex2-s5-e1-a1-p04,822db031c141350bdf4c2386109e1e2cd5cafd0121b7b280a05d83ea046def54,2,2476,100
2,ex2-s5-e1-a1-p04,822db031c141350bdf4c2386109e1e2cd5cafd0121b7b280a05d83ea046def54,2,2477,0
2,ex2-s5-e1-a1-p04,822db031c141350bdf4c2386109e1e2cd5cafd0121b7b280a05d83ea046def54,2,2478,100
2,ex2-s5-e1-a1-p04,822db031c141350bdf4c2386109e1e2cd5cafd0121b7b280a05d83ea046def54,2,2479,0
2,ex2-s5-e1-a1-p04,822db031c141350bdf4c2386109e1e2cd5cafd0121b7b280a05d83ea046def54,2,2480,100
2,ex2-s5-e1-a1-p04,822db031c141350bdf4c2386109e1e2cd5cafd0121b7b280a05d83ea046def54,2,2481,0
2,ex2-s5-e1-a1-p04,822db031c141350bdf4c2386109e1e2cd5cafd0121b7b280a05d83ea046def54,2,2482,100
2,ex2-s5-e1-a1-p04,822db031c141350bdf4c2386109e1e2cd5cafd0121b7b280a05d83ea046def54,2,2483,0
2,ex2-s5-e1-a1-p04,822db031c141350bdf4c2386109e1e2cd5cafd0121b7b280a05d83ea046def54,2,2484,100
2,ex2-s5-e1-a1-p04,822db031c141350bdf4c2386109e1e2cd5cafd0121b7b280a05d83ea046def54,2,2485,100
2,ex2-s5-e1-a1-p04,822db031c141350bdf4c2386109e1e2cd5cafd0121b7b280a05d83ea046def54,2,2486,0
2,ex2-s5-e1-a1-p04,822db031c141350bdf4c2386109e1e2cd5cafd0121b7b280a05d83ea046def54,2,2487,100
2,ex2-s5-e1-a1-p04,822db031c141350bdf4c2386109e1e2cd5cafd0121b7b280a05d83ea046def54,2,2488,0
2,ex2-s5-e1-a1-p04,822db031c141350bdf4c2386109e1e2cd5cafd0121b7b280a05d83ea046def54,2,2489,100
2,ex2-s5-e1-a1-p04,822db031c141350bdf4c2386109e1e2cd5cafd0121b7b280a05d83ea046def54,2,2490,0
2,ex2-s5-e1-a1-p04,822db031c141350bdf4c2386109e1e2cd5cafd0121b7b280a05d83ea046def54,2,2491,100
2,ex2-s5-e1-a1-p04,822db031c141350bdf4c2386109e1e2cd5cafd0121b7b280a05d83ea046def54,2,2492,0
2,ex2-s5-e1-a1-p04,822db031c141350bdf4c2386109e1e2cd5cafd0121b7b280a05d83ea046def54,2,2493,100
2,ex2-s5-e1-a1-p04,822db031c141350bdf4c2386109e1e2cd5cafd0121b7b280a05d83ea046def54,2,2494,100
2,ex2-s5-e1-a1-p04,822db031c141350bdf4c2386109e1e2cd5cafd0121b7b280a05d83ea046def54,2,2495,0
2,ex2-s5-e1-a1-p04,822db031c141350bdf4c2386109e1e2cd5cafd0121b7b280a05d83ea046def54,2,2496,100
2,ex2-s5-e1-a1-p04,822db031c141350bdf4c2386109e1e2cd5cafd0121b7b280a05d83ea046def54,2,2497,0
2,ex2-s5-e1-a1-p04,822db031c141350bdf4c2386109e1e2cd5cafd0121b7b280a05d83ea046def54,2,2498,100
2,ex2-s5-e1-a1-p04,822db031c141350bdf4c2386109e1e2cd5cafd0121b7b280a05d83ea046def54,2,2499,0
2,ex2-s5-e1-a1-p04,822db031c141350bdf4c2386109e1e2cd5cafd0121b7b280a05d83ea046def54,2,2500,100
2,ex2-s5-e1-a1-p04,822db031c141350bdf4c2386109e1e2cd5cafd0121b7b280a05d83ea046def54,2,2501,0
2,ex2-s5-e1-a1-p04,822db031c141350bdf4c2386109e1e2cd5cafd0121b7b280a05d83ea046def54,2,2502,100
2,ex2-s5-e1-a1-p04,822db031c141350bdf4c2386109e1e2cd5cafd0121b7b280a05d83ea046def54,2,2503,100
2,ex2-s5-e1-a1-p04,822db031c141350bdf4c2386109e1e2cd5cafd0121b7b280a05d83ea046def54,2,2504,0
2,ex2-s5-e1-a1-p04,822db031c141350bdf4c2386109e1e2cd5cafd0121b7b280a05d83ea046def54,2,2505,100
2,ex2-s5-e1-a1-p04,822db031c141350bdf4c2386109e1e2cd5cafd0121b7b280a05d83ea046def54,2,2506,0
2,ex2-s5-e1-a1-p04,822db031c141350bdf4c2386109e1e2cd5cafd0121b7b280a05d83ea046def54,2,2507,100
2,ex2-s5-e1-a1-p04,822db031c141350bdf4c2386109e1e2cd5cafd0121b7b280a05d83ea046def54,2,2508,0
2,ex2-s5-e1-a1-p04,822db031c141350bdf4c2386109e1e2cd5cafd0121b7b280a05d83ea046def54,2,2509,100
2,ex2-s5-e1-a1-p04,822db031c141350bdf4c2386109e1e2cd5cafd0121b7b280a05d83ea046def54,2,2510,0
2,ex2-s5-e1-a1-p04,822db031c141350bdf4c2386109e1e2cd5cafd0121b7b280a05d83ea046def54,2,2511,100
2,ex2-s5-e1-a1-p04,822db031c141350bdf4c2386109e1e2cd5cafd0121b7b280a05d83ea046def54,2,2512,0
2,ex2-s5-e1-a1-p04,822db031c141350bdf4c2386109e1e2cd5cafd0121b7b280a05d83ea046def54,2,2513,100
2,ex2-s5-e1-a1-p04,822db031c141350bdf4c2386109e1e2cd5cafd0121b7b280a05d83ea046def54,2,2514,100
2,ex2-s5-e1-a1-p04,822db031c141350bdf4c2386109e1e2cd5cafd0121b7b280a05d83ea046def54,2,2515,0
2,ex2-s5-e1-a1-p04,822db031c141350bdf4c2386109e1e2cd5cafd0121b7b280a05d83ea046def54,2,2516,100
2,ex2-s5-e1-a1-p04,822db031c141350bdf4c2386109e1e2cd5cafd0121b7b280a05d83ea046def54,2,2517,0
2,ex2-s5-e1-a1-p04,822db031c141350bdf4c2386109e1e2cd5cafd0121b7b280a05d83ea046def54,2,2518,100
2,ex2-s5-e1-a1-p04,822db031c141350bdf4c2386109e1e2cd5cafd0121b7b280a05d83ea046def54,2,2519,0
2,ex2-s5-e1-a1-p04,822db031c141350bdf4c2386109e1e2cd5cafd0121b7b280a05d83ea046def54,2,2520,100
2,ex2-s5-e1-a1-p04,822db031c141350bdf4c2386109e1e2cd5cafd0121b7b280a05d83ea046def54,2,2521,0
2,ex2-s5-e1-a1-p04,822db031c141350bdf4c2386109e1e2cd5cafd0121b7b280a05d83ea046def54,2,2522,100
2,ex2-s5-e1-a1-p04,822db031c141350bdf4c2386109e1e2cd5cafd0121b7b280a05d83ea046def54,2,2523,0
2,ex2-s5-e1-a1-p04,822db031c141350bdf4c2386109e1e2cd5cafd0121b7b280a05d83ea046def54,2,2524,100
2,ex2-s5-e1-a1-p04,822db031c141350bdf4c2386109e1e2cd5cafd0121b7b280a05d83ea046def54,2,2525,100
2,ex2-s5-e1-a1-p04,822db031c141350bdf4c2386109e1e2cd5cafd0121b7b280a05d83ea046def54,2,2526,0
2,ex2-s5-e1-a1-p04,822db031c141350bdf4c2386109e1e2cd5cafd0121b7b280a05d83ea046def54,2,2527,100
2,ex2-s5-e1-a1-p04,822db031c141350bdf4c2386109e1e2cd5cafd0121b7b280a05d83ea046def54,2,2528,0
2,ex2-s5-e1-a1-p04,822db031c141350bdf4c2386109e1e2cd5cafd0121b7b280a05d83ea046def54,2,2529,100
2,ex2-s5-e1-a1-p04,822db031c141350bdf4c2386109e1e2cd5cafd0121b7b280a05d83ea046def54,2,2530,0
2,ex2-s5-e1-a1-p04,822db031c141350bdf4c2386109e1e2cd5cafd0121b7b280a05d83ea046def54,2,2531,100
2,ex2-s5-e1-a1-p04,822db031c141350bdf4c2386109e1e2cd5cafd0121b7b280a05d83ea046def54,2,2532,0
2,ex2-s5-e1-a1-p04,822db031c141350bdf4c2386109e1e2cd5cafd0121b7b280a05d83ea046def54,2,2533,100
2,ex2-s5-e1-a1-p04,822db031c141350bdf4c2386109e1e2cd5cafd0121b7b280a05d83ea046def54,2,2534,100
2,ex2-s5-e1-a1-p04,822db031c141350bdf4c2386109e1e2cd5cafd0121b7b280a05d83ea046def54,2,2535,0
2,ex2-s5-e1-a1-p04,822db031c141350bdf4c2386109e1e2cd5cafd0121b7b280a05d83ea046def54,2,2536,100
2,ex2-s5-e1-a1-p04,822db031c141350bdf4c2386109e1e2cd5cafd0121b7b280a05d83ea046def54,2,2537,0
2,ex2-s5-e1-a1-p04,822db031c141350bdf4c2386109e1e2cd5cafd0121b7b280a05d83ea046def54,2,2538,100
2,ex2-s5-e1-a1-p04,822db031c141350bdf4c2386109e1e2cd5cafd0121b7b280a05d83ea046def54,2,2539,0
2,ex2-s5-e1-a1-p04,822db031c141350bdf4c2386109e1e2cd5cafd0121b7b280a05d83ea046def54,2,2540,100
2,ex2-s5-e1-a1-p04,822db031c141350bdf4c2386109e1e2cd5cafd0121b7b280a05d83ea046def54,2,2541,0
2,ex2-s5-e1-a1-p04,822db031c141350bdf4c2386109e1e2cd5cafd0121b7b280a05d83ea046def54,2,2542,100
2,ex2-s5-e1-a1-p04,822db031c141350bdf4c2386109e1e2cd5cafd0121b7b280a05d83ea046def54,2,2543,100
2,ex2-s5-e1-a1-p04,822db031c141350bdf4c2386109e1e2cd5cafd0121b7b280a05d83ea046def54,2,2544,0
2,ex2-s5-e1-a1-p04,822db031c141350bdf4c2386109e1e2cd5cafd0121b7b280a05d83ea046def54,2,2545,100
2,ex2-s5-e1-a1-p04,822db031c141350bdf4c2386109e1e2cd5cafd0121b7b280a05d83ea046def54,2,2546,0
2,ex2-s5-e1-a1-p04,822db031c141350bdf4c2386109e1e2cd5cafd0121b7b280a05d83ea046def54,2,2547,100
2,ex2-s5-e1-a1-p04,822db031c141350bdf4c2386109e1e2cd5cafd0121b7b280a05d83ea046def54,2,2548,0
2,ex2-s5-e1-a1-p04,822db031c141350bdf4c2386109e1e2cd5cafd0121b7b280a05d83ea046def54,2,2549,100
2,ex2-s5-e1-a1-p04,822db031c141350bdf4c2386109e1e2cd5cafd0121b7b280a05d83ea046def54,2,2550,0
2,ex2-s5-e1-a1-p04,822db031c141350bdf4c2386109e1e2cd5cafd0121b7b280a05d83ea046def54,2,2551,100
2,ex2-s5-e1-a1-p04,822db031c141350bdf4c2386109e1e2cd5cafd0121b7b280a05d83ea046def54,2,2552,0
2,ex2-s5-e1-a1-p04,822db031c141350bdf4c2386109e1e2cd5cafd0121b7b280a05d83ea046def54,2,2553,100
2,ex2-s5-e1-a1-p04,822db031c141350bdf4c2386109e1e2cd5cafd0121b7b280a05d83ea046def54,2,2554,100
2,ex2-s5-e1-a1-p04,822db031c141350bdf4c2386109e1e2cd5cafd0121b7b280a05d83ea046def54,2,2555,0
2,ex2-s5-e1-a1-p04,822db031c141350bdf4c2386109e1e2cd5cafd0121b7b280a05d83ea046def54,2,2556,100
2,ex2-s5-e1-a1-p04,822db031c141350bdf4c2386109e1e2cd5cafd0121b7b280a05d83ea046def54,2,2557,0
2,ex2-s5-e1-a1-p04,822db031c141350bdf4c2386109e1e2cd5cafd0121b7b280a05d83ea046def54,2,2558,100
2,ex2-s5-e1-a1-p04,822db031c141350bdf4c2386109e1e2cd5cafd0121b7b280a05d83ea046def54,2,2559,0
2,ex2-s5-e1-a1-p04,822db031c141350bdf4c2386109e1e2cd5cafd0121b7b280a05d83ea046def54,2,2560,100
2,ex2-s5-e1-a1-p04,822db031c141350bdf4c2386109e1e2cd5cafd0121b7b280a05d83ea046def54,2,2561,0
2,ex2-s5-e1-a1-p04,822db031c141350bdf4c2386109e1e2cd5cafd0121b7b280a05d83ea046def54,2,2562,100
2,ex2-s5-e1-a1-p04,822db031c141350bdf4c2386109e1e2cd5cafd0121b7b280a05d83ea046def54,2,2563,100
2,ex2-s5-e1-a1-p04,822db031c141350bdf4c2386109e1e2cd5cafd0121b7b280a05d83ea046def54,2,2564,0
2,ex2-s5-e1-a1-p04,822db031c141350bdf4c2386109e1e2cd5cafd0121b7b280a05d83ea046def54,2,2565,100
2,ex2-s5-e1-a1-p04,822db031c141350bdf4c2386109e1e2cd5cafd0121b7b280a05d83ea046def54,2,2566,0
2,ex2-s5-e1-a1-p04,822db031c141350bdf4c2386109e1e2cd5cafd0121b7b280a05d83ea046def54,2,2567,100
2,ex2-s5-e1-a1-p04,822db031c141350bdf4c2386109e1e2cd5cafd0121b7b280a05d83ea046def54,2,2568,0
2,ex2-s5-e1-a1-p04,822db031c141350bdf4c2386109e1e2cd5cafd0121b7b280a05d83ea046def54,2,2569,100
2,ex2-s5-e1-a1-p04,822db031c141350bdf4c2386109e1e2cd5cafd0121b7b280a05d83ea046def54,2,2570,0
2,ex2-s5-e1-a1-p04,822db031c141350bdf4c2386109e1e2cd5cafd0121b7b280a05d83ea046def54,2,2571,100
2,ex2-s5-e1-a1-p04,822db031c141350bdf4c2386109e1e2cd5cafd0121b7b280a05d83ea046def54,2,2572,0
2,ex2-s5-e1-a1-p04,822db031c141350bdf4c2386109e1e2cd5cafd0121b7b280a05d83ea046def54,2,2573,100
2,ex2-s5-e1-a1-p04,822db031c141350bdf4c2386109e1e2cd5cafd0121b7b280a05d83ea046def54,2,2574,100
2,ex2-s5-e1-a1-p04,822db031c141350bdf4c2386109e1e2cd5cafd0121b7b280a05d83ea046def54,2,2575,0
2,ex2-s5-e1-a1-p04,822db031c141350bdf4c2386109e1e2cd5cafd0121b7b280a05d83ea046def54,2,2576,100
2,ex2-s5-e1-a1-p04,822db031c141350bdf4c2386109e1e2cd5cafd0121b7b280a05d83ea046def54,2,2577,0
2,ex2-s5-e1-a1-p04,822db031c141350bdf4c2386109e1e2cd5cafd0121b7b280a05d83ea046def54,2,2578,100
2,ex2-s5-e1-a1-p04,822db031c141350bdf4c2386109e1e2cd5cafd0121b7b280a05d83ea046def54,2,2579,0
2,ex2-s5-e1-a1-p04,822db031c141350bdf4c2386109e1e2cd5cafd0121b7b280a05d83ea046def54,2,2580,100
2,ex2-s5-e1-a1-p04,822db031c141350bdf4c2386109e1e2cd5cafd0121b7b280a05d83ea046def54,2,2581,0
2,ex2-s5-e1-a1-p04,822db031c141350bdf4c2386109e1e2cd5cafd0121b7b280a05d83ea046def54,2,2582,100
2,ex2-s5-e1-a1-p04,822db031c141350bdf4c2386109e1e2cd5cafd0121b7b280a05d83ea046def54,2,2583,100
2,ex2-s5-e1-a1-p04,822db031c141350bdf4c2386109e1e2cd5cafd0121b7b280a05d83ea046def54,2,2584,0
2,ex2-s5-e1-a1-p04,822db031c141350bdf4c2386109e1e2cd5cafd0121b7b280a05d83ea046def54,2,2585,100
2,ex2-s5-e1-a1-p04,822db031c141350bdf4c2386109e1e2cd5cafd0121b7b280a05d83ea046def54,2,2586,0
2,ex2-s5-e1-a1-p04,822db031c141350bdf4c2386109e1e2cd5cafd0121b7b280a05d83ea046def54,2,2587,100
2,ex2-s5-e1-a1-p04,822db031c141350bdf4c2386109e1e2cd5cafd0121b7b280a05d83ea046def54,2,2588,0
2,ex2-s5-e1-a1-p04,822db031c141350bdf4c2386109e1e2cd5cafd0121b7b280a05d83ea046def54,2,2589,100
2,ex2-s5-e1-a1-p04,822db031c141350bdf4c2386109e1e2cd5cafd0121b7b280a05d83ea046def54,2,2590,0
2,ex2-s5-e1-a1-p04,822db031c141350bdf4c2386109e1e2cd5cafd0121b7b280a05d83ea046def54,2,2591,100
2,ex2-s5-e1-a1-p04,822db031c141350bdf4c2386109e1e2cd5cafd0121b7b280a05d83ea046def54,2,2592,100
2,ex2-s5-e1-a1-p04,822db031c141350bdf4c2386109e1e2cd5cafd0121b7b280a05d83ea046def54,2,2593,0
2,ex2-s5-e1-a1-p04,822db031c141350bdf4c2386109e1e2cd5cafd0121b7b280a05d83ea046def54,2,2594,100
2,ex2-s5-e1-a1-p04,822db031c141350bdf4c2386109e1e2cd5cafd0121b7b280a05d83ea046def54,2,2595,0
2,ex2-s5-e1-a1-p04,822db031c141350bdf4c2386109e1e2cd5cafd0121b7b280a05d83ea046def54,2,2596,100
2,ex2-s5-e1-a1-p04,822db031c141350bdf4c2386109e1e2cd5cafd0121b7b280a05d83ea046def54,2,2597,0
2,ex2-s5-e1-a1-p04,822db031c141350bdf4c2386109e1e2cd5cafd0121b7b280a05d83ea046def54,2,2598,100
2,ex2-s5-e1-a1-p04,822db031c141350bdf4c2386109e1e2cd5cafd0121b7b280a05d83ea046def54,2,2599,0
2,ex2-s5-e1-a1-p04,822db031c141350bdf4c2386109e1e2cd5cafd0121b7b280a05d83ea046def54,2,2600,100
2,ex2-s5-e1-a1-p04,822db031c141350bdf4c2386109e1e2cd5cafd0121b7b280a05d83ea046def54,2,2601,0
2,ex2-s5-e1-a1-p04,822db031c141350bdf4c2386109e1e2cd5cafd0121b7b280a05d83ea046def54,2,2602,100
2,ex2-s5-e1-a1-p04,822db031c141350bdf4c2386109e1e2cd5cafd0121b7b280a05d83ea046def54,2,2603,100
2,ex2-s5-e1-a1-p04,822db031c141350bdf4c2386109e1e2cd5cafd0121b7b280a05d83ea046def54,2,2604,0
2,ex2-s5-e1-a1-p04,822db031c141350bdf4c2386109e1e2cd5cafd0121b7b280a05d83ea046def54,2,2605,100
2,ex2-s5-e1-a1-p04,822db031c141350bdf4c2386109e1e2cd5cafd0121b7b280a05d83ea046def54,2,2606,0
2,ex2-s5-e1-a1-p04,822db031c141350bdf4c2386109e1e2cd5cafd0121b7b280a05d83ea046def54,2,2607,100
2,ex2-s5-e1-a1-p04,822db031c141350bdf4c2386109e1e2cd5cafd0121b7b280a05d83ea046def54,2,2608,0
2,ex2-s5-e1-a1-p04,822db031c141350bdf4c2386109e1e2cd5cafd0121b7b280a05d83ea046def54,2,2609,100
2,ex2-s5-e1-a1-p04,822db031c141350bdf4c2386109e1e2cd5cafd0121b7b280a05d83ea046def54,2,2610,0
2,ex2-s5-e1-a1-p04,822db031c141350bdf4c2386109e1e2cd5cafd0121b7b280a05d83ea046def54,2,2611,100
2,ex2-s5-e1-a1-p04,822db031c141350bdf4c2386109e1e2cd5cafd0121b7b280a05d83ea046def54,2,2612,100
2,ex2-s5-e1-a1-p04,822db031c141350bdf4c2386109e1e2cd5cafd0121b7b280a05d83ea046def54,2,2613,0
2,ex2-s5-e1-a1-p04,822db031c141350bdf4c2386109e1e2cd5cafd0121b7b280a05d83ea046def54,2,2614,100
2,ex2-s5-e1-a1-p04,822db031c141350bdf4c2386109e1e2cd5cafd0121b7b280a05d83ea046def54,2,2615,0
2,ex2-s5-e1-a1-p04,822db031c141350bdf4c2386109e1e2cd5cafd0121b7b280a05d83ea046def54,2,2616,100
2,ex2-s5-e1-a1-p04,822db031c141350bdf4c2386109e1e2cd5cafd0121b7b280a05d83ea046def54,2,2617,0
2,ex2-s5-e1-a1-p04,822db031c141350bdf4c2386109e1e2cd5cafd0121b7b280a05d83ea046def54,2,2618,100
2,ex2-s5-e1-a1-p04,822db031c141350bdf4c2386109e1e2cd5cafd0121b7b280a05d83ea046def54,2,2619,0
2,ex2-s5-e1-a1-p04,822db031c141350bdf4c2386109e1e2cd5cafd0121b7b280a05d83ea046def54,2,2620,100
2,ex2-s5-e1-a1-p04,822db031c141350bdf4c2386109e1e2cd5cafd0121b7b280a05d83ea046def54,2,2621,0
2,ex2-s5-e1-a1-p04,822db031c141350bdf4c2386109e1e2cd5cafd0121b7b280a05d83ea046def54,2,2622,100
2,ex2-s5-e1-a1-p04,822db031c141350bdf4c2386109e1e2cd5cafd0121b7b280a05d83ea046def54,2,2623,100
2,ex2-s5-e1-a1-p04,822db031c141350bdf4c2386109e1e2cd5cafd0121b7b280a05d83ea046def54,2,2624,0
2,ex2-s5-e1-a1-p04,822db031c141350bdf4c2386109e1e2cd5cafd0121b7b280a05d83ea046def54,2,2625,100
2,ex2-s5-e1-a1-p04,822db031c141350bdf4c2386109e1e2cd5cafd0121b7b280a05d83ea046def54,2,2626,0
2,ex2-s5-e1-a1-p04,822db031c141350bdf4c2386109e1e2cd5cafd0121b7b280a05d83ea046def54,2,2627,100
2,ex2-s5-e1-a1-p04,822db031c141350bdf4c2386109e1e2cd5cafd0121b7b280a05d83ea046def54,2,2628,0
2,ex2-s5-e1-a1-p04,822db031c141350bdf4c2386109e1e2cd5cafd0121b7b280a05d83ea046def54,2,2629,100
2,ex2-s5-e1-a1-p04,822db031c141350bdf4c2386109e1e2cd5cafd0121b7b280a05d83ea046def54,2,2630,0
2,ex2-s5-e1-a1-p04,822db031c141350bdf4c2386109e1e2cd5cafd0121b7b280a05d83ea046def54,2,2631,100
2,ex2-s5-e1-a1-p04,822db031c141350bdf4c2386109e1e2cd5cafd0121b7b280a05d83ea046def54,2,2632,100
2,ex2-s5-e1-a1-p04,822db031c141350bdf4c2386109e1e2cd5cafd0121b7b280a05d83ea046def54,2,2633,0
2,ex2-s5-e1-a1-p04,822db031c141350bdf4c2386109e1e2cd5cafd0121b7b280a05d83ea046def54,2,2634,100
2,ex2-s5-e1-a1-p04,822db031c141350bdf4c2386109e1e2cd5cafd0121b7b280a05d83ea046def54,2,2635,0
2,ex2-s5-e1-a1-p04,822db031c141350bdf4c2386109e1e2cd5cafd0121b7b280a05d83ea046def54,2,2636,100
2,ex2-s5-e1-a1-p04,822db031c141350bdf4c2386109e1e2cd5cafd0121b7b280a05d83ea046def54,2,2637,0
2,ex2-s5-e1-a1-p04,822db031c141350bdf4c2386109e1e2cd5cafd0121b7b280a05d83ea046def54,2,2638,100
2,ex2-s5-e1-a1-p04,822db031c141350bdf4c2386109e1e2cd5cafd0121b7b280a05d83ea046def54,2,2639,0
2,ex2-s5-e1-a1-p04,822db031c141350bdf4c2386109e1e2cd5cafd0121b7b280a05d83ea046def54,2,2640,100
2,ex2-s5-e1-a1-p04,822db031c141350bdf4c2386109e1e2cd5cafd0121b7b280a05d83ea046def54,2,2641,100
2,ex2-s5-e1-a1-p04,822db031c141350bdf4c2386109e1e2cd5cafd0121b7b280a05d83ea046def54,2,2642,0
2,ex2-s5-e1-a1-p04,822db031c141350bdf4c2386109e1e2cd5cafd0121b7b280a05d83ea046def54,2,2643,100
2,ex2-s5-e1-a1-p04,822db031c141350bdf4c2386109e1e2cd5cafd0121b7b280a05d83ea046def54,2,2644,0
2,ex2-s5-e1-a1-p04,822db031c141350bdf4c2386109e1e2cd5cafd0121b7b280a05d83ea046def54,2,2645,100
2,ex2-s5-e1-a1-p04,822db031c141350bdf4c2386109e1e2cd5cafd0121b7b280a05d83ea046def54,2,2646,0
2,ex2-s5-e1-a1-p04,822db031c141350bdf4c2386109e1e2cd5cafd0121b7b280a05d83ea046def54,2,2647,100
2,ex2-s5-e1-a1-p04,822db031c141350bdf4c2386109e1e2cd5cafd0121b7b280a05d83ea046def54,2,2648,0
2,ex2-s5-e1-a1-p04,822db031c141350bdf4c2386109e1e2cd5cafd0121b7b280a05d83ea046def54,2,2649,100
2,ex2-s5-e1-a1-p04,822db031c141350bdf4c2386109e1e2cd5cafd0121b7b280a05d83ea046def54,2,2650,0
2,ex2-s5-e1-a1-p04,822db031c141350bdf4c2386109e1e2cd5cafd0121b7b280a05d83ea046def54,2,2651,100
2,ex2-s5-e1-a1-p04,822db031c141350bdf4c2386109e1e2cd5cafd0121b7b280a05d83ea046def54,2,2652,100
2,ex2-s5-e1-a1-p04,822db031c141350bdf4c2386109e1e2cd5cafd0121b7b280a05d83ea046def54,2,2653,0
2,ex2-s5-e1-a1-p04,822db031c141350bdf4c2386109e1e2cd5cafd0121b7b280a05d83ea046def54,2,2654,100
2,ex2-s5-e1-a1-p04,822db031c141350bdf4c2386109e1e2cd5cafd0121b7b280a05d83ea046def54,2,2655,0
2,ex2-s5-e1-a1-p04,822db031c141350bdf4c2386109e1e2cd5cafd0121b7b280a05d83ea046def54,2,2656,100
2,ex2-s5-e1-a1-p04,822db031c141350bdf4c2386109e1e2cd5cafd0121b7b280a05d83ea046def54,2,2657,0
2,ex2-s5-e1-a1-p04,822db031c141350bdf4c2386109e1e2cd5cafd0121b7b280a05d83ea046def54,2,2658,100
2,ex2-s5-e1-a1-p04,822db031c141350bdf4c2386109e1e2cd5cafd0121b7b280a05d83ea046def54,2,2659,0
2,ex2-s5-e1-a1-p04,822db031c141350bdf4c2386109e1e2cd5cafd0121b7b280a05d83ea046def54,2,2660,100
2,ex2-s5-e1-a1-p04,822db031c141350bdf4c2386109e1e2cd5cafd0121b7b280a05d83ea046def54,2,2661,100
2,ex2-s5-e1-a1-p04,822db031c141350bdf4c2386109e1e2cd5cafd0121b7b280a05d83ea046def54,2,2662,0
2,ex2-s5-e1-a1-p04,822db031c141350bdf4c2386109e1e2cd5cafd0121b7b280a05d83ea046def54,2,2663,100
2,ex2-s5-e1-a1-p04,822db031c141350bdf4c2386109e1e2cd5cafd0121b7b280a05d83ea046def54,2,2664,0
2,ex2-s5-e1-a1-p04,822db031c141350bdf4c2386109e1e2cd5cafd0121b7b280a05d83ea046def54,2,2665,100
2,ex2-s5-e1-a1-p04,822db031c141350bdf4c2386109e1e2cd5cafd0121b7b280a05d83ea046def54,2,2666,0
2,ex2-s5-e1-a1-p04,822db031c141350bdf4c2386109e1e2cd5cafd0121b7b280a05d83ea046def54,2,2667,100
2,ex2-s5-e1-a1-p04,822db031c141350bdf4c2386109e1e2cd5cafd0121b7b280a05d83ea046def54,2,2668,0
2,ex2-s5-e1-a1-p04,822db031c141350bdf4c2386109e1e2cd5cafd0121b7b280a05d83ea046def54,2,2669,100
2,ex2-s5-e1-a1-p04,822db031c141350bdf4c2386109e1e2cd5cafd0121b7b280a05d83ea046def54,2,2670,100
2,ex2-s5-e1-a1-p04,822db031c141350bdf4c2386109e1e2cd5cafd0121b7b280a05d83ea046def54,2,2671,0
2,ex2-s5-e1-a1-p04,822db031c141350bdf4c2386109e1e2cd5cafd0121b7b280a05d83ea046def54,2,2672,100
2,ex2-s5-e1-a1-p04,822db031c141350bdf4c2386109e1e2cd5cafd0121b7b280a05d83ea046def54,2,2673,0
2,ex2-s5-e1-a1-p04,822db031c141350bdf4c2386109e1e2cd5cafd0121b7b280a05d83ea046def54,2,2674,100
2,ex2-s5-e1-a1-p04,822db031c141350bdf4c2386109e1e2cd5cafd0121b7b280a05d83ea046def54,2,2675,0
2,ex2-s5-e1-a1-p04,822db031c141350bdf4c2386109e1e2cd5cafd0121b7b280a05d83ea046def54,2,2676,100
2,ex2-s5-e1-a1-p04,822db031c141350bdf4c2386109e1e2cd5cafd0121b7b280a05d83ea046def54,2,2677,0
2,ex2-s5-e1-a1-p04,822db031c141350bdf4c2386109e1e2cd5cafd0121b7b280a05d83ea046def54,2,2678,100
2,ex2-s5-e1-a1-p04,822db031c141350bdf4c2386109e1e2cd5cafd0121b7b280a05d83ea046def54,2,2679,0
2,ex2-s5-e1-a1-p04,822db031c141350bdf4c2386109e1e2cd5cafd0121b7b280a05d83ea046def54,2,2680,100
2,ex2-s5-e1-a1-p04,822db031c141350bdf4c2386109e1e2cd5cafd0121b7b280a05d83ea046def54,2,2681,100
2,ex2-s5-e1-a1-p04,822db031c141350bdf4c2386109e1e2cd5cafd0121b7b280a05d83ea046def54,2,2682,0
2,ex2-s5-e1-a1-p04,822db031c141350bdf4c2386109e1e2cd5cafd0121b7b280a05d83ea046def54,2,2683,100
2,ex2-s5-e1-a1-p04,822db031c141350bdf4c2386109e1e2cd5cafd0121b7b280a05d83ea046def54,2,2684,0
2,ex2-s5-e1-a1-p04,822db031c141350bdf4c2386109e1e2cd5cafd0121b7b280a05d83ea046def54,2,2685,100
2,ex2-s5-e1-a1-p04,822db031c141350bdf4c2386109e1e2cd5cafd0121b7b280a05d83ea046def54,2,2686,0
2,ex2-s5-e1-a1-p04,822db031c141350bdf4c2386109e1e2cd5cafd0121b7b280a05d83ea046def54,2,2687,100
2,ex2-s5-e1-a1-p04,822db031c141350bdf4c2386109e1e2cd5cafd0121b7b280a05d83ea046def54,2,2688,0
2,ex2-s5-e1-a1-p04,822db031c141350bdf4c2386109e1e2cd5cafd0121b7b280a05d83ea046def54,2,2689,100
2,ex2-s5-e1-a1-p04,822db031c141350bdf4c2386109e1e2cd5cafd0121b7b280a05d83ea046def54,2,2690,100
2,ex2-s5-e1-a1-p04,822db031c141350bdf4c2386109e1e2cd5cafd0121b7b280a05d83ea046def54,2,2691,0
2,ex2-s5-e1-a1-p04,822db031c141350bdf4c2386109e1e2cd5cafd0121b7b280a05d83ea046def54,2,2692,100
2,ex2-s5-e1-a1-p04,822db031c141350bdf4c2386109e1e2cd5cafd0121b7b280a05d83ea046def54,2,2693,0
2,ex2-s5-e1-a1-p04,822db031c141350bdf4c2386109e1e2cd5cafd0121b7b280a05d83ea046def54,2,2694,100
2,ex2-s5-e1-a1-p04,822db031c141350bdf4c2386109e1e2cd5cafd0121b7b280a05d83ea046def54,2,2695,0
2,ex2-s5-e1-a1-p04,822db031c141350bdf4c2386109e1e2cd5cafd0121b7b280a05d83ea046def54,2,2696,100
2,ex2-s5-e1-a1-p04,822db031c141350bdf4c2386109e1e2cd5cafd0121b7b280a05d83ea046def54,2,2697,0
2,ex2-s5-e1-a1-p04,822db031c141350bdf4c2386109e1e2cd5cafd0121b7b280a05d83ea046def54,2,2698,100
2,ex2-s5-e1-a1-p04,822db031c141350bdf4c2386109e1e2cd5cafd0121b7b280a05d83ea046def54,2,2699,100
2,ex2-s5-e1-a1-p04,822db031c141350bdf4c2386109e1e2cd5cafd0121b7b280a05d83ea046def54,2,2700,0
2,ex2-s5-e1-a1-p04,822db031c141350bdf4c2386109e1e2cd5cafd0121b7b280a05d83ea046def54,2,2701,100
2,ex2-s5-e1-a1-p04,822db031c141350bdf4c2386109e1e2cd5cafd0121b7b280a05d83ea046def54,2,2702,0
2,ex2-s5-e1-a1-p04,822db031c141350bdf4c2386109e1e2cd5cafd0121b7b280a05d83ea046def54,2,2703,100
2,ex2-s5-e1-a1-p04,822db031c141350bdf4c2386109e1e2cd5cafd0121b7b280a05d83ea046def54,2,2704,0
2,ex2-s5-e1-a1-p04,822db031c141350bdf4c2386109e1e2cd5cafd0121b7b280a05d83ea046def54,2,2705,100
2,ex2-s5-e1-a1-p04,822db031c141350bdf4c2386109e1e2cd5cafd0121b7b280a05d83ea046def54,2,2706,0
2,ex2-s5-e1-a1-p04,822db031c141350bdf4c2386109e1e2cd5cafd0121b7b280a05d83ea046def54,2,2707,100
2,ex2-s5-e1-a1-p04,822db031c141350bdf4c2386109e1e2cd5cafd0121b7b280a05d83ea046def54,2,2708,100
2,ex2-s5-e1-a1-p04,822db031c141350bdf4c2386109e1e2cd5cafd0121b7b280a05d83ea046def54,2,2709,0
2,ex2-s5-e1-a1-p04,822db031c141350bdf4c2386109e1e2cd5cafd0121b7b280a05d83ea046def54,2,2710,100
2,ex2-s5-e1-a1-p04,822db031c141350bdf4c2386109e1e2cd5cafd0121b7b280a05d83ea046def54,2,2711,0
2,ex2-s5-e1-a1-p04,822db031c141350bdf4c2386109e1e2cd5cafd0121b7b280a05d83ea046def54,2,2712,100
2,ex2-s5-e1-a1-p04,822db031c141350bdf4c2386109e1e2cd5cafd0121b7b280a05d83ea046def54,2,2713,0
2,ex2-s5-e1-a1-p04,822db031c141350bdf4c2386109e1e2cd5cafd0121b7b280a05d83ea046def54,2,2714,100
2,ex2-s5-e1-a1-p04,822db031c141350bdf4c2386109e1e2cd5cafd0121b7b280a05d83ea046def54,2,2715,0
2,ex2-s5-e1-a1-p04,822db031c141350bdf4c2386109e1e2cd5cafd0121b7b280a05d83ea046def54,2,2716,100
2,ex2-s5-e1-a1-p04,822db031c141350bdf4c2386109e1e2cd5cafd0121b7b280a05d83ea046def54,2,2717,0
2,ex2-s5-e1-a1-p04,822db031c141350bdf4c2386109e1e2cd5cafd0121b7b280a05d83ea046def54,2,2718,100
2,ex2-s5-e1-a1-p04,822db031c141350bdf4c2386109e1e2cd5cafd0121b7b280a05d83ea046def54,2,2719,100
2,ex2-s5-e1-a1-p04,822db031c141350bdf4c2386109e1e2cd5cafd0121b7b280a05d83ea046def54,2,2720,0
2,ex2-s5-e1-a1-p04,822db031c141350bdf4c2386109e1e2cd5cafd0121b7b280a05d83ea046def54,2,2721,100
2,ex2-s5-e1-a1-p04,822db031c141350bdf4c2386109e1e2cd5cafd0121b7b280a05d83ea046def54,2,2722,0
2,ex2-s5-e1-a1-p04,822db031c141350bdf4c2386109e1e2cd5cafd0121b7b280a05d83ea046def54,2,2723,100
2,ex2-s5-e1-a1-p04,822db031c141350bdf4c2386109e1e2cd5cafd0121b7b280a05d83ea046def54,2,2724,0
2,ex2-s5-e1-a1-p04,822db031c141350bdf4c2386109e1e2cd5cafd0121b7b280a05d83ea046def54,2,2725,100
2,ex2-s5-e1-a1-p04,822db031c141350bdf4c2386109e1e2cd5cafd0121b7b280a05d83ea046def54,2,2726,0
2,ex2-s5-e1-a1-p04,822db031c141350bdf4c2386109e1e2cd5cafd0121b7b280a05d83ea046def54,2,2727,100
2,ex2-s5-e1-a1-p04,822db031c141350bdf4c2386109e1e2cd5cafd0121b7b280a05d83ea046def54,2,2728,100
2,ex2-s5-e1-a1-p04,822db031c141350bdf4c2386109e1e2cd5cafd0121b7b280a05d83ea046def54,2,2729,0
2,ex2-s5-e1-a1-p04,822db031c141350bdf4c2386109e1e2cd5cafd0121b7b280a05d83ea046def54,2,2730,100
2,ex2-s5-e1-a1-p04,822db031c141350bdf4c2386109e1e2cd5cafd0121b7b280a05d83ea046def54,2,2731,0
2,ex2-s5-e1-a1-p04,822db031c141350bdf4c2386109e1e2cd5cafd0121b7b280a05d83ea046def54,2,2732,100
2,ex2-s5-e1-a1-p04,822db031c141350bdf4c2386109e1e2cd5cafd0121b7b280a05d83ea046def54,2,2733,0
2,ex2-s5-e1-a1-p04,822db031c141350bdf4c2386109e1e2cd5cafd0121b7b280a05d83ea046def54,2,2734,100
2,ex2-s5-e1-a1-p04,822db031c141350bdf4c2386109e1e2cd5cafd0121b7b280a05d83ea046def54,2,2735,0
2,ex2-s5-e1-a1-p04,822db031c141350bdf4c2386109e1e2cd5cafd0121b7b280a05d83ea046def54,2,2736,100
2,ex2-s5-e1-a1-p04,822db031c141350bdf4c2386109e1e2cd5cafd0121b7b280a05d83ea046def54,2,2737,100
2,ex2-s5-e1-a1-p04,822db031c141350bdf4c2386109e1e2cd5cafd0121b7b280a05d83ea046def54,2,2738,0
2,ex2-s5-e1-a1-p04,822db031c141350bdf4c2386109e1e2cd5cafd0121b7b280a05d83ea046def54,2,2739,100
2,ex2-s5-e1-a1-p04,822db031c141350bdf4c2386109e1e2cd5cafd0121b7b280a05d83ea046def54,2,2740,0
2,ex2-s5-e1-a1-p04,822db031c141350bdf4c2386109e1e2cd5cafd0121b7b280a05d83ea046def54,2,2741,100
2,ex2-s5-e1-a1-p04,822db031c141350bdf4c2386109e1e2cd5cafd0121b7b280a05d83ea046def54,2,2742,0
2,ex2-s5-e1-a1-p04,822db031c141350bdf4c2386109e1e2cd5cafd0121b7b280a05d83ea046def54,2,2743,100
2,ex2-s5-e1-a1-p04,822db031c141350bdf4c2386109e1e2cd5cafd0121b7b280a05d83ea046def54,2,2744,0
2,ex2-s5-e1-a1-p04,822db031c141350bdf4c2386109e1e2cd5cafd0121b7b280a05d83ea046def54,2,2745,100
2,ex2-s5-e1-a1-p04,822db031c141350bdf4c2386109e1e2cd5cafd0121b7b280a05d83ea046def54,2,2746,100
2,ex2-s5-e1-a1-p04,822db031c141350bdf4c2386109e1e2cd5cafd0121b7b280a05d83ea046def54,2,2747,0
2,ex2-s5-e1-a1-p04,822db031c141350bdf4c2386109e1e2cd5cafd0121b7b280a05d83ea046def54,2,2748,100
2,ex2-s5-e1-a1-p04,822db031c141350bdf4c2386109e1e2cd5cafd0121b7b280a05d83ea046def54,2,2749,0
2,ex2-s5-e1-a1-p04,822db031c141350bdf4c2386109e1e2cd5cafd0121b7b280a05d83ea046def54,2,2750,100
2,ex2-s5-e1-a1-p04,822db031c141350bdf4c2386109e1e2cd5cafd0121b7b280a05d83ea046def54,2,2751,0
2,ex2-s5-e1-a1-p04,822db031c141350bdf4c2386109e1e2cd5cafd0121b7b280a05d83ea046def54,2,2752,100
2,ex2-s5-e1-a1-p04,822db031c141350bdf4c2386109e1e2cd5cafd0121b7b280a05d83ea046def54,2,2753,0
2,ex2-s5-e1-a1-p04,822db031c141350bdf4c2386109e1e2cd5cafd0121b7b280a05d83ea046def54,2,2754,100
2,ex2-s5-e1-a1-p04,822db031c141350bdf4c2386109e1e2cd5cafd0121b7b280a05d83ea046def54,2,2755,0
2,ex2-s5-e1-a1-p04,822db031c141350bdf4c2386109e1e2cd5cafd0121b7b280a05d83ea046def54,2,2756,100
2,ex2-s5-e1-a1-p04,822db031c141350bdf4c2386109e1e2cd5cafd0121b7b280a05d83ea046def54,2,2757,100
2,ex2-s5-e1-a1-p04,822db031c141350bdf4c2386109e1e2cd5cafd0121b7b280a05d83ea046def54,2,2758,0
2,ex2-s5-e1-a1-p04,822db031c141350bdf4c2386109e1e2cd5cafd0121b7b280a05d83ea046def54,2,2759,100
2,ex2-s5-e1-a1-p04,822db031c141350bdf4c2386109e1e2cd5cafd0121b7b280a05d83ea046def54,2,2760,0
2,ex2-s5-e1-a1-p04,822db031c141350bdf4c2386109e1e2cd5cafd0121b7b280a05d83ea046def54,2,2761,100
2,ex2-s5-e1-a1-p04,822db031c141350bdf4c2386109e1e2cd5cafd0121b7b280a05d83ea046def54,2,2762,0
2,ex2-s5-e1-a1-p04,822db031c141350bdf4c2386109e1e2cd5cafd0121b7b280a05d83ea046def54,2,2763,100
2,ex2-s5-e1-a1-p04,822db031c141350bdf4c2386109e1e2cd5cafd0121b7b280a05d83ea046def54,2,2764,0
2,ex2-s5-e1-a1-p04,822db031c141350bdf4c2386109e1e2cd5cafd0121b7b280a05d83ea046def54,2,2765,100
2,ex2-s5-e1-a1-p04,822db031c141350bdf4c2386109e1e2cd5cafd0121b7b280a05d83ea046def54,2,2766,100
2,ex2-s5-e1-a1-p04,822db031c141350bdf4c2386109e1e2cd5cafd0121b7b280a05d83ea046def54,2,2767,0
2,ex2-s5-e1-a1-p04,822db031c141350bdf4c2386109e1e2cd5cafd0121b7b280a05d83ea046def54,2,2768,100
2,ex2-s5-e1-a1-p04,822db031c141350bdf4c2386109e1e2cd5cafd0121b7b280a05d83ea046def54,2,2769,0
2,ex2-s5-e1-a1-p04,822db031c141350bdf4c2386109e1e2cd5cafd0121b7b280a05d83ea046def54,2,2770,100
2,ex2-s5-e1-a1-p04,822db031c141350bdf4c2386109e1e2cd5cafd0121b7b280a05d83ea046def54,2,2771,0
2,ex2-s5-e1-a1-p04,822db031c141350bdf4c2386109e1e2cd5cafd0121b7b280a05d83ea046def54,2,2772,100
2,ex2-s5-e1-a1-p04,822db031c141350bdf4c2386109e1e2cd5cafd0121b7b280a05d83ea046def54,2,2773,0
2,ex2-s5-e1-a1-p04,822db031c141350bdf4c2386109e1e2cd5cafd0121b7b280a05d83ea046def54,2,2774,100
2,ex2-s5-e1-a1-p04,822db031c141350bdf4c2386109e1e2cd5cafd0121b7b280a05d83ea046def54,2,2775,100
2,ex2-s5-e1-a1-p04,822db031c141350bdf4c2386109e1e2cd5cafd0121b7b280a05d83ea046def54,2,2776,0
2,ex2-s5-e1-a1-p04,822db031c141350bdf4c2386109e1e2cd5cafd0121b7b280a05d83ea046def54,2,2777,100
2,ex2-s5-e1-a1-p04,822db031c141350bdf4c2386109e1e2cd5cafd0121b7b280a05d83ea046def54,2,2778,0
2,ex2-s5-e1-a1-p04,822db031c141350bdf4c2386109e1e2cd5cafd0121b7b280a05d83ea046def54,2,2779,100
2,ex2-s5-e1-a1-p04,822db031c141350bdf4c2386109e1e2cd5cafd0121b7b280a05d83ea046def54,2,2780,0
2,ex2-s5-e1-a1-p04,822db031c141350bdf4c2386109e1e2cd5cafd0121b7b280a05d83ea046def54,2,2781,100
2,ex2-s5-e1-a1-p04,822db031c141350bdf4c2386109e1e2cd5cafd0121b7b280a05d83ea046def54,2,2782,0
2,ex2-s5-e1-a1-p04,822db031c141350bdf4c2386109e1e2cd5cafd0121b7b280a05d83ea046def54,2,2783,100
2,ex2-s5-e1-a1-p04,822db031c141350bdf4c2386109e1e2cd5cafd0121b7b280a05d83ea046def54,2,2784,0
2,ex2-s5-e1-a1-p04,822db031c141350bdf4c2386109e1e2cd5cafd0121b7b280a05d83ea046def54,2,2785,100
2,ex2-s5-e1-a1-p04,822db031c141350bdf4c2386109e1e2cd5cafd0121b7b280a05d83ea046def54,2,2786,100
2,ex2-s5-e1-a1-p04,822db031c141350bdf4c2386109e1e2cd5cafd0121b7b280a05d83ea046def54,2,2787,0
2,ex2-s5-e1-a1-p04,822db031c141350bdf4c2386109e1e2cd5cafd0121b7b280a05d83ea046def54,2,2788,100
2,ex2-s5-e1-a1-p04,822db031c141350bdf4c2386109e1e2cd5cafd0121b7b280a05d83ea046def54,2,2789,0
2,ex2-s5-e1-a1-p04,822db031c141350bdf4c2386109e1e2cd5cafd0121b7b280a05d83ea046def54,2,2790,100
2,ex2-s5-e1-a1-p04,822db031c141350bdf4c2386109e1e2cd5cafd0121b7b280a05d83ea046def54,2,2791,0
2,ex2-s5-e1-a1-p04,822db031c141350bdf4c2386109e1e2cd5cafd0121b7b280a05d83ea046def54,2,2792,100
2,ex2-s5-e1-a1-p04,822db031c141350bdf4c2386109e1e2cd5cafd0121b7b280a05d83ea046def54,2,2793,0
2,ex2-s5-e1-a1-p04,822db031c141350bdf4c2386109e1e2cd5cafd0121b7b280a05d83ea046def54,2,2794,100
2,ex2-s5-e1-a1-p04,822db031c141350bdf4c2386109e1e2cd5cafd0121b7b280a05d83ea046def54,2,2795,100
2,ex2-s5-e1-a1-p04,822db031c141350bdf4c2386109e1e2cd5cafd0121b7b280a05d83ea046def54,2,2796,0
2,ex2-s5-e1-a1-p04,822db031c141350bdf4c2386109e1e2cd5cafd0121b7b280a05d83ea046def54,2,2797,100
2,ex2-s5-e1-a1-p04,822db031c141350bdf4c2386109e1e2cd5cafd0121b7b280a05d83ea046def54,2,2798,0
2,ex2-s5-e1-a1-p04,822db031c141350bdf4c2386109e1e2cd5cafd0121b7b280a05d83ea046def54,2,2799,100
2,ex2-s5-e1-a1-p04,822db031c141350bdf4c2386109e1e2cd5cafd0121b7b280a05d83ea046def54,2,2800,0
2,ex2-s5-e1-a1-p04,822db031c141350bdf4c2386109e1e2cd5cafd0121b7b280a05d83ea046def54,2,2801,100
2,ex2-s5-e1-a1-p04,822db031c141350bdf4c2386109e1e2cd5cafd0121b7b280a05d83ea046def54,2,2802,0
2,ex2-s5-e1-a1-p04,822db031c141350bdf4c2386109e1e2cd5cafd0121b7b280a05d83ea046def54,2,2803,100
2,ex2-s5-e1-a1-p04,822db031c141350bdf4c2386109e1e2cd5cafd0121b7b280a05d83ea046def54,2,2804,100
2,ex2-s5-e1-a1-p04,822db031c141350bdf4c2386109e1e2cd5cafd0121b7b280a05d83ea046def54,2,2805,0
2,ex2-s5-e1-a1-p04,822db031c141350bdf4c2386109e1e2cd5cafd0121b7b280a05d83ea046def54,2,2806,100
2,ex2-s5-e1-a1-p04,822db031c141350bdf4c2386109e1e2cd5cafd0121b7b280a05d83ea046def54,2,2807,0
2,ex2-s5-e1-a1-p04,822db031c141350bdf4c2386109e1e2cd5cafd0121b7b280a05d83ea046def54,2,2808,100
2,ex2-s5-e1-a1-p04,822db031c141350bdf4c2386109e1e2cd5cafd0121b7b280a05d83ea046def54,2,2809,0
2,ex2-s5-e1-a1-p04,822db031c141350bdf4c2386109e1e2cd5cafd0121b7b280a05d83ea046def54,2,2810,100
2,ex2-s5-e1-a1-p04,822db031c141350bdf4c2386109e1e2cd5cafd0121b7b280a05d83ea046def54,2,2811,0
2,ex2-s5-e1-a1-p04,822db031c141350bdf4c2386109e1e2cd5cafd0121b7b280a05d83ea046def54,2,2812,100
2,ex2-s5-e1-a1-p04,822db031c141350bdf4c2386109e1e2cd5cafd0121b7b280a05d83ea046def54,2,2813,100
2,ex2-s5-e1-a1-p04,822db031c141350bdf4c2386109e1e2cd5cafd0121b7b280a05d83ea046def54,2,2814,0
2,ex2-s5-e1-a1-p04,822db031c141350bdf4c2386109e1e2cd5cafd0121b7b280a05d83ea046def54,2,2815,100
2,ex2-s5-e1-a1-p04,822db031c141350bdf4c2386109e1e2cd5cafd0121b7b280a05d83ea046def54,2,2816,0
2,ex2-s5-e1-a1-p04,822db031c141350bdf4c2386109e1e2cd5cafd0121b7b280a05d83ea046def54,2,2817,100
2,ex2-s5-e1-a1-p04,822db031c141350bdf4c2386109e1e2cd5cafd0121b7b280a05d83ea046def54,2,2818,0
2,ex2-s5-e1-a1-p04,822db031c141350bdf4c2386109e1e2cd5cafd0121b7b280a05d83ea046def54,2,2819,100
2,ex2-s5-e1-a1-p04,822db031c141350bdf4c2386109e1e2cd5cafd0121b7b280a05d83ea046def54,2,2820,0
2,ex2-s5-e1-a1-p04,822db031c141350bdf4c2386109e1e2cd5cafd0121b7b280a05d83ea046def54,2,2821,100
2,ex2-s5-e1-a1-p04,822db031c141350bdf4c2386109e1e2cd5cafd0121b7b280a05d83ea046def54,2,2822,0
2,ex2-s5-e1-a1-p04,822db031c141350bdf4c2386109e1e2cd5cafd0121b7b280a05d83ea046def54,2,2823,100
2,ex2-s5-e1-a1-p04,822db031c141350bdf4c2386109e1e2cd5cafd0121b7b280a05d83ea046def54,2,2824,100
2,ex2-s5-e1-a1-p04,822db031c141350bdf4c2386109e1e2cd5cafd0121b7b280a05d83ea046def54,2,2825,0
2,ex2-s5-e1-a1-p04,822db031c141350bdf4c2386109e1e2cd5cafd0121b7b280a05d83ea046def54,2,2826,100
2,ex2-s5-e1-a1-p04,822db031c141350bdf4c2386109e1e2cd5cafd0121b7b280a05d83ea046def54,2,2827,0
2,ex2-s5-e1-a1-p04,822db031c141350bdf4c2386109e1e2cd5cafd0121b7b280a05d83ea046def54,2,2828,100
2,ex2-s5-e1-a1-p04,822db031c141350bdf4c2386109e1e2cd5cafd0121b7b280a05d83ea046def54,2,2829,0
2,ex2-s5-e1-a1-p04,822db031c141350bdf4c2386109e1e2cd5cafd0121b7b280a05d83ea046def54,2,2830,100
2,ex2-s5-e1-a1-p04,822db031c141350bdf4c2386109e1e2cd5cafd0121b7b280a05d83ea046def54,2,2831,0
2,ex2-s5-e1-a1-p04,822db031c141350bdf4c2386109e1e2cd5cafd0121b7b280a05d83ea046def54,2,2832,100
2,ex2-s5-e1-a1-p04,822db031c141350bdf4c2386109e1e2cd5cafd0121b7b280a05d83ea046def54,2,2833,100
2,ex2-s5-e1-a1-p04,822db031c141350bdf4c2386109e1e2cd5cafd0121b7b280a05d83ea046def54,2,2834,0
2,ex2-s5-e1-a1-p04,822db031c141350bdf4c2386109e1e2cd5cafd0121b7b280a05d83ea046def54,2,2835,100
2,ex2-s5-e1-a1-p04,822db031c141350bdf4c2386109e1e2cd5cafd0121b7b280a05d83ea046def54,2,2836,0
2,ex2-s5-e1-a1-p04,822db031c141350bdf4c2386109e1e2cd5cafd0121b7b280a05d83ea046def54,2,2837,100
2,ex2-s5-e1-a1-p04,822db031c141350bdf4c2386109e1e2cd5cafd0121b7b280a05d83ea046def54,2,2838,0
2,ex2-s5-e1-a1-p04,822db031c141350bdf4c2386109e1e2cd5cafd0121b7b280a05d83ea046def54,2,2839,100
2,ex2-s5-e1-a1-p04,822db031c141350bdf4c2386109e1e2cd5cafd0121b7b280a05d83ea046def54,2,2840,0
2,ex2-s5-e1-a1-p04,822db031c141350bdf4c2386109e1e2cd5cafd0121b7b280a05d83ea046def54,2,2841,100
2,ex2-s5-e1-a1-p04,822db031c141350bdf4c2386109e1e2cd5cafd0121b7b280a05d83ea046def54,2,2842,0
2,ex2-s5-e1-a1-p04,822db031c141350bdf4c2386109e1e2cd5cafd0121b7b280a05d83ea046def54,2,2843,100
2,ex2-s5-e1-a1-p04,822db031c141350bdf4c2386109e1e2cd5cafd0121b7b280a05d83ea046def54,2,2844,100
2,ex2-s5-e1-a1-p04,822db031c141350bdf4c2386109e1e2cd5cafd0121b7b280a05d83ea046def54,2,2845,0
2,ex2-s5-e1-a1-p04,822db031c141350bdf4c2386109e1e2cd5cafd0121b7b280a05d83ea046def54,2,2846,100
2,ex2-s5-e1-a1-p04,822db031c141350bdf4c2386109e1e2cd5cafd0121b7b280a05d83ea046def54,2,2847,0
2,ex2-s5-e1-a1-p04,822db031c141350bdf4c2386109e1e2cd5cafd0121b7b280a05d83ea046def54,2,2848,100
2,ex2-s5-e1-a1-p04,822db031c141350bdf4c2386109e1e2cd5cafd0121b7b280a05d83ea046def54,2,2849,0
2,ex2-s5-e1-a1-p04,822db031c141350bdf4c2386109e1e2cd5cafd0121b7b280a05d83ea046def54,2,2850,100
2,ex2-s5-e1-a1-p04,822db031c141350bdf4c2386109e1e2cd5cafd0121b7b280a05d83ea046def54,2,2851,0
2,ex2-s5-e1-a1-p04,822db031c141350bdf4c2386109e1e2cd5cafd0121b7b280a05d83ea046def54,2,2852,100
2,ex2-s5-e1-a1-p04,822db031c141350bdf4c2386109e1e2cd5cafd0121b7b280a05d83ea046def54,2,2853,100
2,ex2-s5-e1-a1-p04,822db031c141350bdf4c2386109e1e2cd5cafd0121b7b280a05d83ea046def54,2,2854,0
2,ex2-s5-e1-a1-p04,822db031c141350bdf4c2386109e1e2cd5cafd0121b7b280a05d83ea046def54,2,2855,100
2,ex2-s5-e1-a1-p04,822db031c141350bdf4c2386109e1e2cd5cafd0121b7b280a05d83ea046def54,2,2856,0
2,ex2-s5-e1-a1-p04,822db031c141350bdf4c2386109e1e2cd5cafd0121b7b280a05d83ea046def54,2,2857,100
2,ex2-s5-e1-a1-p04,822db031c141350bdf4c2386109e1e2cd5cafd0121b7b280a05d83ea046def54,2,2858,0
2,ex2-s5-e1-a1-p04,822db031c141350bdf4c2386109e1e2cd5cafd0121b7b280a05d83ea046def54,2,2859,100
2,ex2-s5-e1-a1-p04,822db031c141350bdf4c2386109e1e2cd5cafd0121b7b280a05d83ea046def54,2,2860,0
2,ex2-s5-e1-a1-p04,822db031c141350bdf4c2386109e1e2cd5cafd0121b7b280a05d83ea046def54,2,2861,100
2,ex2-s5-e1-a1-p04,822db031c141350bdf4c2386109e1e2cd5cafd0121b7b280a05d83ea046def54,2,2862,100
2,ex2-s5-e1-a1-p04,822db031c141350bdf4c2386109e1e2cd5cafd0121b7b280a05d83ea046def54,2,2863,0
2,ex2-s5-e1-a1-p04,822db031c141350bdf4c2386109e1e2cd5cafd0121b7b280a05d83ea046def54,2,2864,100
2,ex2-s5-e1-a1-p04,822db031c141350bdf4c2386109e1e2cd5cafd0121b7b280a05d83ea046def54,2,2865,0
2,ex2-s5-e1-a1-p04,822db031c141350bdf4c2386109e1e2cd5cafd0121b7b280a05d83ea046def54,2,2866,100
2,ex2-s5-e1-a1-p04,822db031c141350bdf4c2386109e1e2cd5cafd0121b7b280a05d83ea046def54,2,2867,0
2,ex2-s5-e1-a1-p04,822db031c141350bdf4c2386109e1e2cd5cafd0121b7b280a05d83ea046def54,2,2868,100
2,ex2-s5-e1-a1-p04,822db031c141350bdf4c2386109e1e2cd5cafd0121b7b280a05d83ea046def54,2,2869,0
2,ex2-s5-e1-a1-p04,822db031c141350bdf4c2386109e1e2cd5cafd0121b7b280a05d83ea046def54,2,2870,100
2,ex2-s5-e1-a1-p04,822db031c141350bdf4c2386109e1e2cd5cafd0121b7b280a05d83ea046def54,2,2871,100
2,ex2-s5-e1-a1-p04,822db031c141350bdf4c2386109e1e2cd5cafd0121b7b280a05d83ea046def54,2,2872,0
2,ex2-s5-e1-a1-p04,822db031c141350bdf4c2386109e1e2cd5cafd0121b7b280a05d83ea046def54,2,2873,100
2,ex2-s5-e1-a1-p04,822db031c141350bdf4c2386109e1e2cd5cafd0121b7b280a05d83ea046def54,2,2874,0
2,ex2-s5-e1-a1-p04,822db031c141350bdf4c2386109e1e2cd5cafd0121b7b280a05d83ea046def54,2,2875,100
2,ex2-s5-e1-a1-p04,822db031c141350bdf4c2386109e1e2cd5cafd0121b7b280a05d83ea046def54,2,2876,0
2,ex2-s5-e1-a1-p04,822db031c141350bdf4c2386109e1e2cd5cafd0121b7b280a05d83ea046def54,2,2877,100
2,ex2-s5-e1-a1-p04,822db031c141350bdf4c2386109e1e2cd5cafd0121b7b280a05d83ea046def54,2,2878,0
2,ex2-s5-e1-a1-p04,822db031c141350bdf4c2386109e1e2cd5cafd0121b7b280a05d83ea046def54,2,2879,100
2,ex2-s5-e1-a1-p04,822db031c141350bdf4c2386109e1e2cd5cafd0121b7b280a05d83ea046def54,2,2880,0
2,ex2-s5-e1-a1-p04,822db031c141350bdf4c2386109e1e2cd5cafd0121b7b280a05d83ea046def54,2,2881,100
2,ex2-s5-e1-a1-p04,822db031c141350bdf4c2386109e1e2cd5cafd0121b7b280a05d83ea046def54,2,2882,100
2,ex2-s5-e1-a1-p04,822db031c141350bdf4c2386109e1e2cd5cafd0121b7b280a05d83ea046def54,2,2883,0
2,ex2-s5-e1-a1-p04,822db031c141350bdf4c2386109e1e2cd5cafd0121b7b280a05d83ea046def54,2,2884,100
2,ex2-s5-e1-a1-p04,822db031c141350bdf4c2386109e1e2cd5cafd0121b7b280a05d83ea046def54,2,2885,0
2,ex2-s5-e1-a1-p04,822db031c141350bdf4c2386109e1e2cd5cafd0121b7b280a05d83ea046def54,2,2886,100
2,ex2-s5-e1-a1-p04,822db031c141350bdf4c2386109e1e2cd5cafd0121b7b280a05d83ea046def54,2,2887,100
2,ex2-s5-e1-a1-p04,822db031c141350bdf4c2386109e1e2cd5cafd0121b7b280a05d83ea046def54,2,2888,100
2,ex2-s5-e1-a1-p04,822db031c141350bdf4c2386109e1e2cd5cafd0121b7b280a05d83ea046def54,2,2889,0
2,ex2-s5-e1-a1-p04,822db031c141350bdf4c2386109e1e2cd5cafd0121b7b280a05d83ea046def54,2,2890,100
2,ex2-s5-e1-a1-p04,822db031c141350bdf4c2386109e1e2cd5cafd0121b7b280a05d83ea046def54,2,2891,0
2,ex2-s5-e1-a1-p04,822db031c141350bdf4c2386109e1e2cd5cafd0121b7b280a05d83ea046def54,2,2892,100
2,ex2-s5-e1-a1-p04,822db031c141350bdf4c2386109e1e2cd5cafd0121b7b280a05d83ea046def54,2,2893,0
2,ex2-s5-e1-a1-p04,822db031c141350bdf4c2386109e1e2cd5cafd0121b7b280a05d83ea046def54,2,2894,100
2,ex2-s5-e1-a1-p04,822db031c141350bdf4c2386109e1e2cd5cafd0121b7b280a05d83ea046def54,2,2895,100
2,ex2-s5-e1-a1-p04,822db031c141350bdf4c2386109e1e2cd5cafd0121b7b280a05d83ea046def54,2,2896,0
2,ex2-s5-e1-a1-p04,822db031c141350bdf4c2386109e1e2cd5cafd0121b7b280a05d83ea046def54,2,2897,100
2,ex2-s5-e1-a1-p04,822db031c141350bdf4c2386109e1e2cd5cafd0121b7b280a05d83ea046def54,2,2898,0
2,ex2-s5-e1-a1-p04,822db031c141350bdf4c2386109e1e2cd5cafd0121b7b280a05d83ea046def54,2,2899,100
2,ex2-s5-e1-a1-p04,822db031c141350bdf4c2386109e1e2cd5cafd0121b7b280a05d83ea046def54,2,2900,0
2,ex2-s5-e1-a1-p04,822db031c141350bdf4c2386109e1e2cd5cafd0121b7b280a05d83ea046def54,2,2901,100
2,ex2-s5-e1-a1-p04,822db031c141350bdf4c2386109e1e2cd5cafd0121b7b280a05d83ea046def54,2,2902,0
2,ex2-s5-e1-a1-p04,822db031c141350bdf4c2386109e1e2cd5cafd0121b7b280a05d83ea046def54,2,2903,100
2,ex2-s5-e1-a1-p04,822db031c141350bdf4c2386109e1e2cd5cafd0121b7b280a05d83ea046def54,2,2904,100
2,ex2-s5-e1-a1-p04,822db031c141350bdf4c2386109e1e2cd5cafd0121b7b280a05d83ea046def54,2,2905,0
2,ex2-s5-e1-a1-p04,822db031c141350bdf4c2386109e1e2cd5cafd0121b7b280a05d83ea046def54,2,2906,100
2,ex2-s5-e1-a1-p04,822db031c141350bdf4c2386109e1e2cd5cafd0121b7b280a05d83ea046def54,2,2907,0
2,ex2-s5-e1-a1-p04,822db031c141350bdf4c2386109e1e2cd5cafd0121b7b280a05d83ea046def54,2,2908,100
2,ex2-s5-e1-a1-p04,822db031c141350bdf4c2386109e1e2cd5cafd0121b7b280a05d83ea046def54,2,2909,0
2,ex2-s5-e1-a1-p04,822db031c141350bdf4c2386109e1e2cd5cafd0121b7b280a05d83ea046def54,2,2910,100
2,ex2-s5-e1-a1-p04,822db031c141350bdf4c2386109e1e2cd5cafd0121b7b280a05d83ea046def54,2,2911,0
2,ex2-s5-e1-a1-p04,822db031c141350bdf4c2386109e1e2cd5cafd0121b7b280a05d83ea046def54,2,2912,100
2,ex2-s5-e1-a1-p04,822db031c141350bdf4c2386109e1e2cd5cafd0121b7b280a05d83ea046def54,2,2913,0
2,ex2-s5-e1-a1-p04,822db031c141350bdf4c2386109e1e2cd5cafd0121b7b280a05d83ea046def54,2,2914,100
2,ex2-s5-e1-a1-p04,822db031c141350bdf4c2386109e1e2cd5cafd0121b7b280a05d83ea046def54,2,2915,100
2,ex2-s5-e1-a1-p04,822db031c141350bdf4c2386109e1e2cd5cafd0121b7b280a05d83ea046def54,2,2916,0
2,ex2-s5-e1-a1-p04,822db031c141350bdf4c2386109e1e2cd5cafd0121b7b280a05d83ea046def54,2,2917,100
2,ex2-s5-e1-a1-p04,822db031c141350bdf4c2386109e1e2cd5cafd0121b7b280a05d83ea046def54,2,2918,0
2,ex2-s5-e1-a1-p04,822db031c141350bdf4c2386109e1e2cd5cafd0121b7b280a05d83ea046def54,2,2919,100
2,ex2-s5-e1-a1-p04,822db031c141350bdf4c2386109e1e2cd5cafd0121b7b280a05d83ea046def54,2,2920,0
2,ex2-s5-e1-a1-p04,822db031c141350bdf4c2386109e1e2cd5cafd0121b7b280a05d83ea046def54,2,2921,100
2,ex2-s5-e1-a1-p04,822db031c141350bdf4c2386109e1e2cd5cafd0121b7b280a05d83ea046def54,2,2922,0
2,ex2-s5-e1-a1-p04,822db031c141350bdf4c2386109e1e2cd5cafd0121b7b280a05d83ea046def54,2,2923,100
2,ex2-s5-e1-a1-p04,822db031c141350bdf4c2386109e1e2cd5cafd0121b7b280a05d83ea046def54,2,2924,100
2,ex2-s5-e1-a1-p04,822db031c141350bdf4c2386109e1e2cd5cafd0121b7b280a05d83ea046def54,2,2925,0
2,ex2-s5-e1-a1-p04,822db031c141350bdf4c2386109e1e2cd5cafd0121b7b280a05d83ea046def54,2,2926,100
2,ex2-s5-e1-a1-p04,822db031c141350bdf4c2386109e1e2cd5cafd0121b7b280a05d83ea046def54,2,2927,0
2,ex2-s5-e1-a1-p04,822db031c141350bdf4c2386109e1e2cd5cafd0121b7b280a05d83ea046def54,2,2928,100
2,ex2-s5-e1-a1-p04,822db031c141350bdf4c2386109e1e2cd5cafd0121b7b280a05d83ea046def54,2,2929,0
2,ex2-s5-e1-a1-p04,822db031c141350bdf4c2386109e1e2cd5cafd0121b7b280a05d83ea046def54,2,2930,100
2,ex2-s5-e1-a1-p04,822db031c141350bdf4c2386109e1e2cd5cafd0121b7b280a05d83ea046def54,2,2931,0
2,ex2-s5-e1-a1-p04,822db031c141350bdf4c2386109e1e2cd5cafd0121b7b280a05d83ea046def54,2,2932,100
2,ex2-s5-e1-a1-p04,822db031c141350bdf4c2386109e1e2cd5cafd0121b7b280a05d83ea046def54,2,2933,100
2,ex2-s5-e1-a1-p04,822db031c141350bdf4c2386109e1e2cd5cafd0121b7b280a05d83ea046def54,2,2934,0
2,ex2-s5-e1-a1-p04,822db031c141350bdf4c2386109e1e2cd5cafd0121b7b280a05d83ea046def54,2,2935,100
2,ex2-s5-e1-a1-p04,822db031c141350bdf4c2386109e1e2cd5cafd0121b7b280a05d83ea046def54,2,2936,0
2,ex2-s5-e1-a1-p04,822db031c141350bdf4c2386109e1e2cd5cafd0121b7b280a05d83ea046def54,2,2937,100
2,ex2-s5-e1-a1-p04,822db031c141350bdf4c2386109e1e2cd5cafd0121b7b280a05d83ea046def54,2,2938,0
2,ex2-s5-e1-a1-p04,822db031c141350bdf4c2386109e1e2cd5cafd0121b7b280a05d83ea046def54,2,2939,100
2,ex2-s5-e1-a1-p04,822db031c141350bdf4c2386109e1e2cd5cafd0121b7b280a05d83ea046def54,2,2940,0
2,ex2-s5-e1-a1-p04,822db031c141350bdf4c2386109e1e2cd5cafd0121b7b280a05d83ea046def54,2,2941,100
2,ex2-s5-e1-a1-p04,822db031c141350bdf4c2386109e1e2cd5cafd0121b7b280a05d83ea046def54,2,2942,0
2,ex2-s5-e1-a1-p04,822db031c141350bdf4c2386109e1e2cd5cafd0121b7b280a05d83ea046def54,2,2943,100
2,ex2-s5-e1-a1-p04,822db031c141350bdf4c2386109e1e2cd5cafd0121b7b280a05d83ea046def54,2,2944,100
2,ex2-s5-e1-a1-p04,822db031c141350bdf4c2386109e1e2cd5cafd0121b7b280a05d83ea046def54,2,2945,0
2,ex2-s5-e1-a1-p04,822db031c141350bdf4c2386109e1e2cd5cafd0121b7b280a05d83ea046def54,2,2946,100
2,ex2-s5-e1-a1-p04,822db031c141350bdf4c2386109e1e2cd5cafd0121b7b280a05d83ea046def54,2,2947,0
2,ex2-s5-e1-a1-p04,822db031c141350bdf4c2386109e1e2cd5cafd0121b7b280a05d83ea046def54,2,2948,100
2,ex2-s5-e1-a1-p04,822db031c141350bdf4c2386109e1e2cd5cafd0121b7b280a05d83ea046def54,2,2949,0
2,ex2-s5-e1-a1-p04,822db031c141350bdf4c2386109e1e2cd5cafd0121b7b280a05d83ea046def54,2,2950,100
2,ex2-s5-e1-a1-p04,822db031c141350bdf4c2386109e1e2cd5cafd0121b7b280a05d83ea046def54,2,2951,0
2,ex2-s5-e1-a1-p04,822db031c141350bdf4c2386109e1e2cd5cafd0121b7b280a05d83ea046def54,2,2952,100
2,ex2-s5-e1-a1-p04,822db031c141350bdf4c2386109e1e2cd5cafd0121b7b280a05d83ea046def54,2,2953,100
2,ex2-s5-e1-a1-p04,822db031c141350bdf4c2386109e1e2cd5cafd0121b7b280a05d83ea046def54,2,2954,0
2,ex2-s5-e1-a1-p04,822db031c141350bdf4c2386109e1e2cd5cafd0121b7b280a05d83ea046def54,2,2955,100
2,ex2-s5-e1-a1-p04,822db031c141350bdf4c2386109e1e2cd5cafd0121b7b280a05d83ea046def54,2,2956,0
2,ex2-s5-e1-a1-p04,822db031c141350bdf4c2386109e1e2cd5cafd0121b7b280a05d83ea046def54,2,2957,100
2,ex2-s5-e1-a1-p04,822db031c141350bdf4c2386109e1e2cd5cafd0121b7b280a05d83ea046def54,2,2958,0
2,ex2-s5-e1-a1-p04,822db031c141350bdf4c2386109e1e2cd5cafd0121b7b280a05d83ea046def54,2,2959,100
2,ex2-s5-e1-a1-p04,822db031c141350bdf4c2386109e1e2cd5cafd0121b7b280a05d83ea046def54,2,2960,0
2,ex2-s5-e1-a1-p04,822db031c141350bdf4c2386109e1e2cd5cafd0121b7b280a05d83ea046def54,2,2961,100
2,ex2-s5-e1-a1-p04,822db031c141350bdf4c2386109e1e2cd5cafd0121b7b280a05d83ea046def54,2,2962,0
2,ex2-s5-e1-a1-p04,822db031c141350bdf4c2386109e1e2cd5cafd0121b7b280a05d83ea046def54,2,2963,100
2,ex2-s5-e1-a1-p04,822db031c141350bdf4c2386109e1e2cd5cafd0121b7b280a05d83ea046def54,2,2964,100
2,ex2-s5-e1-a1-p04,822db031c141350bdf4c2386109e1e2cd5cafd0121b7b280a05d83ea046def54,2,2965,0
2,ex2-s5-e1-a1-p04,822db031c141350bdf4c2386109e1e2cd5cafd0121b7b280a05d83ea046def54,2,2966,100
2,ex2-s5-e1-a1-p04,822db031c141350bdf4c2386109e1e2cd5cafd0121b7b280a05d83ea046def54,2,2967,0
2,ex2-s5-e1-a1-p04,822db031c141350bdf4c2386109e1e2cd5cafd0121b7b280a05d83ea046def54,2,2968,100
2,ex2-s5-e1-a1-p04,822db031c141350bdf4c2386109e1e2cd5cafd0121b7b280a05d83ea046def54,2,2969,0
2,ex2-s5-e1-a1-p04,822db031c141350bdf4c2386109e1e2cd5cafd0121b7b280a05d83ea046def54,2,2970,100
2,ex2-s5-e1-a1-p04,822db031c141350bdf4c2386109e1e2cd5cafd0121b7b280a05d83ea046def54,2,2971,0
2,ex2-s5-e1-a1-p04,822db031c141350bdf4c2386109e1e2cd5cafd0121b7b280a05d83ea046def54,2,2972,100
2,ex2-s5-e1-a1-p04,822db031c141350bdf4c2386109e1e2cd5cafd0121b7b280a05d83ea046def54,2,2973,100
2,ex2-s5-e1-a1-p04,822db031c141350bdf4c2386109e1e2cd5cafd0121b7b280a05d83ea046def54,2,2974,0
2,ex2-s5-e1-a1-p04,822db031c141350bdf4c2386109e1e2cd5cafd0121b7b280a05d83ea046def54,2,2975,100
2,ex2-s5-e1-a1-p04,822db031c141350bdf4c2386109e1e2cd5cafd0121b7b280a05d83ea046def54,2,2976,0
2,ex2-s5-e1-a1-p04,822db031c141350bdf4c2386109e1e2cd5cafd0121b7b280a05d83ea046def54,2,2977,100
2,ex2-s5-e1-a1-p04,822db031c141350bdf4c2386109e1e2cd5cafd0121b7b280a05d83ea046def54,2,2978,0
2,ex2-s5-e1-a1-p04,822db031c141350bdf4c2386109e1e2cd5cafd0121b7b280a05d83ea046def54,2,2979,100
2,ex2-s5-e1-a1-p04,822db031c141350bdf4c2386109e1e2cd5cafd0121b7b280a05d83ea046def54,2,2980,0
2,ex2-s5-e1-a1-p04,822db031c141350bdf4c2386109e1e2cd5cafd0121b7b280a05d83ea046def54,2,2981,100
2,ex2-s5-e1-a1-p04,822db031c141350bdf4c2386109e1e2cd5cafd0121b7b280a05d83ea046def54,2,2982,0
2,ex2-s5-e1-a1-p04,822db031c141350bdf4c2386109e1e2cd5cafd0121b7b280a05d83ea046def54,2,2983,100
2,ex2-s5-e1-a1-p04,822db031c141350bdf4c2386109e1e2cd5cafd0121b7b280a05d83ea046def54,2,2984,100
2,ex2-s5-e1-a1-p04,822db031c141350bdf4c2386109e1e2cd5cafd0121b7b280a05d83ea046def54,2,2985,0
2,ex2-s5-e1-a1-p04,822db031c141350bdf4c2386109e1e2cd5cafd0121b7b280a05d83ea046def54,2,2986,100
2,ex2-s5-e1-a1-p04,822db031c141350bdf4c2386109e1e2cd5cafd0121b7b280a05d83ea046def54,2,2987,0
2,ex2-s5-e1-a1-p04,822db031c141350bdf4c2386109e1e2cd5cafd0121b7b280a05d83ea046def54,2,2988,100
2,ex2-s5-e1-a1-p04,822db031c141350bdf4c2386109e1e2cd5cafd0121b7b280a05d83ea046def54,2,2989,0
2,ex2-s5-e1-a1-p04,822db031c141350bdf4c2386109e1e2cd5cafd0121b7b280a05d83ea046def54,2,2990,100
2,ex2-s5-e1-a1-p04,822db031c141350bdf4c2386109e1e2cd5cafd0121b7b280a05d83ea046def54,2,2991,0
2,ex2-s5-e1-a1-p04,822db031c141350bdf4c2386109e1e2cd5cafd0121b7b280a05d83ea046def54,2,2992,100
2,ex2-s5-e1-a1-p04,822db031c141350bdf4c2386109e1e2cd5cafd0121b7b280a05d83ea046def54,2,2993,100
2,ex2-s5-e1-a1-p04,822db031c141350bdf4c2386109e1e2cd5cafd0121b7b280a05d83ea046def54,2,2994,0
2,ex2-s5-e1-a1-p04,822db031c141350bdf4c2386109e1e2cd5cafd0121b7b280a05d83ea046def54,2,2995,100
2,ex2-s5-e1-a1-p04,822db031c141350bdf4c2386109e1e2cd5cafd0121b7b280a05d83ea046def54,2,2996,0
2,ex2-s5-e1-a1-p04,822db031c141350bdf4c2386109e1e2cd5cafd0121b7b280a05d83ea046def54,2,2997,100
2,ex2-s5-e1-a1-p04,822db031c141350bdf4c2386109e1e2cd5cafd0121b7b280a05d83ea046def54,2,2998,0
2,ex2-s5-e1-a1-p04,822db031c141350bdf4c2386109e1e2cd5cafd0121b7b280a05d83ea046def54,2,2999,100
2,ex2-s5-e1-a1-p04,822db031c141350bdf4c2386109e1e2cd5cafd0121b7b280a05d83ea046def54,2,3000,0
2,ex2-s5-e1-a1-p04,822db031c141350bdf4c2386109e1e2cd5cafd0121b7b280a05d83ea046def54,2,3001,100
2,ex2-s5-e1-a1-p04,822db031c141350bdf4c2386109e1e2cd5cafd0121b7b280a05d83ea046def54,2,3002,0
2,ex2-s5-e1-a1-p04,822db031c141350bdf4c2386109e1e2cd5cafd0121b7b280a05d83ea046def54,2,3003,100
2,ex2-s5-e1-a1-p04,822db031c141350bdf4c2386109e1e2cd5cafd0121b7b280a05d83ea046def54,2,3004,100
2,ex2-s5-e1-a1-p04,822db031c141350bdf4c2386109e1e2cd5cafd0121b7b280a05d83ea046def54,2,3005,0
2,ex2-s5-e1-a1-p04,822db031c141350bdf4c2386109e1e2cd5cafd0121b7b280a05d83ea046def54,2,3006,100
2,ex2-s5-e1-a1-p04,822db031c141350bdf4c2386109e1e2cd5cafd0121b7b280a05d83ea046def54,2,3007,0
2,ex2-s5-e1-a1-p04,822db031c141350bdf4c2386109e1e2cd5cafd0121b7b280a05d83ea046def54,2,3008,100
2,ex2-s5-e1-a1-p04,822db031c141350bdf4c2386109e1e2cd5cafd0121b7b280a05d83ea046def54,2,3009,0
2,ex2-s5-e1-a1-p04,822db031c141350bdf4c2386109e1e2cd5cafd0121b7b280a05d83ea046def54,2,3010,100
2,ex2-s5-e1-a1-p04,822db031c141350bdf4c2386109e1e2cd5cafd0121b7b280a05d83ea046def54,2,3011,0
2,ex2-s5-e1-a1-p04,822db031c141350bdf4c2386109e1e2cd5cafd0121b7b280a05d83ea046def54,2,3012,100
2,ex2-s5-e1-a1-p04,822db031c141350bdf4c2386109e1e2cd5cafd0121b7b280a05d83ea046def54,2,3013,100
2,ex2-s5-e1-a1-p04,822db031c141350bdf4c2386109e1e2cd5cafd0121b7b280a05d83ea046def54,2,3014,0
2,ex2-s5-e1-a1-p04,822db031c141350bdf4c2386109e1e2cd5cafd0121b7b280a05d83ea046def54,2,3015,100
2,ex2-s5-e1-a1-p04,822db031c141350bdf4c2386109e1e2cd5cafd0121b7b280a05d83ea046def54,2,3016,0
2,ex2-s5-e1-a1-p04,822db031c141350bdf4c2386109e1e2cd5cafd0121b7b280a05d83ea046def54,2,3017,100
2,ex2-s5-e1-a1-p04,822db031c141350bdf4c2386109e1e2cd5cafd0121b7b280a05d83ea046def54,2,3018,0
2,ex2-s5-e1-a1-p04,822db031c141350bdf4c2386109e1e2cd5cafd0121b7b280a05d83ea046def54,2,3019,100
2,ex2-s5-e1-a1-p04,822db031c141350bdf4c2386109e1e2cd5cafd0121b7b280a05d83ea046def54,2,3020,0
2,ex2-s5-e1-a1-p04,822db031c141350bdf4c2386109e1e2cd5cafd0121b7b280a05d83ea046def54,2,3021,100
2,ex2-s5-e1-a1-p04,822db031c141350bdf4c2386109e1e2cd5cafd0121b7b280a05d83ea046def54,2,3022,100
2,ex2-s5-e1-a1-p04,822db031c141350bdf4c2386109e1e2cd5cafd0121b7b280a05d83ea046def54,2,3023,0
2,ex2-s5-e1-a1-p04,822db031c141350bdf4c2386109e1e2cd5cafd0121b7b280a05d83ea046def54,2,3024,100
2,ex2-s5-e1-a1-p04,822db031c141350bdf4c2386109e1e2cd5cafd0121b7b280a05d83ea046def54,2,3025,0
2,ex2-s5-e1-a1-p04,822db031c141350bdf4c2386109e1e2cd5cafd0121b7b280a05d83ea046def54,2,3026,100
2,ex2-s5-e1-a1-p04,822db031c141350bdf4c2386109e1e2cd5cafd0121b7b280a05d83ea046def54,2,3027,0
2,ex2-s5-e1-a1-p04,822db031c141350bdf4c2386109e1e2cd5cafd0121b7b280a05d83ea046def54,2,3028,100
2,ex2-s5-e1-a1-p04,822db031c141350bdf4c2386109e1e2cd5cafd0121b7b280a05d83ea046def54,2,3029,0
2,ex2-s5-e1-a1-p04,822db031c141350bdf4c2386109e1e2cd5cafd0121b7b280a05d83ea046def54,2,3030,100
2,ex2-s5-e1-a1-p04,822db031c141350bdf4c2386109e1e2cd5cafd0121b7b280a05d83ea046def54,2,3031,0
2,ex2-s5-e1-a1-p04,822db031c141350bdf4c2386109e1e2cd5cafd0121b7b280a05d83ea046def54,2,3032,100
2,ex2-s5-e1-a1-p04,822db031c141350bdf4c2386109e1e2cd5cafd0121b7b280a05d83ea046def54,2,3033,100
2,ex2-s5-e1-a1-p04,822db031c141350bdf4c2386109e1e2cd5cafd0121b7b280a05d83ea046def54,2,3034,0
2,ex2-s5-e1-a1-p04,822db031c141350bdf4c2386109e1e2cd5cafd0121b7b280a05d83ea046def54,2,3035,100
2,ex2-s5-e1-a1-p04,822db031c141350bdf4c2386109e1e2cd5cafd0121b7b280a05d83ea046def54,2,3036,0
2,ex2-s5-e1-a1-p04,822db031c141350bdf4c2386109e1e2cd5cafd0121b7b280a05d83ea046def54,2,3037,100
2,ex2-s5-e1-a1-p04,822db031c141350bdf4c2386109e1e2cd5cafd0121b7b280a05d83ea046def54,2,3038,0
2,ex2-s5-e1-a1-p04,822db031c141350bdf4c2386109e1e2cd5cafd0121b7b280a05d83ea046def54,2,3039,100
2,ex2-s5-e1-a1-p04,822db031c141350bdf4c2386109e1e2cd5cafd0121b7b280a05d83ea046def54,2,3040,0
2,ex2-s5-e1-a1-p04,822db031c141350bdf4c2386109e1e2cd5cafd0121b7b280a05d83ea046def54,2,3041,100
2,ex2-s5-e1-a1-p04,822db031c141350bdf4c2386109e1e2cd5cafd0121b7b280a05d83ea046def54,2,3042,100
2,ex2-s5-e1-a1-p04,822db031c141350bdf4c2386109e1e2cd5cafd0121b7b280a05d83ea046def54,2,3043,0
2,ex2-s5-e1-a1-p04,822db031c141350bdf4c2386109e1e2cd5cafd0121b7b280a05d83ea046def54,2,3044,100
2,ex2-s5-e1-a1-p04,822db031c141350bdf4c2386109e1e2cd5cafd0121b7b280a05d83ea046def54,2,3045,0
2,ex2-s5-e1-a1-p04,822db031c141350bdf4c2386109e1e2cd5cafd0121b7b280a05d83ea046def54,2,3046,100
2,ex2-s5-e1-a1-p04,822db031c141350bdf4c2386109e1e2cd5cafd0121b7b280a05d83ea046def54,2,3047,0
2,ex2-s5-e1-a1-p04,822db031c141350bdf4c2386109e1e2cd5cafd0121b7b280a05d83ea046def54,2,3048,100
2,ex2-s5-e1-a1-p04,822db031c141350bdf4c2386109e1e2cd5cafd0121b7b280a05d83ea046def54,2,3049,0
2,ex2-s5-e1-a1-p04,822db031c141350bdf4c2386109e1e2cd5cafd0121b7b280a05d83ea046def54,2,3050,100
2,ex2-s5-e1-a1-p04,822db031c141350bdf4c2386109e1e2cd5cafd0121b7b280a05d83ea046def54,2,3051,0
2,ex2-s5-e1-a1-p04,822db031c141350bdf4c2386109e1e2cd5cafd0121b7b280a05d83ea046def54,2,3052,100
2,ex2-s5-e1-a1-p04,822db031c141350bdf4c2386109e1e2cd5cafd0121b7b280a05d83ea046def54,2,3053,100
2,ex2-s5-e1-a1-p04,822db031c141350bdf4c2386109e1e2cd5cafd0121b7b280a05d83ea046def54,2,3054,0
2,ex2-s5-e1-a1-p04,822db031c141350bdf4c2386109e1e2cd5cafd0121b7b280a05d83ea046def54,2,3055,100
2,ex2-s5-e1-a1-p04,822db031c141350bdf4c2386109e1e2cd5cafd0121b7b280a05d83ea046def54,2,3056,0
2,ex2-s5-e1-a1-p04,822db031c141350bdf4c2386109e1e2cd5cafd0121b7b280a05d83ea046def54,2,3057,100
2,ex2-s5-e1-a1-p04,822db031c141350bdf4c2386109e1e2cd5cafd0121b7b280a05d83ea046def54,2,3058,0
2,ex2-s5-e1-a1-p04,822db031c141350bdf4c2386109e1e2cd5cafd0121b7b280a05d83ea046def54,2,3059,100
2,ex2-s5-e1-a1-p04,822db031c141350bdf4c2386109e1e2cd5cafd0121b7b280a05d83ea046def54,2,3060,0
2,ex2-s5-e1-a1-p04,822db031c141350bdf4c2386109e1e2cd5cafd0121b7b280a05d83ea046def54,2,3061,100
2,ex2-s5-e1-a1-p04,822db031c141350bdf4c2386109e1e2cd5cafd0121b7b280a05d83ea046def54,2,3062,100
2,ex2-s5-e1-a1-p04,822db031c141350bdf4c2386109e1e2cd5cafd0121b7b280a05d83ea046def54,2,3063,0
2,ex2-s5-e1-a1-p04,822db031c141350bdf4c2386109e1e2cd5cafd0121b7b280a05d83ea046def54,2,3064,100
2,ex2-s5-e1-a1-p04,822db031c141350bdf4c2386109e1e2cd5cafd0121b7b280a05d83ea046def54,2,3065,0
2,ex2-s5-e1-a1-p04,822db031c141350bdf4c2386109e1e2cd5cafd0121b7b280a05d83ea046def54,2,3066,100
2,ex2-s5-e1-a1-p04,822db031c141350bdf4c2386109e1e2cd5cafd0121b7b280a05d83ea046def54,2,3067,0
2,ex2-s5-e1-a1-p04,822db031c141350bdf4c2386109e1e2cd5cafd0121b7b280a05d83ea046def54,2,3068,100
2,ex2-s5-e1-a1-p04,822db031c141350bdf4c2386109e1e2cd5cafd0121b7b280a05d83ea046def54,2,3069,0
2,ex2-s5-e1-a1-p04,822db031c141350bdf4c2386109e1e2cd5cafd0121b7b280a05d83ea046def54,2,3070,100
2,ex2-s5-e1-a1-p04,822db031c141350bdf4c2386109e1e2cd5cafd0121b7b280a05d83ea046def54,2,3071,0
2,ex2-s5-e1-a1-p04,822db031c141350bdf4c2386109e1e2cd5cafd0121b7b280a05d83ea046def54,2,3072,100
2,ex2-s5-e1-a1-p04,822db031c141350bdf4c2386109e1e2cd5cafd0121b7b280a05d83ea046def54,2,3073,100
2,ex2-s5-e1-a1-p04,822db031c141350bdf4c2386109e1e2cd5cafd0121b7b280a05d83ea046def54,2,3074,0
2,ex2-s5-e1-a1-p04,822db031c141350bdf4c2386109e1e2cd5cafd0121b7b280a05d83ea046def54,2,3075,100
2,ex2-s5-e1-a1-p04,822db031c141350bdf4c2386109e1e2cd5cafd0121b7b280a05d83ea046def54,2,3076,0
2,ex2-s5-e1-a1-p04,822db031c141350bdf4c2386109e1e2cd5cafd0121b7b280a05d83ea046def54,2,3077,100
2,ex2-s5-e1-a1-p04,822db031c141350bdf4c2386109e1e2cd5cafd0121b7b280a05d83ea046def54,2,3078,0
2,ex2-s5-e1-a1-p04,822db031c141350bdf4c2386109e1e2cd5cafd0121b7b280a05d83ea046def54,2,3079,100
2,ex2-s5-e1-a1-p04,822db031c141350bdf4c2386109e1e2cd5cafd0121b7b280a05d83ea046def54,2,3080,0
2,ex2-s5-e1-a1-p04,822db031c141350bdf4c2386109e1e2cd5cafd0121b7b280a05d83ea046def54,2,3081,100
2,ex2-s5-e1-a1-p04,822db031c141350bdf4c2386109e1e2cd5cafd0121b7b280a05d83ea046def54,2,3082,100
2,ex2-s5-e1-a1-p04,822db031c141350bdf4c2386109e1e2cd5cafd0121b7b280a05d83ea046def54,2,3083,0
2,ex2-s5-e1-a1-p04,822db031c141350bdf4c2386109e1e2cd5cafd0121b7b280a05d83ea046def54,2,3084,100
2,ex2-s5-e1-a1-p04,822db031c141350bdf4c2386109e1e2cd5cafd0121b7b280a05d83ea046def54,2,3085,0
2,ex2-s5-e1-a1-p04,822db031c141350bdf4c2386109e1e2cd5cafd0121b7b280a05d83ea046def54,2,3086,100
2,ex2-s5-e1-a1-p04,822db031c141350bdf4c2386109e1e2cd5cafd0121b7b280a05d83ea046def54,2,3087,0
2,ex2-s5-e1-a1-p04,822db031c141350bdf4c2386109e1e2cd5cafd0121b7b280a05d83ea046def54,2,3088,100
2,ex2-s5-e1-a1-p04,822db031c141350bdf4c2386109e1e2cd5cafd0121b7b280a05d83ea046def54,2,3089,0
2,ex2-s5-e1-a1-p04,822db031c141350bdf4c2386109e1e2cd5cafd0121b7b280a05d83ea046def54,2,3090,100
2,ex2-s5-e1-a1-p04,822db031c141350bdf4c2386109e1e2cd5cafd0121b7b280a05d83ea046def54,2,3091,0
2,ex2-s5-e1-a1-p04,822db031c141350bdf4c2386109e1e2cd5cafd0121b7b280a05d83ea046def54,2,3092,100
2,ex2-s5-e1-a1-p04,822db031c141350bdf4c2386109e1e2cd5cafd0121b7b280a05d83ea046def54,2,3093,100
2,ex2-s5-e1-a1-p04,822db031c141350bdf4c2386109e1e2cd5cafd0121b7b280a05d83ea046def54,2,3094,0
2,ex2-s5-e1-a1-p04,822db031c141350bdf4c2386109e1e2cd5cafd0121b7b280a05d83ea046def54,2,3095,100
2,ex2-s5-e1-a1-p04,822db031c141350bdf4c2386109e1e2cd5cafd0121b7b280a05d83ea046def54,2,3096,0
2,ex2-s5-e1-a1-p04,822db031c141350bdf4c2386109e1e2cd5cafd0121b7b280a05d83ea046def54,2,3097,100
2,ex2-s5-e1-a1-p04,822db031c141350bdf4c2386109e1e2cd5cafd0121b7b280a05d83ea046def54,2,3098,0
2,ex2-s5-e1-a1-p04,822db031c141350bdf4c2386109e1e2cd5cafd0121b7b280a05d83ea046def54,2,3099,100
2,ex2-s5-e1-a1-p04,822db031c141350bdf4c2386109e1e2cd5cafd0121b7b280a05d83ea046def54,2,3100,0
2,ex2-s5-e1-a1-p04,822db031c141350bdf4c2386109e1e2cd5cafd0121b7b280a05d83ea046def54,2,3101,100
2,ex2-s5-e1-a1-p04,822db031c141350bdf4c2386109e1e2cd5cafd0121b7b280a05d83ea046def54,2,3102,100
2,ex2-s5-e1-a1-p04,822db031c141350bdf4c2386109e1e2cd5cafd0121b7b280a05d83ea046def54,2,3103,0
2,ex2-s5-e1-a1-p04,822db031c141350bdf4c2386109e1e2cd5cafd0121b7b280a05d83ea046def54,2,3104,100
2,ex2-s5-e1-a1-p04,822db031c141350bdf4c2386109e1e2cd5cafd0121b7b280a05d83ea046def54,2,3105,0
2,ex2-s5-e1-a1-p04,822db031c141350bdf4c2386109e1e2cd5cafd0121b7b280a05d83ea046def54,2,3106,100
2,ex2-s5-e1-a1-p04,822db031c141350bdf4c2386109e1e2cd5cafd0121b7b280a05d83ea046def54,2,3107,0
2,ex2-s5-e1-a1-p04,822db031c141350bdf4c2386109e1e2cd5cafd0121b7b280a05d83ea046def54,2,3108,100
2,ex2-s5-e1-a1-p04,822db031c141350bdf4c2386109e1e2cd5cafd0121b7b280a05d83ea046def54,2,3109,0
2,ex2-s5-e1-a1-p04,822db031c141350bdf4c2386109e1e2cd5cafd0121b7b280a05d83ea046def54,2,3110,100
2,ex2-s5-e1-a1-p04,822db031c141350bdf4c2386109e1e2cd5cafd0121b7b280a05d83ea046def54,2,3111,0
2,ex2-s5-e1-a1-p04,822db031c141350bdf4c2386109e1e2cd5cafd0121b7b280a05d83ea046def54,2,3112,100
2,ex2-s5-e1-a1-p04,822db031c141350bdf4c2386109e1e2cd5cafd0121b7b280a05d83ea046def54,2,3113,100
2,ex2-s5-e1-a1-p04,822db031c141350bdf4c2386109e1e2cd5cafd0121b7b280a05d83ea046def54,2,3114,0
2,ex2-s5-e1-a1-p04,822db031c141350bdf4c2386109e1e2cd5cafd0121b7b280a05d83ea046def54,2,3115,100
2,ex2-s5-e1-a1-p04,822db031c141350bdf4c2386109e1e2cd5cafd0121b7b280a05d83ea046def54,2,3116,0
2,ex2-s5-e1-a1-p04,822db031c141350bdf4c2386109e1e2cd5cafd0121b7b280a05d83ea046def54,2,3117,100
2,ex2-s5-e1-a1-p04,822db031c141350bdf4c2386109e1e2cd5cafd0121b7b280a05d83ea046def54,2,3118,0
2,ex2-s5-e1-a1-p04,822db031c141350bdf4c2386109e1e2cd5cafd0121b7b280a05d83ea046def54,2,3119,100
2,ex2-s5-e1-a1-p04,822db031c141350bdf4c2386109e1e2cd5cafd0121b7b280a05d83ea046def54,2,3120,0
2,ex2-s5-e1-a1-p04,822db031c141350bdf4c2386109e1e2cd5cafd0121b7b280a05d83ea046def54,2,3121,100
2,ex2-s5-e1-a1-p04,822db031c141350bdf4c2386109e1e2cd5cafd0121b7b280a05d83ea046def54,2,3122,100
2,ex2-s5-e1-a1-p04,822db031c141350bdf4c2386109e1e2cd5cafd0121b7b280a05d83ea046def54,2,3123,0
2,ex2-s5-e1-a1-p04,822db031c141350bdf4c2386109e1e2cd5cafd0121b7b280a05d83ea046def54,2,3124,100
2,ex2-s5-e1-a1-p04,822db031c141350bdf4c2386109e1e2cd5cafd0121b7b280a05d83ea046def54,2,3125,0
2,ex2-s5-e1-a1-p04,822db031c141350bdf4c2386109e1e2cd5cafd0121b7b280a05d83ea046def54,2,3126,100
2,ex2-s5-e1-a1-p04,822db031c141350bdf4c2386109e1e2cd5cafd0121b7b280a05d83ea046def54,2,3127,0
2,ex2-s5-e1-a1-p04,822db031c141350bdf4c2386109e1e2cd5cafd0121b7b280a05d83ea046def54,2,3128,100
2,ex2-s5-e1-a1-p04,822db031c141350bdf4c2386109e1e2cd5cafd0121b7b280a05d83ea046def54,2,3129,0
2,ex2-s5-e1-a1-p04,822db031c141350bdf4c2386109e1e2cd5cafd0121b7b280a05d83ea046def54,2,3130,100
2,ex2-s5-e1-a1-p04,822db031c141350bdf4c2386109e1e2cd5cafd0121b7b280a05d83ea046def54,2,3131,0
2,ex2-s5-e1-a1-p04,822db031c141350bdf4c2386109e1e2cd5cafd0121b7b280a05d83ea046def54,2,3132,100
2,ex2-s5-e1-a1-p04,822db031c141350bdf4c2386109e1e2cd5cafd0121b7b280a05d83ea046def54,2,3133,100
2,ex2-s5-e1-a1-p04,822db031c141350bdf4c2386109e1e2cd5cafd0121b7b280a05d83ea046def54,2,3134,0
2,ex2-s5-e1-a1-p04,822db031c141350bdf4c2386109e1e2cd5cafd0121b7b280a05d83ea046def54,2,3135,100
2,ex2-s5-e1-a1-p04,822db031c141350bdf4c2386109e1e2cd5cafd0121b7b280a05d83ea046def54,2,3136,0
2,ex2-s5-e1-a1-p04,822db031c141350bdf4c2386109e1e2cd5cafd0121b7b280a05d83ea046def54,2,3137,100
2,ex2-s5-e1-a1-p04,822db031c141350bdf4c2386109e1e2cd5cafd0121b7b280a05d83ea046def54,2,3138,0
2,ex2-s5-e1-a1-p04,822db031c141350bdf4c2386109e1e2cd5cafd0121b7b280a05d83ea046def54,2,3139,100
2,ex2-s5-e1-a1-p04,822db031c141350bdf4c2386109e1e2cd5cafd0121b7b280a05d83ea046def54,2,3140,0
2,ex2-s5-e1-a1-p04,822db031c141350bdf4c2386109e1e2cd5cafd0121b7b280a05d83ea046def54,2,3141,100
2,ex2-s5-e1-a1-p04,822db031c141350bdf4c2386109e1e2cd5cafd0121b7b280a05d83ea046def54,2,3142,100
2,ex2-s5-e1-a1-p04,822db031c141350bdf4c2386109e1e2cd5cafd0121b7b280a05d83ea046def54,2,3143,0
2,ex2-s5-e1-a1-p04,822db031c141350bdf4c2386109e1e2cd5cafd0121b7b280a05d83ea046def54,2,3144,100
2,ex2-s5-e1-a1-p04,822db031c141350bdf4c2386109e1e2cd5cafd0121b7b280a05d83ea046def54,2,3145,0
2,ex2-s5-e1-a1-p04,822db031c141350bdf4c2386109e1e2cd5cafd0121b7b280a05d83ea046def54,2,3146,100
2,ex2-s5-e1-a1-p04,822db031c141350bdf4c2386109e1e2cd5cafd0121b7b280a05d83ea046def54,2,3147,0
2,ex2-s5-e1-a1-p04,822db031c141350bdf4c2386109e1e2cd5cafd0121b7b280a05d83ea046def54,2,3148,100
2,ex2-s5-e1-a1-p04,822db031c141350bdf4c2386109e1e2cd5cafd0121b7b280a05d83ea046def54,2,3149,0
2,ex2-s5-e1-a1-p04,822db031c141350bdf4c2386109e1e2cd5cafd0121b7b280a05d83ea046def54,2,3150,100
2,ex2-s5-e1-a1-p04,822db031c141350bdf4c2386109e1e2cd5cafd0121b7b280a05d83ea046def54,2,3151,100
2,ex2-s5-e1-a1-p04,822db031c141350bdf4c2386109e1e2cd5cafd0121b7b280a05d83ea046def54,2,3152,0
2,ex2-s5-e1-a1-p04,822db031c141350bdf4c2386109e1e2cd5cafd0121b7b280a05d83ea046def54,2,3153,100
2,ex2-s5-e1-a1-p04,822db031c141350bdf4c2386109e1e2cd5cafd0121b7b280a05d83ea046def54,2,3154,0
2,ex2-s5-e1-a1-p04,822db031c141350bdf4c2386109e1e2cd5cafd0121b7b280a05d83ea046def54,2,3155,100
2,ex2-s5-e1-a1-p04,822db031c141350bdf4c2386109e1e2cd5cafd0121b7b280a05d83ea046def54,2,3156,0
2,ex2-s5-e1-a1-p04,822db031c141350bdf4c2386109e1e2cd5cafd0121b7b280a05d83ea046def54,2,3157,100
2,ex2-s5-e1-a1-p04,822db031c141350bdf4c2386109e1e2cd5cafd0121b7b280a05d83ea046def54,2,3158,0
2,ex2-s5-e1-a1-p04,822db031c141350bdf4c2386109e1e2cd5cafd0121b7b280a05d83ea046def54,2,3159,100
2,ex2-s5-e1-a1-p04,822db031c141350bdf4c2386109e1e2cd5cafd0121b7b280a05d83ea046def54,2,3160,0
2,ex2-s5-e1-a1-p04,822db031c141350bdf4c2386109e1e2cd5cafd0121b7b280a05d83ea046def54,2,3161,100
2,ex2-s5-e1-a1-p04,822db031c141350bdf4c2386109e1e2cd5cafd0121b7b280a05d83ea046def54,2,3162,100
2,ex2-s5-e1-a1-p04,822db031c141350bdf4c2386109e1e2cd5cafd0121b7b280a05d83ea046def54,2,3163,0
2,ex2-s5-e1-a1-p04,822db031c141350bdf4c2386109e1e2cd5cafd0121b7b280a05d83ea046def54,2,3164,100
2,ex2-s5-e1-a1-p04,822db031c141350bdf4c2386109e1e2cd5cafd0121b7b280a05d83ea046def54,2,3165,0
2,ex2-s5-e1-a1-p04,822db031c141350bdf4c2386109e1e2cd5cafd0121b7b280a05d83ea046def54,2,3166,100
2,ex2-s5-e1-a1-p04,822db031c141350bdf4c2386109e1e2cd5cafd0121b7b280a05d83ea046def54,2,3167,0
2,ex2-s5-e1-a1-p04,822db031c141350bdf4c2386109e1e2cd5cafd0121b7b280a05d83ea046def54,2,3168,100
2,ex2-s5-e1-a1-p04,822db031c141350bdf4c2386109e1e2cd5cafd0121b7b280a05d83ea046def54,2,3169,0
2,ex2-s5-e1-a1-p04,822db031c141350bdf4c2386109e1e2cd5cafd0121b7b280a05d83ea046def54,2,3170,100
2,ex2-s5-e1-a1-p04,822db031c141350bdf4c2386109e1e2cd5cafd0121b7b280a05d83ea046def54,2,3171,100
2,ex2-s5-e1-a1-p04,822db031c141350bdf4c2386109e1e2cd5cafd0121b7b280a05d83ea046def54,2,3172,0
2,ex2-s5-e1-a1-p04,822db031c141350bdf4c2386109e1e2cd5cafd0121b7b280a05d83ea046def54,2,3173,100
2,ex2-s5-e1-a1-p04,822db031c141350bdf4c2386109e1e2cd5cafd0121b7b280a05d83ea046def54,2,3174,0
2,ex2-s5-e1-a1-p04,822db031c141350bdf4c2386109e1e2cd5cafd0121b7b280a05d83ea046def54,2,3175,100
2,ex2-s5-e1-a1-p04,822db031c141350bdf4c2386109e1e2cd5cafd0121b7b280a05d83ea046def54,2,3176,0
2,ex2-s5-e1-a1-p04,822db031c141350bdf4c2386109e1e2cd5cafd0121b7b280a05d83ea046def54,2,3177,100
2,ex2-s5-e1-a1-p04,822db031c141350bdf4c2386109e1e2cd5cafd0121b7b280a05d83ea046def54,2,3178,0
2,ex2-s5-e1-a1-p04,822db031c141350bdf4c2386109e1e2cd5cafd0121b7b280a05d83ea046def54,2,3179,100
2,ex2-s5-e1-a1-p04,822db031c141350bdf4c2386109e1e2cd5cafd0121b7b280a05d83ea046def54,2,3180,0
2,ex2-s5-e1-a1-p04,822db031c141350bdf4c2386109e1e2cd5cafd0121b7b280a05d83ea046def54,2,3181,100
2,ex2-s5-e1-a1-p04,822db031c141350bdf4c2386109e1e2cd5cafd0121b7b280a05d83ea046def54,2,3182,100
2,ex2-s5-e1-a1-p04,822db031c141350bdf4c2386109e1e2cd5cafd0121b7b280a05d83ea046def54,2,3183,0
2,ex2-s5-e1-a1-p04,822db031c141350bdf4c2386109e1e2cd5cafd0121b7b280a05d83ea046def54,2,3184,100
2,ex2-s5-e1-a1-p04,822db031c141350bdf4c2386109e1e2cd5cafd0121b7b280a05d83ea046def54,2,3185,0
2,ex2-s5-e1-a1-p04,822db031c141350bdf4c2386109e1e2cd5cafd0121b7b280a05d83ea046def54,2,3186,100
2,ex2-s5-e1-a1-p04,822db031c141350bdf4c2386109e1e2cd5cafd0121b7b280a05d83ea046def54,2,3187,0
2,ex2-s5-e1-a1-p04,822db031c141350bdf4c2386109e1e2cd5cafd0121b7b280a05d83ea046def54,2,3188,100
2,ex2-s5-e1-a1-p04,822db031c141350bdf4c2386109e1e2cd5cafd0121b7b280a05d83ea046def54,2,3189,0
2,ex2-s5-e1-a1-p04,822db031c141350bdf4c2386109e1e2cd5cafd0121b7b280a05d83ea046def54,2,3190,100
2,ex2-s5-e1-a1-p04,822db031c141350bdf4c2386109e1e2cd5cafd0121b7b280a05d83ea046def54,2,3191,100
2,ex2-s5-e1-a1-p04,822db031c141350bdf4c2386109e1e2cd5cafd0121b7b280a05d83ea046def54,2,3192,0
2,ex2-s5-e1-a1-p04,822db031c141350bdf4c2386109e1e2cd5cafd0121b7b280a05d83ea046def54,2,3193,100
2,ex2-s5-e1-a1-p04,822db031c141350bdf4c2386109e1e2cd5cafd0121b7b280a05d83ea046def54,2,3194,0
2,ex2-s5-e1-a1-p04,822db031c141350bdf4c2386109e1e2cd5cafd0121b7b280a05d83ea046def54,2,3195,100
2,ex2-s5-e1-a1-p04,822db031c141350bdf4c2386109e1e2cd5cafd0121b7b280a05d83ea046def54,2,3196,0
2,ex2-s5-e1-a1-p04,822db031c141350bdf4c2386109e1e2cd5cafd0121b7b280a05d83ea046def54,2,3197,100
2,ex2-s5-e1-a1-p04,822db031c141350bdf4c2386109e1e2cd5cafd0121b7b280a05d83ea046def54,2,3198,0
2,ex2-s5-e1-a1-p04,822db031c141350bdf4c2386109e1e2cd5cafd0121b7b280a05d83ea046def54,2,3199,100
2,ex2-s5-e1-a1-p04,822db031c141350bdf4c2386109e1e2cd5cafd0121b7b280a05d83ea046def54,2,3200,100
2,ex2-s5-e1-a1-p04,822db031c141350bdf4c2386109e1e2cd5cafd0121b7b280a05d83ea046def54,2,3201,0
2,ex2-s5-e1-a1-p04,822db031c141350bdf4c2386109e1e2cd5cafd0121b7b280a05d83ea046def54,2,3202,100
2,ex2-s5-e1-a1-p04,822db031c141350bdf4c2386109e1e2cd5cafd0121b7b280a05d83ea046def54,2,3203,0
2,ex2-s5-e1-a1-p04,822db031c141350bdf4c2386109e1e2cd5cafd0121b7b280a05d83ea046def54,2,3204,100
2,ex2-s5-e1-a1-p04,822db031c141350bdf4c2386109e1e2cd5cafd0121b7b280a05d83ea046def54,2,3205,0
2,ex2-s5-e1-a1-p04,822db031c141350bdf4c2386109e1e2cd5cafd0121b7b280a05d83ea046def54,2,3206,100
2,ex2-s5-e1-a1-p04,822db031c141350bdf4c2386109e1e2cd5cafd0121b7b280a05d83ea046def54,2,3207,0
2,ex2-s5-e1-a1-p04,822db031c141350bdf4c2386109e1e2cd5cafd0121b7b280a05d83ea046def54,2,3208,100
2,ex2-s5-e1-a1-p04,822db031c141350bdf4c2386109e1e2cd5cafd0121b7b280a05d83ea046def54,2,3209,0
2,ex2-s5-e1-a1-p04,822db031c141350bdf4c2386109e1e2cd5cafd0121b7b280a05d83ea046def54,2,3210,100
2,ex2-s5-e1-a1-p04,822db031c141350bdf4c2386109e1e2cd5cafd0121b7b280a05d83ea046def54,2,3211,100
2,ex2-s5-e1-a1-p04,822db031c141350bdf4c2386109e1e2cd5cafd0121b7b280a05d83ea046def54,2,3212,0
2,ex2-s5-e1-a1-p04,822db031c141350bdf4c2386109e1e2cd5cafd0121b7b280a05d83ea046def54,2,3213,100
2,ex2-s5-e1-a1-p04,822db031c141350bdf4c2386109e1e2cd5cafd0121b7b280a05d83ea046def54,2,3214,0
2,ex2-s5-e1-a1-p04,822db031c141350bdf4c2386109e1e2cd5cafd0121b7b280a05d83ea046def54,2,3215,100
2,ex2-s5-e1-a1-p04,822db031c141350bdf4c2386109e1e2cd5cafd0121b7b280a05d83ea046def54,2,3216,0
2,ex2-s5-e1-a1-p04,822db031c141350bdf4c2386109e1e2cd5cafd0121b7b280a05d83ea046def54,2,3217,100
2,ex2-s5-e1-a1-p04,822db031c141350bdf4c2386109e1e2cd5cafd0121b7b280a05d83ea046def54,2,3218,0
2,ex2-s5-e1-a1-p04,822db031c141350bdf4c2386109e1e2cd5cafd0121b7b280a05d83ea046def54,2,3219,100
2,ex2-s5-e1-a1-p04,822db031c141350bdf4c2386109e1e2cd5cafd0121b7b280a05d83ea046def54,2,3220,100
2,ex2-s5-e1-a1-p04,822db031c141350bdf4c2386109e1e2cd5cafd0121b7b280a05d83ea046def54,2,3221,0
2,ex2-s5-e1-a1-p04,822db031c141350bdf4c2386109e1e2cd5cafd0121b7b280a05d83ea046def54,2,3222,100
2,ex2-s5-e1-a1-p04,822db031c141350bdf4c2386109e1e2cd5cafd0121b7b280a05d83ea046def54,2,3223,0
2,ex2-s5-e1-a1-p04,822db031c141350bdf4c2386109e1e2cd5cafd0121b7b280a05d83ea046def54,2,3224,100
2,ex2-s5-e1-a1-p04,822db031c141350bdf4c2386109e1e2cd5cafd0121b7b280a05d83ea046def54,2,3225,0
2,ex2-s5-e1-a1-p04,822db031c141350bdf4c2386109e1e2cd5cafd0121b7b280a05d83ea046def54,2,3226,100
2,ex2-s5-e1-a1-p04,822db031c141350bdf4c2386109e1e2cd5cafd0121b7b280a05d83ea046def54,2,3227,0
2,ex2-s5-e1-a1-p04,822db031c141350bdf4c2386109e1e2cd5cafd0121b7b280a05d83ea046def54,2,3228,100
2,ex2-s5-e1-a1-p04,822db031c141350bdf4c2386109e1e2cd5cafd0121b7b280a05d83ea046def54,2,3229,100
2,ex2-s5-e1-a1-p04,822db031c141350bdf4c2386109e1e2cd5cafd0121b7b280a05d83ea046def54,2,3230,0
2,ex2-s5-e1-a1-p04,822db031c141350bdf4c2386109e1e2cd5cafd0121b7b280a05d83ea046def54,2,3231,100
2,ex2-s5-e1-a1-p04,822db031c141350bdf4c2386109e1e2cd5cafd0121b7b280a05d83ea046def54,2,3232,0
2,ex2-s5-e1-a1-p04,822db031c141350bdf4c2386109e1e2cd5cafd0121b7b280a05d83ea046def54,2,3233,100
2,ex2-s5-e1-a1-p04,822db031c141350bdf4c2386109e1e2cd5cafd0121b7b280a05d83ea046def54,2,3234,0
2,ex2-s5-e1-a1-p04,822db031c141350bdf4c2386109e1e2cd5cafd0121b7b280a05d83ea046def54,2,3235,100
2,ex2-s5-e1-a1-p04,822db031c141350bdf4c2386109e1e2cd5cafd0121b7b280a05d83ea046def54,2,3236,0
2,ex2-s5-e1-a1-p04,822db031c141350bdf4c2386109e1e2cd5cafd0121b7b280a05d83ea046def54,2,3237,100
2,ex2-s5-e1-a1-p04,822db031c141350bdf4c2386109e1e2cd5cafd0121b7b280a05d83ea046def54,2,3238,0
2,ex2-s5-e1-a1-p04,822db031c141350bdf4c2386109e1e2cd5cafd0121b7b280a05d83ea046def54,2,3239,100
2,ex2-s5-e1-a1-p04,822db031c141350bdf4c2386109e1e2cd5cafd0121b7b280a05d83ea046def54,2,3240,100
2,ex2-s5-e1-a1-p04,822db031c141350bdf4c2386109e1e2cd5cafd0121b7b280a05d83ea046def54,2,3241,0
2,ex2-s5-e1-a1-p04,822db031c141350bdf4c2386109e1e2cd5cafd0121b7b280a05d83ea046def54,2,3242,100
2,ex2-s5-e1-a1-p04,822db031c141350bdf4c2386109e1e2cd5cafd0121b7b280a05d83ea046def54,2,3243,0
2,ex2-s5-e1-a1-p04,822db031c141350bdf4c2386109e1e2cd5cafd0121b7b280a05d83ea046def54,2,3244,100
2,ex2-s5-e1-a1-p04,822db031c141350bdf4c2386109e1e2cd5cafd0121b7b280a05d83ea046def54,2,3245,0
2,ex2-s5-e1-a1-p04,822db031c141350bdf4c2386109e1e2cd5cafd0121b7b280a05d83ea046def54,2,3246,100
2,ex2-s5-e1-a1-p04,822db031c141350bdf4c2386109e1e2cd5cafd0121b7b280a05d83ea046def54,2,3247,0
2,ex2-s5-e1-a1-p04,822db031c141350bdf4c2386109e1e2cd5cafd0121b7b280a05d83ea046def54,2,3248,100
2,ex2-s5-e1-a1-p04,822db031c141350bdf4c2386109e1e2cd5cafd0121b7b280a05d83ea046def54,2,3249,100
2,ex2-s5-e1-a1-p04,822db031c141350bdf4c2386109e1e2cd5cafd0121b7b280a05d83ea046def54,2,3250,0
2,ex2-s5-e1-a1-p04,822db031c141350bdf4c2386109e1e2cd5cafd0121b7b280a05d83ea046def54,2,3251,100
2,ex2-s5-e1-a1-p04,822db031c141350bdf4c2386109e1e2cd5cafd0121b7b280a05d83ea046def54,2,3252,0
2,ex2-s5-e1-a1-p04,822db031c141350bdf4c2386109e1e2cd5cafd0121b7b280a05d83ea046def54,2,3253,100
2,ex2-s5-e1-a1-p04,822db031c141350bdf4c2386109e1e2cd5cafd0121b7b280a05d83ea046def54,2,3254,0
2,ex2-s5-e1-a1-p04,822db031c141350bdf4c2386109e1e2cd5cafd0121b7b280a05d83ea046def54,2,3255,100
2,ex2-s5-e1-a1-p04,822db031c141350bdf4c2386109e1e2cd5cafd0121b7b280a05d83ea046def54,2,3256,0
2,ex2-s5-e1-a1-p04,822db031c141350bdf4c2386109e1e2cd5cafd0121b7b280a05d83ea046def54,2,3257,100
2,ex2-s5-e1-a1-p04,822db031c141350bdf4c2386109e1e2cd5cafd0121b7b280a05d83ea046def54,2,3258,100
2,ex2-s5-e1-a1-p04,822db031c141350bdf4c2386109e1e2cd5cafd0121b7b280a05d83ea046def54,2,3259,0
2,ex2-s5-e1-a1-p04,822db031c141350bdf4c2386109e1e2cd5cafd0121b7b280a05d83ea046def54,2,3260,100
2,ex2-s5-e1-a1-p04,822db031c141350bdf4c2386109e1e2cd5cafd0121b7b280a05d83ea046def54,2,3261,0
2,ex2-s5-e1-a1-p04,822db031c141350bdf4c2386109e1e2cd5cafd0121b7b280a05d83ea046def54,2,3262,100
2,ex2-s5-e1-a1-p04,822db031c141350bdf4c2386109e1e2cd5cafd0121b7b280a05d83ea046def54,2,3263,0
2,ex2-s5-e1-a1-p04,822db031c141350bdf4c2386109e1e2cd5cafd0121b7b280a05d83ea046def54,2,3264,100
2,ex2-s5-e1-a1-p04,822db031c141350bdf4c2386109e1e2cd5cafd0121b7b280a05d83ea046def54,2,3265,0
2,ex2-s5-e1-a1-p04,822db031c141350bdf4c2386109e1e2cd5cafd0121b7b280a05d83ea046def54,2,3266,100
2,ex2-s5-e1-a1-p04,822db031c141350bdf4c2386109e1e2cd5cafd0121b7b280a05d83ea046def54,2,3267,0
2,ex2-s5-e1-a1-p04,822db031c141350bdf4c2386109e1e2cd5cafd0121b7b280a05d83ea046def54,2,3268,100
2,ex2-s5-e1-a1-p04,822db031c141350bdf4c2386109e1e2cd5cafd0121b7b280a05d83ea046def54,2,3269,100
2,ex2-s5-e1-a1-p04,822db031c141350bdf4c2386109e1e2cd5cafd0121b7b280a05d83ea046def54,2,3270,0
2,ex2-s5-e1-a1-p04,822db031c141350bdf4c2386109e1e2cd5cafd0121b7b280a05d83ea046def54,2,3271,100
2,ex2-s5-e1-a1-p04,822db031c141350bdf4c2386109e1e2cd5cafd0121b7b280a05d83ea046def54,2,3272,0
2,ex2-s5-e1-a1-p04,822db031c141350bdf4c2386109e1e2cd5cafd0121b7b280a05d83ea046def54,2,3273,100
2,ex2-s5-e1-a1-p04,822db031c141350bdf4c2386109e1e2cd5cafd0121b7b280a05d83ea046def54,2,3274,0
2,ex2-s5-e1-a1-p04,822db031c141350bdf4c2386109e1e2cd5cafd0121b7b280a05d83ea046def54,2,3275,100
2,ex2-s5-e1-a1-p04,822db031c141350bdf4c2386109e1e2cd5cafd0121b7b280a05d83ea046def54,2,3276,0
2,ex2-s5-e1-a1-p04,822db031c141350bdf4c2386109e1e2cd5cafd0121b7b280a05d83ea046def54,2,3277,100
2,ex2-s5-e1-a1-p04,822db031c141350bdf4c2386109e1e2cd5cafd0121b7b280a05d83ea046def54,2,3278,100
2,ex2-s5-e1-a1-p04,822db031c141350bdf4c2386109e1e2cd5cafd0121b7b280a05d83ea046def54,2,3279,0
2,ex2-s5-e1-a1-p04,822db031c141350bdf4c2386109e1e2cd5cafd0121b7b280a05d83ea046def54,2,3280,100
2,ex2-s5-e1-a1-p04,822db031c141350bdf4c2386109e1e2cd5cafd0121b7b280a05d83ea046def54,2,3281,0
2,ex2-s5-e1-a1-p04,822db031c141350bdf4c2386109e1e2cd5cafd0121b7b280a05d83ea046def54,2,3282,100
2,ex2-s5-e1-a1-p04,822db031c141350bdf4c2386109e1e2cd5cafd0121b7b280a05d83ea046def54,2,3283,0
2,ex2-s5-e1-a1-p04,822db031c141350bdf4c2386109e1e2cd5cafd0121b7b280a05d83ea046def54,2,3284,100
2,ex2-s5-e1-a1-p04,822db031c141350bdf4c2386109e1e2cd5cafd0121b7b280a05d83ea046def54,2,3285,0
2,ex2-s5-e1-a1-p04,822db031c141350bdf4c2386109e1e2cd5cafd0121b7b280a05d83ea046def54,2,3286,100
2,ex2-s5-e1-a1-p04,822db031c141350bdf4c2386109e1e2cd5cafd0121b7b280a05d83ea046def54,2,3287,100
2,ex2-s5-e1-a1-p04,822db031c141350bdf4c2386109e1e2cd5cafd0121b7b280a05d83ea046def54,2,3288,0
2,ex2-s5-e1-a1-p04,822db031c141350bdf4c2386109e1e2cd5cafd0121b7b280a05d83ea046def54,2,3289,100
2,ex2-s5-e1-a1-p04,822db031c141350bdf4c2386109e1e2cd5cafd0121b7b280a05d83ea046def54,2,3290,0
2,ex2-s5-e1-a1-p04,822db031c141350bdf4c2386109e1e2cd5cafd0121b7b280a05d83ea046def54,2,3291,100
2,ex2-s5-e1-a1-p04,822db031c141350bdf4c2386109e1e2cd5cafd0121b7b280a05d83ea046def54,2,3292,0
2,ex2-s5-e1-a1-p04,822db031c141350bdf4c2386109e1e2cd5cafd0121b7b280a05d83ea046def54,2,3293,100
2,ex2-s5-e1-a1-p04,822db031c141350bdf4c2386109e1e2cd5cafd0121b7b280a05d83ea046def54,2,3294,0
2,ex2-s5-e1-a1-p04,822db031c141350bdf4c2386109e1e2cd5cafd0121b7b280a05d83ea046def54,2,3295,100
2,ex2-s5-e1-a1-p04,822db031c141350bdf4c2386109e1e2cd5cafd0121b7b280a05d83ea046def54,2,3296,0
2,ex2-s5-e1-a1-p04,822db031c141350bdf4c2386109e1e2cd5cafd0121b7b280a05d83ea046def54,2,3297,100
2,ex2-s5-e1-a1-p04,822db031c141350bdf4c2386109e1e2cd5cafd0121b7b280a05d83ea046def54,2,3298,100
2,ex2-s5-e1-a1-p04,822db031c141350bdf4c2386109e1e2cd5cafd0121b7b280a05d83ea046def54,2,3299,0
2,ex2-s5-e1-a1-p04,822db031c141350bdf4c2386109e1e2cd5cafd0121b7b280a05d83ea046def54,2,3300,100
2,ex2-s5-e1-a1-p04,822db031c141350bdf4c2386109e1e2cd5cafd0121b7b280a05d83ea046def54,2,3301,0
2,ex2-s5-e1-a1-p04,822db031c141350bdf4c2386109e1e2cd5cafd0121b7b280a05d83ea046def54,2,3302,100
2,ex2-s5-e1-a1-p04,822db031c141350bdf4c2386109e1e2cd5cafd0121b7b280a05d83ea046def54,2,3303,0
2,ex2-s5-e1-a1-p04,822db031c141350bdf4c2386109e1e2cd5cafd0121b7b280a05d83ea046def54,2,3304,100
2,ex2-s5-e1-a1-p04,822db031c141350bdf4c2386109e1e2cd5cafd0121b7b280a05d83ea046def54,2,3305,0
2,ex2-s5-e1-a1-p04,822db031c141350bdf4c2386109e1e2cd5cafd0121b7b280a05d83ea046def54,2,3306,100
2,ex2-s5-e1-a1-p04,822db031c141350bdf4c2386109e1e2cd5cafd0121b7b280a05d83ea046def54,2,3307,100
2,ex2-s5-e1-a1-p04,822db031c141350bdf4c2386109e1e2cd5cafd0121b7b280a05d83ea046def54,2,3308,0
2,ex2-s5-e1-a1-p04,822db031c141350bdf4c2386109e1e2cd5cafd0121b7b280a05d83ea046def54,2,3309,100
2,ex2-s5-e1-a1-p04,822db031c141350bdf4c2386109e1e2cd5cafd0121b7b280a05d83ea046def54,2,3310,0
2,ex2-s5-e1-a1-p04,822db031c141350bdf4c2386109e1e2cd5cafd0121b7b280a05d83ea046def54,2,3311,100
2,ex2-s5-e1-a1-p04,822db031c141350bdf4c2386109e1e2cd5cafd0121b7b280a05d83ea046def54,2,3312,0
2,ex2-s5-e1-a1-p04,822db031c141350bdf4c2386109e1e2cd5cafd0121b7b280a05d83ea046def54,2,3313,100
2,ex2-s5-e1-a1-p04,822db031c141350bdf4c2386109e1e2cd5cafd0121b7b280a05d83ea046def54,2,3314,0
2,ex2-s5-e1-a1-p04,822db031c141350bdf4c2386109e1e2cd5cafd0121b7b280a05d83ea046def54,2,3315,100
2,ex2-s5-e1-a1-p04,822db031c141350bdf4c2386109e1e2cd5cafd0121b7b280a05d83ea046def54,2,3316,100
2,ex2-s5-e1-a1-p04,822db031c141350bdf4c2386109e1e2cd5cafd0121b7b280a05d83ea046def54,2,3317,0
2,ex2-s5-e1-a1-p04,822db031c141350bdf4c2386109e1e2cd5cafd0121b7b280a05d83ea046def54,2,3318,100
2,ex2-s5-e1-a1-p04,822db031c141350bdf4c2386109e1e2cd5cafd0121b7b280a05d83ea046def54,2,3319,0
2,ex2-s5-e1-a1-p04,822db031c141350bdf4c2386109e1e2cd5cafd0121b7b280a05d83ea046def54,2,3320,100
2,ex2-s5-e1-a1-p04,822db031c141350bdf4c2386109e1e2cd5cafd0121b7b280a05d83ea046def54,2,3321,0
2,ex2-s5-e1-a1-p04,822db031c141350bdf4c2386109e1e2cd5cafd0121b7b280a05d83ea046def54,2,3322,100
2,ex2-s5-e1-a1-p04,822db031c141350bdf4c2386109e1e2cd5cafd0121b7b280a05d83ea046def54,2,3323,0
2,ex2-s5-e1-a1-p04,822db031c141350bdf4c2386109e1e2cd5cafd0121b7b280a05d83ea046def54,2,3324,100
2,ex2-s5-e1-a1-p04,822db031c141350bdf4c2386109e1e2cd5cafd0121b7b280a05d83ea046def54,2,3325,100
2,ex2-s5-e1-a1-p04,822db031c141350bdf4c2386109e1e2cd5cafd0121b7b280a05d83ea046def54,2,3326,0
2,ex2-s5-e1-a1-p04,822db031c141350bdf4c2386109e1e2cd5cafd0121b7b280a05d83ea046def54,2,3327,100
2,ex2-s5-e1-a1-p04,822db031c141350bdf4c2386109e1e2cd5cafd0121b7b280a05d83ea046def54,2,3328,0
2,ex2-s5-e1-a1-p04,822db031c141350bdf4c2386109e1e2cd5cafd0121b7b280a05d83ea046def54,2,3329,100
2,ex2-s5-e1-a1-p04,822db031c141350bdf4c2386109e1e2cd5cafd0121b7b280a05d83ea046def54,2,3330,0
2,ex2-s5-e1-a1-p04,822db031c141350bdf4c2386109e1e2cd5cafd0121b7b280a05d83ea046def54,2,3331,100
2,ex2-s5-e1-a1-p04,822db031c141350bdf4c2386109e1e2cd5cafd0121b7b280a05d83ea046def54,2,3332,0
2,ex2-s5-e1-a1-p04,822db031c141350bdf4c2386109e1e2cd5cafd0121b7b280a05d83ea046def54,2,3333,100
2,ex2-s5-e1-a1-p04,822db031c141350bdf4c2386109e1e2cd5cafd0121b7b280a05d83ea046def54,2,3334,100
2,ex2-s5-e1-a1-p04,822db031c141350bdf4c2386109e1e2cd5cafd0121b7b280a05d83ea046def54,2,3335,0
2,ex2-s5-e1-a1-p04,822db031c141350bdf4c2386109e1e2cd5cafd0121b7b280a05d83ea046def54,2,3336,100
2,ex2-s5-e1-a1-p04,822db031c141350bdf4c2386109e1e2cd5cafd0121b7b280a05d83ea046def54,2,3337,0
2,ex2-s5-e1-a1-p04,822db031c141350bdf4c2386109e1e2cd5cafd0121b7b280a05d83ea046def54,2,3338,100
2,ex2-s5-e1-a1-p04,822db031c141350bdf4c2386109e1e2cd5cafd0121b7b280a05d83ea046def54,2,3339,0
2,ex2-s5-e1-a1-p04,822db031c141350bdf4c2386109e1e2cd5cafd0121b7b280a05d83ea046def54,2,3340,100
2,ex2-s5-e1-a1-p04,822db031c141350bdf4c2386109e1e2cd5cafd0121b7b280a05d83ea046def54,2,3341,0
2,ex2-s5-e1-a1-p04,822db031c141350bdf4c2386109e1e2cd5cafd0121b7b280a05d83ea046def54,2,3342,100
2,ex2-s5-e1-a1-p04,822db031c141350bdf4c2386109e1e2cd5cafd0121b7b280a05d83ea046def54,2,3343,0
2,ex2-s5-e1-a1-p04,822db031c141350bdf4c2386109e1e2cd5cafd0121b7b280a05d83ea046def54,2,3344,100
2,ex2-s5-e1-a1-p04,822db031c141350bdf4c2386109e1e2cd5cafd0121b7b280a05d83ea046def54,2,3345,100
2,ex2-s5-e1-a1-p04,822db031c141350bdf4c2386109e1e2cd5cafd0121b7b280a05d83ea046def54,2,3346,0
2,ex2-s5-e1-a1-p04,822db031c141350bdf4c2386109e1e2cd5cafd0121b7b280a05d83ea046def54,2,3347,100
2,ex2-s5-e1-a1-p04,822db031c141350bdf4c2386109e1e2cd5cafd0121b7b280a05d83ea046def54,2,3348,0
2,ex2-s5-e1-a1-p04,822db031c141350bdf4c2386109e1e2cd5cafd0121b7b280a05d83ea046def54,2,3349,100
2,ex2-s5-e1-a1-p04,822db031c141350bdf4c2386109e1e2cd5cafd0121b7b280a05d83ea046def54,2,3350,0
2,ex2-s5-e1-a1-p04,822db031c141350bdf4c2386109e1e2cd5cafd0121b7b280a05d83ea046def54,2,3351,100
2,ex2-s5-e1-a1-p04,822db031c141350bdf4c2386109e1e2cd5cafd0121b7b280a05d83ea046def54,2,3352,0
2,ex2-s5-e1-a1-p04,822db031c141350bdf4c2386109e1e2cd5cafd0121b7b280a05d83ea046def54,2,3353,100
2,ex2-s5-e1-a1-p04,822db031c141350bdf4c2386109e1e2cd5cafd0121b7b280a05d83ea046def54,2,3354,100
2,ex2-s5-e1-a1-p04,822db031c141350bdf4c2386109e1e2cd5cafd0121b7b280a05d83ea046def54,2,3355,0
2,ex2-s5-e1-a1-p04,822db031c141350bdf4c2386109e1e2cd5cafd0121b7b280a05d83ea046def54,2,3356,100
2,ex2-s5-e1-a1-p04,822db031c141350bdf4c2386109e1e2cd5cafd0121b7b280a05d83ea046def54,2,3357,0
2,ex2-s5-e1-a1-p04,822db031c141350bdf4c2386109e1e2cd5cafd0121b7b280a05d83ea046def54,2,3358,100
2,ex2-s5-e1-a1-p04,822db031c141350bdf4c2386109e1e2cd5cafd0121b7b280a05d83ea046def54,2,3359,0
2,ex2-s5-e1-a1-p04,822db031c141350bdf4c2386109e1e2cd5cafd0121b7b280a05d83ea046def54,2,3360,100
2,ex2-s5-e1-a1-p04,822db031c141350bdf4c2386109e1e2cd5cafd0121b7b280a05d83ea046def54,2,3361,0
2,ex2-s5-e1-a1-p04,822db031c141350bdf4c2386109e1e2cd5cafd0121b7b280a05d83ea046def54,2,3362,100
2,ex2-s5-e1-a1-p04,822db031c141350bdf4c2386109e1e2cd5cafd0121b7b280a05d83ea046def54,2,3363,100
2,ex2-s5-e1-a1-p04,822db031c141350bdf4c2386109e1e2cd5cafd0121b7b280a05d83ea046def54,2,3364,0
2,ex2-s5-e1-a1-p04,822db031c141350bdf4c2386109e1e2cd5cafd0121b7b280a05d83ea046def54,2,3365,100
2,ex2-s5-e1-a1-p04,822db031c141350bdf4c2386109e1e2cd5cafd0121b7b280a05d83ea046def54,2,3366,0
2,ex2-s5-e1-a1-p04,822db031c141350bdf4c2386109e1e2cd5cafd0121b7b280a05d83ea046def54,2,3367,100
2,ex2-s5-e1-a1-p04,822db031c141350bdf4c2386109e1e2cd5cafd0121b7b280a05d83ea046def54,2,3368,0
2,ex2-s5-e1-a1-p04,822db031c141350bdf4c2386109e1e2cd5cafd0121b7b280a05d83ea046def54,2,3369,100
2,ex2-s5-e1-a1-p04,822db031c141350bdf4c2386109e1e2cd5cafd0121b7b280a05d83ea046def54,2,3370,0
2,ex2-s5-e1-a1-p04,822db031c141350bdf4c2386109e1e2cd5cafd0121b7b280a05d83ea046def54,2,3371,100
2,ex2-s5-e1-a1-p04,822db031c141350bdf4c2386109e1e2cd5cafd0121b7b280a05d83ea046def54,2,3372,0
2,ex2-s5-e1-a1-p04,822db031c141350bdf4c2386109e1e2cd5cafd0121b7b280a05d83ea046def54,2,3373,100
2,ex2-s5-e1-a1-p04,822db031c141350bdf4c2386109e1e2cd5cafd0121b7b280a05d83ea046def54,2,3374,100
2,ex2-s5-e1-a1-p04,822db031c141350bdf4c2386109e1e2cd5cafd0121b7b280a05d83ea046def54,2,3375,0
2,ex2-s5-e1-a1-p04,822db031c141350bdf4c2386109e1e2cd5cafd0121b7b280a05d83ea046def54,2,3376,100
2,ex2-s5-e1-a1-p04,822db031c141350bdf4c2386109e1e2cd5cafd0121b7b280a05d83ea046def54,2,3377,0
2,ex2-s5-e1-a1-p04,822db031c141350bdf4c2386109e1e2cd5cafd0121b7b280a05d83ea046def54,2,3378,100
2,ex2-s5-e1-a1-p04,822db031c141350bdf4c2386109e1e2cd5cafd0121b7b280a05d83ea046def54,2,3379,0
2,ex2-s5-e1-a1-p04,822db031c141350bdf4c2386109e1e2cd5cafd0121b7b280a05d83ea046def54,2,3380,100
2,ex2-s5-e1-a1-p04,822db031c141350bdf4c2386109e1e2cd5cafd0121b7b280a05d83ea046def54,2,3381,0
2,ex2-s5-e1-a1-p04,822db031c141350bdf4c2386109e1e2cd5cafd0121b7b280a05d83ea046def54,2,3382,100
2,ex2-s5-e1-a1-p04,822db031c141350bdf4c2386109e1e2cd5cafd0121b7b280a05d83ea046def54,2,3383,100
2,ex2-s5-e1-a1-p04,822db031c141350bdf4c2386109e1e2cd5cafd0121b7b280a05d83ea046def54,2,3384,0
2,ex2-s5-e1-a1-p04,822db031c141350bdf4c2386109e1e2cd5cafd0121b7b280a05d83ea046def54,2,3385,100
2,ex2-s5-e1-a1-p04,822db031c141350bdf4c2386109e1e2cd5cafd0121b7b280a05d83ea046def54,2,3386,0
2,ex2-s5-e1-a1-p04,822db031c141350bdf4c2386109e1e2cd5cafd0121b7b280a05d83ea046def54,2,3387,100
2,ex2-s5-e1-a1-p04,822db031c141350bdf4c2386109e1e2cd5cafd0121b7b280a05d83ea046def54,2,3388,0
2,ex2-s5-e1-a1-p04,822db031c141350bdf4c2386109e1e2cd5cafd0121b7b280a05d83ea046def54,2,3389,100
2,ex2-s5-e1-a1-p04,822db031c141350bdf4c2386109e1e2cd5cafd0121b7b280a05d83ea046def54,2,3390,0
2,ex2-s5-e1-a1-p04,822db031c141350bdf4c2386109e1e2cd5cafd0121b7b280a05d83ea046def54,2,3391,100
2,ex2-s5-e1-a1-p04,822db031c141350bdf4c2386109e1e2cd5cafd0121b7b280a05d83ea046def54,2,3392,100
2,ex2-s5-e1-a1-p04,822db031c141350bdf4c2386109e1e2cd5cafd0121b7b280a05d83ea046def54,2,3393,0
2,ex2-s5-e1-a1-p04,822db031c141350bdf4c2386109e1e2cd5cafd0121b7b280a05d83ea046def54,2,3394,100
2,ex2-s5-e1-a1-p04,822db031c141350bdf4c2386109e1e2cd5cafd0121b7b280a05d83ea046def54,2,3395,0
2,ex2-s5-e1-a1-p04,822db031c141350bdf4c2386109e1e2cd5cafd0121b7b280a05d83ea046def54,2,3396,100
2,ex2-s5-e1-a1-p04,822db031c141350bdf4c2386109e1e2cd5cafd0121b7b280a05d83ea046def54,2,3397,0
2,ex2-s5-e1-a1-p04,822db031c141350bdf4c2386109e1e2cd5cafd0121b7b280a05d83ea046def54,2,3398,100
2,ex2-s5-e1-a1-p04,822db031c141350bdf4c2386109e1e2cd5cafd0121b7b280a05d83ea046def54,2,3399,0
2,ex2-s5-e1-a1-p04,822db031c141350bdf4c2386109e1e2cd5cafd0121b7b280a05d83ea046def54,2,3400,100
2,ex2-s5-e1-a1-p04,822db031c141350bdf4c2386109e1e2cd5cafd0121b7b280a05d83ea046def54,2,3401,0
2,ex2-s5-e1-a1-p04,822db031c141350bdf4c2386109e1e2cd5cafd0121b7b280a05d83ea046def54,2,3402,100
2,ex2-s5-e1-a1-p04,822db031c141350bdf4c2386109e1e2cd5cafd0121b7b280a05d83ea046def54,2,3403,100
2,ex2-s5-e1-a1-p04,822db031c141350bdf4c2386109e1e2cd5cafd0121b7b280a05d83ea046def54,2,3404,0
2,ex2-s5-e1-a1-p04,822db031c141350bdf4c2386109e1e2cd5cafd0121b7b280a05d83ea046def54,2,3405,100
2,ex2-s5-e1-a1-p04,822db031c141350bdf4c2386109e1e2cd5cafd0121b7b280a05d83ea046def54,2,3406,0
2,ex2-s5-e1-a1-p04,822db031c141350bdf4c2386109e1e2cd5cafd0121b7b280a05d83ea046def54,2,3407,100
2,ex2-s5-e1-a1-p04,822db031c141350bdf4c2386109e1e2cd5cafd0121b7b280a05d83ea046def54,2,3408,0
2,ex2-s5-e1-a1-p04,822db031c141350bdf4c2386109e1e2cd5cafd0121b7b280a05d83ea046def54,2,3409,100
2,ex2-s5-e1-a1-p04,822db031c141350bdf4c2386109e1e2cd5cafd0121b7b280a05d83ea046def54,2,3410,0
2,ex2-s5-e1-a1-p04,822db031c141350bdf4c2386109e1e2cd5cafd0121b7b280a05d83ea046def54,2,3411,100
2,ex2-s5-e1-a1-p04,822db031c141350bdf4c2386109e1e2cd5cafd0121b7b280a05d83ea046def54,2,3412,100
2,ex2-s5-e1-a1-p04,822db031c141350bdf4c2386109e1e2cd5cafd0121b7b280a05d83ea046def54,2,3413,0
2,ex2-s5-e1-a1-p04,822db031c141350bdf4c2386109e1e2cd5cafd0121b7b280a05d83ea046def54,2,3414,100
2,ex2-s5-e1-a1-p04,822db031c141350bdf4c2386109e1e2cd5cafd0121b7b280a05d83ea046def54,2,3415,0
2,ex2-s5-e1-a1-p04,822db031c141350bdf4c2386109e1e2cd5cafd0121b7b280a05d83ea046def54,2,3416,100
2,ex2-s5-e1-a1-p04,822db031c141350bdf4c2386109e1e2cd5cafd0121b7b280a05d83ea046def54,2,3417,0
2,ex2-s5-e1-a1-p04,822db031c141350bdf4c2386109e1e2cd5cafd0121b7b280a05d83ea046def54,2,3418,100
2,ex2-s5-e1-a1-p04,822db031c141350bdf4c2386109e1e2cd5cafd0121b7b280a05d83ea046def54,2,3419,0
2,ex2-s5-e1-a1-p04,822db031c141350bdf4c2386109e1e2cd5cafd0121b7b280a05d83ea046def54,2,3420,100
2,ex2-s5-e1-a1-p04,822db031c141350bdf4c2386109e1e2cd5cafd0121b7b280a05d83ea046def54,2,3421,100
2,ex2-s5-e1-a1-p04,822db031c141350bdf4c2386109e1e2cd5cafd0121b7b280a05d83ea046def54,2,3422,0
2,ex2-s5-e1-a1-p04,822db031c141350bdf4c2386109e1e2cd5cafd0121b7b280a05d83ea046def54,2,3423,100
2,ex2-s5-e1-a1-p04,822db031c141350bdf4c2386109e1e2cd5cafd0121b7b280a05d83ea046def54,2,3424,0
2,ex2-s5-e1-a1-p04,822db031c141350bdf4c2386109e1e2cd5cafd0121b7b280a05d83ea046def54,2,3425,100
2,ex2-s5-e1-a1-p04,822db031c141350bdf4c2386109e1e2cd5cafd0121b7b280a05d83ea046def54,2,3426,0
2,ex2-s5-e1-a1-p04,822db031c141350bdf4c2386109e1e2cd5cafd0121b7b280a05d83ea046def54,2,3427,100
2,ex2-s5-e1-a1-p04,822db031c141350bdf4c2386109e1e2cd5cafd0121b7b280a05d83ea046def54,2,3428,0
2,ex2-s5-e1-a1-p04,822db031c141350bdf4c2386109e1e2cd5cafd0121b7b280a05d83ea046def54,2,3429,100
2,ex2-s5-e1-a1-p04,822db031c141350bdf4c2386109e1e2cd5cafd0121b7b280a05d83ea046def54,2,3430,0
2,ex2-s5-e1-a1-p04,822db031c141350bdf4c2386109e1e2cd5cafd0121b7b280a05d83ea046def54,2,3431,100
2,ex2-s5-e1-a1-p04,822db031c141350bdf4c2386109e1e2cd5cafd0121b7b280a05d83ea046def54,2,3432,100
2,ex2-s5-e1-a1-p04,822db031c141350bdf4c2386109e1e2cd5cafd0121b7b280a05d83ea046def54,2,3433,0
2,ex2-s5-e1-a1-p04,822db031c141350bdf4c2386109e1e2cd5cafd0121b7b280a05d83ea046def54,2,3434,100
2,ex2-s5-e1-a1-p04,822db031c141350bdf4c2386109e1e2cd5cafd0121b7b280a05d83ea046def54,2,3435,0
2,ex2-s5-e1-a1-p04,822db031c141350bdf4c2386109e1e2cd5cafd0121b7b280a05d83ea046def54,2,3436,100
2,ex2-s5-e1-a1-p04,822db031c141350bdf4c2386109e1e2cd5cafd0121b7b280a05d83ea046def54,2,3437,0
2,ex2-s5-e1-a1-p04,822db031c141350bdf4c2386109e1e2cd5cafd0121b7b280a05d83ea046def54,2,3438,100
2,ex2-s5-e1-a1-p04,822db031c141350bdf4c2386109e1e2cd5cafd0121b7b280a05d83ea046def54,2,3439,0
2,ex2-s5-e1-a1-p04,822db031c141350bdf4c2386109e1e2cd5cafd0121b7b280a05d83ea046def54,2,3440,100
2,ex2-s5-e1-a1-p04,822db031c141350bdf4c2386109e1e2cd5cafd0121b7b280a05d83ea046def54,2,3441,100
2,ex2-s5-e1-a1-p04,822db031c141350bdf4c2386109e1e2cd5cafd0121b7b280a05d83ea046def54,2,3442,0
2,ex2-s5-e1-a1-p04,822db031c141350bdf4c2386109e1e2cd5cafd0121b7b280a05d83ea046def54,2,3443,100
2,ex2-s5-e1-a1-p04,822db031c141350bdf4c2386109e1e2cd5cafd0121b7b280a05d83ea046def54,2,3444,0
2,ex2-s5-e1-a1-p04,822db031c141350bdf4c2386109e1e2cd5cafd0121b7b280a05d83ea046def54,2,3445,100
2,ex2-s5-e1-a1-p04,822db031c141350bdf4c2386109e1e2cd5cafd0121b7b280a05d83ea046def54,2,3446,0
2,ex2-s5-e1-a1-p04,822db031c141350bdf4c2386109e1e2cd5cafd0121b7b280a05d83ea046def54,2,3447,100
2,ex2-s5-e1-a1-p04,822db031c141350bdf4c2386109e1e2cd5cafd0121b7b280a05d83ea046def54,2,3448,0
2,ex2-s5-e1-a1-p04,822db031c141350bdf4c2386109e1e2cd5cafd0121b7b280a05d83ea046def54,2,3449,100
2,ex2-s5-e1-a1-p04,822db031c141350bdf4c2386109e1e2cd5cafd0121b7b280a05d83ea046def54,2,3450,0
2,ex2-s5-e1-a1-p04,822db031c141350bdf4c2386109e1e2cd5cafd0121b7b280a05d83ea046def54,2,3451,100
2,ex2-s5-e1-a1-p04,822db031c141350bdf4c2386109e1e2cd5cafd0121b7b280a05d83ea046def54,2,3452,100
2,ex2-s5-e1-a1-p04,822db031c141350bdf4c2386109e1e2cd5cafd0121b7b280a05d83ea046def54,2,3453,0
2,ex2-s5-e1-a1-p04,822db031c141350bdf4c2386109e1e2cd5cafd0121b7b280a05d83ea046def54,2,3454,100
2,ex2-s5-e1-a1-p04,822db031c141350bdf4c2386109e1e2cd5cafd0121b7b280a05d83ea046def54,2,3455,0
2,ex2-s5-e1-a1-p04,822db031c141350bdf4c2386109e1e2cd5cafd0121b7b280a05d83ea046def54,2,3456,100
2,ex2-s5-e1-a1-p04,822db031c141350bdf4c2386109e1e2cd5cafd0121b7b280a05d83ea046def54,2,3457,0
2,ex2-s5-e1-a1-p04,822db031c141350bdf4c2386109e1e2cd5cafd0121b7b280a05d83ea046def54,2,3458,100
2,ex2-s5-e1-a1-p04,822db031c141350bdf4c2386109e1e2cd5cafd0121b7b280a05d83ea046def54,2,3459,0
2,ex2-s5-e1-a1-p04,822db031c141350bdf4c2386109e1e2cd5cafd0121b7b280a05d83ea046def54,2,3460,100
2,ex2-s5-e1-a1-p04,822db031c141350bdf4c2386109e1e2cd5cafd0121b7b280a05d83ea046def54,2,3461,100
2,ex2-s5-e1-a1-p04,822db031c141350bdf4c2386109e1e2cd5cafd0121b7b280a05d83ea046def54,2,3462,0
2,ex2-s5-e1-a1-p04,822db031c141350bdf4c2386109e1e2cd5cafd0121b7b280a05d83ea046def54,2,3463,100
2,ex2-s5-e1-a1-p04,822db031c141350bdf4c2386109e1e2cd5cafd0121b7b280a05d83ea046def54,2,3464,0
2,ex2-s5-e1-a1-p04,822db031c141350bdf4c2386109e1e2cd5cafd0121b7b280a05d83ea046def54,2,3465,100
2,ex2-s5-e1-a1-p04,822db031c141350bdf4c2386109e1e2cd5cafd0121b7b280a05d83ea046def54,2,3466,0
2,ex2-s5-e1-a1-p04,822db031c141350bdf4c2386109e1e2cd5cafd0121b7b280a05d83ea046def54,2,3467,100
2,ex2-s5-e1-a1-p04,822db031c141350bdf4c2386109e1e2cd5cafd0121b7b280a05d83ea046def54,2,3468,0
2,ex2-s5-e1-a1-p04,822db031c141350bdf4c2386109e1e2cd5cafd0121b7b280a05d83ea046def54,2,3469,100
2,ex2-s5-e1-a1-p04,822db031c141350bdf4c2386109e1e2cd5cafd0121b7b280a05d83ea046def54,2,3470,100
2,ex2-s5-e1-a1-p04,822db031c141350bdf4c2386109e1e2cd5cafd0121b7b280a05d83ea046def54,2,3471,0
2,ex2-s5-e1-a1-p04,822db031c141350bdf4c2386109e1e2cd5cafd0121b7b280a05d83ea046def54,2,3472,100
2,ex2-s5-e1-a1-p04,822db031c141350bdf4c2386109e1e2cd5cafd0121b7b280a05d83ea046def54,2,3473,0
2,ex2-s5-e1-a1-p04,822db031c141350bdf4c2386109e1e2cd5cafd0121b7b280a05d83ea046def54,2,3474,100
2,ex2-s5-e1-a1-p04,822db031c141350bdf4c2386109e1e2cd5cafd0121b7b280a05d83ea046def54,2,3475,0
2,ex2-s5-e1-a1-p04,822db031c141350bdf4c2386109e1e2cd5cafd0121b7b280a05d83ea046def54,2,3476,100
2,ex2-s5-e1-a1-p04,822db031c141350bdf4c2386109e1e2cd5cafd0121b7b280a05d83ea046def54,2,3477,0
2,ex2-s5-e1-a1-p04,822db031c141350bdf4c2386109e1e2cd5cafd0121b7b280a05d83ea046def54,2,3478,100
2,ex2-s5-e1-a1-p04,822db031c141350bdf4c2386109e1e2cd5cafd0121b7b280a05d83ea046def54,2,3479,0
2,ex2-s5-e1-a1-p04,822db031c141350bdf4c2386109e1e2cd5cafd0121b7b280a05d83ea046def54,2,3480,100
2,ex2-s5-e1-a1-p04,822db031c141350bdf4c2386109e1e2cd5cafd0121b7b280a05d83ea046def54,2,3481,100
2,ex2-s5-e1-a1-p04,822db031c141350bdf4c2386109e1e2cd5cafd0121b7b280a05d83ea046def54,2,3482,0
2,ex2-s5-e1-a1-p04,822db031c141350bdf4c2386109e1e2cd5cafd0121b7b280a05d83ea046def54,2,3483,100
2,ex2-s5-e1-a1-p04,822db031c141350bdf4c2386109e1e2cd5cafd0121b7b280a05d83ea046def54,2,3484,0
2,ex2-s5-e1-a1-p04,822db031c141350bdf4c2386109e1e2cd5cafd0121b7b280a05d83ea046def54,2,3485,100
2,ex2-s5-e1-a1-p04,822db031c141350bdf4c2386109e1e2cd5cafd0121b7b280a05d83ea046def54,2,3486,0
2,ex2-s5-e1-a1-p04,822db031c141350bdf4c2386109e1e2cd5cafd0121b7b280a05d83ea046def54,2,3487,100
2,ex2-s5-e1-a1-p04,822db031c141350bdf4c2386109e1e2cd5cafd0121b7b280a05d83ea046def54,2,3488,0
2,ex2-s5-e1-a1-p04,822db031c141350bdf4c2386109e1e2cd5cafd0121b7b280a05d83ea046def54,2,3489,100
2,ex2-s5-e1-a1-p04,822db031c141350bdf4c2386109e1e2cd5cafd0121b7b280a05d83ea046def54,2,3490,100
2,ex2-s5-e1-a1-p04,822db031c141350bdf4c2386109e1e2cd5cafd0121b7b280a05d83ea046def54,2,3491,0
2,ex2-s5-e1-a1-p04,822db031c141350bdf4c2386109e1e2cd5cafd0121b7b280a05d83ea046def54,2,3492,100
2,ex2-s5-e1-a1-p04,822db031c141350bdf4c2386109e1e2cd5cafd0121b7b280a05d83ea046def54,2,3493,0
2,ex2-s5-e1-a1-p04,822db031c141350bdf4c2386109e1e2cd5cafd0121b7b280a05d83ea046def54,2,3494,100
2,ex2-s5-e1-a1-p04,822db031c141350bdf4c2386109e1e2cd5cafd0121b7b280a05d83ea046def54,2,3495,0
2,ex2-s5-e1-a1-p04,822db031c141350bdf4c2386109e1e2cd5cafd0121b7b280a05d83ea046def54,2,3496,100
2,ex2-s5-e1-a1-p04,822db031c141350bdf4c2386109e1e2cd5cafd0121b7b280a05d83ea046def54,2,3497,0
2,ex2-s5-e1-a1-p04,822db031c141350bdf4c2386109e1e2cd5cafd0121b7b280a05d83ea046def54,2,3498,100
2,ex2-s5-e1-a1-p04,822db031c141350bdf4c2386109e1e2cd5cafd0121b7b280a05d83ea046def54,2,3499,100
2,ex2-s5-e1-a1-p04,822db031c141350bdf4c2386109e1e2cd5cafd0121b7b280a05d83ea046def54,2,3500,0
2,ex2-s5-e1-a1-p04,822db031c141350bdf4c2386109e1e2cd5cafd0121b7b280a05d83ea046def54,2,3501,100
2,ex2-s5-e1-a1-p04,822db031c141350bdf4c2386109e1e2cd5cafd0121b7b280a05d83ea046def54,2,3502,0
2,ex2-s5-e1-a1-p04,822db031c141350bdf4c2386109e1e2cd5cafd0121b7b280a05d83ea046def54,2,3503,100
2,ex2-s5-e1-a1-p04,822db031c141350bdf4c2386109e1e2cd5cafd0121b7b280a05d83ea046def54,2,3504,0
2,ex2-s5-e1-a1-p04,822db031c141350bdf4c2386109e1e2cd5cafd0121b7b280a05d83ea046def54,2,3505,100
2,ex2-s5-e1-a1-p04,822db031c141350bdf4c2386109e1e2cd5cafd0121b7b280a05d83ea046def54,2,3506,0
2,ex2-s5-e1-a1-p04,822db031c141350bdf4c2386109e1e2cd5cafd0121b7b280a05d83ea046def54,2,3507,100
2,ex2-s5-e1-a1-p04,822db031c141350bdf4c2386109e1e2cd5cafd0121b7b280a05d83ea046def54,2,3508,0
2,ex2-s5-e1-a1-p04,822db031c141350bdf4c2386109e1e2cd5cafd0121b7b280a05d83ea046def54,2,3509,100
2,ex2-s5-e1-a1-p04,822db031c141350bdf4c2386109e1e2cd5cafd0121b7b280a05d83ea046def54,2,3510,100
2,ex2-s5-e1-a1-p04,822db031c141350bdf4c2386109e1e2cd5cafd0121b7b280a05d83ea046def54,2,3511,0
2,ex2-s5-e1-a1-p04,822db031c141350bdf4c2386109e1e2cd5cafd0121b7b280a05d83ea046def54,2,3512,100
2,ex2-s5-e1-a1-p04,822db031c141350bdf4c2386109e1e2cd5cafd0121b7b280a05d83ea046def54,2,3513,0
2,ex2-s5-e1-a1-p04,822db031c141350bdf4c2386109e1e2cd5cafd0121b7b280a05d83ea046def54,2,3514,100
2,ex2-s5-e1-a1-p04,822db031c141350bdf4c2386109e1e2cd5cafd0121b7b280a05d83ea046def54,2,3515,0
2,ex2-s5-e1-a1-p04,822db031c141350bdf4c2386109e1e2cd5cafd0121b7b280a05d83ea046def54,2,3516,100
2,ex2-s5-e1-a1-p04,822db031c141350bdf4c2386109e1e2cd5cafd0121b7b280a05d83ea046def54,2,3517,0
2,ex2-s5-e1-a1-p04,822db031c141350bdf4c2386109e1e2cd5cafd0121b7b280a05d83ea046def54,2,3518,100
2,ex2-s5-e1-a1-p04,822db031c141350bdf4c2386109e1e2cd5cafd0121b7b280a05d83ea046def54,2,3519,100
2,ex2-s5-e1-a1-p04,822db031c141350bdf4c2386109e1e2cd5cafd0121b7b280a05d83ea046def54,2,3520,0
2,ex2-s5-e1-a1-p04,822db031c141350bdf4c2386109e1e2cd5cafd0121b7b280a05d83ea046def54,2,3521,100
2,ex2-s5-e1-a1-p04,822db031c141350bdf4c2386109e1e2cd5cafd0121b7b280a05d83ea046def54,2,3522,0
2,ex2-s5-e1-a1-p04,822db031c141350bdf4c2386109e1e2cd5cafd0121b7b280a05d83ea046def54,2,3523,100
2,ex2-s5-e1-a1-p04,822db031c141350bdf4c2386109e1e2cd5cafd0121b7b280a05d83ea046def54,2,3524,0
2,ex2-s5-e1-a1-p04,822db031c141350bdf4c2386109e1e2cd5cafd0121b7b280a05d83ea046def54,2,3525,100
2,ex2-s5-e1-a1-p04,822db031c141350bdf4c2386109e1e2cd5cafd0121b7b280a05d83ea046def54,2,3526,0
2,ex2-s5-e1-a1-p04,822db031c141350bdf4c2386109e1e2cd5cafd0121b7b280a05d83ea046def54,2,3527,100
2,ex2-s5-e1-a1-p04,822db031c141350bdf4c2386109e1e2cd5cafd0121b7b280a05d83ea046def54,2,3528,0
2,ex2-s5-e1-a1-p04,822db031c141350bdf4c2386109e1e2cd5cafd0121b7b280a05d83ea046def54,2,3529,100
2,ex2-s5-e1-a1-p04,822db031c141350bdf4c2386109e1e2cd5cafd0121b7b280a05d83ea046def54,2,3530,100
2,ex2-s5-e1-a1-p04,822db031c141350bdf4c2386109e1e2cd5cafd0121b7b280a05d83ea046def54,2,3531,0
2,ex2-s5-e1-a1-p04,822db031c141350bdf4c2386109e1e2cd5cafd0121b7b280a05d83ea046def54,2,3532,100
2,ex2-s5-e1-a1-p04,822db031c141350bdf4c2386109e1e2cd5cafd0121b7b280a05d83ea046def54,2,3533,0
2,ex2-s5-e1-a1-p04,822db031c141350bdf4c2386109e1e2cd5cafd0121b7b280a05d83ea046def54,2,3534,100
2,ex2-s5-e1-a1-p04,822db031c141350bdf4c2386109e1e2cd5cafd0121b7b280a05d83ea046def54,2,3535,0
2,ex2-s5-e1-a1-p04,822db031c141350bdf4c2386109e1e2cd5cafd0121b7b280a05d83ea046def54,2,3536,100
2,ex2-s5-e1-a1-p04,822db031c141350bdf4c2386109e1e2cd5cafd0121b7b280a05d83ea046def54,2,3537,0
2,ex2-s5-e1-a1-p04,822db031c141350bdf4c2386109e1e2cd5cafd0121b7b280a05d83ea046def54,2,3538,100
2,ex2-s5-e1-a1-p04,822db031c141350bdf4c2386109e1e2cd5cafd0121b7b280a05d83ea046def54,2,3539,100
2,ex2-s5-e1-a1-p04,822db031c141350bdf4c2386109e1e2cd5cafd0121b7b280a05d83ea046def54,2,3540,0
2,ex2-s5-e1-a1-p04,822db031c141350bdf4c2386109e1e2cd5cafd0121b7b280a05d83ea046def54,2,3541,100
2,ex2-s5-e1-a1-p04,822db031c141350bdf4c2386109e1e2cd5cafd0121b7b280a05d83ea046def54,2,3542,0
2,ex2-s5-e1-a1-p04,822db031c141350bdf4c2386109e1e2cd5cafd0121b7b280a05d83ea046def54,2,3543,100
2,ex2-s5-e1-a1-p04,822db031c141350bdf4c2386109e1e2cd5cafd0121b7b280a05d83ea046def54,2,3544,0
2,ex2-s5-e1-a1-p04,822db031c141350bdf4c2386109e1e2cd5cafd0121b7b280a05d83ea046def54,2,3545,100
2,ex2-s5-e1-a1-p04,822db031c141350bdf4c2386109e1e2cd5cafd0121b7b280a05d83ea046def54,2,3546,0
2,ex2-s5-e1-a1-p04,822db031c141350bdf4c2386109e1e2cd5cafd0121b7b280a05d83ea046def54,2,3547,100
2,ex2-s5-e1-a1-p04,822db031c141350bdf4c2386109e1e2cd5cafd0121b7b280a05d83ea046def54,2,3548,0
2,ex2-s5-e1-a1-p04,822db031c141350bdf4c2386109e1e2cd5cafd0121b7b280a05d83ea046def54,2,3549,100
2,ex2-s5-e1-a1-p04,822db031c141350bdf4c2386109e1e2cd5cafd0121b7b280a05d83ea046def54,2,3550,100
2,ex2-s5-e1-a1-p04,822db031c141350bdf4c2386109e1e2cd5cafd0121b7b280a05d83ea046def54,2,3551,0
2,ex2-s5-e1-a1-p04,822db031c141350bdf4c2386109e1e2cd5cafd0121b7b280a05d83ea046def54,2,3552,100
2,ex2-s5-e1-a1-p04,822db031c141350bdf4c2386109e1e2cd5cafd0121b7b280a05d83ea046def54,2,3553,0
2,ex2-s5-e1-a1-p04,822db031c141350bdf4c2386109e1e2cd5cafd0121b7b280a05d83ea046def54,2,3554,100
2,ex2-s5-e1-a1-p04,822db031c141350bdf4c2386109e1e2cd5cafd0121b7b280a05d83ea046def54,2,3555,0
2,ex2-s5-e1-a1-p04,822db031c141350bdf4c2386109e1e2cd5cafd0121b7b280a05d83ea046def54,2,3556,100
2,ex2-s5-e1-a1-p04,822db031c141350bdf4c2386109e1e2cd5cafd0121b7b280a05d83ea046def54,2,3557,0
2,ex2-s5-e1-a1-p04,822db031c141350bdf4c2386109e1e2cd5cafd0121b7b280a05d83ea046def54,2,3558,100
2,ex2-s5-e1-a1-p04,822db031c141350bdf4c2386109e1e2cd5cafd0121b7b280a05d83ea046def54,2,3559,100
2,ex2-s5-e1-a1-p04,822db031c141350bdf4c2386109e1e2cd5cafd0121b7b280a05d83ea046def54,2,3560,0
2,ex2-s5-e1-a1-p04,822db031c141350bdf4c2386109e1e2cd5cafd0121b7b280a05d83ea046def54,2,3561,100
2,ex2-s5-e1-a1-p04,822db031c141350bdf4c2386109e1e2cd5cafd0121b7b280a05d83ea046def54,2,3562,0
2,ex2-s5-e1-a1-p04,822db031c141350bdf4c2386109e1e2cd5cafd0121b7b280a05d83ea046def54,2,3563,100
2,ex2-s5-e1-a1-p04,822db031c141350bdf4c2386109e1e2cd5cafd0121b7b280a05d83ea046def54,2,3564,0
2,ex2-s5-e1-a1-p04,822db031c141350bdf4c2386109e1e2cd5cafd0121b7b280a05d83ea046def54,2,3565,100
2,ex2-s5-e1-a1-p04,822db031c141350bdf4c2386109e1e2cd5cafd0121b7b280a05d83ea046def54,2,3566,0
2,ex2-s5-e1-a1-p04,822db031c141350bdf4c2386109e1e2cd5cafd0121b7b280a05d83ea046def54,2,3567,100
2,ex2-s5-e1-a1-p04,822db031c141350bdf4c2386109e1e2cd5cafd0121b7b280a05d83ea046def54,2,3568,100
2,ex2-s5-e1-a1-p04,822db031c141350bdf4c2386109e1e2cd5cafd0121b7b280a05d83ea046def54,2,3569,0
2,ex2-s5-e1-a1-p04,822db031c141350bdf4c2386109e1e2cd5cafd0121b7b280a05d83ea046def54,2,3570,100
2,ex2-s5-e1-a1-p04,822db031c141350bdf4c2386109e1e2cd5cafd0121b7b280a05d83ea046def54,2,3571,0
2,ex2-s5-e1-a1-p04,822db031c141350bdf4c2386109e1e2cd5cafd0121b7b280a05d83ea046def54,2,3572,100
2,ex2-s5-e1-a1-p04,822db031c141350bdf4c2386109e1e2cd5cafd0121b7b280a05d83ea046def54,2,3573,0
2,ex2-s5-e1-a1-p04,822db031c141350bdf4c2386109e1e2cd5cafd0121b7b280a05d83ea046def54,2,3574,100
2,ex2-s5-e1-a1-p04,822db031c141350bdf4c2386109e1e2cd5cafd0121b7b280a05d83ea046def54,2,3575,0
2,ex2-s5-e1-a1-p04,822db031c141350bdf4c2386109e1e2cd5cafd0121b7b280a05d83ea046def54,2,3576,100
2,ex2-s5-e1-a1-p04,822db031c141350bdf4c2386109e1e2cd5cafd0121b7b280a05d83ea046def54,2,3577,0
2,ex2-s5-e1-a1-p04,822db031c141350bdf4c2386109e1e2cd5cafd0121b7b280a05d83ea046def54,2,3578,100
2,ex2-s5-e1-a1-p04,822db031c141350bdf4c2386109e1e2cd5cafd0121b7b280a05d83ea046def54,2,3579,100
2,ex2-s5-e1-a1-p04,822db031c141350bdf4c2386109e1e2cd5cafd0121b7b280a05d83ea046def54,2,3580,0
2,ex2-s5-e1-a1-p04,822db031c141350bdf4c2386109e1e2cd5cafd0121b7b280a05d83ea046def54,2,3581,100
2,ex2-s5-e1-a1-p04,822db031c141350bdf4c2386109e1e2cd5cafd0121b7b280a05d83ea046def54,2,3582,0
2,ex2-s5-e1-a1-p04,822db031c141350bdf4c2386109e1e2cd5cafd0121b7b280a05d83ea046def54,2,3583,100
2,ex2-s5-e1-a1-p04,822db031c141350bdf4c2386109e1e2cd5cafd0121b7b280a05d83ea046def54,2,3584,0
2,ex2-s5-e1-a1-p04,822db031c141350bdf4c2386109e1e2cd5cafd0121b7b280a05d83ea046def54,2,3585,100
2,ex2-s5-e1-a1-p04,822db031c141350bdf4c2386109e1e2cd5cafd0121b7b280a05d83ea046def54,2,3586,0
2,ex2-s5-e1-a1-p04,822db031c141350bdf4c2386109e1e2cd5cafd0121b7b280a05d83ea046def54,2,3587,100
2,ex2-s5-e1-a1-p04,822db031c141350bdf4c2386109e1e2cd5cafd0121b7b280a05d83ea046def54,2,3588,100
2,ex2-s5-e1-a1-p04,822db031c141350bdf4c2386109e1e2cd5cafd0121b7b280a05d83ea046def54,2,3589,0
2,ex2-s5-e1-a1-p04,822db031c141350bdf4c2386109e1e2cd5cafd0121b7b280a05d83ea046def54,2,3590,100
2,ex2-s5-e1-a1-p04,822db031c141350bdf4c2386109e1e2cd5cafd0121b7b280a05d83ea046def54,2,3591,0
2,ex2-s5-e1-a1-p04,822db031c141350bdf4c2386109e1e2cd5cafd0121b7b280a05d83ea046def54,2,3592,100
2,ex2-s5-e1-a1-p04,822db031c141350bdf4c2386109e1e2cd5cafd0121b7b280a05d83ea046def54,2,3593,0
2,ex2-s5-e1-a1-p04,822db031c141350bdf4c2386109e1e2cd5cafd0121b7b280a05d83ea046def54,2,3594,100
2,ex2-s5-e1-a1-p04,822db031c141350bdf4c2386109e1e2cd5cafd0121b7b280a05d83ea046def54,2,3595,0
2,ex2-s5-e1-a1-p04,822db031c141350bdf4c2386109e1e2cd5cafd0121b7b280a05d83ea046def54,2,3596,100
2,ex2-s5-e1-a1-p04,822db031c141350bdf4c2386109e1e2cd5cafd0121b7b280a05d83ea046def54,2,3597,0
2,ex2-s5-e1-a1-p04,822db031c141350bdf4c2386109e1e2cd5cafd0121b7b280a05d83ea046def54,2,3598,100
2,ex2-s5-e1-a1-p04,822db031c141350bdf4c2386109e1e2cd5cafd0121b7b280a05d83ea046def54,2,3599,100
2,ex2-s5-e1-a1-p04,822db031c141350bdf4c2386109e1e2cd5cafd0121b7b280a05d83ea046def54,2,3600,0
2,ex2-s5-e1-a1-p04,822db031c141350bdf4c2386109e1e2cd5cafd0121b7b280a05d83ea046def54,2,3601,100
2,ex2-s5-e1-a1-p04,822db031c141350bdf4c2386109e1e2cd5cafd0121b7b280a05d83ea046def54,2,3602,0
2,ex2-s5-e1-a1-p04,822db031c141350bdf4c2386109e1e2cd5cafd0121b7b280a05d83ea046def54,2,3603,100
2,ex2-s5-e1-a1-p04,822db031c141350bdf4c2386109e1e2cd5cafd0121b7b280a05d83ea046def54,2,3604,0
2,ex2-s5-e1-a1-p04,822db031c141350bdf4c2386109e1e2cd5cafd0121b7b280a05d83ea046def54,2,3605,100
2,ex2-s5-e1-a1-p04,822db031c141350bdf4c2386109e1e2cd5cafd0121b7b280a05d83ea046def54,2,3606,0
2,ex2-s5-e1-a1-p04,822db031c141350bdf4c2386109e1e2cd5cafd0121b7b280a05d83ea046def54,2,3607,100
2,ex2-s5-e1-a1-p04,822db031c141350bdf4c2386109e1e2cd5cafd0121b7b280a05d83ea046def54,2,3608,100
2,ex2-s5-e1-a1-p04,822db031c141350bdf4c2386109e1e2cd5cafd0121b7b280a05d83ea046def54,2,3609,0
2,ex2-s5-e1-a1-p04,822db031c141350bdf4c2386109e1e2cd5cafd0121b7b280a05d83ea046def54,2,3610,100
2,ex2-s5-e1-a1-p04,822db031c141350bdf4c2386109e1e2cd5cafd0121b7b280a05d83ea046def54,2,3611,0
2,ex2-s5-e1-a1-p04,822db031c141350bdf4c2386109e1e2cd5cafd0121b7b280a05d83ea046def54,2,3612,100
2,ex2-s5-e1-a1-p04,822db031c141350bdf4c2386109e1e2cd5cafd0121b7b280a05d83ea046def54,2,3613,0
2,ex2-s5-e1-a1-p04,822db031c141350bdf4c2386109e1e2cd5cafd0121b7b280a05d83ea046def54,2,3614,100
2,ex2-s5-e1-a1-p04,822db031c141350bdf4c2386109e1e2cd5cafd0121b7b280a05d83ea046def54,2,3615,0
2,ex2-s5-e1-a1-p04,822db031c141350bdf4c2386109e1e2cd5cafd0121b7b280a05d83ea046def54,2,3616,100
2,ex2-s5-e1-a1-p04,822db031c141350bdf4c2386109e1e2cd5cafd0121b7b280a05d83ea046def54,2,3617,0
2,ex2-s5-e1-a1-p04,822db031c141350bdf4c2386109e1e2cd5cafd0121b7b280a05d83ea046def54,2,3618,100
2,ex2-s5-e1-a1-p04,822db031c141350bdf4c2386109e1e2cd5cafd0121b7b280a05d83ea046def54,2,3619,100
2,ex2-s5-e1-a1-p04,822db031c141350bdf4c2386109e1e2cd5cafd0121b7b280a05d83ea046def54,2,3620,0
2,ex2-s5-e1-a1-p04,822db031c141350bdf4c2386109e1e2cd5cafd0121b7b280a05d83ea046def54,2,3621,100
2,ex2-s5-e1-a1-p04,822db031c141350bdf4c2386109e1e2cd5cafd0121b7b280a05d83ea046def54,2,3622,0
2,ex2-s5-e1-a1-p04,822db031c141350bdf4c2386109e1e2cd5cafd0121b7b280a05d83ea046def54,2,3623,100
2,ex2-s5-e1-a1-p04,822db031c141350bdf4c2386109e1e2cd5cafd0121b7b280a05d83ea046def54,2,3624,0
2,ex2-s5-e1-a1-p04,822db031c141350bdf4c2386109e1e2cd5cafd0121b7b280a05d83ea046def54,2,3625,100
2,ex2-s5-e1-a1-p04,822db031c141350bdf4c2386109e1e2cd5cafd0121b7b280a05d83ea046def54,2,3626,0
2,ex2-s5-e1-a1-p04,822db031c141350bdf4c2386109e1e2cd5cafd0121b7b280a05d83ea046def54,2,3627,100
2,ex2-s5-e1-a1-p04,822db031c141350bdf4c2386109e1e2cd5cafd0121b7b280a05d83ea046def54,2,3628,100
2,ex2-s5-e1-a1-p04,822db031c141350bdf4c2386109e1e2cd5cafd0121b7b280a05d83ea046def54,2,3629,0
2,ex2-s5-e1-a1-p04,822db031c141350bdf4c2386109e1e2cd5cafd0121b7b280a05d83ea046def54,2,3630,100
2,ex2-s5-e1-a1-p04,822db031c141350bdf4c2386109e1e2cd5cafd0121b7b280a05d83ea046def54,2,3631,0
2,ex2-s5-e1-a1-p04,822db031c141350bdf4c2386109e1e2cd5cafd0121b7b280a05d83ea046def54,2,3632,100
2,ex2-s5-e1-a1-p04,822db031c141350bdf4c2386109e1e2cd5cafd0121b7b280a05d83ea046def54,2,3633,0
2,ex2-s5-e1-a1-p04,822db031c141350bdf4c2386109e1e2cd5cafd0121b7b280a05d83ea046def54,2,3634,100
2,ex2-s5-e1-a1-p04,822db031c141350bdf4c2386109e1e2cd5cafd0121b7b280a05d83ea046def54,2,3635,0
2,ex2-s5-e1-a1-p04,822db031c141350bdf4c2386109e1e2cd5cafd0121b7b280a05d83ea046def54,2,3636,100
2,ex2-s5-e1-a1-p04,822db031c141350bdf4c2386109e1e2cd5cafd0121b7b280a05d83ea046def54,2,3637,0
2,ex2-s5-e1-a1-p04,822db031c141350bdf4c2386109e1e2cd5cafd0121b7b280a05d83ea046def54,2,3638,100
2,ex2-s5-e1-a1-p04,822db031c141350bdf4c2386109e1e2cd5cafd0121b7b280a05d83ea046def54,2,3639,100
2,ex2-s5-e1-a1-p04,822db031c141350bdf4c2386109e1e2cd5cafd0121b7b280a05d83ea046def54,2,3640,0
2,ex2-s5-e1-a1-p04,822db031c141350bdf4c2386109e1e2cd5cafd0121b7b280a05d83ea046def54,2,3641,100
2,ex2-s5-e1-a1-p04,822db031c141350bdf4c2386109e1e2cd5cafd0121b7b280a05d83ea046def54,2,3642,0
2,ex2-s5-e1-a1-p04,822db031c141350bdf4c2386109e1e2cd5cafd0121b7b280a05d83ea046def54,2,3643,100
2,ex2-s5-e1-a1-p04,822db031c141350bdf4c2386109e1e2cd5cafd0121b7b280a05d83ea046def54,2,3644,0
2,ex2-s5-e1-a1-p04,822db031c141350bdf4c2386109e1e2cd5cafd0121b7b280a05d83ea046def54,2,3645,100
2,ex2-s5-e1-a1-p04,822db031c141350bdf4c2386109e1e2cd5cafd0121b7b280a05d83ea046def54,2,3646,0
2,ex2-s5-e1-a1-p04,822db031c141350bdf4c2386109e1e2cd5cafd0121b7b280a05d83ea046def54,2,3647,100
2,ex2-s5-e1-a1-p04,822db031c141350bdf4c2386109e1e2cd5cafd0121b7b280a05d83ea046def54,2,3648,100
2,ex2-s5-e1-a1-p04,822db031c141350bdf4c2386109e1e2cd5cafd0121b7b280a05d83ea046def54,2,3649,0
2,ex2-s5-e1-a1-p04,822db031c141350bdf4c2386109e1e2cd5cafd0121b7b280a05d83ea046def54,2,3650,100
2,ex2-s5-e1-a1-p04,822db031c141350bdf4c2386109e1e2cd5cafd0121b7b280a05d83ea046def54,2,3651,0
2,ex2-s5-e1-a1-p04,822db031c141350bdf4c2386109e1e2cd5cafd0121b7b280a05d83ea046def54,2,3652,100
2,ex2-s5-e1-a1-p04,822db031c141350bdf4c2386109e1e2cd5cafd0121b7b280a05d83ea046def54,2,3653,0
2,ex2-s5-e1-a1-p04,822db031c141350bdf4c2386109e1e2cd5cafd0121b7b280a05d83ea046def54,2,3654,100
2,ex2-s5-e1-a1-p04,822db031c141350bdf4c2386109e1e2cd5cafd0121b7b280a05d83ea046def54,2,3655,100
2,ex2-s5-e1-a1-p04,822db031c141350bdf4c2386109e1e2cd5cafd0121b7b280a05d83ea046def54,2,3656,0
2,ex2-s5-e1-a1-p04,822db031c141350bdf4c2386109e1e2cd5cafd0121b7b280a05d83ea046def54,2,3657,100
2,ex2-s5-e1-a1-p04,822db031c141350bdf4c2386109e1e2cd5cafd0121b7b280a05d83ea046def54,2,3658,0
2,ex2-s5-e1-a1-p04,822db031c141350bdf4c2386109e1e2cd5cafd0121b7b280a05d83ea046def54,2,3659,100
2,ex2-s5-e1-a1-p04,822db031c141350bdf4c2386109e1e2cd5cafd0121b7b280a05d83ea046def54,2,3660,0
2,ex2-s5-e1-a1-p04,822db031c141350bdf4c2386109e1e2cd5cafd0121b7b280a05d83ea046def54,2,3661,100
2,ex2-s5-e1-a1-p04,822db031c141350bdf4c2386109e1e2cd5cafd0121b7b280a05d83ea046def54,2,3662,0
2,ex2-s5-e1-a1-p04,822db031c141350bdf4c2386109e1e2cd5cafd0121b7b280a05d83ea046def54,2,3663,100
2,ex2-s5-e1-a1-p04,822db031c141350bdf4c2386109e1e2cd5cafd0121b7b280a05d83ea046def54,2,3664,100
2,ex2-s5-e1-a1-p04,822db031c141350bdf4c2386109e1e2cd5cafd0121b7b280a05d83ea046def54,2,3665,0
2,ex2-s5-e1-a1-p04,822db031c141350bdf4c2386109e1e2cd5cafd0121b7b280a05d83ea046def54,2,3666,100
2,ex2-s5-e1-a1-p04,822db031c141350bdf4c2386109e1e2cd5cafd0121b7b280a05d83ea046def54,2,3667,0
2,ex2-s5-e1-a1-p04,822db031c141350bdf4c2386109e1e2cd5cafd0121b7b280a05d83ea046def54,2,3668,100
2,ex2-s5-e1-a1-p04,822db031c141350bdf4c2386109e1e2cd5cafd0121b7b280a05d83ea046def54,2,3669,0
2,ex2-s5-e1-a1-p04,822db031c141350bdf4c2386109e1e2cd5cafd0121b7b280a05d83ea046def54,2,3670,100
2,ex2-s5-e1-a1-p04,822db031c141350bdf4c2386109e1e2cd5cafd0121b7b280a05d83ea046def54,2,3671,0
2,ex2-s5-e1-a1-p04,822db031c141350bdf4c2386109e1e2cd5cafd0121b7b280a05d83ea046def54,2,3672,100
2,ex2-s5-e1-a1-p04,822db031c141350bdf4c2386109e1e2cd5cafd0121b7b280a05d83ea046def54,2,3673,100
2,ex2-s5-e1-a1-p04,822db031c141350bdf4c2386109e1e2cd5cafd0121b7b280a05d83ea046def54,2,3674,0
2,ex2-s5-e1-a1-p04,822db031c141350bdf4c2386109e1e2cd5cafd0121b7b280a05d83ea046def54,2,3675,100
2,ex2-s5-e1-a1-p04,822db031c141350bdf4c2386109e1e2cd5cafd0121b7b280a05d83ea046def54,2,3676,0
2,ex2-s5-e1-a1-p04,822db031c141350bdf4c2386109e1e2cd5cafd0121b7b280a05d83ea046def54,2,3677,100
2,ex2-s5-e1-a1-p04,822db031c141350bdf4c2386109e1e2cd5cafd0121b7b280a05d83ea046def54,2,3678,0
2,ex2-s5-e1-a1-p04,822db031c141350bdf4c2386109e1e2cd5cafd0121b7b280a05d83ea046def54,2,3679,100
2,ex2-s5-e1-a1-p04,822db031c141350bdf4c2386109e1e2cd5cafd0121b7b280a05d83ea046def54,2,3680,0
2,ex2-s5-e1-a1-p04,822db031c141350bdf4c2386109e1e2cd5cafd0121b7b280a05d83ea046def54,2,3681,100
2,ex2-s5-e1-a1-p04,822db031c141350bdf4c2386109e1e2cd5cafd0121b7b280a05d83ea046def54,2,3682,0
2,ex2-s5-e1-a1-p04,822db031c141350bdf4c2386109e1e2cd5cafd0121b7b280a05d83ea046def54,2,3683,100
2,ex2-s5-e1-a1-p04,822db031c141350bdf4c2386109e1e2cd5cafd0121b7b280a05d83ea046def54,2,3684,100
2,ex2-s5-e1-a1-p04,822db031c141350bdf4c2386109e1e2cd5cafd0121b7b280a05d83ea046def54,2,3685,0
2,ex2-s5-e1-a1-p04,822db031c141350bdf4c2386109e1e2cd5cafd0121b7b280a05d83ea046def54,2,3686,100
2,ex2-s5-e1-a1-p04,822db031c141350bdf4c2386109e1e2cd5cafd0121b7b280a05d83ea046def54,2,3687,0
2,ex2-s5-e1-a1-p04,822db031c141350bdf4c2386109e1e2cd5cafd0121b7b280a05d83ea046def54,2,3688,100
2,ex2-s5-e1-a1-p04,822db031c141350bdf4c2386109e1e2cd5cafd0121b7b280a05d83ea046def54,2,3689,0
2,ex2-s5-e1-a1-p04,822db031c141350bdf4c2386109e1e2cd5cafd0121b7b280a05d83ea046def54,2,3690,100
2,ex2-s5-e1-a1-p04,822db031c141350bdf4c2386109e1e2cd5cafd0121b7b280a05d83ea046def54,2,3691,0
2,ex2-s5-e1-a1-p04,822db031c141350bdf4c2386109e1e2cd5cafd0121b7b280a05d83ea046def54,2,3692,100
2,ex2-s5-e1-a1-p04,822db031c141350bdf4c2386109e1e2cd5cafd0121b7b280a05d83ea046def54,2,3693,100
2,ex2-s5-e1-a1-p04,822db031c141350bdf4c2386109e1e2cd5cafd0121b7b280a05d83ea046def54,2,3694,0
2,ex2-s5-e1-a1-p04,822db031c141350bdf4c2386109e1e2cd5cafd0121b7b280a05d83ea046def54,2,3695,100
2,ex2-s5-e1-a1-p04,822db031c141350bdf4c2386109e1e2cd5cafd0121b7b280a05d83ea046def54,2,3696,0
2,ex2-s5-e1-a1-p04,822db031c141350bdf4c2386109e1e2cd5cafd0121b7b280a05d83ea046def54,2,3697,100
2,ex2-s5-e1-a1-p04,822db031c141350bdf4c2386109e1e2cd5cafd0121b7b280a05d83ea046def54,2,3698,0
2,ex2-s5-e1-a1-p04,822db031c141350bdf4c2386109e1e2cd5cafd0121b7b280a05d83ea046def54,2,3699,100
2,ex2-s5-e1-a1-p04,822db031c141350bdf4c2386109e1e2cd5cafd0121b7b280a05d83ea046def54,2,3700,0
2,ex2-s5-e1-a1-p04,822db031c141350bdf4c2386109e1e2cd5cafd0121b7b280a05d83ea046def54,2,3701,100
2,ex2-s5-e1-a1-p04,822db031c141350bdf4c2386109e1e2cd5cafd0121b7b280a05d83ea046def54,2,3702,0
2,ex2-s5-e1-a1-p04,822db031c141350bdf4c2386109e1e2cd5cafd0121b7b280a05d83ea046def54,2,3703,100
2,ex2-s5-e1-a1-p04,822db031c141350bdf4c2386109e1e2cd5cafd0121b7b280a05d83ea046def54,2,3704,100
2,ex2-s5-e1-a1-p04,822db031c141350bdf4c2386109e1e2cd5cafd0121b7b280a05d83ea046def54,2,3705,0
2,ex2-s5-e1-a1-p04,822db031c141350bdf4c2386109e1e2cd5cafd0121b7b280a05d83ea046def54,2,3706,100
2,ex2-s5-e1-a1-p04,822db031c141350bdf4c2386109e1e2cd5cafd0121b7b280a05d83ea046def54,2,3707,0
2,ex2-s5-e1-a1-p04,822db031c141350bdf4c2386109e1e2cd5cafd0121b7b280a05d83ea046def54,2,3708,100
2,ex2-s5-e1-a1-p04,822db031c141350bdf4c2386109e1e2cd5cafd0121b7b280a05d83ea046def54,2,3709,0
2,ex2-s5-e1-a1-p04,822db031c141350bdf4c2386109e1e2cd5cafd0121b7b280a05d83ea046def54,2,3710,100
2,ex2-s5-e1-a1-p04,822db031c141350bdf4c2386109e1e2cd5cafd0121b7b280a05d83ea046def54,2,3711,0
2,ex2-s5-e1-a1-p04,822db031c141350bdf4c2386109e1e2cd5cafd0121b7b280a05d83ea046def54,2,3712,100
2,ex2-s5-e1-a1-p04,822db031c141350bdf4c2386109e1e2cd5cafd0121b7b280a05d83ea046def54,2,3713,100
2,ex2-s5-e1-a1-p04,822db031c141350bdf4c2386109e1e2cd5cafd0121b7b280a05d83ea046def54,2,3714,0
2,ex2-s5-e1-a1-p04,822db031c141350bdf4c2386109e1e2cd5cafd0121b7b280a05d83ea046def54,2,3715,100
2,ex2-s5-e1-a1-p04,822db031c141350bdf4c2386109e1e2cd5cafd0121b7b280a05d83ea046def54,2,3716,0
2,ex2-s5-e1-a1-p04,822db031c141350bdf4c2386109e1e2cd5cafd0121b7b280a05d83ea046def54,2,3717,100
2,ex2-s5-e1-a1-p04,822db031c141350bdf4c2386109e1e2cd5cafd0121b7b280a05d83ea046def54,2,3718,0
2,ex2-s5-e1-a1-p04,822db031c141350bdf4c2386109e1e2cd5cafd0121b7b280a05d83ea046def54,2,3719,100
2,ex2-s5-e1-a1-p04,822db031c141350bdf4c2386109e1e2cd5cafd0121b7b280a05d83ea046def54,2,3720,0
2,ex2-s5-e1-a1-p04,822db031c141350bdf4c2386109e1e2cd5cafd0121b7b280a05d83ea046def54,2,3721,100
2,ex2-s5-e1-a1-p04,822db031c141350bdf4c2386109e1e2cd5cafd0121b7b280a05d83ea046def54,2,3722,0
2,ex2-s5-e1-a1-p04,822db031c141350bdf4c2386109e1e2cd5cafd0121b7b280a05d83ea046def54,2,3723,100
2,ex2-s5-e1-a1-p04,822db031c141350bdf4c2386109e1e2cd5cafd0121b7b280a05d83ea046def54,2,3724,100
2,ex2-s5-e1-a1-p04,822db031c141350bdf4c2386109e1e2cd5cafd0121b7b280a05d83ea046def54,2,3725,0
2,ex2-s5-e1-a1-p04,822db031c141350bdf4c2386109e1e2cd5cafd0121b7b280a05d83ea046def54,2,3726,100
2,ex2-s5-e1-a1-p04,822db031c141350bdf4c2386109e1e2cd5cafd0121b7b280a05d83ea046def54,2,3727,0
2,ex2-s5-e1-a1-p04,822db031c141350bdf4c2386109e1e2cd5cafd0121b7b280a05d83ea046def54,2,3728,100
2,ex2-s5-e1-a1-p04,822db031c141350bdf4c2386109e1e2cd5cafd0121b7b280a05d83ea046def54,2,3729,0
2,ex2-s5-e1-a1-p04,822db031c141350bdf4c2386109e1e2cd5cafd0121b7b280a05d83ea046def54,2,3730,100
2,ex2-s5-e1-a1-p04,822db031c141350bdf4c2386109e1e2cd5cafd0121b7b280a05d83ea046def54,2,3731,0
2,ex2-s5-e1-a1-p04,822db031c141350bdf4c2386109e1e2cd5cafd0121b7b280a05d83ea046def54,2,3732,100
2,ex2-s5-e1-a1-p04,822db031c141350bdf4c2386109e1e2cd5cafd0121b7b280a05d83ea046def54,2,3733,100
2,ex2-s5-e1-a1-p04,822db031c141350bdf4c2386109e1e2cd5cafd0121b7b280a05d83ea046def54,2,3734,0
2,ex2-s5-e1-a1-p04,822db031c141350bdf4c2386109e1e2cd5cafd0121b7b280a05d83ea046def54,2,3735,100
2,ex2-s5-e1-a1-p04,822db031c141350bdf4c2386109e1e2cd5cafd0121b7b280a05d83ea046def54,2,3736,0
2,ex2-s5-e1-a1-p04,822db031c141350bdf4c2386109e1e2cd5cafd0121b7b280a05d83ea046def54,2,3737,100
2,ex2-s5-e1-a1-p04,822db031c141350bdf4c2386109e1e2cd5cafd0121b7b280a05d83ea046def54,2,3738,0
2,ex2-s5-e1-a1-p04,822db031c141350bdf4c2386109e1e2cd5cafd0121b7b280a05d83ea046def54,2,3739,100
2,ex2-s5-e1-a1-p04,822db031c141350bdf4c2386109e1e2cd5cafd0121b7b280a05d83ea046def54,2,3740,0
2,ex2-s5-e1-a1-p04,822db031c141350bdf4c2386109e1e2cd5cafd0121b7b280a05d83ea046def54,2,3741,100
2,ex2-s5-e1-a1-p04,822db031c141350bdf4c2386109e1e2cd5cafd0121b7b280a05d83ea046def54,2,3742,100
2,ex2-s5-e1-a1-p04,822db031c141350bdf4c2386109e1e2cd5cafd0121b7b280a05d83ea046def54,2,3743,0
2,ex2-s5-e1-a1-p04,822db031c141350bdf4c2386109e1e2cd5cafd0121b7b280a05d83ea046def54,2,3744,100
2,ex2-s5-e1-a1-p04,822db031c141350bdf4c2386109e1e2cd5cafd0121b7b280a05d83ea046def54,2,3745,0
2,ex2-s5-e1-a1-p04,822db031c141350bdf4c2386109e1e2cd5cafd0121b7b280a05d83ea046def54,2,3746,100
2,ex2-s5-e1-a1-p04,822db031c141350bdf4c2386109e1e2cd5cafd0121b7b280a05d83ea046def54,2,3747,0
2,ex2-s5-e1-a1-p04,822db031c141350bdf4c2386109e1e2cd5cafd0121b7b280a05d83ea046def54,2,3748,100
2,ex2-s5-e1-a1-p04,822db031c141350bdf4c2386109e1e2cd5cafd0121b7b280a05d83ea046def54,2,3749,0
2,ex2-s5-e1-a1-p04,822db031c141350bdf4c2386109e1e2cd5cafd0121b7b280a05d83ea046def54,2,3750,100
2,ex2-s5-e1-a1-p04,822db031c141350bdf4c2386109e1e2cd5cafd0121b7b280a05d83ea046def54,2,3751,0
2,ex2-s5-e1-a1-p04,822db031c141350bdf4c2386109e1e2cd5cafd0121b7b280a05d83ea046def54,2,3752,100
2,ex2-s5-e1-a1-p04,822db031c141350bdf4c2386109e1e2cd5cafd0121b7b280a05d83ea046def54,2,3753,100
2,ex2-s5-e1-a1-p04,822db031c141350bdf4c2386109e1e2cd5cafd0121b7b280a05d83ea046def54,2,3754,0
2,ex2-s5-e1-a1-p04,822db031c141350bdf4c2386109e1e2cd5cafd0121b7b280a05d83ea046def54,2,3755,100
2,ex2-s5-e1-a1-p04,822db031c141350bdf4c2386109e1e2cd5cafd0121b7b280a05d83ea046def54,2,3756,0
2,ex2-s5-e1-a1-p04,822db031c141350bdf4c2386109e1e2cd5cafd0121b7b280a05d83ea046def54,2,3757,100
2,ex2-s5-e1-a1-p04,822db031c141350bdf4c2386109e1e2cd5cafd0121b7b280a05d83ea046def54,2,3758,0
2,ex2-s5-e1-a1-p04,822db031c141350bdf4c2386109e1e2cd5cafd0121b7b280a05d83ea046def54,2,3759,100
2,ex2-s5-e1-a1-p04,822db031c141350bdf4c2386109e1e2cd5cafd0121b7b280a05d83ea046def54,2,3760,0
2,ex2-s5-e1-a1-p04,822db031c141350bdf4c2386109e1e2cd5cafd0121b7b280a05d83ea046def54,2,3761,100
2,ex2-s5-e1-a1-p04,822db031c141350bdf4c2386109e1e2cd5cafd0121b7b280a05d83ea046def54,2,3762,100
2,ex2-s5-e1-a1-p04,822db031c141350bdf4c2386109e1e2cd5cafd0121b7b280a05d83ea046def54,2,3763,0
2,ex2-s5-e1-a1-p04,822db031c141350bdf4c2386109e1e2cd5cafd0121b7b280a05d83ea046def54,2,3764,100
2,ex2-s5-e1-a1-p04,822db031c141350bdf4c2386109e1e2cd5cafd0121b7b280a05d83ea046def54,2,3765,0
2,ex2-s5-e1-a1-p04,822db031c141350bdf4c2386109e1e2cd5cafd0121b7b280a05d83ea046def54,2,3766,100
2,ex2-s5-e1-a1-p04,822db031c141350bdf4c2386109e1e2cd5cafd0121b7b280a05d83ea046def54,2,3767,0
2,ex2-s5-e1-a1-p04,822db031c141350bdf4c2386109e1e2cd5cafd0121b7b280a05d83ea046def54,2,3768,100
2,ex2-s5-e1-a1-p04,822db031c141350bdf4c2386109e1e2cd5cafd0121b7b280a05d83ea046def54,2,3769,0
2,ex2-s5-e1-a1-p04,822db031c141350bdf4c2386109e1e2cd5cafd0121b7b280a05d83ea046def54,2,3770,100
2,ex2-s5-e1-a1-p04,822db031c141350bdf4c2386109e1e2cd5cafd0121b7b280a05d83ea046def54,2,3771,100
2,ex2-s5-e1-a1-p04,822db031c141350bdf4c2386109e1e2cd5cafd0121b7b280a05d83ea046def54,2,3772,0
2,ex2-s5-e1-a1-p04,822db031c141350bdf4c2386109e1e2cd5cafd0121b7b280a05d83ea046def54,2,3773,100
2,ex2-s5-e1-a1-p04,822db031c141350bdf4c2386109e1e2cd5cafd0121b7b280a05d83ea046def54,2,3774,0
2,ex2-s5-e1-a1-p04,822db031c141350bdf4c2386109e1e2cd5cafd0121b7b280a05d83ea046def54,2,3775,100
2,ex2-s5-e1-a1-p04,822db031c141350bdf4c2386109e1e2cd5cafd0121b7b280a05d83ea046def54,2,3776,0
2,ex2-s5-e1-a1-p04,822db031c141350bdf4c2386109e1e2cd5cafd0121b7b280a05d83ea046def54,2,3777,100
2,ex2-s5-e1-a1-p04,822db031c141350bdf4c2386109e1e2cd5cafd0121b7b280a05d83ea046def54,2,3778,0
2,ex2-s5-e1-a1-p04,822db031c141350bdf4c2386109e1e2cd5cafd0121b7b280a05d83ea046def54,2,3779,100
2,ex2-s5-e1-a1-p04,822db031c141350bdf4c2386109e1e2cd5cafd0121b7b280a05d83ea046def54,2,3780,0
2,ex2-s5-e1-a1-p04,822db031c141350bdf4c2386109e1e2cd5cafd0121b7b280a05d83ea046def54,2,3781,100
2,ex2-s5-e1-a1-p04,822db031c141350bdf4c2386109e1e2cd5cafd0121b7b280a05d83ea046def54,2,3782,100
2,ex2-s5-e1-a1-p04,822db031c141350bdf4c2386109e1e2cd5cafd0121b7b280a05d83ea046def54,2,3783,0
2,ex2-s5-e1-a1-p04,822db031c141350bdf4c2386109e1e2cd5cafd0121b7b280a05d83ea046def54,2,3784,100
2,ex2-s5-e1-a1-p04,822db031c141350bdf4c2386109e1e2cd5cafd0121b7b280a05d83ea046def54,2,3785,0
2,ex2-s5-e1-a1-p04,822db031c141350bdf4c2386109e1e2cd5cafd0121b7b280a05d83ea046def54,2,3786,100
2,ex2-s5-e1-a1-p04,822db031c141350bdf4c2386109e1e2cd5cafd0121b7b280a05d83ea046def54,2,3787,0
2,ex2-s5-e1-a1-p04,822db031c141350bdf4c2386109e1e2cd5cafd0121b7b280a05d83ea046def54,2,3788,100
2,ex2-s5-e1-a1-p04,822db031c141350bdf4c2386109e1e2cd5cafd0121b7b280a05d83ea046def54,2,3789,0
2,ex2-s5-e1-a1-p04,822db031c141350bdf4c2386109e1e2cd5cafd0121b7b280a05d83ea046def54,2,3790,100
2,ex2-s5-e1-a1-p04,822db031c141350bdf4c2386109e1e2cd5cafd0121b7b280a05d83ea046def54,2,3791,100
2,ex2-s5-e1-a1-p04,822db031c141350bdf4c2386109e1e2cd5cafd0121b7b280a05d83ea046def54,2,3792,0
2,ex2-s5-e1-a1-p04,822db031c141350bdf4c2386109e1e2cd5cafd0121b7b280a05d83ea046def54,2,3793,100
2,ex2-s5-e1-a1-p04,822db031c141350bdf4c2386109e1e2cd5cafd0121b7b280a05d83ea046def54,2,3794,0
2,ex2-s5-e1-a1-p04,822db031c141350bdf4c2386109e1e2cd5cafd0121b7b280a05d83ea046def54,2,3795,100
2,ex2-s5-e1-a1-p04,822db031c141350bdf4c2386109e1e2cd5cafd0121b7b280a05d83ea046def54,2,3796,0
2,ex2-s5-e1-a1-p04,822db031c141350bdf4c2386109e1e2cd5cafd0121b7b280a05d83ea046def54,2,3797,100
2,ex2-s5-e1-a1-p04,822db031c141350bdf4c2386109e1e2cd5cafd0121b7b280a05d83ea046def54,2,3798,0
2,ex2-s5-e1-a1-p04,822db031c141350bdf4c2386109e1e2cd5cafd0121b7b280a05d83ea046def54,2,3799,100
2,ex2-s5-e1-a1-p04,822db031c141350bdf4c2386109e1e2cd5cafd0121b7b280a05d83ea046def54,2,3800,0
2,ex2-s5-e1-a1-p04,822db031c141350bdf4c2386109e1e2cd5cafd0121b7b280a05d83ea046def54,2,3801,100
2,ex2-s5-e1-a1-p04,822db031c141350bdf4c2386109e1e2cd5cafd0121b7b280a05d83ea046def54,2,3802,100
2,ex2-s5-e1-a1-p04,822db031c141350bdf4c2386109e1e2cd5cafd0121b7b280a05d83ea046def54,2,3803,0
2,ex2-s5-e1-a1-p04,822db031c141350bdf4c2386109e1e2cd5cafd0121b7b280a05d83ea046def54,2,3804,100
2,ex2-s5-e1-a1-p04,822db031c141350bdf4c2386109e1e2cd5cafd0121b7b280a05d83ea046def54,2,3805,0
2,ex2-s5-e1-a1-p04,822db031c141350bdf4c2386109e1e2cd5cafd0121b7b280a05d83ea046def54,2,3806,100
2,ex2-s5-e1-a1-p04,822db031c141350bdf4c2386109e1e2cd5cafd0121b7b280a05d83ea046def54,2,3807,0
2,ex2-s5-e1-a1-p04,822db031c141350bdf4c2386109e1e2cd5cafd0121b7b280a05d83ea046def54,2,3808,100
2,ex2-s5-e1-a1-p04,822db031c141350bdf4c2386109e1e2cd5cafd0121b7b280a05d83ea046def54,2,3809,0
2,ex2-s5-e1-a1-p04,822db031c141350bdf4c2386109e1e2cd5cafd0121b7b280a05d83ea046def54,2,3810,100
2,ex2-s5-e1-a1-p04,822db031c141350bdf4c2386109e1e2cd5cafd0121b7b280a05d83ea046def54,2,3811,100
2,ex2-s5-e1-a1-p04,822db031c141350bdf4c2386109e1e2cd5cafd0121b7b280a05d83ea046def54,2,3812,0
2,ex2-s5-e1-a1-p04,822db031c141350bdf4c2386109e1e2cd5cafd0121b7b280a05d83ea046def54,2,3813,100
2,ex2-s5-e1-a1-p04,822db031c141350bdf4c2386109e1e2cd5cafd0121b7b280a05d83ea046def54,2,3814,0
2,ex2-s5-e1-a1-p04,822db031c141350bdf4c2386109e1e2cd5cafd0121b7b280a05d83ea046def54,2,3815,100
2,ex2-s5-e1-a1-p04,822db031c141350bdf4c2386109e1e2cd5cafd0121b7b280a05d83ea046def54,2,3816,0
2,ex2-s5-e1-a1-p04,822db031c141350bdf4c2386109e1e2cd5cafd0121b7b280a05d83ea046def54,2,3817,100
2,ex2-s5-e1-a1-p04,822db031c141350bdf4c2386109e1e2cd5cafd0121b7b280a05d83ea046def54,2,3818,0
2,ex2-s5-e1-a1-p04,822db031c141350bdf4c2386109e1e2cd5cafd0121b7b280a05d83ea046def54,2,3819,100
2,ex2-s5-e1-a1-p04,822db031c141350bdf4c2386109e1e2cd5cafd0121b7b280a05d83ea046def54,2,3820,100
2,ex2-s5-e1-a1-p04,822db031c141350bdf4c2386109e1e2cd5cafd0121b7b280a05d83ea046def54,2,3821,0
2,ex2-s5-e1-a1-p04,822db031c141350bdf4c2386109e1e2cd5cafd0121b7b280a05d83ea046def54,2,3822,100
2,ex2-s5-e1-a1-p04,822db031c141350bdf4c2386109e1e2cd5cafd0121b7b280a05d83ea046def54,2,3823,0
2,ex2-s5-e1-a1-p04,822db031c141350bdf4c2386109e1e2cd5cafd0121b7b280a05d83ea046def54,2,3824,100
2,ex2-s5-e1-a1-p04,822db031c141350bdf4c2386109e1e2cd5cafd0121b7b280a05d83ea046def54,2,3825,0
2,ex2-s5-e1-a1-p04,822db031c141350bdf4c2386109e1e2cd5cafd0121b7b280a05d83ea046def54,2,3826,100
2,ex2-s5-e1-a1-p04,822db031c141350bdf4c2386109e1e2cd5cafd0121b7b280a05d83ea046def54,2,3827,0
2,ex2-s5-e1-a1-p04,822db031c141350bdf4c2386109e1e2cd5cafd0121b7b280a05d83ea046def54,2,3828,100
2,ex2-s5-e1-a1-p04,822db031c141350bdf4c2386109e1e2cd5cafd0121b7b280a05d83ea046def54,2,3829,0
2,ex2-s5-e1-a1-p04,822db031c141350bdf4c2386109e1e2cd5cafd0121b7b280a05d83ea046def54,2,3830,100
2,ex2-s5-e1-a1-p04,822db031c141350bdf4c2386109e1e2cd5cafd0121b7b280a05d83ea046def54,2,3831,100
2,ex2-s5-e1-a1-p04,822db031c141350bdf4c2386109e1e2cd5cafd0121b7b280a05d83ea046def54,2,3832,0
2,ex2-s5-e1-a1-p04,822db031c141350bdf4c2386109e1e2cd5cafd0121b7b280a05d83ea046def54,2,3833,100
2,ex2-s5-e1-a1-p04,822db031c141350bdf4c2386109e1e2cd5cafd0121b7b280a05d83ea046def54,2,3834,0
2,ex2-s5-e1-a1-p04,822db031c141350bdf4c2386109e1e2cd5cafd0121b7b280a05d83ea046def54,2,3835,100
2,ex2-s5-e1-a1-p04,822db031c141350bdf4c2386109e1e2cd5cafd0121b7b280a05d83ea046def54,2,3836,0
2,ex2-s5-e1-a1-p04,822db031c141350bdf4c2386109e1e2cd5cafd0121b7b280a05d83ea046def54,2,3837,100
2,ex2-s5-e1-a1-p04,822db031c141350bdf4c2386109e1e2cd5cafd0121b7b280a05d83ea046def54,2,3838,0
2,ex2-s5-e1-a1-p04,822db031c141350bdf4c2386109e1e2cd5cafd0121b7b280a05d83ea046def54,2,3839,100
2,ex2-s5-e1-a1-p04,822db031c141350bdf4c2386109e1e2cd5cafd0121b7b280a05d83ea046def54,2,3840,100
2,ex2-s5-e1-a1-p04,822db031c141350bdf4c2386109e1e2cd5cafd0121b7b280a05d83ea046def54,2,3841,0
2,ex2-s5-e1-a1-p04,822db031c141350bdf4c2386109e1e2cd5cafd0121b7b280a05d83ea046def54,2,3842,100
2,ex2-s5-e1-a1-p04,822db031c141350bdf4c2386109e1e2cd5cafd0121b7b280a05d83ea046def54,2,3843,0
2,ex2-s5-e1-a1-p04,822db031c141350bdf4c2386109e1e2cd5cafd0121b7b280a05d83ea046def54,2,3844,100
2,ex2-s5-e1-a1-p04,822db031c141350bdf4c2386109e1e2cd5cafd0121b7b280a05d83ea046def54,2,3845,0
2,ex2-s5-e1-a1-p04,822db031c141350bdf4c2386109e1e2cd5cafd0121b7b280a05d83ea046def54,2,3846,100
2,ex2-s5-e1-a1-p04,822db031c141350bdf4c2386109e1e2cd5cafd0121b7b280a05d83ea046def54,2,3847,0
2,ex2-s5-e1-a1-p04,822db031c141350bdf4c2386109e1e2cd5cafd0121b7b280a05d83ea046def54,2,3848,100
2,ex2-s5-e1-a1-p04,822db031c141350bdf4c2386109e1e2cd5cafd0121b7b280a05d83ea046def54,2,3849,100
2,ex2-s5-e1-a1-p04,822db031c141350bdf4c2386109e1e2cd5cafd0121b7b280a05d83ea046def54,2,3850,0
2,ex2-s5-e1-a1-p04,822db031c141350bdf4c2386109e1e2cd5cafd0121b7b280a05d83ea046def54,2,3851,100
2,ex2-s5-e1-a1-p04,822db031c141350bdf4c2386109e1e2cd5cafd0121b7b280a05d83ea046def54,2,3852,0
2,ex2-s5-e1-a1-p04,822db031c141350bdf4c2386109e1e2cd5cafd0121b7b280a05d83ea046def54,2,3853,100
2,ex2-s5-e1-a1-p04,822db031c141350bdf4c2386109e1e2cd5cafd0121b7b280a05d83ea046def54,2,3854,0
2,ex2-s5-e1-a1-p04,822db031c141350bdf4c2386109e1e2cd5cafd0121b7b280a05d83ea046def54,2,3855,100
2,ex2-s5-e1-a1-p04,822db031c141350bdf4c2386109e1e2cd5cafd0121b7b280a05d83ea046def54,2,3856,0
2,ex2-s5-e1-a1-p04,822db031c141350bdf4c2386109e1e2cd5cafd0121b7b280a05d83ea046def54,2,3857,100
2,ex2-s5-e1-a1-p04,822db031c141350bdf4c2386109e1e2cd5cafd0121b7b280a05d83ea046def54,2,3858,0
2,ex2-s5-e1-a1-p04,822db031c141350bdf4c2386109e1e2cd5cafd0121b7b280a05d83ea046def54,2,3859,100
2,ex2-s5-e1-a1-p04,822db031c141350bdf4c2386109e1e2cd5cafd0121b7b280a05d83ea046def54,2,3860,100
2,ex2-s5-e1-a1-p04,822db031c141350bdf4c2386109e1e2cd5cafd0121b7b280a05d83ea046def54,2,3861,0
2,ex2-s5-e1-a1-p04,822db031c141350bdf4c2386109e1e2cd5cafd0121b7b280a05d83ea046def54,2,3862,100
2,ex2-s5-e1-a1-p04,822db031c141350bdf4c2386109e1e2cd5cafd0121b7b280a05d83ea046def54,2,3863,0
2,ex2-s5-e1-a1-p04,822db031c141350bdf4c2386109e1e2cd5cafd0121b7b280a05d83ea046def54,2,3864,100
2,ex2-s5-e1-a1-p04,822db031c141350bdf4c2386109e1e2cd5cafd0121b7b280a05d83ea046def54,2,3865,0
2,ex2-s5-e1-a1-p04,822db031c141350bdf4c2386109e1e2cd5cafd0121b7b280a05d83ea046def54,2,3866,100
2,ex2-s5-e1-a1-p04,822db031c141350bdf4c2386109e1e2cd5cafd0121b7b280a05d83ea046def54,2,3867,0
2,ex2-s5-e1-a1-p04,822db031c141350bdf4c2386109e1e2cd5cafd0121b7b280a05d83ea046def54,2,3868,100
2,ex2-s5-e1-a1-p04,822db031c141350bdf4c2386109e1e2cd5cafd0121b7b280a05d83ea046def54,2,3869,100
2,ex2-s5-e1-a1-p04,822db031c141350bdf4c2386109e1e2cd5cafd0121b7b280a05d83ea046def54,2,3870,0
2,ex2-s5-e1-a1-p04,822db031c141350bdf4c2386109e1e2cd5cafd0121b7b280a05d83ea046def54,2,3871,100
2,ex2-s5-e1-a1-p04,822db031c141350bdf4c2386109e1e2cd5cafd0121b7b280a05d83ea046def54,2,3872,0
2,ex2-s5-e1-a1-p04,822db031c141350bdf4c2386109e1e2cd5cafd0121b7b280a05d83ea046def54,2,3873,100
2,ex2-s5-e1-a1-p04,822db031c141350bdf4c2386109e1e2cd5cafd0121b7b280a05d83ea046def54,2,3874,0
2,ex2-s5-e1-a1-p04,822db031c141350bdf4c2386109e1e2cd5cafd0121b7b280a05d83ea046def54,2,3875,100
2,ex2-s5-e1-a1-p04,822db031c141350bdf4c2386109e1e2cd5cafd0121b7b280a05d83ea046def54,2,3876,0
2,ex2-s5-e1-a1-p04,822db031c141350bdf4c2386109e1e2cd5cafd0121b7b280a05d83ea046def54,2,3877,100
2,ex2-s5-e1-a1-p04,822db031c141350bdf4c2386109e1e2cd5cafd0121b7b280a05d83ea046def54,2,3878,100
2,ex2-s5-e1-a1-p04,822db031c141350bdf4c2386109e1e2cd5cafd0121b7b280a05d83ea046def54,2,3879,0
2,ex2-s5-e1-a1-p04,822db031c141350bdf4c2386109e1e2cd5cafd0121b7b280a05d83ea046def54,2,3880,100
2,ex2-s5-e1-a1-p04,822db031c141350bdf4c2386109e1e2cd5cafd0121b7b280a05d83ea046def54,2,3881,0
2,ex2-s5-e1-a1-p04,822db031c141350bdf4c2386109e1e2cd5cafd0121b7b280a05d83ea046def54,2,3882,100
2,ex2-s5-e1-a1-p04,822db031c141350bdf4c2386109e1e2cd5cafd0121b7b280a05d83ea046def54,2,3883,0
2,ex2-s5-e1-a1-p04,822db031c141350bdf4c2386109e1e2cd5cafd0121b7b280a05d83ea046def54,2,3884,100
2,ex2-s5-e1-a1-p04,822db031c141350bdf4c2386109e1e2cd5cafd0121b7b280a05d83ea046def54,2,3885,0
2,ex2-s5-e1-a1-p04,822db031c141350bdf4c2386109e1e2cd5cafd0121b7b280a05d83ea046def54,2,3886,100
2,ex2-s5-e1-a1-p04,822db031c141350bdf4c2386109e1e2cd5cafd0121b7b280a05d83ea046def54,2,3887,100
2,ex2-s5-e1-a1-p04,822db031c141350bdf4c2386109e1e2cd5cafd0121b7b280a05d83ea046def54,2,3888,0
2,ex2-s5-e1-a1-p04,822db031c141350bdf4c2386109e1e2cd5cafd0121b7b280a05d83ea046def54,2,3889,100
2,ex2-s5-e1-a1-p04,822db031c141350bdf4c2386109e1e2cd5cafd0121b7b280a05d83ea046def54,2,3890,0
2,ex2-s5-e1-a1-p04,822db031c141350bdf4c2386109e1e2cd5cafd0121b7b280a05d83ea046def54,2,3891,100
2,ex2-s5-e1-a1-p04,822db031c141350bdf4c2386109e1e2cd5cafd0121b7b280a05d83ea046def54,2,3892,0
2,ex2-s5-e1-a1-p04,822db031c141350bdf4c2386109e1e2cd5cafd0121b7b280a05d83ea046def54,2,3893,100
2,ex2-s5-e1-a1-p04,822db031c141350bdf4c2386109e1e2cd5cafd0121b7b280a05d83ea046def54,2,3894,0
2,ex2-s5-e1-a1-p04,822db031c141350bdf4c2386109e1e2cd5cafd0121b7b280a05d83ea046def54,2,3895,100
2,ex2-s5-e1-a1-p04,822db031c141350bdf4c2386109e1e2cd5cafd0121b7b280a05d83ea046def54,2,3896,0
2,ex2-s5-e1-a1-p04,822db031c141350bdf4c2386109e1e2cd5cafd0121b7b280a05d83ea046def54,2,3897,100
2,ex2-s5-e1-a1-p04,822db031c141350bdf4c2386109e1e2cd5cafd0121b7b280a05d83ea046def54,2,3898,100
2,ex2-s5-e1-a1-p04,822db031c141350bdf4c2386109e1e2cd5cafd0121b7b280a05d83ea046def54,2,3899,0
2,ex2-s5-e1-a1-p04,822db031c141350bdf4c2386109e1e2cd5cafd0121b7b280a05d83ea046def54,2,3900,100
2,ex2-s5-e1-a1-p04,822db031c141350bdf4c2386109e1e2cd5cafd0121b7b280a05d83ea046def54,2,3901,0
2,ex2-s5-e1-a1-p04,822db031c141350bdf4c2386109e1e2cd5cafd0121b7b280a05d83ea046def54,2,3902,100
2,ex2-s5-e1-a1-p04,822db031c141350bdf4c2386109e1e2cd5cafd0121b7b280a05d83ea046def54,2,3903,0
2,ex2-s5-e1-a1-p04,822db031c141350bdf4c2386109e1e2cd5cafd0121b7b280a05d83ea046def54,2,3904,100
2,ex2-s5-e1-a1-p04,822db031c141350bdf4c2386109e1e2cd5cafd0121b7b280a05d83ea046def54,2,3905,0
2,ex2-s5-e1-a1-p04,822db031c141350bdf4c2386109e1e2cd5cafd0121b7b280a05d83ea046def54,2,3906,100
2,ex2-s5-e1-a1-p04,822db031c141350bdf4c2386109e1e2cd5cafd0121b7b280a05d83ea046def54,2,3907,100
2,ex2-s5-e1-a1-p04,822db031c141350bdf4c2386109e1e2cd5cafd0121b7b280a05d83ea046def54,2,3908,0
2,ex2-s5-e1-a1-p04,822db031c141350bdf4c2386109e1e2cd5cafd0121b7b280a05d83ea046def54,2,3909,100
2,ex2-s5-e1-a1-p04,822db031c141350bdf4c2386109e1e2cd5cafd0121b7b280a05d83ea046def54,2,3910,0
2,ex2-s5-e1-a1-p04,822db031c141350bdf4c2386109e1e2cd5cafd0121b7b280a05d83ea046def54,2,3911,100
2,ex2-s5-e1-a1-p04,822db031c141350bdf4c2386109e1e2cd5cafd0121b7b280a05d83ea046def54,2,3912,100
2,ex2-s5-e1-a1-p04,822db031c141350bdf4c2386109e1e2cd5cafd0121b7b280a05d83ea046def54,2,3913,0
2,ex2-s5-e1-a1-p04,822db031c141350bdf4c2386109e1e2cd5cafd0121b7b280a05d83ea046def54,2,3914,100
2,ex2-s5-e1-a1-p04,822db031c141350bdf4c2386109e1e2cd5cafd0121b7b280a05d83ea046def54,2,3915,0
2,ex2-s5-e1-a1-p04,822db031c141350bdf4c2386109e1e2cd5cafd0121b7b280a05d83ea046def54,2,3916,100
2,ex2-s5-e1-a1-p04,822db031c141350bdf4c2386109e1e2cd5cafd0121b7b280a05d83ea046def54,2,3917,0
2,ex2-s5-e1-a1-p04,822db031c141350bdf4c2386109e1e2cd5cafd0121b7b280a05d83ea046def54,2,3918,100
2,ex2-s5-e1-a1-p04,822db031c141350bdf4c2386109e1e2cd5cafd0121b7b280a05d83ea046def54,2,3919,0
2,ex2-s5-e1-a1-p04,822db031c141350bdf4c2386109e1e2cd5cafd0121b7b280a05d83ea046def54,2,3920,100
2,ex2-s5-e1-a1-p04,822db031c141350bdf4c2386109e1e2cd5cafd0121b7b280a05d83ea046def54,2,3921,100
2,ex2-s5-e1-a1-p04,822db031c141350bdf4c2386109e1e2cd5cafd0121b7b280a05d83ea046def54,2,3922,0
2,ex2-s5-e1-a1-p04,822db031c141350bdf4c2386109e1e2cd5cafd0121b7b280a05d83ea046def54,2,3923,100
2,ex2-s5-e1-a1-p04,822db031c141350bdf4c2386109e1e2cd5cafd0121b7b280a05d83ea046def54,2,3924,0
2,ex2-s5-e1-a1-p04,822db031c141350bdf4c2386109e1e2cd5cafd0121b7b280a05d83ea046def54,2,3925,100
2,ex2-s5-e1-a1-p04,822db031c141350bdf4c2386109e1e2cd5cafd0121b7b280a05d83ea046def54,2,3926,0
2,ex2-s5-e1-a1-p04,822db031c141350bdf4c2386109e1e2cd5cafd0121b7b280a05d83ea046def54,2,3927,100
2,ex2-s5-e1-a1-p04,822db031c141350bdf4c2386109e1e2cd5cafd0121b7b280a05d83ea046def54,2,3928,0
2,ex2-s5-e1-a1-p04,822db031c141350bdf4c2386109e1e2cd5cafd0121b7b280a05d83ea046def54,2,3929,100
2,ex2-s5-e1-a1-p04,822db031c141350bdf4c2386109e1e2cd5cafd0121b7b280a05d83ea046def54,2,3930,100
2,ex2-s5-e1-a1-p04,822db031c141350bdf4c2386109e1e2cd5cafd0121b7b280a05d83ea046def54,2,3931,0
2,ex2-s5-e1-a1-p04,822db031c141350bdf4c2386109e1e2cd5cafd0121b7b280a05d83ea046def54,2,3932,100
2,ex2-s5-e1-a1-p04,822db031c141350bdf4c2386109e1e2cd5cafd0121b7b280a05d83ea046def54,2,3933,0
2,ex2-s5-e1-a1-p04,822db031c141350bdf4c2386109e1e2cd5cafd0121b7b280a05d83ea046def54,2,3934,100
2,ex2-s5-e1-a1-p04,822db031c141350bdf4c2386109e1e2cd5cafd0121b7b280a05d83ea046def54,2,3935,0
2,ex2-s5-e1-a1-p04,822db031c141350bdf4c2386109e1e2cd5cafd0121b7b280a05d83ea046def54,2,3936,100
2,ex2-s5-e1-a1-p04,822db031c141350bdf4c2386109e1e2cd5cafd0121b7b280a05d83ea046def54,2,3937,0
2,ex2-s5-e1-a1-p04,822db031c141350bdf4c2386109e1e2cd5cafd0121b7b280a05d83ea046def54,2,3938,100
2,ex2-s5-e1-a1-p04,822db031c141350bdf4c2386109e1e2cd5cafd0121b7b280a05d83ea046def54,2,3939,0
2,ex2-s5-e1-a1-p04,822db031c141350bdf4c2386109e1e2cd5cafd0121b7b280a05d83ea046def54,2,3940,100
2,ex2-s5-e1-a1-p04,822db031c141350bdf4c2386109e1e2cd5cafd0121b7b280a05d83ea046def54,2,3941,100
2,ex2-s5-e1-a1-p04,822db031c141350bdf4c2386109e1e2cd5cafd0121b7b280a05d83ea046def54,2,3942,0
2,ex2-s5-e1-a1-p04,822db031c141350bdf4c2386109e1e2cd5cafd0121b7b280a05d83ea046def54,2,3943,100
2,ex2-s5-e1-a1-p04,822db031c141350bdf4c2386109e1e2cd5cafd0121b7b280a05d83ea046def54,2,3944,0
2,ex2-s5-e1-a1-p04,822db031c141350bdf4c2386109e1e2cd5cafd0121b7b280a05d83ea046def54,2,3945,100
2,ex2-s5-e1-a1-p04,822db031c141350bdf4c2386109e1e2cd5cafd0121b7b280a05d83ea046def54,2,3946,0
2,ex2-s5-e1-a1-p04,822db031c141350bdf4c2386109e1e2cd5cafd0121b7b280a05d83ea046def54,2,3947,100
2,ex2-s5-e1-a1-p04,822db031c141350bdf4c2386109e1e2cd5cafd0121b7b280a05d83ea046def54,2,3948,0
2,ex2-s5-e1-a1-p04,822db031c141350bdf4c2386109e1e2cd5cafd0121b7b280a05d83ea046def54,2,3949,100
2,ex2-s5-e1-a1-p04,822db031c141350bdf4c2386109e1e2cd5cafd0121b7b280a05d83ea046def54,2,3950,100
2,ex2-s5-e1-a1-p04,822db031c141350bdf4c2386109e1e2cd5cafd0121b7b280a05d83ea046def54,2,3951,0
2,ex2-s5-e1-a1-p04,822db031c141350bdf4c2386109e1e2cd5cafd0121b7b280a05d83ea046def54,2,3952,100
2,ex2-s5-e1-a1-p04,822db031c141350bdf4c2386109e1e2cd5cafd0121b7b280a05d83ea046def54,2,3953,0
2,ex2-s5-e1-a1-p04,822db031c141350bdf4c2386109e1e2cd5cafd0121b7b280a05d83ea046def54,2,3954,100
2,ex2-s5-e1-a1-p04,822db031c141350bdf4c2386109e1e2cd5cafd0121b7b280a05d83ea046def54,2,3955,0
2,ex2-s5-e1-a1-p04,822db031c141350bdf4c2386109e1e2cd5cafd0121b7b280a05d83ea046def54,2,3956,100
2,ex2-s5-e1-a1-p04,822db031c141350bdf4c2386109e1e2cd5cafd0121b7b280a05d83ea046def54,2,3957,0
2,ex2-s5-e1-a1-p04,822db031c141350bdf4c2386109e1e2cd5cafd0121b7b280a05d83ea046def54,2,3958,100
2,ex2-s5-e1-a1-p04,822db031c141350bdf4c2386109e1e2cd5cafd0121b7b280a05d83ea046def54,2,3959,100
2,ex2-s5-e1-a1-p04,822db031c141350bdf4c2386109e1e2cd5cafd0121b7b280a05d83ea046def54,2,3960,0
2,ex2-s5-e1-a1-p04,822db031c141350bdf4c2386109e1e2cd5cafd0121b7b280a05d83ea046def54,2,3961,100
2,ex2-s5-e1-a1-p04,822db031c141350bdf4c2386109e1e2cd5cafd0121b7b280a05d83ea046def54,2,3962,0
2,ex2-s5-e1-a1-p04,822db031c141350bdf4c2386109e1e2cd5cafd0121b7b280a05d83ea046def54,2,3963,100
2,ex2-s5-e1-a1-p04,822db031c141350bdf4c2386109e1e2cd5cafd0121b7b280a05d83ea046def54,2,3964,0
2,ex2-s5-e1-a1-p04,822db031c141350bdf4c2386109e1e2cd5cafd0121b7b280a05d83ea046def54,2,3965,100
2,ex2-s5-e1-a1-p04,822db031c141350bdf4c2386109e1e2cd5cafd0121b7b280a05d83ea046def54,2,3966,0
2,ex2-s5-e1-a1-p04,822db031c141350bdf4c2386109e1e2cd5cafd0121b7b280a05d83ea046def54,2,3967,100
2,ex2-s5-e1-a1-p04,822db031c141350bdf4c2386109e1e2cd5cafd0121b7b280a05d83ea046def54,2,3968,0
2,ex2-s5-e1-a1-p04,822db031c141350bdf4c2386109e1e2cd5cafd0121b7b280a05d83ea046def54,2,3969,100
2,ex2-s5-e1-a1-p04,822db031c141350bdf4c2386109e1e2cd5cafd0121b7b280a05d83ea046def54,2,3970,100
2,ex2-s5-e1-a1-p04,822db031c141350bdf4c2386109e1e2cd5cafd0121b7b280a05d83ea046def54,2,3971,0
2,ex2-s5-e1-a1-p04,822db031c141350bdf4c2386109e1e2cd5cafd0121b7b280a05d83ea046def54,2,3972,100
2,ex2-s5-e1-a1-p04,822db031c141350bdf4c2386109e1e2cd5cafd0121b7b280a05d83ea046def54,2,3973,0
2,ex2-s5-e1-a1-p04,822db031c141350bdf4c2386109e1e2cd5cafd0121b7b280a05d83ea046def54,2,3974,100
2,ex2-s5-e1-a1-p04,822db031c141350bdf4c2386109e1e2cd5cafd0121b7b280a05d83ea046def54,2,3975,0
2,ex2-s5-e1-a1-p04,822db031c141350bdf4c2386109e1e2cd5cafd0121b7b280a05d83ea046def54,2,3976,100
2,ex2-s5-e1-a1-p04,822db031c141350bdf4c2386109e1e2cd5cafd0121b7b280a05d83ea046def54,2,3977,0
2,ex2-s5-e1-a1-p04,822db031c141350bdf4c2386109e1e2cd5cafd0121b7b280a05d83ea046def54,2,3978,100
2,ex2-s5-e1-a1-p04,822db031c141350bdf4c2386109e1e2cd5cafd0121b7b280a05d83ea046def54,2,3979,100
2,ex2-s5-e1-a1-p04,822db031c141350bdf4c2386109e1e2cd5cafd0121b7b280a05d83ea046def54,2,3980,0
2,ex2-s5-e1-a1-p04,822db031c141350bdf4c2386109e1e2cd5cafd0121b7b280a05d83ea046def54,2,3981,100
2,ex2-s5-e1-a1-p04,822db031c141350bdf4c2386109e1e2cd5cafd0121b7b280a05d83ea046def54,2,3982,0
2,ex2-s5-e1-a1-p04,822db031c141350bdf4c2386109e1e2cd5cafd0121b7b280a05d83ea046def54,2,3983,100
2,ex2-s5-e1-a1-p04,822db031c141350bdf4c2386109e1e2cd5cafd0121b7b280a05d83ea046def54,2,3984,0
2,ex2-s5-e1-a1-p04,822db031c141350bdf4c2386109e1e2cd5cafd0121b7b280a05d83ea046def54,2,3985,100
2,ex2-s5-e1-a1-p04,822db031c141350bdf4c2386109e1e2cd5cafd0121b7b280a05d83ea046def54,2,3986,0
2,ex2-s5-e1-a1-p04,822db031c141350bdf4c2386109e1e2cd5cafd0121b7b280a05d83ea046def54,2,3987,100
2,ex2-s5-e1-a1-p04,822db031c141350bdf4c2386109e1e2cd5cafd0121b7b280a05d83ea046def54,2,3988,100
2,ex2-s5-e1-a1-p04,822db031c141350bdf4c2386109e1e2cd5cafd0121b7b280a05d83ea046def54,2,3989,0
2,ex2-s5-e1-a1-p04,822db031c141350bdf4c2386109e1e2cd5cafd0121b7b280a05d83ea046def54,2,3990,100
2,ex2-s5-e1-a1-p04,822db031c141350bdf4c2386109e1e2cd5cafd0121b7b280a05d83ea046def54,2,3991,0
2,ex2-s5-e1-a1-p04,822db031c141350bdf4c2386109e1e2cd5cafd0121b7b280a05d83ea046def54,2,3992,100
2,ex2-s5-e1-a1-p04,822db031c141350bdf4c2386109e1e2cd5cafd0121b7b280a05d83ea046def54,2,3993,0
2,ex2-s5-e1-a1-p04,822db031c141350bdf4c2386109e1e2cd5cafd0121b7b280a05d83ea046def54,2,3994,100
2,ex2-s5-e1-a1-p04,822db031c141350bdf4c2386109e1e2cd5cafd0121b7b280a05d83ea046def54,2,3995,0
2,ex2-s5-e1-a1-p04,822db031c141350bdf4c2386109e1e2cd5cafd0121b7b280a05d83ea046def54,2,3996,100
2,ex2-s5-e1-a1-p04,822db031c141350bdf4c2386109e1e2cd5cafd0121b7b280a05d83ea046def54,2,3997,0
2,ex2-s5-e1-a1-p04,822db031c141350bdf4c2386109e1e2cd5cafd0121b7b280a05d83ea046def54,2,3998,100
2,ex2-s5-e1-a1-p04,822db031c141350bdf4c2386109e1e2cd5cafd0121b7b280a05d83ea046def54,2,3999,100
2,ex2-s5-e1-a1-p04,822db031c141350bdf4c2386109e1e2cd5cafd0121b7b280a05d83ea046def54,2,4000,0
2,ex2-s5-e1-a1-p04,822db031c141350bdf4c2386109e1e2cd5cafd0121b7b280a05d83ea046def54,2,4001,100
2,ex2-s5-e1-a1-p04,822db031c141350bdf4c2386109e1e2cd5cafd0121b7b280a05d83ea046def54,2,4002,0
2,ex2-s5-e1-a1-p04,822db031c141350bdf4c2386109e1e2cd5cafd0121b7b280a05d83ea046def54,2,4003,100
2,ex2-s5-e1-a1-p04,822db031c141350bdf4c2386109e1e2cd5cafd0121b7b280a05d83ea046def54,2,4004,0
2,ex2-s5-e1-a1-p04,822db031c141350bdf4c2386109e1e2cd5cafd0121b7b280a05d83ea046def54,2,4005,100
2,ex2-s5-e1-a1-p04,822db031c141350bdf4c2386109e1e2cd5cafd0121b7b280a05d83ea046def54,2,4006,0
2,ex2-s5-e1-a1-p04,822db031c141350bdf4c2386109e1e2cd5cafd0121b7b280a05d83ea046def54,2,4007,100
2,ex2-s5-e1-a1-p04,822db031c141350bdf4c2386109e1e2cd5cafd0121b7b280a05d83ea046def54,2,4008,100
2,ex2-s5-e1-a1-p04,822db031c141350bdf4c2386109e1e2cd5cafd0121b7b280a05d83ea046def54,2,4009,0
2,ex2-s5-e1-a1-p04,822db031c141350bdf4c2386109e1e2cd5cafd0121b7b280a05d83ea046def54,2,4010,100
2,ex2-s5-e1-a1-p04,822db031c141350bdf4c2386109e1e2cd5cafd0121b7b280a05d83ea046def54,2,4011,0
2,ex2-s5-e1-a1-p04,822db031c141350bdf4c2386109e1e2cd5cafd0121b7b280a05d83ea046def54,2,4012,100
2,ex2-s5-e1-a1-p04,822db031c141350bdf4c2386109e1e2cd5cafd0121b7b280a05d83ea046def54,2,4013,0
2,ex2-s5-e1-a1-p04,822db031c141350bdf4c2386109e1e2cd5cafd0121b7b280a05d83ea046def54,2,4014,100
2,ex2-s5-e1-a1-p04,822db031c141350bdf4c2386109e1e2cd5cafd0121b7b280a05d83ea046def54,2,4015,0
2,ex2-s5-e1-a1-p04,822db031c141350bdf4c2386109e1e2cd5cafd0121b7b280a05d83ea046def54,2,4016,100
2,ex2-s5-e1-a1-p04,822db031c141350bdf4c2386109e1e2cd5cafd0121b7b280a05d83ea046def54,2,4017,100
2,ex2-s5-e1-a1-p04,822db031c141350bdf4c2386109e1e2cd5cafd0121b7b280a05d83ea046def54,2,4018,0
2,ex2-s5-e1-a1-p04,822db031c141350bdf4c2386109e1e2cd5cafd0121b7b280a05d83ea046def54,2,4019,100
2,ex2-s5-e1-a1-p04,822db031c141350bdf4c2386109e1e2cd5cafd0121b7b280a05d83ea046def54,2,4020,0
2,ex2-s5-e1-a1-p04,822db031c141350bdf4c2386109e1e2cd5cafd0121b7b280a05d83ea046def54,2,4021,100
2,ex2-s5-e1-a1-p04,822db031c141350bdf4c2386109e1e2cd5cafd0121b7b280a05d83ea046def54,2,4022,0
2,ex2-s5-e1-a1-p04,822db031c141350bdf4c2386109e1e2cd5cafd0121b7b280a05d83ea046def54,2,4023,100
2,ex2-s5-e1-a1-p04,822db031c141350bdf4c2386109e1e2cd5cafd0121b7b280a05d83ea046def54,2,4024,0
2,ex2-s5-e1-a1-p04,822db031c141350bdf4c2386109e1e2cd5cafd0121b7b280a05d83ea046def54,2,4025,100
2,ex2-s5-e1-a1-p04,822db031c141350bdf4c2386109e1e2cd5cafd0121b7b280a05d83ea046def54,2,4026,0
2,ex2-s5-e1-a1-p04,822db031c141350bdf4c2386109e1e2cd5cafd0121b7b280a05d83ea046def54,2,4027,100
2,ex2-s5-e1-a1-p04,822db031c141350bdf4c2386109e1e2cd5cafd0121b7b280a05d83ea046def54,2,4028,100
2,ex2-s5-e1-a1-p04,822db031c141350bdf4c2386109e1e2cd5cafd0121b7b280a05d83ea046def54,2,4029,0
2,ex2-s5-e1-a1-p04,822db031c141350bdf4c2386109e1e2cd5cafd0121b7b280a05d83ea046def54,2,4030,100
2,ex2-s5-e1-a1-p04,822db031c141350bdf4c2386109e1e2cd5cafd0121b7b280a05d83ea046def54,2,4031,0
2,ex2-s5-e1-a1-p04,822db031c141350bdf4c2386109e1e2cd5cafd0121b7b280a05d83ea046def54,2,4032,100
2,ex2-s5-e1-a1-p04,822db031c141350bdf4c2386109e1e2cd5cafd0121b7b280a05d83ea046def54,2,4033,0
2,ex2-s5-e1-a1-p04,822db031c141350bdf4c2386109e1e2cd5cafd0121b7b280a05d83ea046def54,2,4034,100
2,ex2-s5-e1-a1-p04,822db031c141350bdf4c2386109e1e2cd5cafd0121b7b280a05d83ea046def54,2,4035,0
2,ex2-s5-e1-a1-p04,822db031c141350bdf4c2386109e1e2cd5cafd0121b7b280a05d83ea046def54,2,4036,100
2,ex2-s5-e1-a1-p04,822db031c141350bdf4c2386109e1e2cd5cafd0121b7b280a05d83ea046def54,2,4037,100
2,ex2-s5-e1-a1-p04,822db031c141350bdf4c2386109e1e2cd5cafd0121b7b280a05d83ea046def54,2,4038,0
2,ex2-s5-e1-a1-p04,822db031c141350bdf4c2386109e1e2cd5cafd0121b7b280a05d83ea046def54,2,4039,100
2,ex2-s5-e1-a1-p04,822db031c141350bdf4c2386109e1e2cd5cafd0121b7b280a05d83ea046def54,2,4040,0
2,ex2-s5-e1-a1-p04,822db031c141350bdf4c2386109e1e2cd5cafd0121b7b280a05d83ea046def54,2,4041,100
2,ex2-s5-e1-a1-p04,822db031c141350bdf4c2386109e1e2cd5cafd0121b7b280a05d83ea046def54,2,4042,0
2,ex2-s5-e1-a1-p04,822db031c141350bdf4c2386109e1e2cd5cafd0121b7b280a05d83ea046def54,2,4043,100
2,ex2-s5-e1-a1-p04,822db031c141350bdf4c2386109e1e2cd5cafd0121b7b280a05d83ea046def54,2,4044,0
2,ex2-s5-e1-a1-p04,822db031c141350bdf4c2386109e1e2cd5cafd0121b7b280a05d83ea046def54,2,4045,100
2,ex2-s5-e1-a1-p04,822db031c141350bdf4c2386109e1e2cd5cafd0121b7b280a05d83ea046def54,2,4046,0
2,ex2-s5-e1-a1-p04,822db031c141350bdf4c2386109e1e2cd5cafd0121b7b280a05d83ea046def54,2,4047,100
2,ex2-s5-e1-a1-p04,822db031c141350bdf4c2386109e1e2cd5cafd0121b7b280a05d83ea046def54,2,4048,100
2,ex2-s5-e1-a1-p04,822db031c141350bdf4c2386109e1e2cd5cafd0121b7b280a05d83ea046def54,2,4049,0
2,ex2-s5-e1-a1-p04,822db031c141350bdf4c2386109e1e2cd5cafd0121b7b280a05d83ea046def54,2,4050,100
2,ex2-s5-e1-a1-p04,822db031c141350bdf4c2386109e1e2cd5cafd0121b7b280a05d83ea046def54,2,4051,0
2,ex2-s5-e1-a1-p04,822db031c141350bdf4c2386109e1e2cd5cafd0121b7b280a05d83ea046def54,2,4052,100
2,ex2-s5-e1-a1-p04,822db031c141350bdf4c2386109e1e2cd5cafd0121b7b280a05d83ea046def54,2,4053,0
2,ex2-s5-e1-a1-p04,822db031c141350bdf4c2386109e1e2cd5cafd0121b7b280a05d83ea046def54,2,4054,100
2,ex2-s5-e1-a1-p04,822db031c141350bdf4c2386109e1e2cd5cafd0121b7b280a05d83ea046def54,2,4055,0
2,ex2-s5-e1-a1-p04,822db031c141350bdf4c2386109e1e2cd5cafd0121b7b280a05d83ea046def54,2,4056,100
2,ex2-s5-e1-a1-p04,822db031c141350bdf4c2386109e1e2cd5cafd0121b7b280a05d83ea046def54,2,4057,100
2,ex2-s5-e1-a1-p04,822db031c141350bdf4c2386109e1e2cd5cafd0121b7b280a05d83ea046def54,2,4058,0
2,ex2-s5-e1-a1-p04,822db031c141350bdf4c2386109e1e2cd5cafd0121b7b280a05d83ea046def54,2,4059,100
2,ex2-s5-e1-a1-p04,822db031c141350bdf4c2386109e1e2cd5cafd0121b7b280a05d83ea046def54,2,4060,0
2,ex2-s5-e1-a1-p04,822db031c141350bdf4c2386109e1e2cd5cafd0121b7b280a05d83ea046def54,2,4061,100
2,ex2-s5-e1-a1-p04,822db031c141350bdf4c2386109e1e2cd5cafd0121b7b280a05d83ea046def54,2,4062,0
2,ex2-s5-e1-a1-p04,822db031c141350bdf4c2386109e1e2cd5cafd0121b7b280a05d83ea046def54,2,4063,100
2,ex2-s5-e1-a1-p04,822db031c141350bdf4c2386109e1e2cd5cafd0121b7b280a05d83ea046def54,2,4064,0
2,ex2-s5-e1-a1-p04,822db031c141350bdf4c2386109e1e2cd5cafd0121b7b280a05d83ea046def54,2,4065,100
2,ex2-s5-e1-a1-p04,822db031c141350bdf4c2386109e1e2cd5cafd0121b7b280a05d83ea046def54,2,4066,100
2,ex2-s5-e1-a1-p04,822db031c141350bdf4c2386109e1e2cd5cafd0121b7b280a05d83ea046def54,2,4067,0
2,ex2-s5-e1-a1-p04,822db031c141350bdf4c2386109e1e2cd5cafd0121b7b280a05d83ea046def54,2,4068,100
2,ex2-s5-e1-a1-p04,822db031c141350bdf4c2386109e1e2cd5cafd0121b7b280a05d83ea046def54,2,4069,0
2,ex2-s5-e1-a1-p04,822db031c141350bdf4c2386109e1e2cd5cafd0121b7b280a05d83ea046def54,2,4070,100
2,ex2-s5-e1-a1-p04,822db031c141350bdf4c2386109e1e2cd5cafd0121b7b280a05d83ea046def54,2,4071,0
2,ex2-s5-e1-a1-p04,822db031c141350bdf4c2386109e1e2cd5cafd0121b7b280a05d83ea046def54,2,4072,100
2,ex2-s5-e1-a1-p04,822db031c141350bdf4c2386109e1e2cd5cafd0121b7b280a05d83ea046def54,2,4073,0
2,ex2-s5-e1-a1-p04,822db031c141350bdf4c2386109e1e2cd5cafd0121b7b280a05d83ea046def54,2,4074,100
2,ex2-s5-e1-a1-p04,822db031c141350bdf4c2386109e1e2cd5cafd0121b7b280a05d83ea046def54,2,4075,0
2,ex2-s5-e1-a1-p04,822db031c141350bdf4c2386109e1e2cd5cafd0121b7b280a05d83ea046def54,2,4076,100
2,ex2-s5-e1-a1-p04,822db031c141350bdf4c2386109e1e2cd5cafd0121b7b280a05d83ea046def54,2,4077,100
2,ex2-s5-e1-a1-p04,822db031c141350bdf4c2386109e1e2cd5cafd0121b7b280a05d83ea046def54,2,4078,0
2,ex2-s5-e1-a1-p04,822db031c141350bdf4c2386109e1e2cd5cafd0121b7b280a05d83ea046def54,2,4079,100
2,ex2-s5-e1-a1-p04,822db031c141350bdf4c2386109e1e2cd5cafd0121b7b280a05d83ea046def54,2,4080,0
2,ex2-s5-e1-a1-p04,822db031c141350bdf4c2386109e1e2cd5cafd0121b7b280a05d83ea046def54,2,4081,100
2,ex2-s5-e1-a1-p04,822db031c141350bdf4c2386109e1e2cd5cafd0121b7b280a05d83ea046def54,2,4082,0
2,ex2-s5-e1-a1-p04,822db031c141350bdf4c2386109e1e2cd5cafd0121b7b280a05d83ea046def54,2,4083,100
2,ex2-s5-e1-a1-p04,822db031c141350bdf4c2386109e1e2cd5cafd0121b7b280a05d83ea046def54,2,4084,0
2,ex2-s5-e1-a1-p04,822db031c141350bdf4c2386109e1e2cd5cafd0121b7b280a05d83ea046def54,2,4085,100
2,ex2-s5-e1-a1-p04,822db031c141350bdf4c2386109e1e2cd5cafd0121b7b280a05d83ea046def54,2,4086,100
2,ex2-s5-e1-a1-p04,822db031c141350bdf4c2386109e1e2cd5cafd0121b7b280a05d83ea046def54,2,4087,0
2,ex2-s5-e1-a1-p04,822db031c141350bdf4c2386109e1e2cd5cafd0121b7b280a05d83ea046def54,2,4088,100
2,ex2-s5-e1-a1-p04,822db031c141350bdf4c2386109e1e2cd5cafd0121b7b280a05d83ea046def54,2,4089,0
2,ex2-s5-e1-a1-p04,822db031c141350bdf4c2386109e1e2cd5cafd0121b7b280a05d83ea046def54,2,4090,100
2,ex2-s5-e1-a1-p04,822db031c141350bdf4c2386109e1e2cd5cafd0121b7b280a05d83ea046def54,2,4091,0
2,ex2-s5-e1-a1-p04,822db031c141350bdf4c2386109e1e2cd5cafd0121b7b280a05d83ea046def54,2,4092,100
2,ex2-s5-e1-a1-p04,822db031c141350bdf4c2386109e1e2cd5cafd0121b7b280a05d83ea046def54,2,4093,0
2,ex2-s5-e1-a1-p04,822db031c141350bdf4c2386109e1e2cd5cafd0121b7b280a05d83ea046def54,2,4094,100
