schema_version,run_id,series_id,process_index,sequence_index,delta_ns
2,ex2-s5-e1-a1-p08,96cea7ecfc65ba667160e3c4ba1c5edcbd07153e6f10a623922247b131426347,4,0,200
2,ex2-s5-e1-a1-p08,96cea7ecfc65ba667160e3c4ba1c5edcbd07153e6f10a623922247b131426347,4,1,100
2,ex2-s5-e1-a1-p08,96cea7ecfc65ba667160e3c4ba1c5edcbd07153e6f10a623922247b131426347,4,2,100
2,ex2-s5-e1-a1-p08,96cea7ecfc65ba667160e3c4ba1c5edcbd07153e6f10a623922247b131426347,4,3,0
2,ex2-s5-e1-a1-p08,96cea7ecfc65ba667160e3c4ba1c5edcbd07153e6f10a623922247b131426347,4,4,100
2,ex2-s5-e1-a1-p08,96cea7ecfc65ba667160e3c4ba1c5edcbd07153e6f10a623922247b131426347,4,5,100
2,ex2-s5-e1-a1-p08,96cea7ecfc65ba667160e3c4ba1c5edcbd07153e6f10a623922247b131426347,4,6,100
2,ex2-s5-e1-a1-p08,96cea7ecfc65ba667160e3c4ba1c5edcbd07153e6f10a623922247b131426347,4,7,100
2,ex2-s5-e1-a1-p08,96cea7ecfc65ba667160e3c4ba1c5edcbd07153e6f10a623922247b131426347,4,8,100
2,ex2-s5-e1-a1-p08,96cea7ecfc65ba667160e3c4ba1c5edcbd07153e6f10a623922247b131426347,4,9,0
2,ex2-s5-e1-a1-p08,96cea7ecfc65ba667160e3c4ba1c5edcbd07153e6f10a623922247b131426347,4,10,100
2,ex2-s5-e1-a1-p08,96cea7ecfc65ba667160e3c4ba1c5edcbd07153e6f10a623922247b131426347,4,11,100
2,ex2-s5-e1-a1-p08,96cea7ecfc65ba667160e3c4ba1c5edcbd07153e6f10a623922247b131426347,4,12,100
2,ex2-s5-e1-a1-p08,96cea7ecfc65ba667160e3c4ba1c5edcbd07153e6f10a623922247b131426347,4,13,100
2,ex2-s5-e1-a1-p08,96cea7ecfc65ba667160e3c4ba1c5edcbd07153e6f10a623922247b131426347,4,14,100
2,ex2-s5-e1-a1-p08,96cea7ecfc65ba667160e3c4ba1c5edcbd07153e6f10a623922247b131426347,4,15,0
2,ex2-s5-e1-a1-p08,96cea7ecfc65ba667160e3c4ba1c5edcbd07153e6f10a623922247b131426347,4,16,100
2,ex2-s5-e1-a1-p08,96cea7ecfc65ba667160e3c4ba1c5edcbd07153e6f10a623922247b131426347,4,17,100
2,ex2-s5-e1-a1-p08,96cea7ecfc65ba667160e3c4ba1c5edcbd07153e6f10a623922247b131426347,4,18,100
2,ex2-s5-e1-a1-p08,96cea7ecfc65ba667160e3c4ba1c5edcbd07153e6f10a623922247b131426347,4,19,100
2,ex2-s5-e1-a1-p08,96cea7ecfc65ba667160e3c4ba1c5edcbd07153e6f10a623922247b131426347,4,20,0
2,ex2-s5-e1-a1-p08,96cea7ecfc65ba667160e3c4ba1c5edcbd07153e6f10a623922247b131426347,4,21,100
2,ex2-s5-e1-a1-p08,96cea7ecfc65ba667160e3c4ba1c5edcbd07153e6f10a623922247b131426347,4,22,100
2,ex2-s5-e1-a1-p08,96cea7ecfc65ba667160e3c4ba1c5edcbd07153e6f10a623922247b131426347,4,23,100
2,ex2-s5-e1-a1-p08,96cea7ecfc65ba667160e3c4ba1c5edcbd07153e6f10a623922247b131426347,4,24,100
2,ex2-s5-e1-a1-p08,96cea7ecfc65ba667160e3c4ba1c5edcbd07153e6f10a623922247b131426347,4,25,0
2,ex2-s5-e1-a1-p08,96cea7ecfc65ba667160e3c4ba1c5edcbd07153e6f10a623922247b131426347,4,26,100
2,ex2-s5-e1-a1-p08,96cea7ecfc65ba667160e3c4ba1c5edcbd07153e6f10a623922247b131426347,4,27,100
2,ex2-s5-e1-a1-p08,96cea7ecfc65ba667160e3c4ba1c5edcbd07153e6f10a623922247b131426347,4,28,100
2,ex2-s5-e1-a1-p08,96cea7ecfc65ba667160e3c4ba1c5edcbd07153e6f10a623922247b131426347,4,29,100
2,ex2-s5-e1-a1-p08,96cea7ecfc65ba667160e3c4ba1c5edcbd07153e6f10a623922247b131426347,4,30,100
2,ex2-s5-e1-a1-p08,96cea7ecfc65ba667160e3c4ba1c5edcbd07153e6f10a623922247b131426347,4,31,0
2,ex2-s5-e1-a1-p08,96cea7ecfc65ba667160e3c4ba1c5edcbd07153e6f10a623922247b131426347,4,32,100
2,ex2-s5-e1-a1-p08,96cea7ecfc65ba667160e3c4ba1c5edcbd07153e6f10a623922247b131426347,4,33,100
2,ex2-s5-e1-a1-p08,96cea7ecfc65ba667160e3c4ba1c5edcbd07153e6f10a623922247b131426347,4,34,100
2,ex2-s5-e1-a1-p08,96cea7ecfc65ba667160e3c4ba1c5edcbd07153e6f10a623922247b131426347,4,35,100
2,ex2-s5-e1-a1-p08,96cea7ecfc65ba667160e3c4ba1c5edcbd07153e6f10a623922247b131426347,4,36,0
2,ex2-s5-e1-a1-p08,96cea7ecfc65ba667160e3c4ba1c5edcbd07153e6f10a623922247b131426347,4,37,100
2,ex2-s5-e1-a1-p08,96cea7ecfc65ba667160e3c4ba1c5edcbd07153e6f10a623922247b131426347,4,38,100
2,ex2-s5-e1-a1-p08,96cea7ecfc65ba667160e3c4ba1c5edcbd07153e6f10a623922247b131426347,4,39,100
2,ex2-s5-e1-a1-p08,96cea7ecfc65ba667160e3c4ba1c5edcbd07153e6f10a623922247b131426347,4,40,100
2,ex2-s5-e1-a1-p08,96cea7ecfc65ba667160e3c4ba1c5edcbd07153e6f10a623922247b131426347,4,41,100
2,ex2-s5-e1-a1-p08,96cea7ecfc65ba667160e3c4ba1c5edcbd07153e6f10a623922247b131426347,4,42,0
2,ex2-s5-e1-a1-p08,96cea7ecfc65ba667160e3c4ba1c5edcbd07153e6f10a623922247b131426347,4,43,100
2,ex2-s5-e1-a1-p08,96cea7ecfc65ba667160e3c4ba1c5edcbd07153e6f10a623922247b131426347,4,44,100
2,ex2-s5-e1-a1-p08,96cea7ecfc65ba667160e3c4ba1c5edcbd07153e6f10a623922247b131426347,4,45,100
2,ex2-s5-e1-a1-p08,96cea7ecfc65ba667160e3c4ba1c5edcbd07153e6f10a623922247b131426347,4,46,100
2,ex2-s5-e1-a1-p08,96cea7ecfc65ba667160e3c4ba1c5edcbd07153e6f10a623922247b131426347,4,47,100
2,ex2-s5-e1-a1-p08,96cea7ecfc65ba667160e3c4ba1c5edcbd07153e6f10a623922247b131426347,4,48,0
2,ex2-s5-e1-a1-p08,96cea7ecfc65ba667160e3c4ba1c5edcbd07153e6f10a623922247b131426347,4,49,100
2,ex2-s5-e1-a1-p08,96cea7ecfc65ba667160e3c4ba1c5edcbd07153e6f10a623922247b131426347,4,50,100
2,ex2-s5-e1-a1-p08,96cea7ecfc65ba667160e3c4ba1c5edcbd07153e6f10a623922247b131426347,4,51,100
2,ex2-s5-e1-a1-p08,96cea7ecfc65ba667160e3c4ba1c5edcbd07153e6f10a623922247b131426347,4,52,100
2,ex2-s5-e1-a1-p08,96cea7ecfc65ba667160e3c4ba1c5edcbd07153e6f10a623922247b131426347,4,53,0
2,ex2-s5-e1-a1-p08,96cea7ecfc65ba667160e3c4ba1c5edcbd07153e6f10a623922247b131426347,4,54,100
2,ex2-s5-e1-a1-p08,96cea7ecfc65ba667160e3c4ba1c5edcbd07153e6f10a623922247b131426347,4,55,100
2,ex2-s5-e1-a1-p08,96cea7ecfc65ba667160e3c4ba1c5edcbd07153e6f10a623922247b131426347,4,56,100
2,ex2-s5-e1-a1-p08,96cea7ecfc65ba667160e3c4ba1c5edcbd07153e6f10a623922247b131426347,4,57,100
2,ex2-s5-e1-a1-p08,96cea7ecfc65ba667160e3c4ba1c5edcbd07153e6f10a623922247b131426347,4,58,100
2,ex2-s5-e1-a1-p08,96cea7ecfc65ba667160e3c4ba1c5edcbd07153e6f10a623922247b131426347,4,59,0
2,ex2-s5-e1-a1-p08,96cea7ecfc65ba667160e3c4ba1c5edcbd07153e6f10a623922247b131426347,4,60,100
2,ex2-s5-e1-a1-p08,96cea7ecfc65ba667160e3c4ba1c5edcbd07153e6f10a623922247b131426347,4,61,100
2,ex2-s5-e1-a1-p08,96cea7ecfc65ba667160e3c4ba1c5edcbd07153e6f10a623922247b131426347,4,62,100
2,ex2-s5-e1-a1-p08,96cea7ecfc65ba667160e3c4ba1c5edcbd07153e6f10a623922247b131426347,4,63,100
2,ex2-s5-e1-a1-p08,96cea7ecfc65ba667160e3c4ba1c5edcbd07153e6f10a623922247b131426347,4,64,100
2,ex2-s5-e1-a1-p08,96cea7ecfc65ba667160e3c4ba1c5edcbd07153e6f10a623922247b131426347,4,65,0
2,ex2-s5-e1-a1-p08,96cea7ecfc65ba667160e3c4ba1c5edcbd07153e6f10a623922247b131426347,4,66,100
2,ex2-s5-e1-a1-p08,96cea7ecfc65ba667160e3c4ba1c5edcbd07153e6f10a623922247b131426347,4,67,100
2,ex2-s5-e1-a1-p08,96cea7ecfc65ba667160e3c4ba1c5edcbd07153e6f10a623922247b131426347,4,68,100
2,ex2-s5-e1-a1-p08,96cea7ecfc65ba667160e3c4ba1c5edcbd07153e6f10a623922247b131426347,4,69,100
2,ex2-s5-e1-a1-p08,96cea7ecfc65ba667160e3c4ba1c5edcbd07153e6f10a623922247b131426347,4,70,100
2,ex2-s5-e1-a1-p08,96cea7ecfc65ba667160e3c4ba1c5edcbd07153e6f10a623922247b131426347,4,71,100
2,ex2-s5-e1-a1-p08,96cea7ecfc65ba667160e3c4ba1c5edcbd07153e6f10a623922247b131426347,4,72,100
2,ex2-s5-e1-a1-p08,96cea7ecfc65ba667160e3c4ba1c5edcbd07153e6f10a623922247b131426347,4,73,0
2,ex2-s5-e1-a1-p08,96cea7ecfc65ba667160e3c4ba1c5edcbd07153e6f10a623922247b131426347,4,74,100
2,ex2-s5-e1-a1-p08,96cea7ecfc65ba667160e3c4ba1c5edcbd07153e6f10a623922247b131426347,4,75,100
2,ex2-s5-e1-a1-p08,96cea7ecfc65ba667160e3c4ba1c5edcbd07153e6f10a623922247b131426347,4,76,100
2,ex2-s5-e1-a1-p08,96cea7ecfc65ba667160e3c4ba1c5edcbd07153e6f10a623922247b131426347,4,77,100
2,ex2-s5-e1-a1-p08,96cea7ecfc65ba667160e3c4ba1c5edcbd07153e6f10a623922247b131426347,4,78,100
2,ex2-s5-e1-a1-p08,96cea7ecfc65ba667160e3c4ba1c5edcbd07153e6f10a623922247b131426347,4,79,0
2,ex2-s5-e1-a1-p08,96cea7ecfc65ba667160e3c4ba1c5edcbd07153e6f10a623922247b131426347,4,80,100
2,ex2-s5-e1-a1-p08,96cea7ecfc65ba667160e3c4ba1c5edcbd07153e6f10a623922247b131426347,4,81,100
2,ex2-s5-e1-a1-p08,96cea7ecfc65ba667160e3c4ba1c5edcbd07153e6f10a623922247b131426347,4,82,100
2,ex2-s5-e1-a1-p08,96cea7ecfc65ba667160e3c4ba1c5edcbd07153e6f10a623922247b131426347,4,83,100
2,ex2-s5-e1-a1-p08,96cea7ecfc65ba667160e3c4ba1c5edcbd07153e6f10a623922247b131426347,4,84,0
2,ex2-s5-e1-a1-p08,96cea7ecfc65ba667160e3c4ba1c5edcbd07153e6f10a623922247b131426347,4,85,100
2,ex2-s5-e1-a1-p08,96cea7ecfc65ba667160e3c4ba1c5edcbd07153e6f10a623922247b131426347,4,86,100
2,ex2-s5-e1-a1-p08,96cea7ecfc65ba667160e3c4ba1c5edcbd07153e6f10a623922247b131426347,4,87,100
2,ex2-s5-e1-a1-p08,96cea7ecfc65ba667160e3c4ba1c5edcbd07153e6f10a623922247b131426347,4,88,100
2,ex2-s5-e1-a1-p08,96cea7ecfc65ba667160e3c4ba1c5edcbd07153e6f10a623922247b131426347,4,89,100
2,ex2-s5-e1-a1-p08,96cea7ecfc65ba667160e3c4ba1c5edcbd07153e6f10a623922247b131426347,4,90,0
2,ex2-s5-e1-a1-p08,96cea7ecfc65ba667160e3c4ba1c5edcbd07153e6f10a623922247b131426347,4,91,100
2,ex2-s5-e1-a1-p08,96cea7ecfc65ba667160e3c4ba1c5edcbd07153e6f10a623922247b131426347,4,92,100
2,ex2-s5-e1-a1-p08,96cea7ecfc65ba667160e3c4ba1c5edcbd07153e6f10a623922247b131426347,4,93,100
2,ex2-s5-e1-a1-p08,96cea7ecfc65ba667160e3c4ba1c5edcbd07153e6f10a623922247b131426347,4,94,100
2,ex2-s5-e1-a1-p08,96cea7ecfc65ba667160e3c4ba1c5edcbd07153e6f10a623922247b131426347,4,95,100
2,ex2-s5-e1-a1-p08,96cea7ecfc65ba667160e3c4ba1c5edcbd07153e6f10a623922247b131426347,4,96,0
2,ex2-s5-e1-a1-p08,96cea7ecfc65ba667160e3c4ba1c5edcbd07153e6f10a623922247b131426347,4,97,100
2,ex2-s5-e1-a1-p08,96cea7ecfc65ba667160e3c4ba1c5edcbd07153e6f10a623922247b131426347,4,98,100
2,ex2-s5-e1-a1-p08,96cea7ecfc65ba667160e3c4ba1c5edcbd07153e6f10a623922247b131426347,4,99,100
2,ex2-s5-e1-a1-p08,96cea7ecfc65ba667160e3c4ba1c5edcbd07153e6f10a623922247b131426347,4,100,100
2,ex2-s5-e1-a1-p08,96cea7ecfc65ba667160e3c4ba1c5edcbd07153e6f10a623922247b131426347,4,101,0
2,ex2-s5-e1-a1-p08,96cea7ecfc65ba667160e3c4ba1c5edcbd07153e6f10a623922247b131426347,4,102,100
2,ex2-s5-e1-a1-p08,96cea7ecfc65ba667160e3c4ba1c5edcbd07153e6f10a623922247b131426347,4,103,100
2,ex2-s5-e1-a1-p08,96cea7ecfc65ba667160e3c4ba1c5edcbd07153e6f10a623922247b131426347,4,104,100
2,ex2-s5-e1-a1-p08,96cea7ecfc65ba667160e3c4ba1c5edcbd07153e6f10a623922247b131426347,4,105,100
2,ex2-s5-e1-a1-p08,96cea7ecfc65ba667160e3c4ba1c5edcbd07153e6f10a623922247b131426347,4,106,100
2,ex2-s5-e1-a1-p08,96cea7ecfc65ba667160e3c4ba1c5edcbd07153e6f10a623922247b131426347,4,107,0
2,ex2-s5-e1-a1-p08,96cea7ecfc65ba667160e3c4ba1c5edcbd07153e6f10a623922247b131426347,4,108,100
2,ex2-s5-e1-a1-p08,96cea7ecfc65ba667160e3c4ba1c5edcbd07153e6f10a623922247b131426347,4,109,100
2,ex2-s5-e1-a1-p08,96cea7ecfc65ba667160e3c4ba1c5edcbd07153e6f10a623922247b131426347,4,110,100
2,ex2-s5-e1-a1-p08,96cea7ecfc65ba667160e3c4ba1c5edcbd07153e6f10a623922247b131426347,4,111,100
2,ex2-s5-e1-a1-p08,96cea7ecfc65ba667160e3c4ba1c5edcbd07153e6f10a623922247b131426347,4,112,100
2,ex2-s5-e1-a1-p08,96cea7ecfc65ba667160e3c4ba1c5edcbd07153e6f10a623922247b131426347,4,113,0
2,ex2-s5-e1-a1-p08,96cea7ecfc65ba667160e3c4ba1c5edcbd07153e6f10a623922247b131426347,4,114,100
2,ex2-s5-e1-a1-p08,96cea7ecfc65ba667160e3c4ba1c5edcbd07153e6f10a623922247b131426347,4,115,100
2,ex2-s5-e1-a1-p08,96cea7ecfc65ba667160e3c4ba1c5edcbd07153e6f10a623922247b131426347,4,116,100
2,ex2-s5-e1-a1-p08,96cea7ecfc65ba667160e3c4ba1c5edcbd07153e6f10a623922247b131426347,4,117,100
2,ex2-s5-e1-a1-p08,96cea7ecfc65ba667160e3c4ba1c5edcbd07153e6f10a623922247b131426347,4,118,100
2,ex2-s5-e1-a1-p08,96cea7ecfc65ba667160e3c4ba1c5edcbd07153e6f10a623922247b131426347,4,119,0
2,ex2-s5-e1-a1-p08,96cea7ecfc65ba667160e3c4ba1c5edcbd07153e6f10a623922247b131426347,4,120,100
2,ex2-s5-e1-a1-p08,96cea7ecfc65ba667160e3c4ba1c5edcbd07153e6f10a623922247b131426347,4,121,100
2,ex2-s5-e1-a1-p08,96cea7ecfc65ba667160e3c4ba1c5edcbd07153e6f10a623922247b131426347,4,122,100
2,ex2-s5-e1-a1-p08,96cea7ecfc65ba667160e3c4ba1c5edcbd07153e6f10a623922247b131426347,4,123,100
2,ex2-s5-e1-a1-p08,96cea7ecfc65ba667160e3c4ba1c5edcbd07153e6f10a623922247b131426347,4,124,100
2,ex2-s5-e1-a1-p08,96cea7ecfc65ba667160e3c4ba1c5edcbd07153e6f10a623922247b131426347,4,125,0
2,ex2-s5-e1-a1-p08,96cea7ecfc65ba667160e3c4ba1c5edcbd07153e6f10a623922247b131426347,4,126,100
2,ex2-s5-e1-a1-p08,96cea7ecfc65ba667160e3c4ba1c5edcbd07153e6f10a623922247b131426347,4,127,100
2,ex2-s5-e1-a1-p08,96cea7ecfc65ba667160e3c4ba1c5edcbd07153e6f10a623922247b131426347,4,128,100
2,ex2-s5-e1-a1-p08,96cea7ecfc65ba667160e3c4ba1c5edcbd07153e6f10a623922247b131426347,4,129,100
2,ex2-s5-e1-a1-p08,96cea7ecfc65ba667160e3c4ba1c5edcbd07153e6f10a623922247b131426347,4,130,100
2,ex2-s5-e1-a1-p08,96cea7ecfc65ba667160e3c4ba1c5edcbd07153e6f10a623922247b131426347,4,131,0
2,ex2-s5-e1-a1-p08,96cea7ecfc65ba667160e3c4ba1c5edcbd07153e6f10a623922247b131426347,4,132,100
2,ex2-s5-e1-a1-p08,96cea7ecfc65ba667160e3c4ba1c5edcbd07153e6f10a623922247b131426347,4,133,100
2,ex2-s5-e1-a1-p08,96cea7ecfc65ba667160e3c4ba1c5edcbd07153e6f10a623922247b131426347,4,134,100
2,ex2-s5-e1-a1-p08,96cea7ecfc65ba667160e3c4ba1c5edcbd07153e6f10a623922247b131426347,4,135,100
2,ex2-s5-e1-a1-p08,96cea7ecfc65ba667160e3c4ba1c5edcbd07153e6f10a623922247b131426347,4,136,100
2,ex2-s5-e1-a1-p08,96cea7ecfc65ba667160e3c4ba1c5edcbd07153e6f10a623922247b131426347,4,137,0
2,ex2-s5-e1-a1-p08,96cea7ecfc65ba667160e3c4ba1c5edcbd07153e6f10a623922247b131426347,4,138,100
2,ex2-s5-e1-a1-p08,96cea7ecfc65ba667160e3c4ba1c5edcbd07153e6f10a623922247b131426347,4,139,100
2,ex2-s5-e1-a1-p08,96cea7ecfc65ba667160e3c4ba1c5edcbd07153e6f10a623922247b131426347,4,140,100
2,ex2-s5-e1-a1-p08,96cea7ecfc65ba667160e3c4ba1c5edcbd07153e6f10a623922247b131426347,4,141,100
2,ex2-s5-e1-a1-p08,96cea7ecfc65ba667160e3c4ba1c5edcbd07153e6f10a623922247b131426347,4,142,0
2,ex2-s5-e1-a1-p08,96cea7ecfc65ba667160e3c4ba1c5edcbd07153e6f10a623922247b131426347,4,143,100
2,ex2-s5-e1-a1-p08,96cea7ecfc65ba667160e3c4ba1c5edcbd07153e6f10a623922247b131426347,4,144,100
2,ex2-s5-e1-a1-p08,96cea7ecfc65ba667160e3c4ba1c5edcbd07153e6f10a623922247b131426347,4,145,100
2,ex2-s5-e1-a1-p08,96cea7ecfc65ba667160e3c4ba1c5edcbd07153e6f10a623922247b131426347,4,146,100
2,ex2-s5-e1-a1-p08,96cea7ecfc65ba667160e3c4ba1c5edcbd07153e6f10a623922247b131426347,4,147,100
2,ex2-s5-e1-a1-p08,96cea7ecfc65ba667160e3c4ba1c5edcbd07153e6f10a623922247b131426347,4,148,0
2,ex2-s5-e1-a1-p08,96cea7ecfc65ba667160e3c4ba1c5edcbd07153e6f10a623922247b131426347,4,149,100
2,ex2-s5-e1-a1-p08,96cea7ecfc65ba667160e3c4ba1c5edcbd07153e6f10a623922247b131426347,4,150,100
2,ex2-s5-e1-a1-p08,96cea7ecfc65ba667160e3c4ba1c5edcbd07153e6f10a623922247b131426347,4,151,100
2,ex2-s5-e1-a1-p08,96cea7ecfc65ba667160e3c4ba1c5edcbd07153e6f10a623922247b131426347,4,152,100
2,ex2-s5-e1-a1-p08,96cea7ecfc65ba667160e3c4ba1c5edcbd07153e6f10a623922247b131426347,4,153,100
2,ex2-s5-e1-a1-p08,96cea7ecfc65ba667160e3c4ba1c5edcbd07153e6f10a623922247b131426347,4,154,0
2,ex2-s5-e1-a1-p08,96cea7ecfc65ba667160e3c4ba1c5edcbd07153e6f10a623922247b131426347,4,155,100
2,ex2-s5-e1-a1-p08,96cea7ecfc65ba667160e3c4ba1c5edcbd07153e6f10a623922247b131426347,4,156,100
2,ex2-s5-e1-a1-p08,96cea7ecfc65ba667160e3c4ba1c5edcbd07153e6f10a623922247b131426347,4,157,100
2,ex2-s5-e1-a1-p08,96cea7ecfc65ba667160e3c4ba1c5edcbd07153e6f10a623922247b131426347,4,158,100
2,ex2-s5-e1-a1-p08,96cea7ecfc65ba667160e3c4ba1c5edcbd07153e6f10a623922247b131426347,4,159,100
2,ex2-s5-e1-a1-p08,96cea7ecfc65ba667160e3c4ba1c5edcbd07153e6f10a623922247b131426347,4,160,0
2,ex2-s5-e1-a1-p08,96cea7ecfc65ba667160e3c4ba1c5edcbd07153e6f10a623922247b131426347,4,161,100
2,ex2-s5-e1-a1-p08,96cea7ecfc65ba667160e3c4ba1c5edcbd07153e6f10a623922247b131426347,4,162,100
2,ex2-s5-e1-a1-p08,96cea7ecfc65ba667160e3c4ba1c5edcbd07153e6f10a623922247b131426347,4,163,100
2,ex2-s5-e1-a1-p08,96cea7ecfc65ba667160e3c4ba1c5edcbd07153e6f10a623922247b131426347,4,164,100
2,ex2-s5-e1-a1-p08,96cea7ecfc65ba667160e3c4ba1c5edcbd07153e6f10a623922247b131426347,4,165,100
2,ex2-s5-e1-a1-p08,96cea7ecfc65ba667160e3c4ba1c5edcbd07153e6f10a623922247b131426347,4,166,0
2,ex2-s5-e1-a1-p08,96cea7ecfc65ba667160e3c4ba1c5edcbd07153e6f10a623922247b131426347,4,167,100
2,ex2-s5-e1-a1-p08,96cea7ecfc65ba667160e3c4ba1c5edcbd07153e6f10a623922247b131426347,4,168,100
2,ex2-s5-e1-a1-p08,96cea7ecfc65ba667160e3c4ba1c5edcbd07153e6f10a623922247b131426347,4,169,100
2,ex2-s5-e1-a1-p08,96cea7ecfc65ba667160e3c4ba1c5edcbd07153e6f10a623922247b131426347,4,170,100
2,ex2-s5-e1-a1-p08,96cea7ecfc65ba667160e3c4ba1c5edcbd07153e6f10a623922247b131426347,4,171,100
2,ex2-s5-e1-a1-p08,96cea7ecfc65ba667160e3c4ba1c5edcbd07153e6f10a623922247b131426347,4,172,0
2,ex2-s5-e1-a1-p08,96cea7ecfc65ba667160e3c4ba1c5edcbd07153e6f10a623922247b131426347,4,173,100
2,ex2-s5-e1-a1-p08,96cea7ecfc65ba667160e3c4ba1c5edcbd07153e6f10a623922247b131426347,4,174,100
2,ex2-s5-e1-a1-p08,96cea7ecfc65ba667160e3c4ba1c5edcbd07153e6f10a623922247b131426347,4,175,100
2,ex2-s5-e1-a1-p08,96cea7ecfc65ba667160e3c4ba1c5edcbd07153e6f10a623922247b131426347,4,176,100
2,ex2-s5-e1-a1-p08,96cea7ecfc65ba667160e3c4ba1c5edcbd07153e6f10a623922247b131426347,4,177,0
2,ex2-s5-e1-a1-p08,96cea7ecfc65ba667160e3c4ba1c5edcbd07153e6f10a623922247b131426347,4,178,100
2,ex2-s5-e1-a1-p08,96cea7ecfc65ba667160e3c4ba1c5edcbd07153e6f10a623922247b131426347,4,179,100
2,ex2-s5-e1-a1-p08,96cea7ecfc65ba667160e3c4ba1c5edcbd07153e6f10a623922247b131426347,4,180,100
2,ex2-s5-e1-a1-p08,96cea7ecfc65ba667160e3c4ba1c5edcbd07153e6f10a623922247b131426347,4,181,100
2,ex2-s5-e1-a1-p08,96cea7ecfc65ba667160e3c4ba1c5edcbd07153e6f10a623922247b131426347,4,182,100
2,ex2-s5-e1-a1-p08,96cea7ecfc65ba667160e3c4ba1c5edcbd07153e6f10a623922247b131426347,4,183,0
2,ex2-s5-e1-a1-p08,96cea7ecfc65ba667160e3c4ba1c5edcbd07153e6f10a623922247b131426347,4,184,100
2,ex2-s5-e1-a1-p08,96cea7ecfc65ba667160e3c4ba1c5edcbd07153e6f10a623922247b131426347,4,185,100
2,ex2-s5-e1-a1-p08,96cea7ecfc65ba667160e3c4ba1c5edcbd07153e6f10a623922247b131426347,4,186,100
2,ex2-s5-e1-a1-p08,96cea7ecfc65ba667160e3c4ba1c5edcbd07153e6f10a623922247b131426347,4,187,100
2,ex2-s5-e1-a1-p08,96cea7ecfc65ba667160e3c4ba1c5edcbd07153e6f10a623922247b131426347,4,188,100
2,ex2-s5-e1-a1-p08,96cea7ecfc65ba667160e3c4ba1c5edcbd07153e6f10a623922247b131426347,4,189,0
2,ex2-s5-e1-a1-p08,96cea7ecfc65ba667160e3c4ba1c5edcbd07153e6f10a623922247b131426347,4,190,100
2,ex2-s5-e1-a1-p08,96cea7ecfc65ba667160e3c4ba1c5edcbd07153e6f10a623922247b131426347,4,191,100
2,ex2-s5-e1-a1-p08,96cea7ecfc65ba667160e3c4ba1c5edcbd07153e6f10a623922247b131426347,4,192,100
2,ex2-s5-e1-a1-p08,96cea7ecfc65ba667160e3c4ba1c5edcbd07153e6f10a623922247b131426347,4,193,100
2,ex2-s5-e1-a1-p08,96cea7ecfc65ba667160e3c4ba1c5edcbd07153e6f10a623922247b131426347,4,194,100
2,ex2-s5-e1-a1-p08,96cea7ecfc65ba667160e3c4ba1c5edcbd07153e6f10a623922247b131426347,4,195,0
2,ex2-s5-e1-a1-p08,96cea7ecfc65ba667160e3c4ba1c5edcbd07153e6f10a623922247b131426347,4,196,100
2,ex2-s5-e1-a1-p08,96cea7ecfc65ba667160e3c4ba1c5edcbd07153e6f10a623922247b131426347,4,197,100
2,ex2-s5-e1-a1-p08,96cea7ecfc65ba667160e3c4ba1c5edcbd07153e6f10a623922247b131426347,4,198,100
2,ex2-s5-e1-a1-p08,96cea7ecfc65ba667160e3c4ba1c5edcbd07153e6f10a623922247b131426347,4,199,100
2,ex2-s5-e1-a1-p08,96cea7ecfc65ba667160e3c4ba1c5edcbd07153e6f10a623922247b131426347,4,200,100
2,ex2-s5-e1-a1-p08,96cea7ecfc65ba667160e3c4ba1c5edcbd07153e6f10a623922247b131426347,4,201,0
2,ex2-s5-e1-a1-p08,96cea7ecfc65ba667160e3c4ba1c5edcbd07153e6f10a623922247b131426347,4,202,100
2,ex2-s5-e1-a1-p08,96cea7ecfc65ba667160e3c4ba1c5edcbd07153e6f10a623922247b131426347,4,203,100
2,ex2-s5-e1-a1-p08,96cea7ecfc65ba667160e3c4ba1c5edcbd07153e6f10a623922247b131426347,4,204,100
2,ex2-s5-e1-a1-p08,96cea7ecfc65ba667160e3c4ba1c5edcbd07153e6f10a623922247b131426347,4,205,100
2,ex2-s5-e1-a1-p08,96cea7ecfc65ba667160e3c4ba1c5edcbd07153e6f10a623922247b131426347,4,206,0
2,ex2-s5-e1-a1-p08,96cea7ecfc65ba667160e3c4ba1c5edcbd07153e6f10a623922247b131426347,4,207,100
2,ex2-s5-e1-a1-p08,96cea7ecfc65ba667160e3c4ba1c5edcbd07153e6f10a623922247b131426347,4,208,100
2,ex2-s5-e1-a1-p08,96cea7ecfc65ba667160e3c4ba1c5edcbd07153e6f10a623922247b131426347,4,209,100
2,ex2-s5-e1-a1-p08,96cea7ecfc65ba667160e3c4ba1c5edcbd07153e6f10a623922247b131426347,4,210,100
2,ex2-s5-e1-a1-p08,96cea7ecfc65ba667160e3c4ba1c5edcbd07153e6f10a623922247b131426347,4,211,100
2,ex2-s5-e1-a1-p08,96cea7ecfc65ba667160e3c4ba1c5edcbd07153e6f10a623922247b131426347,4,212,0
2,ex2-s5-e1-a1-p08,96cea7ecfc65ba667160e3c4ba1c5edcbd07153e6f10a623922247b131426347,4,213,100
2,ex2-s5-e1-a1-p08,96cea7ecfc65ba667160e3c4ba1c5edcbd07153e6f10a623922247b131426347,4,214,100
2,ex2-s5-e1-a1-p08,96cea7ecfc65ba667160e3c4ba1c5edcbd07153e6f10a623922247b131426347,4,215,100
2,ex2-s5-e1-a1-p08,96cea7ecfc65ba667160e3c4ba1c5edcbd07153e6f10a623922247b131426347,4,216,100
2,ex2-s5-e1-a1-p08,96cea7ecfc65ba667160e3c4ba1c5edcbd07153e6f10a623922247b131426347,4,217,100
2,ex2-s5-e1-a1-p08,96cea7ecfc65ba667160e3c4ba1c5edcbd07153e6f10a623922247b131426347,4,218,0
2,ex2-s5-e1-a1-p08,96cea7ecfc65ba667160e3c4ba1c5edcbd07153e6f10a623922247b131426347,4,219,100
2,ex2-s5-e1-a1-p08,96cea7ecfc65ba667160e3c4ba1c5edcbd07153e6f10a623922247b131426347,4,220,100
2,ex2-s5-e1-a1-p08,96cea7ecfc65ba667160e3c4ba1c5edcbd07153e6f10a623922247b131426347,4,221,100
2,ex2-s5-e1-a1-p08,96cea7ecfc65ba667160e3c4ba1c5edcbd07153e6f10a623922247b131426347,4,222,100
2,ex2-s5-e1-a1-p08,96cea7ecfc65ba667160e3c4ba1c5edcbd07153e6f10a623922247b131426347,4,223,100
2,ex2-s5-e1-a1-p08,96cea7ecfc65ba667160e3c4ba1c5edcbd07153e6f10a623922247b131426347,4,224,0
2,ex2-s5-e1-a1-p08,96cea7ecfc65ba667160e3c4ba1c5edcbd07153e6f10a623922247b131426347,4,225,32700
2,ex2-s5-e1-a1-p08,96cea7ecfc65ba667160e3c4ba1c5edcbd07153e6f10a623922247b131426347,4,226,100
2,ex2-s5-e1-a1-p08,96cea7ecfc65ba667160e3c4ba1c5edcbd07153e6f10a623922247b131426347,4,227,100
2,ex2-s5-e1-a1-p08,96cea7ecfc65ba667160e3c4ba1c5edcbd07153e6f10a623922247b131426347,4,228,100
2,ex2-s5-e1-a1-p08,96cea7ecfc65ba667160e3c4ba1c5edcbd07153e6f10a623922247b131426347,4,229,0
2,ex2-s5-e1-a1-p08,96cea7ecfc65ba667160e3c4ba1c5edcbd07153e6f10a623922247b131426347,4,230,100
2,ex2-s5-e1-a1-p08,96cea7ecfc65ba667160e3c4ba1c5edcbd07153e6f10a623922247b131426347,4,231,100
2,ex2-s5-e1-a1-p08,96cea7ecfc65ba667160e3c4ba1c5edcbd07153e6f10a623922247b131426347,4,232,100
2,ex2-s5-e1-a1-p08,96cea7ecfc65ba667160e3c4ba1c5edcbd07153e6f10a623922247b131426347,4,233,100
2,ex2-s5-e1-a1-p08,96cea7ecfc65ba667160e3c4ba1c5edcbd07153e6f10a623922247b131426347,4,234,100
2,ex2-s5-e1-a1-p08,96cea7ecfc65ba667160e3c4ba1c5edcbd07153e6f10a623922247b131426347,4,235,0
2,ex2-s5-e1-a1-p08,96cea7ecfc65ba667160e3c4ba1c5edcbd07153e6f10a623922247b131426347,4,236,100
2,ex2-s5-e1-a1-p08,96cea7ecfc65ba667160e3c4ba1c5edcbd07153e6f10a623922247b131426347,4,237,100
2,ex2-s5-e1-a1-p08,96cea7ecfc65ba667160e3c4ba1c5edcbd07153e6f10a623922247b131426347,4,238,100
2,ex2-s5-e1-a1-p08,96cea7ecfc65ba667160e3c4ba1c5edcbd07153e6f10a623922247b131426347,4,239,100
2,ex2-s5-e1-a1-p08,96cea7ecfc65ba667160e3c4ba1c5edcbd07153e6f10a623922247b131426347,4,240,100
2,ex2-s5-e1-a1-p08,96cea7ecfc65ba667160e3c4ba1c5edcbd07153e6f10a623922247b131426347,4,241,0
2,ex2-s5-e1-a1-p08,96cea7ecfc65ba667160e3c4ba1c5edcbd07153e6f10a623922247b131426347,4,242,100
2,ex2-s5-e1-a1-p08,96cea7ecfc65ba667160e3c4ba1c5edcbd07153e6f10a623922247b131426347,4,243,100
2,ex2-s5-e1-a1-p08,96cea7ecfc65ba667160e3c4ba1c5edcbd07153e6f10a623922247b131426347,4,244,100
2,ex2-s5-e1-a1-p08,96cea7ecfc65ba667160e3c4ba1c5edcbd07153e6f10a623922247b131426347,4,245,100
2,ex2-s5-e1-a1-p08,96cea7ecfc65ba667160e3c4ba1c5edcbd07153e6f10a623922247b131426347,4,246,0
2,ex2-s5-e1-a1-p08,96cea7ecfc65ba667160e3c4ba1c5edcbd07153e6f10a623922247b131426347,4,247,100
2,ex2-s5-e1-a1-p08,96cea7ecfc65ba667160e3c4ba1c5edcbd07153e6f10a623922247b131426347,4,248,100
2,ex2-s5-e1-a1-p08,96cea7ecfc65ba667160e3c4ba1c5edcbd07153e6f10a623922247b131426347,4,249,100
2,ex2-s5-e1-a1-p08,96cea7ecfc65ba667160e3c4ba1c5edcbd07153e6f10a623922247b131426347,4,250,100
2,ex2-s5-e1-a1-p08,96cea7ecfc65ba667160e3c4ba1c5edcbd07153e6f10a623922247b131426347,4,251,100
2,ex2-s5-e1-a1-p08,96cea7ecfc65ba667160e3c4ba1c5edcbd07153e6f10a623922247b131426347,4,252,0
2,ex2-s5-e1-a1-p08,96cea7ecfc65ba667160e3c4ba1c5edcbd07153e6f10a623922247b131426347,4,253,100
2,ex2-s5-e1-a1-p08,96cea7ecfc65ba667160e3c4ba1c5edcbd07153e6f10a623922247b131426347,4,254,100
2,ex2-s5-e1-a1-p08,96cea7ecfc65ba667160e3c4ba1c5edcbd07153e6f10a623922247b131426347,4,255,100
2,ex2-s5-e1-a1-p08,96cea7ecfc65ba667160e3c4ba1c5edcbd07153e6f10a623922247b131426347,4,256,100
2,ex2-s5-e1-a1-p08,96cea7ecfc65ba667160e3c4ba1c5edcbd07153e6f10a623922247b131426347,4,257,0
2,ex2-s5-e1-a1-p08,96cea7ecfc65ba667160e3c4ba1c5edcbd07153e6f10a623922247b131426347,4,258,100
2,ex2-s5-e1-a1-p08,96cea7ecfc65ba667160e3c4ba1c5edcbd07153e6f10a623922247b131426347,4,259,100
2,ex2-s5-e1-a1-p08,96cea7ecfc65ba667160e3c4ba1c5edcbd07153e6f10a623922247b131426347,4,260,100
2,ex2-s5-e1-a1-p08,96cea7ecfc65ba667160e3c4ba1c5edcbd07153e6f10a623922247b131426347,4,261,100
2,ex2-s5-e1-a1-p08,96cea7ecfc65ba667160e3c4ba1c5edcbd07153e6f10a623922247b131426347,4,262,100
2,ex2-s5-e1-a1-p08,96cea7ecfc65ba667160e3c4ba1c5edcbd07153e6f10a623922247b131426347,4,263,0
2,ex2-s5-e1-a1-p08,96cea7ecfc65ba667160e3c4ba1c5edcbd07153e6f10a623922247b131426347,4,264,100
2,ex2-s5-e1-a1-p08,96cea7ecfc65ba667160e3c4ba1c5edcbd07153e6f10a623922247b131426347,4,265,100
2,ex2-s5-e1-a1-p08,96cea7ecfc65ba667160e3c4ba1c5edcbd07153e6f10a623922247b131426347,4,266,100
2,ex2-s5-e1-a1-p08,96cea7ecfc65ba667160e3c4ba1c5edcbd07153e6f10a623922247b131426347,4,267,100
2,ex2-s5-e1-a1-p08,96cea7ecfc65ba667160e3c4ba1c5edcbd07153e6f10a623922247b131426347,4,268,0
2,ex2-s5-e1-a1-p08,96cea7ecfc65ba667160e3c4ba1c5edcbd07153e6f10a623922247b131426347,4,269,100
2,ex2-s5-e1-a1-p08,96cea7ecfc65ba667160e3c4ba1c5edcbd07153e6f10a623922247b131426347,4,270,100
2,ex2-s5-e1-a1-p08,96cea7ecfc65ba667160e3c4ba1c5edcbd07153e6f10a623922247b131426347,4,271,100
2,ex2-s5-e1-a1-p08,96cea7ecfc65ba667160e3c4ba1c5edcbd07153e6f10a623922247b131426347,4,272,100
2,ex2-s5-e1-a1-p08,96cea7ecfc65ba667160e3c4ba1c5edcbd07153e6f10a623922247b131426347,4,273,100
2,ex2-s5-e1-a1-p08,96cea7ecfc65ba667160e3c4ba1c5edcbd07153e6f10a623922247b131426347,4,274,0
2,ex2-s5-e1-a1-p08,96cea7ecfc65ba667160e3c4ba1c5edcbd07153e6f10a623922247b131426347,4,275,100
2,ex2-s5-e1-a1-p08,96cea7ecfc65ba667160e3c4ba1c5edcbd07153e6f10a623922247b131426347,4,276,100
2,ex2-s5-e1-a1-p08,96cea7ecfc65ba667160e3c4ba1c5edcbd07153e6f10a623922247b131426347,4,277,100
2,ex2-s5-e1-a1-p08,96cea7ecfc65ba667160e3c4ba1c5edcbd07153e6f10a623922247b131426347,4,278,100
2,ex2-s5-e1-a1-p08,96cea7ecfc65ba667160e3c4ba1c5edcbd07153e6f10a623922247b131426347,4,279,0
2,ex2-s5-e1-a1-p08,96cea7ecfc65ba667160e3c4ba1c5edcbd07153e6f10a623922247b131426347,4,280,100
2,ex2-s5-e1-a1-p08,96cea7ecfc65ba667160e3c4ba1c5edcbd07153e6f10a623922247b131426347,4,281,100
2,ex2-s5-e1-a1-p08,96cea7ecfc65ba667160e3c4ba1c5edcbd07153e6f10a623922247b131426347,4,282,100
2,ex2-s5-e1-a1-p08,96cea7ecfc65ba667160e3c4ba1c5edcbd07153e6f10a623922247b131426347,4,283,100
2,ex2-s5-e1-a1-p08,96cea7ecfc65ba667160e3c4ba1c5edcbd07153e6f10a623922247b131426347,4,284,0
2,ex2-s5-e1-a1-p08,96cea7ecfc65ba667160e3c4ba1c5edcbd07153e6f10a623922247b131426347,4,285,100
2,ex2-s5-e1-a1-p08,96cea7ecfc65ba667160e3c4ba1c5edcbd07153e6f10a623922247b131426347,4,286,100
2,ex2-s5-e1-a1-p08,96cea7ecfc65ba667160e3c4ba1c5edcbd07153e6f10a623922247b131426347,4,287,100
2,ex2-s5-e1-a1-p08,96cea7ecfc65ba667160e3c4ba1c5edcbd07153e6f10a623922247b131426347,4,288,100
2,ex2-s5-e1-a1-p08,96cea7ecfc65ba667160e3c4ba1c5edcbd07153e6f10a623922247b131426347,4,289,0
2,ex2-s5-e1-a1-p08,96cea7ecfc65ba667160e3c4ba1c5edcbd07153e6f10a623922247b131426347,4,290,100
2,ex2-s5-e1-a1-p08,96cea7ecfc65ba667160e3c4ba1c5edcbd07153e6f10a623922247b131426347,4,291,100
2,ex2-s5-e1-a1-p08,96cea7ecfc65ba667160e3c4ba1c5edcbd07153e6f10a623922247b131426347,4,292,100
2,ex2-s5-e1-a1-p08,96cea7ecfc65ba667160e3c4ba1c5edcbd07153e6f10a623922247b131426347,4,293,100
2,ex2-s5-e1-a1-p08,96cea7ecfc65ba667160e3c4ba1c5edcbd07153e6f10a623922247b131426347,4,294,100
2,ex2-s5-e1-a1-p08,96cea7ecfc65ba667160e3c4ba1c5edcbd07153e6f10a623922247b131426347,4,295,0
2,ex2-s5-e1-a1-p08,96cea7ecfc65ba667160e3c4ba1c5edcbd07153e6f10a623922247b131426347,4,296,100
2,ex2-s5-e1-a1-p08,96cea7ecfc65ba667160e3c4ba1c5edcbd07153e6f10a623922247b131426347,4,297,100
2,ex2-s5-e1-a1-p08,96cea7ecfc65ba667160e3c4ba1c5edcbd07153e6f10a623922247b131426347,4,298,100
2,ex2-s5-e1-a1-p08,96cea7ecfc65ba667160e3c4ba1c5edcbd07153e6f10a623922247b131426347,4,299,100
2,ex2-s5-e1-a1-p08,96cea7ecfc65ba667160e3c4ba1c5edcbd07153e6f10a623922247b131426347,4,300,0
2,ex2-s5-e1-a1-p08,96cea7ecfc65ba667160e3c4ba1c5edcbd07153e6f10a623922247b131426347,4,301,100
2,ex2-s5-e1-a1-p08,96cea7ecfc65ba667160e3c4ba1c5edcbd07153e6f10a623922247b131426347,4,302,100
2,ex2-s5-e1-a1-p08,96cea7ecfc65ba667160e3c4ba1c5edcbd07153e6f10a623922247b131426347,4,303,100
2,ex2-s5-e1-a1-p08,96cea7ecfc65ba667160e3c4ba1c5edcbd07153e6f10a623922247b131426347,4,304,100
2,ex2-s5-e1-a1-p08,96cea7ecfc65ba667160e3c4ba1c5edcbd07153e6f10a623922247b131426347,4,305,100
2,ex2-s5-e1-a1-p08,96cea7ecfc65ba667160e3c4ba1c5edcbd07153e6f10a623922247b131426347,4,306,0
2,ex2-s5-e1-a1-p08,96cea7ecfc65ba667160e3c4ba1c5edcbd07153e6f10a623922247b131426347,4,307,100
2,ex2-s5-e1-a1-p08,96cea7ecfc65ba667160e3c4ba1c5edcbd07153e6f10a623922247b131426347,4,308,100
2,ex2-s5-e1-a1-p08,96cea7ecfc65ba667160e3c4ba1c5edcbd07153e6f10a623922247b131426347,4,309,100
2,ex2-s5-e1-a1-p08,96cea7ecfc65ba667160e3c4ba1c5edcbd07153e6f10a623922247b131426347,4,310,100
2,ex2-s5-e1-a1-p08,96cea7ecfc65ba667160e3c4ba1c5edcbd07153e6f10a623922247b131426347,4,311,0
2,ex2-s5-e1-a1-p08,96cea7ecfc65ba667160e3c4ba1c5edcbd07153e6f10a623922247b131426347,4,312,100
2,ex2-s5-e1-a1-p08,96cea7ecfc65ba667160e3c4ba1c5edcbd07153e6f10a623922247b131426347,4,313,100
2,ex2-s5-e1-a1-p08,96cea7ecfc65ba667160e3c4ba1c5edcbd07153e6f10a623922247b131426347,4,314,100
2,ex2-s5-e1-a1-p08,96cea7ecfc65ba667160e3c4ba1c5edcbd07153e6f10a623922247b131426347,4,315,100
2,ex2-s5-e1-a1-p08,96cea7ecfc65ba667160e3c4ba1c5edcbd07153e6f10a623922247b131426347,4,316,0
2,ex2-s5-e1-a1-p08,96cea7ecfc65ba667160e3c4ba1c5edcbd07153e6f10a623922247b131426347,4,317,100
2,ex2-s5-e1-a1-p08,96cea7ecfc65ba667160e3c4ba1c5edcbd07153e6f10a623922247b131426347,4,318,100
2,ex2-s5-e1-a1-p08,96cea7ecfc65ba667160e3c4ba1c5edcbd07153e6f10a623922247b131426347,4,319,100
2,ex2-s5-e1-a1-p08,96cea7ecfc65ba667160e3c4ba1c5edcbd07153e6f10a623922247b131426347,4,320,100
2,ex2-s5-e1-a1-p08,96cea7ecfc65ba667160e3c4ba1c5edcbd07153e6f10a623922247b131426347,4,321,100
2,ex2-s5-e1-a1-p08,96cea7ecfc65ba667160e3c4ba1c5edcbd07153e6f10a623922247b131426347,4,322,0
2,ex2-s5-e1-a1-p08,96cea7ecfc65ba667160e3c4ba1c5edcbd07153e6f10a623922247b131426347,4,323,100
2,ex2-s5-e1-a1-p08,96cea7ecfc65ba667160e3c4ba1c5edcbd07153e6f10a623922247b131426347,4,324,100
2,ex2-s5-e1-a1-p08,96cea7ecfc65ba667160e3c4ba1c5edcbd07153e6f10a623922247b131426347,4,325,100
2,ex2-s5-e1-a1-p08,96cea7ecfc65ba667160e3c4ba1c5edcbd07153e6f10a623922247b131426347,4,326,100
2,ex2-s5-e1-a1-p08,96cea7ecfc65ba667160e3c4ba1c5edcbd07153e6f10a623922247b131426347,4,327,100
2,ex2-s5-e1-a1-p08,96cea7ecfc65ba667160e3c4ba1c5edcbd07153e6f10a623922247b131426347,4,328,100
2,ex2-s5-e1-a1-p08,96cea7ecfc65ba667160e3c4ba1c5edcbd07153e6f10a623922247b131426347,4,329,0
2,ex2-s5-e1-a1-p08,96cea7ecfc65ba667160e3c4ba1c5edcbd07153e6f10a623922247b131426347,4,330,100
2,ex2-s5-e1-a1-p08,96cea7ecfc65ba667160e3c4ba1c5edcbd07153e6f10a623922247b131426347,4,331,100
2,ex2-s5-e1-a1-p08,96cea7ecfc65ba667160e3c4ba1c5edcbd07153e6f10a623922247b131426347,4,332,100
2,ex2-s5-e1-a1-p08,96cea7ecfc65ba667160e3c4ba1c5edcbd07153e6f10a623922247b131426347,4,333,100
2,ex2-s5-e1-a1-p08,96cea7ecfc65ba667160e3c4ba1c5edcbd07153e6f10a623922247b131426347,4,334,0
2,ex2-s5-e1-a1-p08,96cea7ecfc65ba667160e3c4ba1c5edcbd07153e6f10a623922247b131426347,4,335,100
2,ex2-s5-e1-a1-p08,96cea7ecfc65ba667160e3c4ba1c5edcbd07153e6f10a623922247b131426347,4,336,100
2,ex2-s5-e1-a1-p08,96cea7ecfc65ba667160e3c4ba1c5edcbd07153e6f10a623922247b131426347,4,337,100
2,ex2-s5-e1-a1-p08,96cea7ecfc65ba667160e3c4ba1c5edcbd07153e6f10a623922247b131426347,4,338,100
2,ex2-s5-e1-a1-p08,96cea7ecfc65ba667160e3c4ba1c5edcbd07153e6f10a623922247b131426347,4,339,0
2,ex2-s5-e1-a1-p08,96cea7ecfc65ba667160e3c4ba1c5edcbd07153e6f10a623922247b131426347,4,340,100
2,ex2-s5-e1-a1-p08,96cea7ecfc65ba667160e3c4ba1c5edcbd07153e6f10a623922247b131426347,4,341,100
2,ex2-s5-e1-a1-p08,96cea7ecfc65ba667160e3c4ba1c5edcbd07153e6f10a623922247b131426347,4,342,100
2,ex2-s5-e1-a1-p08,96cea7ecfc65ba667160e3c4ba1c5edcbd07153e6f10a623922247b131426347,4,343,100
2,ex2-s5-e1-a1-p08,96cea7ecfc65ba667160e3c4ba1c5edcbd07153e6f10a623922247b131426347,4,344,0
2,ex2-s5-e1-a1-p08,96cea7ecfc65ba667160e3c4ba1c5edcbd07153e6f10a623922247b131426347,4,345,100
2,ex2-s5-e1-a1-p08,96cea7ecfc65ba667160e3c4ba1c5edcbd07153e6f10a623922247b131426347,4,346,100
2,ex2-s5-e1-a1-p08,96cea7ecfc65ba667160e3c4ba1c5edcbd07153e6f10a623922247b131426347,4,347,100
2,ex2-s5-e1-a1-p08,96cea7ecfc65ba667160e3c4ba1c5edcbd07153e6f10a623922247b131426347,4,348,100
2,ex2-s5-e1-a1-p08,96cea7ecfc65ba667160e3c4ba1c5edcbd07153e6f10a623922247b131426347,4,349,100
2,ex2-s5-e1-a1-p08,96cea7ecfc65ba667160e3c4ba1c5edcbd07153e6f10a623922247b131426347,4,350,0
2,ex2-s5-e1-a1-p08,96cea7ecfc65ba667160e3c4ba1c5edcbd07153e6f10a623922247b131426347,4,351,100
2,ex2-s5-e1-a1-p08,96cea7ecfc65ba667160e3c4ba1c5edcbd07153e6f10a623922247b131426347,4,352,100
2,ex2-s5-e1-a1-p08,96cea7ecfc65ba667160e3c4ba1c5edcbd07153e6f10a623922247b131426347,4,353,100
2,ex2-s5-e1-a1-p08,96cea7ecfc65ba667160e3c4ba1c5edcbd07153e6f10a623922247b131426347,4,354,100
2,ex2-s5-e1-a1-p08,96cea7ecfc65ba667160e3c4ba1c5edcbd07153e6f10a623922247b131426347,4,355,0
2,ex2-s5-e1-a1-p08,96cea7ecfc65ba667160e3c4ba1c5edcbd07153e6f10a623922247b131426347,4,356,100
2,ex2-s5-e1-a1-p08,96cea7ecfc65ba667160e3c4ba1c5edcbd07153e6f10a623922247b131426347,4,357,100
2,ex2-s5-e1-a1-p08,96cea7ecfc65ba667160e3c4ba1c5edcbd07153e6f10a623922247b131426347,4,358,100
2,ex2-s5-e1-a1-p08,96cea7ecfc65ba667160e3c4ba1c5edcbd07153e6f10a623922247b131426347,4,359,100
2,ex2-s5-e1-a1-p08,96cea7ecfc65ba667160e3c4ba1c5edcbd07153e6f10a623922247b131426347,4,360,100
2,ex2-s5-e1-a1-p08,96cea7ecfc65ba667160e3c4ba1c5edcbd07153e6f10a623922247b131426347,4,361,0
2,ex2-s5-e1-a1-p08,96cea7ecfc65ba667160e3c4ba1c5edcbd07153e6f10a623922247b131426347,4,362,100
2,ex2-s5-e1-a1-p08,96cea7ecfc65ba667160e3c4ba1c5edcbd07153e6f10a623922247b131426347,4,363,100
2,ex2-s5-e1-a1-p08,96cea7ecfc65ba667160e3c4ba1c5edcbd07153e6f10a623922247b131426347,4,364,100
2,ex2-s5-e1-a1-p08,96cea7ecfc65ba667160e3c4ba1c5edcbd07153e6f10a623922247b131426347,4,365,100
2,ex2-s5-e1-a1-p08,96cea7ecfc65ba667160e3c4ba1c5edcbd07153e6f10a623922247b131426347,4,366,0
2,ex2-s5-e1-a1-p08,96cea7ecfc65ba667160e3c4ba1c5edcbd07153e6f10a623922247b131426347,4,367,100
2,ex2-s5-e1-a1-p08,96cea7ecfc65ba667160e3c4ba1c5edcbd07153e6f10a623922247b131426347,4,368,100
2,ex2-s5-e1-a1-p08,96cea7ecfc65ba667160e3c4ba1c5edcbd07153e6f10a623922247b131426347,4,369,100
2,ex2-s5-e1-a1-p08,96cea7ecfc65ba667160e3c4ba1c5edcbd07153e6f10a623922247b131426347,4,370,100
2,ex2-s5-e1-a1-p08,96cea7ecfc65ba667160e3c4ba1c5edcbd07153e6f10a623922247b131426347,4,371,0
2,ex2-s5-e1-a1-p08,96cea7ecfc65ba667160e3c4ba1c5edcbd07153e6f10a623922247b131426347,4,372,100
2,ex2-s5-e1-a1-p08,96cea7ecfc65ba667160e3c4ba1c5edcbd07153e6f10a623922247b131426347,4,373,100
2,ex2-s5-e1-a1-p08,96cea7ecfc65ba667160e3c4ba1c5edcbd07153e6f10a623922247b131426347,4,374,100
2,ex2-s5-e1-a1-p08,96cea7ecfc65ba667160e3c4ba1c5edcbd07153e6f10a623922247b131426347,4,375,100
2,ex2-s5-e1-a1-p08,96cea7ecfc65ba667160e3c4ba1c5edcbd07153e6f10a623922247b131426347,4,376,100
2,ex2-s5-e1-a1-p08,96cea7ecfc65ba667160e3c4ba1c5edcbd07153e6f10a623922247b131426347,4,377,0
2,ex2-s5-e1-a1-p08,96cea7ecfc65ba667160e3c4ba1c5edcbd07153e6f10a623922247b131426347,4,378,100
2,ex2-s5-e1-a1-p08,96cea7ecfc65ba667160e3c4ba1c5edcbd07153e6f10a623922247b131426347,4,379,100
2,ex2-s5-e1-a1-p08,96cea7ecfc65ba667160e3c4ba1c5edcbd07153e6f10a623922247b131426347,4,380,100
2,ex2-s5-e1-a1-p08,96cea7ecfc65ba667160e3c4ba1c5edcbd07153e6f10a623922247b131426347,4,381,100
2,ex2-s5-e1-a1-p08,96cea7ecfc65ba667160e3c4ba1c5edcbd07153e6f10a623922247b131426347,4,382,0
2,ex2-s5-e1-a1-p08,96cea7ecfc65ba667160e3c4ba1c5edcbd07153e6f10a623922247b131426347,4,383,100
2,ex2-s5-e1-a1-p08,96cea7ecfc65ba667160e3c4ba1c5edcbd07153e6f10a623922247b131426347,4,384,100
2,ex2-s5-e1-a1-p08,96cea7ecfc65ba667160e3c4ba1c5edcbd07153e6f10a623922247b131426347,4,385,100
2,ex2-s5-e1-a1-p08,96cea7ecfc65ba667160e3c4ba1c5edcbd07153e6f10a623922247b131426347,4,386,100
2,ex2-s5-e1-a1-p08,96cea7ecfc65ba667160e3c4ba1c5edcbd07153e6f10a623922247b131426347,4,387,0
2,ex2-s5-e1-a1-p08,96cea7ecfc65ba667160e3c4ba1c5edcbd07153e6f10a623922247b131426347,4,388,100
2,ex2-s5-e1-a1-p08,96cea7ecfc65ba667160e3c4ba1c5edcbd07153e6f10a623922247b131426347,4,389,100
2,ex2-s5-e1-a1-p08,96cea7ecfc65ba667160e3c4ba1c5edcbd07153e6f10a623922247b131426347,4,390,100
2,ex2-s5-e1-a1-p08,96cea7ecfc65ba667160e3c4ba1c5edcbd07153e6f10a623922247b131426347,4,391,100
2,ex2-s5-e1-a1-p08,96cea7ecfc65ba667160e3c4ba1c5edcbd07153e6f10a623922247b131426347,4,392,100
2,ex2-s5-e1-a1-p08,96cea7ecfc65ba667160e3c4ba1c5edcbd07153e6f10a623922247b131426347,4,393,0
2,ex2-s5-e1-a1-p08,96cea7ecfc65ba667160e3c4ba1c5edcbd07153e6f10a623922247b131426347,4,394,100
2,ex2-s5-e1-a1-p08,96cea7ecfc65ba667160e3c4ba1c5edcbd07153e6f10a623922247b131426347,4,395,100
2,ex2-s5-e1-a1-p08,96cea7ecfc65ba667160e3c4ba1c5edcbd07153e6f10a623922247b131426347,4,396,100
2,ex2-s5-e1-a1-p08,96cea7ecfc65ba667160e3c4ba1c5edcbd07153e6f10a623922247b131426347,4,397,100
2,ex2-s5-e1-a1-p08,96cea7ecfc65ba667160e3c4ba1c5edcbd07153e6f10a623922247b131426347,4,398,0
2,ex2-s5-e1-a1-p08,96cea7ecfc65ba667160e3c4ba1c5edcbd07153e6f10a623922247b131426347,4,399,100
2,ex2-s5-e1-a1-p08,96cea7ecfc65ba667160e3c4ba1c5edcbd07153e6f10a623922247b131426347,4,400,100
2,ex2-s5-e1-a1-p08,96cea7ecfc65ba667160e3c4ba1c5edcbd07153e6f10a623922247b131426347,4,401,100
2,ex2-s5-e1-a1-p08,96cea7ecfc65ba667160e3c4ba1c5edcbd07153e6f10a623922247b131426347,4,402,100
2,ex2-s5-e1-a1-p08,96cea7ecfc65ba667160e3c4ba1c5edcbd07153e6f10a623922247b131426347,4,403,100
2,ex2-s5-e1-a1-p08,96cea7ecfc65ba667160e3c4ba1c5edcbd07153e6f10a623922247b131426347,4,404,0
2,ex2-s5-e1-a1-p08,96cea7ecfc65ba667160e3c4ba1c5edcbd07153e6f10a623922247b131426347,4,405,100
2,ex2-s5-e1-a1-p08,96cea7ecfc65ba667160e3c4ba1c5edcbd07153e6f10a623922247b131426347,4,406,100
2,ex2-s5-e1-a1-p08,96cea7ecfc65ba667160e3c4ba1c5edcbd07153e6f10a623922247b131426347,4,407,100
2,ex2-s5-e1-a1-p08,96cea7ecfc65ba667160e3c4ba1c5edcbd07153e6f10a623922247b131426347,4,408,100
2,ex2-s5-e1-a1-p08,96cea7ecfc65ba667160e3c4ba1c5edcbd07153e6f10a623922247b131426347,4,409,0
2,ex2-s5-e1-a1-p08,96cea7ecfc65ba667160e3c4ba1c5edcbd07153e6f10a623922247b131426347,4,410,100
2,ex2-s5-e1-a1-p08,96cea7ecfc65ba667160e3c4ba1c5edcbd07153e6f10a623922247b131426347,4,411,100
2,ex2-s5-e1-a1-p08,96cea7ecfc65ba667160e3c4ba1c5edcbd07153e6f10a623922247b131426347,4,412,100
2,ex2-s5-e1-a1-p08,96cea7ecfc65ba667160e3c4ba1c5edcbd07153e6f10a623922247b131426347,4,413,100
2,ex2-s5-e1-a1-p08,96cea7ecfc65ba667160e3c4ba1c5edcbd07153e6f10a623922247b131426347,4,414,0
2,ex2-s5-e1-a1-p08,96cea7ecfc65ba667160e3c4ba1c5edcbd07153e6f10a623922247b131426347,4,415,100
2,ex2-s5-e1-a1-p08,96cea7ecfc65ba667160e3c4ba1c5edcbd07153e6f10a623922247b131426347,4,416,100
2,ex2-s5-e1-a1-p08,96cea7ecfc65ba667160e3c4ba1c5edcbd07153e6f10a623922247b131426347,4,417,100
2,ex2-s5-e1-a1-p08,96cea7ecfc65ba667160e3c4ba1c5edcbd07153e6f10a623922247b131426347,4,418,100
2,ex2-s5-e1-a1-p08,96cea7ecfc65ba667160e3c4ba1c5edcbd07153e6f10a623922247b131426347,4,419,100
2,ex2-s5-e1-a1-p08,96cea7ecfc65ba667160e3c4ba1c5edcbd07153e6f10a623922247b131426347,4,420,0
2,ex2-s5-e1-a1-p08,96cea7ecfc65ba667160e3c4ba1c5edcbd07153e6f10a623922247b131426347,4,421,100
2,ex2-s5-e1-a1-p08,96cea7ecfc65ba667160e3c4ba1c5edcbd07153e6f10a623922247b131426347,4,422,100
2,ex2-s5-e1-a1-p08,96cea7ecfc65ba667160e3c4ba1c5edcbd07153e6f10a623922247b131426347,4,423,100
2,ex2-s5-e1-a1-p08,96cea7ecfc65ba667160e3c4ba1c5edcbd07153e6f10a623922247b131426347,4,424,100
2,ex2-s5-e1-a1-p08,96cea7ecfc65ba667160e3c4ba1c5edcbd07153e6f10a623922247b131426347,4,425,0
2,ex2-s5-e1-a1-p08,96cea7ecfc65ba667160e3c4ba1c5edcbd07153e6f10a623922247b131426347,4,426,100
2,ex2-s5-e1-a1-p08,96cea7ecfc65ba667160e3c4ba1c5edcbd07153e6f10a623922247b131426347,4,427,100
2,ex2-s5-e1-a1-p08,96cea7ecfc65ba667160e3c4ba1c5edcbd07153e6f10a623922247b131426347,4,428,100
2,ex2-s5-e1-a1-p08,96cea7ecfc65ba667160e3c4ba1c5edcbd07153e6f10a623922247b131426347,4,429,100
2,ex2-s5-e1-a1-p08,96cea7ecfc65ba667160e3c4ba1c5edcbd07153e6f10a623922247b131426347,4,430,100
2,ex2-s5-e1-a1-p08,96cea7ecfc65ba667160e3c4ba1c5edcbd07153e6f10a623922247b131426347,4,431,0
2,ex2-s5-e1-a1-p08,96cea7ecfc65ba667160e3c4ba1c5edcbd07153e6f10a623922247b131426347,4,432,100
2,ex2-s5-e1-a1-p08,96cea7ecfc65ba667160e3c4ba1c5edcbd07153e6f10a623922247b131426347,4,433,100
2,ex2-s5-e1-a1-p08,96cea7ecfc65ba667160e3c4ba1c5edcbd07153e6f10a623922247b131426347,4,434,100
2,ex2-s5-e1-a1-p08,96cea7ecfc65ba667160e3c4ba1c5edcbd07153e6f10a623922247b131426347,4,435,100
2,ex2-s5-e1-a1-p08,96cea7ecfc65ba667160e3c4ba1c5edcbd07153e6f10a623922247b131426347,4,436,0
2,ex2-s5-e1-a1-p08,96cea7ecfc65ba667160e3c4ba1c5edcbd07153e6f10a623922247b131426347,4,437,100
2,ex2-s5-e1-a1-p08,96cea7ecfc65ba667160e3c4ba1c5edcbd07153e6f10a623922247b131426347,4,438,100
2,ex2-s5-e1-a1-p08,96cea7ecfc65ba667160e3c4ba1c5edcbd07153e6f10a623922247b131426347,4,439,100
2,ex2-s5-e1-a1-p08,96cea7ecfc65ba667160e3c4ba1c5edcbd07153e6f10a623922247b131426347,4,440,100
2,ex2-s5-e1-a1-p08,96cea7ecfc65ba667160e3c4ba1c5edcbd07153e6f10a623922247b131426347,4,441,0
2,ex2-s5-e1-a1-p08,96cea7ecfc65ba667160e3c4ba1c5edcbd07153e6f10a623922247b131426347,4,442,100
2,ex2-s5-e1-a1-p08,96cea7ecfc65ba667160e3c4ba1c5edcbd07153e6f10a623922247b131426347,4,443,100
2,ex2-s5-e1-a1-p08,96cea7ecfc65ba667160e3c4ba1c5edcbd07153e6f10a623922247b131426347,4,444,100
2,ex2-s5-e1-a1-p08,96cea7ecfc65ba667160e3c4ba1c5edcbd07153e6f10a623922247b131426347,4,445,100
2,ex2-s5-e1-a1-p08,96cea7ecfc65ba667160e3c4ba1c5edcbd07153e6f10a623922247b131426347,4,446,100
2,ex2-s5-e1-a1-p08,96cea7ecfc65ba667160e3c4ba1c5edcbd07153e6f10a623922247b131426347,4,447,0
2,ex2-s5-e1-a1-p08,96cea7ecfc65ba667160e3c4ba1c5edcbd07153e6f10a623922247b131426347,4,448,100
2,ex2-s5-e1-a1-p08,96cea7ecfc65ba667160e3c4ba1c5edcbd07153e6f10a623922247b131426347,4,449,100
2,ex2-s5-e1-a1-p08,96cea7ecfc65ba667160e3c4ba1c5edcbd07153e6f10a623922247b131426347,4,450,100
2,ex2-s5-e1-a1-p08,96cea7ecfc65ba667160e3c4ba1c5edcbd07153e6f10a623922247b131426347,4,451,100
2,ex2-s5-e1-a1-p08,96cea7ecfc65ba667160e3c4ba1c5edcbd07153e6f10a623922247b131426347,4,452,0
2,ex2-s5-e1-a1-p08,96cea7ecfc65ba667160e3c4ba1c5edcbd07153e6f10a623922247b131426347,4,453,100
2,ex2-s5-e1-a1-p08,96cea7ecfc65ba667160e3c4ba1c5edcbd07153e6f10a623922247b131426347,4,454,100
2,ex2-s5-e1-a1-p08,96cea7ecfc65ba667160e3c4ba1c5edcbd07153e6f10a623922247b131426347,4,455,100
2,ex2-s5-e1-a1-p08,96cea7ecfc65ba667160e3c4ba1c5edcbd07153e6f10a623922247b131426347,4,456,100
2,ex2-s5-e1-a1-p08,96cea7ecfc65ba667160e3c4ba1c5edcbd07153e6f10a623922247b131426347,4,457,100
2,ex2-s5-e1-a1-p08,96cea7ecfc65ba667160e3c4ba1c5edcbd07153e6f10a623922247b131426347,4,458,0
2,ex2-s5-e1-a1-p08,96cea7ecfc65ba667160e3c4ba1c5edcbd07153e6f10a623922247b131426347,4,459,100
2,ex2-s5-e1-a1-p08,96cea7ecfc65ba667160e3c4ba1c5edcbd07153e6f10a623922247b131426347,4,460,100
2,ex2-s5-e1-a1-p08,96cea7ecfc65ba667160e3c4ba1c5edcbd07153e6f10a623922247b131426347,4,461,100
2,ex2-s5-e1-a1-p08,96cea7ecfc65ba667160e3c4ba1c5edcbd07153e6f10a623922247b131426347,4,462,100
2,ex2-s5-e1-a1-p08,96cea7ecfc65ba667160e3c4ba1c5edcbd07153e6f10a623922247b131426347,4,463,0
2,ex2-s5-e1-a1-p08,96cea7ecfc65ba667160e3c4ba1c5edcbd07153e6f10a623922247b131426347,4,464,100
2,ex2-s5-e1-a1-p08,96cea7ecfc65ba667160e3c4ba1c5edcbd07153e6f10a623922247b131426347,4,465,100
2,ex2-s5-e1-a1-p08,96cea7ecfc65ba667160e3c4ba1c5edcbd07153e6f10a623922247b131426347,4,466,100
2,ex2-s5-e1-a1-p08,96cea7ecfc65ba667160e3c4ba1c5edcbd07153e6f10a623922247b131426347,4,467,100
2,ex2-s5-e1-a1-p08,96cea7ecfc65ba667160e3c4ba1c5edcbd07153e6f10a623922247b131426347,4,468,100
2,ex2-s5-e1-a1-p08,96cea7ecfc65ba667160e3c4ba1c5edcbd07153e6f10a623922247b131426347,4,469,0
2,ex2-s5-e1-a1-p08,96cea7ecfc65ba667160e3c4ba1c5edcbd07153e6f10a623922247b131426347,4,470,100
2,ex2-s5-e1-a1-p08,96cea7ecfc65ba667160e3c4ba1c5edcbd07153e6f10a623922247b131426347,4,471,100
2,ex2-s5-e1-a1-p08,96cea7ecfc65ba667160e3c4ba1c5edcbd07153e6f10a623922247b131426347,4,472,100
2,ex2-s5-e1-a1-p08,96cea7ecfc65ba667160e3c4ba1c5edcbd07153e6f10a623922247b131426347,4,473,100
2,ex2-s5-e1-a1-p08,96cea7ecfc65ba667160e3c4ba1c5edcbd07153e6f10a623922247b131426347,4,474,0
2,ex2-s5-e1-a1-p08,96cea7ecfc65ba667160e3c4ba1c5edcbd07153e6f10a623922247b131426347,4,475,100
2,ex2-s5-e1-a1-p08,96cea7ecfc65ba667160e3c4ba1c5edcbd07153e6f10a623922247b131426347,4,476,100
2,ex2-s5-e1-a1-p08,96cea7ecfc65ba667160e3c4ba1c5edcbd07153e6f10a623922247b131426347,4,477,100
2,ex2-s5-e1-a1-p08,96cea7ecfc65ba667160e3c4ba1c5edcbd07153e6f10a623922247b131426347,4,478,100
2,ex2-s5-e1-a1-p08,96cea7ecfc65ba667160e3c4ba1c5edcbd07153e6f10a623922247b131426347,4,479,100
2,ex2-s5-e1-a1-p08,96cea7ecfc65ba667160e3c4ba1c5edcbd07153e6f10a623922247b131426347,4,480,0
2,ex2-s5-e1-a1-p08,96cea7ecfc65ba667160e3c4ba1c5edcbd07153e6f10a623922247b131426347,4,481,100
2,ex2-s5-e1-a1-p08,96cea7ecfc65ba667160e3c4ba1c5edcbd07153e6f10a623922247b131426347,4,482,100
2,ex2-s5-e1-a1-p08,96cea7ecfc65ba667160e3c4ba1c5edcbd07153e6f10a623922247b131426347,4,483,100
2,ex2-s5-e1-a1-p08,96cea7ecfc65ba667160e3c4ba1c5edcbd07153e6f10a623922247b131426347,4,484,100
2,ex2-s5-e1-a1-p08,96cea7ecfc65ba667160e3c4ba1c5edcbd07153e6f10a623922247b131426347,4,485,0
2,ex2-s5-e1-a1-p08,96cea7ecfc65ba667160e3c4ba1c5edcbd07153e6f10a623922247b131426347,4,486,100
2,ex2-s5-e1-a1-p08,96cea7ecfc65ba667160e3c4ba1c5edcbd07153e6f10a623922247b131426347,4,487,100
2,ex2-s5-e1-a1-p08,96cea7ecfc65ba667160e3c4ba1c5edcbd07153e6f10a623922247b131426347,4,488,100
2,ex2-s5-e1-a1-p08,96cea7ecfc65ba667160e3c4ba1c5edcbd07153e6f10a623922247b131426347,4,489,100
2,ex2-s5-e1-a1-p08,96cea7ecfc65ba667160e3c4ba1c5edcbd07153e6f10a623922247b131426347,4,490,100
2,ex2-s5-e1-a1-p08,96cea7ecfc65ba667160e3c4ba1c5edcbd07153e6f10a623922247b131426347,4,491,0
2,ex2-s5-e1-a1-p08,96cea7ecfc65ba667160e3c4ba1c5edcbd07153e6f10a623922247b131426347,4,492,100
2,ex2-s5-e1-a1-p08,96cea7ecfc65ba667160e3c4ba1c5edcbd07153e6f10a623922247b131426347,4,493,100
2,ex2-s5-e1-a1-p08,96cea7ecfc65ba667160e3c4ba1c5edcbd07153e6f10a623922247b131426347,4,494,100
2,ex2-s5-e1-a1-p08,96cea7ecfc65ba667160e3c4ba1c5edcbd07153e6f10a623922247b131426347,4,495,100
2,ex2-s5-e1-a1-p08,96cea7ecfc65ba667160e3c4ba1c5edcbd07153e6f10a623922247b131426347,4,496,100
2,ex2-s5-e1-a1-p08,96cea7ecfc65ba667160e3c4ba1c5edcbd07153e6f10a623922247b131426347,4,497,0
2,ex2-s5-e1-a1-p08,96cea7ecfc65ba667160e3c4ba1c5edcbd07153e6f10a623922247b131426347,4,498,100
2,ex2-s5-e1-a1-p08,96cea7ecfc65ba667160e3c4ba1c5edcbd07153e6f10a623922247b131426347,4,499,100
2,ex2-s5-e1-a1-p08,96cea7ecfc65ba667160e3c4ba1c5edcbd07153e6f10a623922247b131426347,4,500,100
2,ex2-s5-e1-a1-p08,96cea7ecfc65ba667160e3c4ba1c5edcbd07153e6f10a623922247b131426347,4,501,100
2,ex2-s5-e1-a1-p08,96cea7ecfc65ba667160e3c4ba1c5edcbd07153e6f10a623922247b131426347,4,502,0
2,ex2-s5-e1-a1-p08,96cea7ecfc65ba667160e3c4ba1c5edcbd07153e6f10a623922247b131426347,4,503,100
2,ex2-s5-e1-a1-p08,96cea7ecfc65ba667160e3c4ba1c5edcbd07153e6f10a623922247b131426347,4,504,100
2,ex2-s5-e1-a1-p08,96cea7ecfc65ba667160e3c4ba1c5edcbd07153e6f10a623922247b131426347,4,505,100
2,ex2-s5-e1-a1-p08,96cea7ecfc65ba667160e3c4ba1c5edcbd07153e6f10a623922247b131426347,4,506,100
2,ex2-s5-e1-a1-p08,96cea7ecfc65ba667160e3c4ba1c5edcbd07153e6f10a623922247b131426347,4,507,100
2,ex2-s5-e1-a1-p08,96cea7ecfc65ba667160e3c4ba1c5edcbd07153e6f10a623922247b131426347,4,508,0
2,ex2-s5-e1-a1-p08,96cea7ecfc65ba667160e3c4ba1c5edcbd07153e6f10a623922247b131426347,4,509,100
2,ex2-s5-e1-a1-p08,96cea7ecfc65ba667160e3c4ba1c5edcbd07153e6f10a623922247b131426347,4,510,100
2,ex2-s5-e1-a1-p08,96cea7ecfc65ba667160e3c4ba1c5edcbd07153e6f10a623922247b131426347,4,511,100
2,ex2-s5-e1-a1-p08,96cea7ecfc65ba667160e3c4ba1c5edcbd07153e6f10a623922247b131426347,4,512,100
2,ex2-s5-e1-a1-p08,96cea7ecfc65ba667160e3c4ba1c5edcbd07153e6f10a623922247b131426347,4,513,100
2,ex2-s5-e1-a1-p08,96cea7ecfc65ba667160e3c4ba1c5edcbd07153e6f10a623922247b131426347,4,514,0
2,ex2-s5-e1-a1-p08,96cea7ecfc65ba667160e3c4ba1c5edcbd07153e6f10a623922247b131426347,4,515,100
2,ex2-s5-e1-a1-p08,96cea7ecfc65ba667160e3c4ba1c5edcbd07153e6f10a623922247b131426347,4,516,100
2,ex2-s5-e1-a1-p08,96cea7ecfc65ba667160e3c4ba1c5edcbd07153e6f10a623922247b131426347,4,517,100
2,ex2-s5-e1-a1-p08,96cea7ecfc65ba667160e3c4ba1c5edcbd07153e6f10a623922247b131426347,4,518,100
2,ex2-s5-e1-a1-p08,96cea7ecfc65ba667160e3c4ba1c5edcbd07153e6f10a623922247b131426347,4,519,0
2,ex2-s5-e1-a1-p08,96cea7ecfc65ba667160e3c4ba1c5edcbd07153e6f10a623922247b131426347,4,520,100
2,ex2-s5-e1-a1-p08,96cea7ecfc65ba667160e3c4ba1c5edcbd07153e6f10a623922247b131426347,4,521,100
2,ex2-s5-e1-a1-p08,96cea7ecfc65ba667160e3c4ba1c5edcbd07153e6f10a623922247b131426347,4,522,100
2,ex2-s5-e1-a1-p08,96cea7ecfc65ba667160e3c4ba1c5edcbd07153e6f10a623922247b131426347,4,523,100
2,ex2-s5-e1-a1-p08,96cea7ecfc65ba667160e3c4ba1c5edcbd07153e6f10a623922247b131426347,4,524,100
2,ex2-s5-e1-a1-p08,96cea7ecfc65ba667160e3c4ba1c5edcbd07153e6f10a623922247b131426347,4,525,0
2,ex2-s5-e1-a1-p08,96cea7ecfc65ba667160e3c4ba1c5edcbd07153e6f10a623922247b131426347,4,526,100
2,ex2-s5-e1-a1-p08,96cea7ecfc65ba667160e3c4ba1c5edcbd07153e6f10a623922247b131426347,4,527,100
2,ex2-s5-e1-a1-p08,96cea7ecfc65ba667160e3c4ba1c5edcbd07153e6f10a623922247b131426347,4,528,100
2,ex2-s5-e1-a1-p08,96cea7ecfc65ba667160e3c4ba1c5edcbd07153e6f10a623922247b131426347,4,529,100
2,ex2-s5-e1-a1-p08,96cea7ecfc65ba667160e3c4ba1c5edcbd07153e6f10a623922247b131426347,4,530,100
2,ex2-s5-e1-a1-p08,96cea7ecfc65ba667160e3c4ba1c5edcbd07153e6f10a623922247b131426347,4,531,0
2,ex2-s5-e1-a1-p08,96cea7ecfc65ba667160e3c4ba1c5edcbd07153e6f10a623922247b131426347,4,532,100
2,ex2-s5-e1-a1-p08,96cea7ecfc65ba667160e3c4ba1c5edcbd07153e6f10a623922247b131426347,4,533,100
2,ex2-s5-e1-a1-p08,96cea7ecfc65ba667160e3c4ba1c5edcbd07153e6f10a623922247b131426347,4,534,100
2,ex2-s5-e1-a1-p08,96cea7ecfc65ba667160e3c4ba1c5edcbd07153e6f10a623922247b131426347,4,535,100
2,ex2-s5-e1-a1-p08,96cea7ecfc65ba667160e3c4ba1c5edcbd07153e6f10a623922247b131426347,4,536,0
2,ex2-s5-e1-a1-p08,96cea7ecfc65ba667160e3c4ba1c5edcbd07153e6f10a623922247b131426347,4,537,100
2,ex2-s5-e1-a1-p08,96cea7ecfc65ba667160e3c4ba1c5edcbd07153e6f10a623922247b131426347,4,538,100
2,ex2-s5-e1-a1-p08,96cea7ecfc65ba667160e3c4ba1c5edcbd07153e6f10a623922247b131426347,4,539,100
2,ex2-s5-e1-a1-p08,96cea7ecfc65ba667160e3c4ba1c5edcbd07153e6f10a623922247b131426347,4,540,100
2,ex2-s5-e1-a1-p08,96cea7ecfc65ba667160e3c4ba1c5edcbd07153e6f10a623922247b131426347,4,541,100
2,ex2-s5-e1-a1-p08,96cea7ecfc65ba667160e3c4ba1c5edcbd07153e6f10a623922247b131426347,4,542,0
2,ex2-s5-e1-a1-p08,96cea7ecfc65ba667160e3c4ba1c5edcbd07153e6f10a623922247b131426347,4,543,100
2,ex2-s5-e1-a1-p08,96cea7ecfc65ba667160e3c4ba1c5edcbd07153e6f10a623922247b131426347,4,544,100
2,ex2-s5-e1-a1-p08,96cea7ecfc65ba667160e3c4ba1c5edcbd07153e6f10a623922247b131426347,4,545,100
2,ex2-s5-e1-a1-p08,96cea7ecfc65ba667160e3c4ba1c5edcbd07153e6f10a623922247b131426347,4,546,100
2,ex2-s5-e1-a1-p08,96cea7ecfc65ba667160e3c4ba1c5edcbd07153e6f10a623922247b131426347,4,547,100
2,ex2-s5-e1-a1-p08,96cea7ecfc65ba667160e3c4ba1c5edcbd07153e6f10a623922247b131426347,4,548,0
2,ex2-s5-e1-a1-p08,96cea7ecfc65ba667160e3c4ba1c5edcbd07153e6f10a623922247b131426347,4,549,100
2,ex2-s5-e1-a1-p08,96cea7ecfc65ba667160e3c4ba1c5edcbd07153e6f10a623922247b131426347,4,550,100
2,ex2-s5-e1-a1-p08,96cea7ecfc65ba667160e3c4ba1c5edcbd07153e6f10a623922247b131426347,4,551,100
2,ex2-s5-e1-a1-p08,96cea7ecfc65ba667160e3c4ba1c5edcbd07153e6f10a623922247b131426347,4,552,100
2,ex2-s5-e1-a1-p08,96cea7ecfc65ba667160e3c4ba1c5edcbd07153e6f10a623922247b131426347,4,553,0
2,ex2-s5-e1-a1-p08,96cea7ecfc65ba667160e3c4ba1c5edcbd07153e6f10a623922247b131426347,4,554,100
2,ex2-s5-e1-a1-p08,96cea7ecfc65ba667160e3c4ba1c5edcbd07153e6f10a623922247b131426347,4,555,100
2,ex2-s5-e1-a1-p08,96cea7ecfc65ba667160e3c4ba1c5edcbd07153e6f10a623922247b131426347,4,556,100
2,ex2-s5-e1-a1-p08,96cea7ecfc65ba667160e3c4ba1c5edcbd07153e6f10a623922247b131426347,4,557,100
2,ex2-s5-e1-a1-p08,96cea7ecfc65ba667160e3c4ba1c5edcbd07153e6f10a623922247b131426347,4,558,0
2,ex2-s5-e1-a1-p08,96cea7ecfc65ba667160e3c4ba1c5edcbd07153e6f10a623922247b131426347,4,559,100
2,ex2-s5-e1-a1-p08,96cea7ecfc65ba667160e3c4ba1c5edcbd07153e6f10a623922247b131426347,4,560,100
2,ex2-s5-e1-a1-p08,96cea7ecfc65ba667160e3c4ba1c5edcbd07153e6f10a623922247b131426347,4,561,100
2,ex2-s5-e1-a1-p08,96cea7ecfc65ba667160e3c4ba1c5edcbd07153e6f10a623922247b131426347,4,562,100
2,ex2-s5-e1-a1-p08,96cea7ecfc65ba667160e3c4ba1c5edcbd07153e6f10a623922247b131426347,4,563,100
2,ex2-s5-e1-a1-p08,96cea7ecfc65ba667160e3c4ba1c5edcbd07153e6f10a623922247b131426347,4,564,0
2,ex2-s5-e1-a1-p08,96cea7ecfc65ba667160e3c4ba1c5edcbd07153e6f10a623922247b131426347,4,565,100
2,ex2-s5-e1-a1-p08,96cea7ecfc65ba667160e3c4ba1c5edcbd07153e6f10a623922247b131426347,4,566,100
2,ex2-s5-e1-a1-p08,96cea7ecfc65ba667160e3c4ba1c5edcbd07153e6f10a623922247b131426347,4,567,100
2,ex2-s5-e1-a1-p08,96cea7ecfc65ba667160e3c4ba1c5edcbd07153e6f10a623922247b131426347,4,568,100
2,ex2-s5-e1-a1-p08,96cea7ecfc65ba667160e3c4ba1c5edcbd07153e6f10a623922247b131426347,4,569,100
2,ex2-s5-e1-a1-p08,96cea7ecfc65ba667160e3c4ba1c5edcbd07153e6f10a623922247b131426347,4,570,0
2,ex2-s5-e1-a1-p08,96cea7ecfc65ba667160e3c4ba1c5edcbd07153e6f10a623922247b131426347,4,571,100
2,ex2-s5-e1-a1-p08,96cea7ecfc65ba667160e3c4ba1c5edcbd07153e6f10a623922247b131426347,4,572,100
2,ex2-s5-e1-a1-p08,96cea7ecfc65ba667160e3c4ba1c5edcbd07153e6f10a623922247b131426347,4,573,100
2,ex2-s5-e1-a1-p08,96cea7ecfc65ba667160e3c4ba1c5edcbd07153e6f10a623922247b131426347,4,574,100
2,ex2-s5-e1-a1-p08,96cea7ecfc65ba667160e3c4ba1c5edcbd07153e6f10a623922247b131426347,4,575,0
2,ex2-s5-e1-a1-p08,96cea7ecfc65ba667160e3c4ba1c5edcbd07153e6f10a623922247b131426347,4,576,100
2,ex2-s5-e1-a1-p08,96cea7ecfc65ba667160e3c4ba1c5edcbd07153e6f10a623922247b131426347,4,577,100
2,ex2-s5-e1-a1-p08,96cea7ecfc65ba667160e3c4ba1c5edcbd07153e6f10a623922247b131426347,4,578,100
2,ex2-s5-e1-a1-p08,96cea7ecfc65ba667160e3c4ba1c5edcbd07153e6f10a623922247b131426347,4,579,100
2,ex2-s5-e1-a1-p08,96cea7ecfc65ba667160e3c4ba1c5edcbd07153e6f10a623922247b131426347,4,580,100
2,ex2-s5-e1-a1-p08,96cea7ecfc65ba667160e3c4ba1c5edcbd07153e6f10a623922247b131426347,4,581,0
2,ex2-s5-e1-a1-p08,96cea7ecfc65ba667160e3c4ba1c5edcbd07153e6f10a623922247b131426347,4,582,100
2,ex2-s5-e1-a1-p08,96cea7ecfc65ba667160e3c4ba1c5edcbd07153e6f10a623922247b131426347,4,583,100
2,ex2-s5-e1-a1-p08,96cea7ecfc65ba667160e3c4ba1c5edcbd07153e6f10a623922247b131426347,4,584,100
2,ex2-s5-e1-a1-p08,96cea7ecfc65ba667160e3c4ba1c5edcbd07153e6f10a623922247b131426347,4,585,100
2,ex2-s5-e1-a1-p08,96cea7ecfc65ba667160e3c4ba1c5edcbd07153e6f10a623922247b131426347,4,586,100
2,ex2-s5-e1-a1-p08,96cea7ecfc65ba667160e3c4ba1c5edcbd07153e6f10a623922247b131426347,4,587,100
2,ex2-s5-e1-a1-p08,96cea7ecfc65ba667160e3c4ba1c5edcbd07153e6f10a623922247b131426347,4,588,100
2,ex2-s5-e1-a1-p08,96cea7ecfc65ba667160e3c4ba1c5edcbd07153e6f10a623922247b131426347,4,589,0
2,ex2-s5-e1-a1-p08,96cea7ecfc65ba667160e3c4ba1c5edcbd07153e6f10a623922247b131426347,4,590,100
2,ex2-s5-e1-a1-p08,96cea7ecfc65ba667160e3c4ba1c5edcbd07153e6f10a623922247b131426347,4,591,100
2,ex2-s5-e1-a1-p08,96cea7ecfc65ba667160e3c4ba1c5edcbd07153e6f10a623922247b131426347,4,592,100
2,ex2-s5-e1-a1-p08,96cea7ecfc65ba667160e3c4ba1c5edcbd07153e6f10a623922247b131426347,4,593,100
2,ex2-s5-e1-a1-p08,96cea7ecfc65ba667160e3c4ba1c5edcbd07153e6f10a623922247b131426347,4,594,0
2,ex2-s5-e1-a1-p08,96cea7ecfc65ba667160e3c4ba1c5edcbd07153e6f10a623922247b131426347,4,595,100
2,ex2-s5-e1-a1-p08,96cea7ecfc65ba667160e3c4ba1c5edcbd07153e6f10a623922247b131426347,4,596,100
2,ex2-s5-e1-a1-p08,96cea7ecfc65ba667160e3c4ba1c5edcbd07153e6f10a623922247b131426347,4,597,100
2,ex2-s5-e1-a1-p08,96cea7ecfc65ba667160e3c4ba1c5edcbd07153e6f10a623922247b131426347,4,598,100
2,ex2-s5-e1-a1-p08,96cea7ecfc65ba667160e3c4ba1c5edcbd07153e6f10a623922247b131426347,4,599,100
2,ex2-s5-e1-a1-p08,96cea7ecfc65ba667160e3c4ba1c5edcbd07153e6f10a623922247b131426347,4,600,0
2,ex2-s5-e1-a1-p08,96cea7ecfc65ba667160e3c4ba1c5edcbd07153e6f10a623922247b131426347,4,601,100
2,ex2-s5-e1-a1-p08,96cea7ecfc65ba667160e3c4ba1c5edcbd07153e6f10a623922247b131426347,4,602,100
2,ex2-s5-e1-a1-p08,96cea7ecfc65ba667160e3c4ba1c5edcbd07153e6f10a623922247b131426347,4,603,100
2,ex2-s5-e1-a1-p08,96cea7ecfc65ba667160e3c4ba1c5edcbd07153e6f10a623922247b131426347,4,604,100
2,ex2-s5-e1-a1-p08,96cea7ecfc65ba667160e3c4ba1c5edcbd07153e6f10a623922247b131426347,4,605,100
2,ex2-s5-e1-a1-p08,96cea7ecfc65ba667160e3c4ba1c5edcbd07153e6f10a623922247b131426347,4,606,0
2,ex2-s5-e1-a1-p08,96cea7ecfc65ba667160e3c4ba1c5edcbd07153e6f10a623922247b131426347,4,607,100
2,ex2-s5-e1-a1-p08,96cea7ecfc65ba667160e3c4ba1c5edcbd07153e6f10a623922247b131426347,4,608,100
2,ex2-s5-e1-a1-p08,96cea7ecfc65ba667160e3c4ba1c5edcbd07153e6f10a623922247b131426347,4,609,100
2,ex2-s5-e1-a1-p08,96cea7ecfc65ba667160e3c4ba1c5edcbd07153e6f10a623922247b131426347,4,610,100
2,ex2-s5-e1-a1-p08,96cea7ecfc65ba667160e3c4ba1c5edcbd07153e6f10a623922247b131426347,4,611,0
2,ex2-s5-e1-a1-p08,96cea7ecfc65ba667160e3c4ba1c5edcbd07153e6f10a623922247b131426347,4,612,100
2,ex2-s5-e1-a1-p08,96cea7ecfc65ba667160e3c4ba1c5edcbd07153e6f10a623922247b131426347,4,613,100
2,ex2-s5-e1-a1-p08,96cea7ecfc65ba667160e3c4ba1c5edcbd07153e6f10a623922247b131426347,4,614,100
2,ex2-s5-e1-a1-p08,96cea7ecfc65ba667160e3c4ba1c5edcbd07153e6f10a623922247b131426347,4,615,100
2,ex2-s5-e1-a1-p08,96cea7ecfc65ba667160e3c4ba1c5edcbd07153e6f10a623922247b131426347,4,616,100
2,ex2-s5-e1-a1-p08,96cea7ecfc65ba667160e3c4ba1c5edcbd07153e6f10a623922247b131426347,4,617,0
2,ex2-s5-e1-a1-p08,96cea7ecfc65ba667160e3c4ba1c5edcbd07153e6f10a623922247b131426347,4,618,100
2,ex2-s5-e1-a1-p08,96cea7ecfc65ba667160e3c4ba1c5edcbd07153e6f10a623922247b131426347,4,619,100
2,ex2-s5-e1-a1-p08,96cea7ecfc65ba667160e3c4ba1c5edcbd07153e6f10a623922247b131426347,4,620,100
2,ex2-s5-e1-a1-p08,96cea7ecfc65ba667160e3c4ba1c5edcbd07153e6f10a623922247b131426347,4,621,100
2,ex2-s5-e1-a1-p08,96cea7ecfc65ba667160e3c4ba1c5edcbd07153e6f10a623922247b131426347,4,622,100
2,ex2-s5-e1-a1-p08,96cea7ecfc65ba667160e3c4ba1c5edcbd07153e6f10a623922247b131426347,4,623,0
2,ex2-s5-e1-a1-p08,96cea7ecfc65ba667160e3c4ba1c5edcbd07153e6f10a623922247b131426347,4,624,100
2,ex2-s5-e1-a1-p08,96cea7ecfc65ba667160e3c4ba1c5edcbd07153e6f10a623922247b131426347,4,625,100
2,ex2-s5-e1-a1-p08,96cea7ecfc65ba667160e3c4ba1c5edcbd07153e6f10a623922247b131426347,4,626,100
2,ex2-s5-e1-a1-p08,96cea7ecfc65ba667160e3c4ba1c5edcbd07153e6f10a623922247b131426347,4,627,100
2,ex2-s5-e1-a1-p08,96cea7ecfc65ba667160e3c4ba1c5edcbd07153e6f10a623922247b131426347,4,628,0
2,ex2-s5-e1-a1-p08,96cea7ecfc65ba667160e3c4ba1c5edcbd07153e6f10a623922247b131426347,4,629,100
2,ex2-s5-e1-a1-p08,96cea7ecfc65ba667160e3c4ba1c5edcbd07153e6f10a623922247b131426347,4,630,100
2,ex2-s5-e1-a1-p08,96cea7ecfc65ba667160e3c4ba1c5edcbd07153e6f10a623922247b131426347,4,631,100
2,ex2-s5-e1-a1-p08,96cea7ecfc65ba667160e3c4ba1c5edcbd07153e6f10a623922247b131426347,4,632,100
2,ex2-s5-e1-a1-p08,96cea7ecfc65ba667160e3c4ba1c5edcbd07153e6f10a623922247b131426347,4,633,100
2,ex2-s5-e1-a1-p08,96cea7ecfc65ba667160e3c4ba1c5edcbd07153e6f10a623922247b131426347,4,634,0
2,ex2-s5-e1-a1-p08,96cea7ecfc65ba667160e3c4ba1c5edcbd07153e6f10a623922247b131426347,4,635,100
2,ex2-s5-e1-a1-p08,96cea7ecfc65ba667160e3c4ba1c5edcbd07153e6f10a623922247b131426347,4,636,100
2,ex2-s5-e1-a1-p08,96cea7ecfc65ba667160e3c4ba1c5edcbd07153e6f10a623922247b131426347,4,637,100
2,ex2-s5-e1-a1-p08,96cea7ecfc65ba667160e3c4ba1c5edcbd07153e6f10a623922247b131426347,4,638,100
2,ex2-s5-e1-a1-p08,96cea7ecfc65ba667160e3c4ba1c5edcbd07153e6f10a623922247b131426347,4,639,0
2,ex2-s5-e1-a1-p08,96cea7ecfc65ba667160e3c4ba1c5edcbd07153e6f10a623922247b131426347,4,640,100
2,ex2-s5-e1-a1-p08,96cea7ecfc65ba667160e3c4ba1c5edcbd07153e6f10a623922247b131426347,4,641,100
2,ex2-s5-e1-a1-p08,96cea7ecfc65ba667160e3c4ba1c5edcbd07153e6f10a623922247b131426347,4,642,100
2,ex2-s5-e1-a1-p08,96cea7ecfc65ba667160e3c4ba1c5edcbd07153e6f10a623922247b131426347,4,643,100
2,ex2-s5-e1-a1-p08,96cea7ecfc65ba667160e3c4ba1c5edcbd07153e6f10a623922247b131426347,4,644,100
2,ex2-s5-e1-a1-p08,96cea7ecfc65ba667160e3c4ba1c5edcbd07153e6f10a623922247b131426347,4,645,0
2,ex2-s5-e1-a1-p08,96cea7ecfc65ba667160e3c4ba1c5edcbd07153e6f10a623922247b131426347,4,646,100
2,ex2-s5-e1-a1-p08,96cea7ecfc65ba667160e3c4ba1c5edcbd07153e6f10a623922247b131426347,4,647,100
2,ex2-s5-e1-a1-p08,96cea7ecfc65ba667160e3c4ba1c5edcbd07153e6f10a623922247b131426347,4,648,100
2,ex2-s5-e1-a1-p08,96cea7ecfc65ba667160e3c4ba1c5edcbd07153e6f10a623922247b131426347,4,649,100
2,ex2-s5-e1-a1-p08,96cea7ecfc65ba667160e3c4ba1c5edcbd07153e6f10a623922247b131426347,4,650,0
2,ex2-s5-e1-a1-p08,96cea7ecfc65ba667160e3c4ba1c5edcbd07153e6f10a623922247b131426347,4,651,100
2,ex2-s5-e1-a1-p08,96cea7ecfc65ba667160e3c4ba1c5edcbd07153e6f10a623922247b131426347,4,652,100
2,ex2-s5-e1-a1-p08,96cea7ecfc65ba667160e3c4ba1c5edcbd07153e6f10a623922247b131426347,4,653,100
2,ex2-s5-e1-a1-p08,96cea7ecfc65ba667160e3c4ba1c5edcbd07153e6f10a623922247b131426347,4,654,100
2,ex2-s5-e1-a1-p08,96cea7ecfc65ba667160e3c4ba1c5edcbd07153e6f10a623922247b131426347,4,655,100
2,ex2-s5-e1-a1-p08,96cea7ecfc65ba667160e3c4ba1c5edcbd07153e6f10a623922247b131426347,4,656,0
2,ex2-s5-e1-a1-p08,96cea7ecfc65ba667160e3c4ba1c5edcbd07153e6f10a623922247b131426347,4,657,100
2,ex2-s5-e1-a1-p08,96cea7ecfc65ba667160e3c4ba1c5edcbd07153e6f10a623922247b131426347,4,658,100
2,ex2-s5-e1-a1-p08,96cea7ecfc65ba667160e3c4ba1c5edcbd07153e6f10a623922247b131426347,4,659,100
2,ex2-s5-e1-a1-p08,96cea7ecfc65ba667160e3c4ba1c5edcbd07153e6f10a623922247b131426347,4,660,100
2,ex2-s5-e1-a1-p08,96cea7ecfc65ba667160e3c4ba1c5edcbd07153e6f10a623922247b131426347,4,661,0
2,ex2-s5-e1-a1-p08,96cea7ecfc65ba667160e3c4ba1c5edcbd07153e6f10a623922247b131426347,4,662,100
2,ex2-s5-e1-a1-p08,96cea7ecfc65ba667160e3c4ba1c5edcbd07153e6f10a623922247b131426347,4,663,100
2,ex2-s5-e1-a1-p08,96cea7ecfc65ba667160e3c4ba1c5edcbd07153e6f10a623922247b131426347,4,664,100
2,ex2-s5-e1-a1-p08,96cea7ecfc65ba667160e3c4ba1c5edcbd07153e6f10a623922247b131426347,4,665,100
2,ex2-s5-e1-a1-p08,96cea7ecfc65ba667160e3c4ba1c5edcbd07153e6f10a623922247b131426347,4,666,100
2,ex2-s5-e1-a1-p08,96cea7ecfc65ba667160e3c4ba1c5edcbd07153e6f10a623922247b131426347,4,667,0
2,ex2-s5-e1-a1-p08,96cea7ecfc65ba667160e3c4ba1c5edcbd07153e6f10a623922247b131426347,4,668,100
2,ex2-s5-e1-a1-p08,96cea7ecfc65ba667160e3c4ba1c5edcbd07153e6f10a623922247b131426347,4,669,100
2,ex2-s5-e1-a1-p08,96cea7ecfc65ba667160e3c4ba1c5edcbd07153e6f10a623922247b131426347,4,670,100
2,ex2-s5-e1-a1-p08,96cea7ecfc65ba667160e3c4ba1c5edcbd07153e6f10a623922247b131426347,4,671,100
2,ex2-s5-e1-a1-p08,96cea7ecfc65ba667160e3c4ba1c5edcbd07153e6f10a623922247b131426347,4,672,0
2,ex2-s5-e1-a1-p08,96cea7ecfc65ba667160e3c4ba1c5edcbd07153e6f10a623922247b131426347,4,673,100
2,ex2-s5-e1-a1-p08,96cea7ecfc65ba667160e3c4ba1c5edcbd07153e6f10a623922247b131426347,4,674,100
2,ex2-s5-e1-a1-p08,96cea7ecfc65ba667160e3c4ba1c5edcbd07153e6f10a623922247b131426347,4,675,100
2,ex2-s5-e1-a1-p08,96cea7ecfc65ba667160e3c4ba1c5edcbd07153e6f10a623922247b131426347,4,676,100
2,ex2-s5-e1-a1-p08,96cea7ecfc65ba667160e3c4ba1c5edcbd07153e6f10a623922247b131426347,4,677,100
2,ex2-s5-e1-a1-p08,96cea7ecfc65ba667160e3c4ba1c5edcbd07153e6f10a623922247b131426347,4,678,0
2,ex2-s5-e1-a1-p08,96cea7ecfc65ba667160e3c4ba1c5edcbd07153e6f10a623922247b131426347,4,679,100
2,ex2-s5-e1-a1-p08,96cea7ecfc65ba667160e3c4ba1c5edcbd07153e6f10a623922247b131426347,4,680,100
2,ex2-s5-e1-a1-p08,96cea7ecfc65ba667160e3c4ba1c5edcbd07153e6f10a623922247b131426347,4,681,100
2,ex2-s5-e1-a1-p08,96cea7ecfc65ba667160e3c4ba1c5edcbd07153e6f10a623922247b131426347,4,682,100
2,ex2-s5-e1-a1-p08,96cea7ecfc65ba667160e3c4ba1c5edcbd07153e6f10a623922247b131426347,4,683,100
2,ex2-s5-e1-a1-p08,96cea7ecfc65ba667160e3c4ba1c5edcbd07153e6f10a623922247b131426347,4,684,0
2,ex2-s5-e1-a1-p08,96cea7ecfc65ba667160e3c4ba1c5edcbd07153e6f10a623922247b131426347,4,685,100
2,ex2-s5-e1-a1-p08,96cea7ecfc65ba667160e3c4ba1c5edcbd07153e6f10a623922247b131426347,4,686,100
2,ex2-s5-e1-a1-p08,96cea7ecfc65ba667160e3c4ba1c5edcbd07153e6f10a623922247b131426347,4,687,100
2,ex2-s5-e1-a1-p08,96cea7ecfc65ba667160e3c4ba1c5edcbd07153e6f10a623922247b131426347,4,688,100
2,ex2-s5-e1-a1-p08,96cea7ecfc65ba667160e3c4ba1c5edcbd07153e6f10a623922247b131426347,4,689,0
2,ex2-s5-e1-a1-p08,96cea7ecfc65ba667160e3c4ba1c5edcbd07153e6f10a623922247b131426347,4,690,100
2,ex2-s5-e1-a1-p08,96cea7ecfc65ba667160e3c4ba1c5edcbd07153e6f10a623922247b131426347,4,691,100
2,ex2-s5-e1-a1-p08,96cea7ecfc65ba667160e3c4ba1c5edcbd07153e6f10a623922247b131426347,4,692,100
2,ex2-s5-e1-a1-p08,96cea7ecfc65ba667160e3c4ba1c5edcbd07153e6f10a623922247b131426347,4,693,100
2,ex2-s5-e1-a1-p08,96cea7ecfc65ba667160e3c4ba1c5edcbd07153e6f10a623922247b131426347,4,694,100
2,ex2-s5-e1-a1-p08,96cea7ecfc65ba667160e3c4ba1c5edcbd07153e6f10a623922247b131426347,4,695,0
2,ex2-s5-e1-a1-p08,96cea7ecfc65ba667160e3c4ba1c5edcbd07153e6f10a623922247b131426347,4,696,100
2,ex2-s5-e1-a1-p08,96cea7ecfc65ba667160e3c4ba1c5edcbd07153e6f10a623922247b131426347,4,697,100
2,ex2-s5-e1-a1-p08,96cea7ecfc65ba667160e3c4ba1c5edcbd07153e6f10a623922247b131426347,4,698,100
2,ex2-s5-e1-a1-p08,96cea7ecfc65ba667160e3c4ba1c5edcbd07153e6f10a623922247b131426347,4,699,100
2,ex2-s5-e1-a1-p08,96cea7ecfc65ba667160e3c4ba1c5edcbd07153e6f10a623922247b131426347,4,700,0
2,ex2-s5-e1-a1-p08,96cea7ecfc65ba667160e3c4ba1c5edcbd07153e6f10a623922247b131426347,4,701,100
2,ex2-s5-e1-a1-p08,96cea7ecfc65ba667160e3c4ba1c5edcbd07153e6f10a623922247b131426347,4,702,100
2,ex2-s5-e1-a1-p08,96cea7ecfc65ba667160e3c4ba1c5edcbd07153e6f10a623922247b131426347,4,703,100
2,ex2-s5-e1-a1-p08,96cea7ecfc65ba667160e3c4ba1c5edcbd07153e6f10a623922247b131426347,4,704,100
2,ex2-s5-e1-a1-p08,96cea7ecfc65ba667160e3c4ba1c5edcbd07153e6f10a623922247b131426347,4,705,100
2,ex2-s5-e1-a1-p08,96cea7ecfc65ba667160e3c4ba1c5edcbd07153e6f10a623922247b131426347,4,706,0
2,ex2-s5-e1-a1-p08,96cea7ecfc65ba667160e3c4ba1c5edcbd07153e6f10a623922247b131426347,4,707,100
2,ex2-s5-e1-a1-p08,96cea7ecfc65ba667160e3c4ba1c5edcbd07153e6f10a623922247b131426347,4,708,100
2,ex2-s5-e1-a1-p08,96cea7ecfc65ba667160e3c4ba1c5edcbd07153e6f10a623922247b131426347,4,709,100
2,ex2-s5-e1-a1-p08,96cea7ecfc65ba667160e3c4ba1c5edcbd07153e6f10a623922247b131426347,4,710,100
2,ex2-s5-e1-a1-p08,96cea7ecfc65ba667160e3c4ba1c5edcbd07153e6f10a623922247b131426347,4,711,0
2,ex2-s5-e1-a1-p08,96cea7ecfc65ba667160e3c4ba1c5edcbd07153e6f10a623922247b131426347,4,712,100
2,ex2-s5-e1-a1-p08,96cea7ecfc65ba667160e3c4ba1c5edcbd07153e6f10a623922247b131426347,4,713,100
2,ex2-s5-e1-a1-p08,96cea7ecfc65ba667160e3c4ba1c5edcbd07153e6f10a623922247b131426347,4,714,100
2,ex2-s5-e1-a1-p08,96cea7ecfc65ba667160e3c4ba1c5edcbd07153e6f10a623922247b131426347,4,715,100
2,ex2-s5-e1-a1-p08,96cea7ecfc65ba667160e3c4ba1c5edcbd07153e6f10a623922247b131426347,4,716,100
2,ex2-s5-e1-a1-p08,96cea7ecfc65ba667160e3c4ba1c5edcbd07153e6f10a623922247b131426347,4,717,0
2,ex2-s5-e1-a1-p08,96cea7ecfc65ba667160e3c4ba1c5edcbd07153e6f10a623922247b131426347,4,718,100
2,ex2-s5-e1-a1-p08,96cea7ecfc65ba667160e3c4ba1c5edcbd07153e6f10a623922247b131426347,4,719,100
2,ex2-s5-e1-a1-p08,96cea7ecfc65ba667160e3c4ba1c5edcbd07153e6f10a623922247b131426347,4,720,100
2,ex2-s5-e1-a1-p08,96cea7ecfc65ba667160e3c4ba1c5edcbd07153e6f10a623922247b131426347,4,721,100
2,ex2-s5-e1-a1-p08,96cea7ecfc65ba667160e3c4ba1c5edcbd07153e6f10a623922247b131426347,4,722,0
2,ex2-s5-e1-a1-p08,96cea7ecfc65ba667160e3c4ba1c5edcbd07153e6f10a623922247b131426347,4,723,100
2,ex2-s5-e1-a1-p08,96cea7ecfc65ba667160e3c4ba1c5edcbd07153e6f10a623922247b131426347,4,724,100
2,ex2-s5-e1-a1-p08,96cea7ecfc65ba667160e3c4ba1c5edcbd07153e6f10a623922247b131426347,4,725,100
2,ex2-s5-e1-a1-p08,96cea7ecfc65ba667160e3c4ba1c5edcbd07153e6f10a623922247b131426347,4,726,100
2,ex2-s5-e1-a1-p08,96cea7ecfc65ba667160e3c4ba1c5edcbd07153e6f10a623922247b131426347,4,727,100
2,ex2-s5-e1-a1-p08,96cea7ecfc65ba667160e3c4ba1c5edcbd07153e6f10a623922247b131426347,4,728,0
2,ex2-s5-e1-a1-p08,96cea7ecfc65ba667160e3c4ba1c5edcbd07153e6f10a623922247b131426347,4,729,100
2,ex2-s5-e1-a1-p08,96cea7ecfc65ba667160e3c4ba1c5edcbd07153e6f10a623922247b131426347,4,730,100
2,ex2-s5-e1-a1-p08,96cea7ecfc65ba667160e3c4ba1c5edcbd07153e6f10a623922247b131426347,4,731,100
2,ex2-s5-e1-a1-p08,96cea7ecfc65ba667160e3c4ba1c5edcbd07153e6f10a623922247b131426347,4,732,100
2,ex2-s5-e1-a1-p08,96cea7ecfc65ba667160e3c4ba1c5edcbd07153e6f10a623922247b131426347,4,733,0
2,ex2-s5-e1-a1-p08,96cea7ecfc65ba667160e3c4ba1c5edcbd07153e6f10a623922247b131426347,4,734,100
2,ex2-s5-e1-a1-p08,96cea7ecfc65ba667160e3c4ba1c5edcbd07153e6f10a623922247b131426347,4,735,100
2,ex2-s5-e1-a1-p08,96cea7ecfc65ba667160e3c4ba1c5edcbd07153e6f10a623922247b131426347,4,736,100
2,ex2-s5-e1-a1-p08,96cea7ecfc65ba667160e3c4ba1c5edcbd07153e6f10a623922247b131426347,4,737,100
2,ex2-s5-e1-a1-p08,96cea7ecfc65ba667160e3c4ba1c5edcbd07153e6f10a623922247b131426347,4,738,100
2,ex2-s5-e1-a1-p08,96cea7ecfc65ba667160e3c4ba1c5edcbd07153e6f10a623922247b131426347,4,739,0
2,ex2-s5-e1-a1-p08,96cea7ecfc65ba667160e3c4ba1c5edcbd07153e6f10a623922247b131426347,4,740,100
2,ex2-s5-e1-a1-p08,96cea7ecfc65ba667160e3c4ba1c5edcbd07153e6f10a623922247b131426347,4,741,100
2,ex2-s5-e1-a1-p08,96cea7ecfc65ba667160e3c4ba1c5edcbd07153e6f10a623922247b131426347,4,742,100
2,ex2-s5-e1-a1-p08,96cea7ecfc65ba667160e3c4ba1c5edcbd07153e6f10a623922247b131426347,4,743,100
2,ex2-s5-e1-a1-p08,96cea7ecfc65ba667160e3c4ba1c5edcbd07153e6f10a623922247b131426347,4,744,0
2,ex2-s5-e1-a1-p08,96cea7ecfc65ba667160e3c4ba1c5edcbd07153e6f10a623922247b131426347,4,745,100
2,ex2-s5-e1-a1-p08,96cea7ecfc65ba667160e3c4ba1c5edcbd07153e6f10a623922247b131426347,4,746,100
2,ex2-s5-e1-a1-p08,96cea7ecfc65ba667160e3c4ba1c5edcbd07153e6f10a623922247b131426347,4,747,100
2,ex2-s5-e1-a1-p08,96cea7ecfc65ba667160e3c4ba1c5edcbd07153e6f10a623922247b131426347,4,748,100
2,ex2-s5-e1-a1-p08,96cea7ecfc65ba667160e3c4ba1c5edcbd07153e6f10a623922247b131426347,4,749,100
2,ex2-s5-e1-a1-p08,96cea7ecfc65ba667160e3c4ba1c5edcbd07153e6f10a623922247b131426347,4,750,0
2,ex2-s5-e1-a1-p08,96cea7ecfc65ba667160e3c4ba1c5edcbd07153e6f10a623922247b131426347,4,751,100
2,ex2-s5-e1-a1-p08,96cea7ecfc65ba667160e3c4ba1c5edcbd07153e6f10a623922247b131426347,4,752,100
2,ex2-s5-e1-a1-p08,96cea7ecfc65ba667160e3c4ba1c5edcbd07153e6f10a623922247b131426347,4,753,100
2,ex2-s5-e1-a1-p08,96cea7ecfc65ba667160e3c4ba1c5edcbd07153e6f10a623922247b131426347,4,754,100
2,ex2-s5-e1-a1-p08,96cea7ecfc65ba667160e3c4ba1c5edcbd07153e6f10a623922247b131426347,4,755,0
2,ex2-s5-e1-a1-p08,96cea7ecfc65ba667160e3c4ba1c5edcbd07153e6f10a623922247b131426347,4,756,100
2,ex2-s5-e1-a1-p08,96cea7ecfc65ba667160e3c4ba1c5edcbd07153e6f10a623922247b131426347,4,757,100
2,ex2-s5-e1-a1-p08,96cea7ecfc65ba667160e3c4ba1c5edcbd07153e6f10a623922247b131426347,4,758,100
2,ex2-s5-e1-a1-p08,96cea7ecfc65ba667160e3c4ba1c5edcbd07153e6f10a623922247b131426347,4,759,100
2,ex2-s5-e1-a1-p08,96cea7ecfc65ba667160e3c4ba1c5edcbd07153e6f10a623922247b131426347,4,760,100
2,ex2-s5-e1-a1-p08,96cea7ecfc65ba667160e3c4ba1c5edcbd07153e6f10a623922247b131426347,4,761,0
2,ex2-s5-e1-a1-p08,96cea7ecfc65ba667160e3c4ba1c5edcbd07153e6f10a623922247b131426347,4,762,100
2,ex2-s5-e1-a1-p08,96cea7ecfc65ba667160e3c4ba1c5edcbd07153e6f10a623922247b131426347,4,763,100
2,ex2-s5-e1-a1-p08,96cea7ecfc65ba667160e3c4ba1c5edcbd07153e6f10a623922247b131426347,4,764,100
2,ex2-s5-e1-a1-p08,96cea7ecfc65ba667160e3c4ba1c5edcbd07153e6f10a623922247b131426347,4,765,100
2,ex2-s5-e1-a1-p08,96cea7ecfc65ba667160e3c4ba1c5edcbd07153e6f10a623922247b131426347,4,766,100
2,ex2-s5-e1-a1-p08,96cea7ecfc65ba667160e3c4ba1c5edcbd07153e6f10a623922247b131426347,4,767,0
2,ex2-s5-e1-a1-p08,96cea7ecfc65ba667160e3c4ba1c5edcbd07153e6f10a623922247b131426347,4,768,100
2,ex2-s5-e1-a1-p08,96cea7ecfc65ba667160e3c4ba1c5edcbd07153e6f10a623922247b131426347,4,769,100
2,ex2-s5-e1-a1-p08,96cea7ecfc65ba667160e3c4ba1c5edcbd07153e6f10a623922247b131426347,4,770,100
2,ex2-s5-e1-a1-p08,96cea7ecfc65ba667160e3c4ba1c5edcbd07153e6f10a623922247b131426347,4,771,100
2,ex2-s5-e1-a1-p08,96cea7ecfc65ba667160e3c4ba1c5edcbd07153e6f10a623922247b131426347,4,772,0
2,ex2-s5-e1-a1-p08,96cea7ecfc65ba667160e3c4ba1c5edcbd07153e6f10a623922247b131426347,4,773,100
2,ex2-s5-e1-a1-p08,96cea7ecfc65ba667160e3c4ba1c5edcbd07153e6f10a623922247b131426347,4,774,100
2,ex2-s5-e1-a1-p08,96cea7ecfc65ba667160e3c4ba1c5edcbd07153e6f10a623922247b131426347,4,775,100
2,ex2-s5-e1-a1-p08,96cea7ecfc65ba667160e3c4ba1c5edcbd07153e6f10a623922247b131426347,4,776,100
2,ex2-s5-e1-a1-p08,96cea7ecfc65ba667160e3c4ba1c5edcbd07153e6f10a623922247b131426347,4,777,100
2,ex2-s5-e1-a1-p08,96cea7ecfc65ba667160e3c4ba1c5edcbd07153e6f10a623922247b131426347,4,778,0
2,ex2-s5-e1-a1-p08,96cea7ecfc65ba667160e3c4ba1c5edcbd07153e6f10a623922247b131426347,4,779,100
2,ex2-s5-e1-a1-p08,96cea7ecfc65ba667160e3c4ba1c5edcbd07153e6f10a623922247b131426347,4,780,100
2,ex2-s5-e1-a1-p08,96cea7ecfc65ba667160e3c4ba1c5edcbd07153e6f10a623922247b131426347,4,781,100
2,ex2-s5-e1-a1-p08,96cea7ecfc65ba667160e3c4ba1c5edcbd07153e6f10a623922247b131426347,4,782,100
2,ex2-s5-e1-a1-p08,96cea7ecfc65ba667160e3c4ba1c5edcbd07153e6f10a623922247b131426347,4,783,0
2,ex2-s5-e1-a1-p08,96cea7ecfc65ba667160e3c4ba1c5edcbd07153e6f10a623922247b131426347,4,784,100
2,ex2-s5-e1-a1-p08,96cea7ecfc65ba667160e3c4ba1c5edcbd07153e6f10a623922247b131426347,4,785,100
2,ex2-s5-e1-a1-p08,96cea7ecfc65ba667160e3c4ba1c5edcbd07153e6f10a623922247b131426347,4,786,100
2,ex2-s5-e1-a1-p08,96cea7ecfc65ba667160e3c4ba1c5edcbd07153e6f10a623922247b131426347,4,787,100
2,ex2-s5-e1-a1-p08,96cea7ecfc65ba667160e3c4ba1c5edcbd07153e6f10a623922247b131426347,4,788,100
2,ex2-s5-e1-a1-p08,96cea7ecfc65ba667160e3c4ba1c5edcbd07153e6f10a623922247b131426347,4,789,0
2,ex2-s5-e1-a1-p08,96cea7ecfc65ba667160e3c4ba1c5edcbd07153e6f10a623922247b131426347,4,790,100
2,ex2-s5-e1-a1-p08,96cea7ecfc65ba667160e3c4ba1c5edcbd07153e6f10a623922247b131426347,4,791,100
2,ex2-s5-e1-a1-p08,96cea7ecfc65ba667160e3c4ba1c5edcbd07153e6f10a623922247b131426347,4,792,100
2,ex2-s5-e1-a1-p08,96cea7ecfc65ba667160e3c4ba1c5edcbd07153e6f10a623922247b131426347,4,793,100
2,ex2-s5-e1-a1-p08,96cea7ecfc65ba667160e3c4ba1c5edcbd07153e6f10a623922247b131426347,4,794,0
2,ex2-s5-e1-a1-p08,96cea7ecfc65ba667160e3c4ba1c5edcbd07153e6f10a623922247b131426347,4,795,100
2,ex2-s5-e1-a1-p08,96cea7ecfc65ba667160e3c4ba1c5edcbd07153e6f10a623922247b131426347,4,796,100
2,ex2-s5-e1-a1-p08,96cea7ecfc65ba667160e3c4ba1c5edcbd07153e6f10a623922247b131426347,4,797,100
2,ex2-s5-e1-a1-p08,96cea7ecfc65ba667160e3c4ba1c5edcbd07153e6f10a623922247b131426347,4,798,100
2,ex2-s5-e1-a1-p08,96cea7ecfc65ba667160e3c4ba1c5edcbd07153e6f10a623922247b131426347,4,799,100
2,ex2-s5-e1-a1-p08,96cea7ecfc65ba667160e3c4ba1c5edcbd07153e6f10a623922247b131426347,4,800,0
2,ex2-s5-e1-a1-p08,96cea7ecfc65ba667160e3c4ba1c5edcbd07153e6f10a623922247b131426347,4,801,100
2,ex2-s5-e1-a1-p08,96cea7ecfc65ba667160e3c4ba1c5edcbd07153e6f10a623922247b131426347,4,802,100
2,ex2-s5-e1-a1-p08,96cea7ecfc65ba667160e3c4ba1c5edcbd07153e6f10a623922247b131426347,4,803,100
2,ex2-s5-e1-a1-p08,96cea7ecfc65ba667160e3c4ba1c5edcbd07153e6f10a623922247b131426347,4,804,100
2,ex2-s5-e1-a1-p08,96cea7ecfc65ba667160e3c4ba1c5edcbd07153e6f10a623922247b131426347,4,805,0
2,ex2-s5-e1-a1-p08,96cea7ecfc65ba667160e3c4ba1c5edcbd07153e6f10a623922247b131426347,4,806,100
2,ex2-s5-e1-a1-p08,96cea7ecfc65ba667160e3c4ba1c5edcbd07153e6f10a623922247b131426347,4,807,100
2,ex2-s5-e1-a1-p08,96cea7ecfc65ba667160e3c4ba1c5edcbd07153e6f10a623922247b131426347,4,808,100
2,ex2-s5-e1-a1-p08,96cea7ecfc65ba667160e3c4ba1c5edcbd07153e6f10a623922247b131426347,4,809,100
2,ex2-s5-e1-a1-p08,96cea7ecfc65ba667160e3c4ba1c5edcbd07153e6f10a623922247b131426347,4,810,100
2,ex2-s5-e1-a1-p08,96cea7ecfc65ba667160e3c4ba1c5edcbd07153e6f10a623922247b131426347,4,811,0
2,ex2-s5-e1-a1-p08,96cea7ecfc65ba667160e3c4ba1c5edcbd07153e6f10a623922247b131426347,4,812,100
2,ex2-s5-e1-a1-p08,96cea7ecfc65ba667160e3c4ba1c5edcbd07153e6f10a623922247b131426347,4,813,100
2,ex2-s5-e1-a1-p08,96cea7ecfc65ba667160e3c4ba1c5edcbd07153e6f10a623922247b131426347,4,814,100
2,ex2-s5-e1-a1-p08,96cea7ecfc65ba667160e3c4ba1c5edcbd07153e6f10a623922247b131426347,4,815,100
2,ex2-s5-e1-a1-p08,96cea7ecfc65ba667160e3c4ba1c5edcbd07153e6f10a623922247b131426347,4,816,100
2,ex2-s5-e1-a1-p08,96cea7ecfc65ba667160e3c4ba1c5edcbd07153e6f10a623922247b131426347,4,817,0
2,ex2-s5-e1-a1-p08,96cea7ecfc65ba667160e3c4ba1c5edcbd07153e6f10a623922247b131426347,4,818,100
2,ex2-s5-e1-a1-p08,96cea7ecfc65ba667160e3c4ba1c5edcbd07153e6f10a623922247b131426347,4,819,100
2,ex2-s5-e1-a1-p08,96cea7ecfc65ba667160e3c4ba1c5edcbd07153e6f10a623922247b131426347,4,820,100
2,ex2-s5-e1-a1-p08,96cea7ecfc65ba667160e3c4ba1c5edcbd07153e6f10a623922247b131426347,4,821,100
2,ex2-s5-e1-a1-p08,96cea7ecfc65ba667160e3c4ba1c5edcbd07153e6f10a623922247b131426347,4,822,0
2,ex2-s5-e1-a1-p08,96cea7ecfc65ba667160e3c4ba1c5edcbd07153e6f10a623922247b131426347,4,823,100
2,ex2-s5-e1-a1-p08,96cea7ecfc65ba667160e3c4ba1c5edcbd07153e6f10a623922247b131426347,4,824,100
2,ex2-s5-e1-a1-p08,96cea7ecfc65ba667160e3c4ba1c5edcbd07153e6f10a623922247b131426347,4,825,100
2,ex2-s5-e1-a1-p08,96cea7ecfc65ba667160e3c4ba1c5edcbd07153e6f10a623922247b131426347,4,826,100
2,ex2-s5-e1-a1-p08,96cea7ecfc65ba667160e3c4ba1c5edcbd07153e6f10a623922247b131426347,4,827,100
2,ex2-s5-e1-a1-p08,96cea7ecfc65ba667160e3c4ba1c5edcbd07153e6f10a623922247b131426347,4,828,0
2,ex2-s5-e1-a1-p08,96cea7ecfc65ba667160e3c4ba1c5edcbd07153e6f10a623922247b131426347,4,829,100
2,ex2-s5-e1-a1-p08,96cea7ecfc65ba667160e3c4ba1c5edcbd07153e6f10a623922247b131426347,4,830,100
2,ex2-s5-e1-a1-p08,96cea7ecfc65ba667160e3c4ba1c5edcbd07153e6f10a623922247b131426347,4,831,100
2,ex2-s5-e1-a1-p08,96cea7ecfc65ba667160e3c4ba1c5edcbd07153e6f10a623922247b131426347,4,832,100
2,ex2-s5-e1-a1-p08,96cea7ecfc65ba667160e3c4ba1c5edcbd07153e6f10a623922247b131426347,4,833,0
2,ex2-s5-e1-a1-p08,96cea7ecfc65ba667160e3c4ba1c5edcbd07153e6f10a623922247b131426347,4,834,100
2,ex2-s5-e1-a1-p08,96cea7ecfc65ba667160e3c4ba1c5edcbd07153e6f10a623922247b131426347,4,835,100
2,ex2-s5-e1-a1-p08,96cea7ecfc65ba667160e3c4ba1c5edcbd07153e6f10a623922247b131426347,4,836,100
2,ex2-s5-e1-a1-p08,96cea7ecfc65ba667160e3c4ba1c5edcbd07153e6f10a623922247b131426347,4,837,100
2,ex2-s5-e1-a1-p08,96cea7ecfc65ba667160e3c4ba1c5edcbd07153e6f10a623922247b131426347,4,838,100
2,ex2-s5-e1-a1-p08,96cea7ecfc65ba667160e3c4ba1c5edcbd07153e6f10a623922247b131426347,4,839,0
2,ex2-s5-e1-a1-p08,96cea7ecfc65ba667160e3c4ba1c5edcbd07153e6f10a623922247b131426347,4,840,100
2,ex2-s5-e1-a1-p08,96cea7ecfc65ba667160e3c4ba1c5edcbd07153e6f10a623922247b131426347,4,841,100
2,ex2-s5-e1-a1-p08,96cea7ecfc65ba667160e3c4ba1c5edcbd07153e6f10a623922247b131426347,4,842,100
2,ex2-s5-e1-a1-p08,96cea7ecfc65ba667160e3c4ba1c5edcbd07153e6f10a623922247b131426347,4,843,100
2,ex2-s5-e1-a1-p08,96cea7ecfc65ba667160e3c4ba1c5edcbd07153e6f10a623922247b131426347,4,844,100
2,ex2-s5-e1-a1-p08,96cea7ecfc65ba667160e3c4ba1c5edcbd07153e6f10a623922247b131426347,4,845,0
2,ex2-s5-e1-a1-p08,96cea7ecfc65ba667160e3c4ba1c5edcbd07153e6f10a623922247b131426347,4,846,100
2,ex2-s5-e1-a1-p08,96cea7ecfc65ba667160e3c4ba1c5edcbd07153e6f10a623922247b131426347,4,847,100
2,ex2-s5-e1-a1-p08,96cea7ecfc65ba667160e3c4ba1c5edcbd07153e6f10a623922247b131426347,4,848,100
2,ex2-s5-e1-a1-p08,96cea7ecfc65ba667160e3c4ba1c5edcbd07153e6f10a623922247b131426347,4,849,100
2,ex2-s5-e1-a1-p08,96cea7ecfc65ba667160e3c4ba1c5edcbd07153e6f10a623922247b131426347,4,850,0
2,ex2-s5-e1-a1-p08,96cea7ecfc65ba667160e3c4ba1c5edcbd07153e6f10a623922247b131426347,4,851,100
2,ex2-s5-e1-a1-p08,96cea7ecfc65ba667160e3c4ba1c5edcbd07153e6f10a623922247b131426347,4,852,100
2,ex2-s5-e1-a1-p08,96cea7ecfc65ba667160e3c4ba1c5edcbd07153e6f10a623922247b131426347,4,853,100
2,ex2-s5-e1-a1-p08,96cea7ecfc65ba667160e3c4ba1c5edcbd07153e6f10a623922247b131426347,4,854,100
2,ex2-s5-e1-a1-p08,96cea7ecfc65ba667160e3c4ba1c5edcbd07153e6f10a623922247b131426347,4,855,100
2,ex2-s5-e1-a1-p08,96cea7ecfc65ba667160e3c4ba1c5edcbd07153e6f10a623922247b131426347,4,856,0
2,ex2-s5-e1-a1-p08,96cea7ecfc65ba667160e3c4ba1c5edcbd07153e6f10a623922247b131426347,4,857,100
2,ex2-s5-e1-a1-p08,96cea7ecfc65ba667160e3c4ba1c5edcbd07153e6f10a623922247b131426347,4,858,100
2,ex2-s5-e1-a1-p08,96cea7ecfc65ba667160e3c4ba1c5edcbd07153e6f10a623922247b131426347,4,859,100
2,ex2-s5-e1-a1-p08,96cea7ecfc65ba667160e3c4ba1c5edcbd07153e6f10a623922247b131426347,4,860,100
2,ex2-s5-e1-a1-p08,96cea7ecfc65ba667160e3c4ba1c5edcbd07153e6f10a623922247b131426347,4,861,0
2,ex2-s5-e1-a1-p08,96cea7ecfc65ba667160e3c4ba1c5edcbd07153e6f10a623922247b131426347,4,862,100
2,ex2-s5-e1-a1-p08,96cea7ecfc65ba667160e3c4ba1c5edcbd07153e6f10a623922247b131426347,4,863,100
2,ex2-s5-e1-a1-p08,96cea7ecfc65ba667160e3c4ba1c5edcbd07153e6f10a623922247b131426347,4,864,100
2,ex2-s5-e1-a1-p08,96cea7ecfc65ba667160e3c4ba1c5edcbd07153e6f10a623922247b131426347,4,865,100
2,ex2-s5-e1-a1-p08,96cea7ecfc65ba667160e3c4ba1c5edcbd07153e6f10a623922247b131426347,4,866,100
2,ex2-s5-e1-a1-p08,96cea7ecfc65ba667160e3c4ba1c5edcbd07153e6f10a623922247b131426347,4,867,0
2,ex2-s5-e1-a1-p08,96cea7ecfc65ba667160e3c4ba1c5edcbd07153e6f10a623922247b131426347,4,868,100
2,ex2-s5-e1-a1-p08,96cea7ecfc65ba667160e3c4ba1c5edcbd07153e6f10a623922247b131426347,4,869,100
2,ex2-s5-e1-a1-p08,96cea7ecfc65ba667160e3c4ba1c5edcbd07153e6f10a623922247b131426347,4,870,100
2,ex2-s5-e1-a1-p08,96cea7ecfc65ba667160e3c4ba1c5edcbd07153e6f10a623922247b131426347,4,871,100
2,ex2-s5-e1-a1-p08,96cea7ecfc65ba667160e3c4ba1c5edcbd07153e6f10a623922247b131426347,4,872,100
2,ex2-s5-e1-a1-p08,96cea7ecfc65ba667160e3c4ba1c5edcbd07153e6f10a623922247b131426347,4,873,0
2,ex2-s5-e1-a1-p08,96cea7ecfc65ba667160e3c4ba1c5edcbd07153e6f10a623922247b131426347,4,874,100
2,ex2-s5-e1-a1-p08,96cea7ecfc65ba667160e3c4ba1c5edcbd07153e6f10a623922247b131426347,4,875,100
2,ex2-s5-e1-a1-p08,96cea7ecfc65ba667160e3c4ba1c5edcbd07153e6f10a623922247b131426347,4,876,100
2,ex2-s5-e1-a1-p08,96cea7ecfc65ba667160e3c4ba1c5edcbd07153e6f10a623922247b131426347,4,877,100
2,ex2-s5-e1-a1-p08,96cea7ecfc65ba667160e3c4ba1c5edcbd07153e6f10a623922247b131426347,4,878,0
2,ex2-s5-e1-a1-p08,96cea7ecfc65ba667160e3c4ba1c5edcbd07153e6f10a623922247b131426347,4,879,100
2,ex2-s5-e1-a1-p08,96cea7ecfc65ba667160e3c4ba1c5edcbd07153e6f10a623922247b131426347,4,880,100
2,ex2-s5-e1-a1-p08,96cea7ecfc65ba667160e3c4ba1c5edcbd07153e6f10a623922247b131426347,4,881,100
2,ex2-s5-e1-a1-p08,96cea7ecfc65ba667160e3c4ba1c5edcbd07153e6f10a623922247b131426347,4,882,100
2,ex2-s5-e1-a1-p08,96cea7ecfc65ba667160e3c4ba1c5edcbd07153e6f10a623922247b131426347,4,883,100
2,ex2-s5-e1-a1-p08,96cea7ecfc65ba667160e3c4ba1c5edcbd07153e6f10a623922247b131426347,4,884,0
2,ex2-s5-e1-a1-p08,96cea7ecfc65ba667160e3c4ba1c5edcbd07153e6f10a623922247b131426347,4,885,100
2,ex2-s5-e1-a1-p08,96cea7ecfc65ba667160e3c4ba1c5edcbd07153e6f10a623922247b131426347,4,886,100
2,ex2-s5-e1-a1-p08,96cea7ecfc65ba667160e3c4ba1c5edcbd07153e6f10a623922247b131426347,4,887,100
2,ex2-s5-e1-a1-p08,96cea7ecfc65ba667160e3c4ba1c5edcbd07153e6f10a623922247b131426347,4,888,100
2,ex2-s5-e1-a1-p08,96cea7ecfc65ba667160e3c4ba1c5edcbd07153e6f10a623922247b131426347,4,889,0
2,ex2-s5-e1-a1-p08,96cea7ecfc65ba667160e3c4ba1c5edcbd07153e6f10a623922247b131426347,4,890,100
2,ex2-s5-e1-a1-p08,96cea7ecfc65ba667160e3c4ba1c5edcbd07153e6f10a623922247b131426347,4,891,100
2,ex2-s5-e1-a1-p08,96cea7ecfc65ba667160e3c4ba1c5edcbd07153e6f10a623922247b131426347,4,892,100
2,ex2-s5-e1-a1-p08,96cea7ecfc65ba667160e3c4ba1c5edcbd07153e6f10a623922247b131426347,4,893,100
2,ex2-s5-e1-a1-p08,96cea7ecfc65ba667160e3c4ba1c5edcbd07153e6f10a623922247b131426347,4,894,100
2,ex2-s5-e1-a1-p08,96cea7ecfc65ba667160e3c4ba1c5edcbd07153e6f10a623922247b131426347,4,895,0
2,ex2-s5-e1-a1-p08,96cea7ecfc65ba667160e3c4ba1c5edcbd07153e6f10a623922247b131426347,4,896,100
2,ex2-s5-e1-a1-p08,96cea7ecfc65ba667160e3c4ba1c5edcbd07153e6f10a623922247b131426347,4,897,100
2,ex2-s5-e1-a1-p08,96cea7ecfc65ba667160e3c4ba1c5edcbd07153e6f10a623922247b131426347,4,898,100
2,ex2-s5-e1-a1-p08,96cea7ecfc65ba667160e3c4ba1c5edcbd07153e6f10a623922247b131426347,4,899,100
2,ex2-s5-e1-a1-p08,96cea7ecfc65ba667160e3c4ba1c5edcbd07153e6f10a623922247b131426347,4,900,100
2,ex2-s5-e1-a1-p08,96cea7ecfc65ba667160e3c4ba1c5edcbd07153e6f10a623922247b131426347,4,901,0
2,ex2-s5-e1-a1-p08,96cea7ecfc65ba667160e3c4ba1c5edcbd07153e6f10a623922247b131426347,4,902,100
2,ex2-s5-e1-a1-p08,96cea7ecfc65ba667160e3c4ba1c5edcbd07153e6f10a623922247b131426347,4,903,100
2,ex2-s5-e1-a1-p08,96cea7ecfc65ba667160e3c4ba1c5edcbd07153e6f10a623922247b131426347,4,904,100
2,ex2-s5-e1-a1-p08,96cea7ecfc65ba667160e3c4ba1c5edcbd07153e6f10a623922247b131426347,4,905,100
2,ex2-s5-e1-a1-p08,96cea7ecfc65ba667160e3c4ba1c5edcbd07153e6f10a623922247b131426347,4,906,0
2,ex2-s5-e1-a1-p08,96cea7ecfc65ba667160e3c4ba1c5edcbd07153e6f10a623922247b131426347,4,907,100
2,ex2-s5-e1-a1-p08,96cea7ecfc65ba667160e3c4ba1c5edcbd07153e6f10a623922247b131426347,4,908,100
2,ex2-s5-e1-a1-p08,96cea7ecfc65ba667160e3c4ba1c5edcbd07153e6f10a623922247b131426347,4,909,100
2,ex2-s5-e1-a1-p08,96cea7ecfc65ba667160e3c4ba1c5edcbd07153e6f10a623922247b131426347,4,910,100
2,ex2-s5-e1-a1-p08,96cea7ecfc65ba667160e3c4ba1c5edcbd07153e6f10a623922247b131426347,4,911,100
2,ex2-s5-e1-a1-p08,96cea7ecfc65ba667160e3c4ba1c5edcbd07153e6f10a623922247b131426347,4,912,0
2,ex2-s5-e1-a1-p08,96cea7ecfc65ba667160e3c4ba1c5edcbd07153e6f10a623922247b131426347,4,913,100
2,ex2-s5-e1-a1-p08,96cea7ecfc65ba667160e3c4ba1c5edcbd07153e6f10a623922247b131426347,4,914,100
2,ex2-s5-e1-a1-p08,96cea7ecfc65ba667160e3c4ba1c5edcbd07153e6f10a623922247b131426347,4,915,100
2,ex2-s5-e1-a1-p08,96cea7ecfc65ba667160e3c4ba1c5edcbd07153e6f10a623922247b131426347,4,916,100
2,ex2-s5-e1-a1-p08,96cea7ecfc65ba667160e3c4ba1c5edcbd07153e6f10a623922247b131426347,4,917,0
2,ex2-s5-e1-a1-p08,96cea7ecfc65ba667160e3c4ba1c5edcbd07153e6f10a623922247b131426347,4,918,100
2,ex2-s5-e1-a1-p08,96cea7ecfc65ba667160e3c4ba1c5edcbd07153e6f10a623922247b131426347,4,919,100
2,ex2-s5-e1-a1-p08,96cea7ecfc65ba667160e3c4ba1c5edcbd07153e6f10a623922247b131426347,4,920,100
2,ex2-s5-e1-a1-p08,96cea7ecfc65ba667160e3c4ba1c5edcbd07153e6f10a623922247b131426347,4,921,100
2,ex2-s5-e1-a1-p08,96cea7ecfc65ba667160e3c4ba1c5edcbd07153e6f10a623922247b131426347,4,922,100
2,ex2-s5-e1-a1-p08,96cea7ecfc65ba667160e3c4ba1c5edcbd07153e6f10a623922247b131426347,4,923,0
2,ex2-s5-e1-a1-p08,96cea7ecfc65ba667160e3c4ba1c5edcbd07153e6f10a623922247b131426347,4,924,100
2,ex2-s5-e1-a1-p08,96cea7ecfc65ba667160e3c4ba1c5edcbd07153e6f10a623922247b131426347,4,925,100
2,ex2-s5-e1-a1-p08,96cea7ecfc65ba667160e3c4ba1c5edcbd07153e6f10a623922247b131426347,4,926,100
2,ex2-s5-e1-a1-p08,96cea7ecfc65ba667160e3c4ba1c5edcbd07153e6f10a623922247b131426347,4,927,100
2,ex2-s5-e1-a1-p08,96cea7ecfc65ba667160e3c4ba1c5edcbd07153e6f10a623922247b131426347,4,928,100
2,ex2-s5-e1-a1-p08,96cea7ecfc65ba667160e3c4ba1c5edcbd07153e6f10a623922247b131426347,4,929,0
2,ex2-s5-e1-a1-p08,96cea7ecfc65ba667160e3c4ba1c5edcbd07153e6f10a623922247b131426347,4,930,100
2,ex2-s5-e1-a1-p08,96cea7ecfc65ba667160e3c4ba1c5edcbd07153e6f10a623922247b131426347,4,931,100
2,ex2-s5-e1-a1-p08,96cea7ecfc65ba667160e3c4ba1c5edcbd07153e6f10a623922247b131426347,4,932,100
2,ex2-s5-e1-a1-p08,96cea7ecfc65ba667160e3c4ba1c5edcbd07153e6f10a623922247b131426347,4,933,100
2,ex2-s5-e1-a1-p08,96cea7ecfc65ba667160e3c4ba1c5edcbd07153e6f10a623922247b131426347,4,934,0
2,ex2-s5-e1-a1-p08,96cea7ecfc65ba667160e3c4ba1c5edcbd07153e6f10a623922247b131426347,4,935,100
2,ex2-s5-e1-a1-p08,96cea7ecfc65ba667160e3c4ba1c5edcbd07153e6f10a623922247b131426347,4,936,100
2,ex2-s5-e1-a1-p08,96cea7ecfc65ba667160e3c4ba1c5edcbd07153e6f10a623922247b131426347,4,937,100
2,ex2-s5-e1-a1-p08,96cea7ecfc65ba667160e3c4ba1c5edcbd07153e6f10a623922247b131426347,4,938,100
2,ex2-s5-e1-a1-p08,96cea7ecfc65ba667160e3c4ba1c5edcbd07153e6f10a623922247b131426347,4,939,100
2,ex2-s5-e1-a1-p08,96cea7ecfc65ba667160e3c4ba1c5edcbd07153e6f10a623922247b131426347,4,940,0
2,ex2-s5-e1-a1-p08,96cea7ecfc65ba667160e3c4ba1c5edcbd07153e6f10a623922247b131426347,4,941,100
2,ex2-s5-e1-a1-p08,96cea7ecfc65ba667160e3c4ba1c5edcbd07153e6f10a623922247b131426347,4,942,100
2,ex2-s5-e1-a1-p08,96cea7ecfc65ba667160e3c4ba1c5edcbd07153e6f10a623922247b131426347,4,943,100
2,ex2-s5-e1-a1-p08,96cea7ecfc65ba667160e3c4ba1c5edcbd07153e6f10a623922247b131426347,4,944,100
2,ex2-s5-e1-a1-p08,96cea7ecfc65ba667160e3c4ba1c5edcbd07153e6f10a623922247b131426347,4,945,100
2,ex2-s5-e1-a1-p08,96cea7ecfc65ba667160e3c4ba1c5edcbd07153e6f10a623922247b131426347,4,946,0
2,ex2-s5-e1-a1-p08,96cea7ecfc65ba667160e3c4ba1c5edcbd07153e6f10a623922247b131426347,4,947,100
2,ex2-s5-e1-a1-p08,96cea7ecfc65ba667160e3c4ba1c5edcbd07153e6f10a623922247b131426347,4,948,100
2,ex2-s5-e1-a1-p08,96cea7ecfc65ba667160e3c4ba1c5edcbd07153e6f10a623922247b131426347,4,949,100
2,ex2-s5-e1-a1-p08,96cea7ecfc65ba667160e3c4ba1c5edcbd07153e6f10a623922247b131426347,4,950,100
2,ex2-s5-e1-a1-p08,96cea7ecfc65ba667160e3c4ba1c5edcbd07153e6f10a623922247b131426347,4,951,0
2,ex2-s5-e1-a1-p08,96cea7ecfc65ba667160e3c4ba1c5edcbd07153e6f10a623922247b131426347,4,952,100
2,ex2-s5-e1-a1-p08,96cea7ecfc65ba667160e3c4ba1c5edcbd07153e6f10a623922247b131426347,4,953,100
2,ex2-s5-e1-a1-p08,96cea7ecfc65ba667160e3c4ba1c5edcbd07153e6f10a623922247b131426347,4,954,100
2,ex2-s5-e1-a1-p08,96cea7ecfc65ba667160e3c4ba1c5edcbd07153e6f10a623922247b131426347,4,955,100
2,ex2-s5-e1-a1-p08,96cea7ecfc65ba667160e3c4ba1c5edcbd07153e6f10a623922247b131426347,4,956,100
2,ex2-s5-e1-a1-p08,96cea7ecfc65ba667160e3c4ba1c5edcbd07153e6f10a623922247b131426347,4,957,0
2,ex2-s5-e1-a1-p08,96cea7ecfc65ba667160e3c4ba1c5edcbd07153e6f10a623922247b131426347,4,958,100
2,ex2-s5-e1-a1-p08,96cea7ecfc65ba667160e3c4ba1c5edcbd07153e6f10a623922247b131426347,4,959,100
2,ex2-s5-e1-a1-p08,96cea7ecfc65ba667160e3c4ba1c5edcbd07153e6f10a623922247b131426347,4,960,100
2,ex2-s5-e1-a1-p08,96cea7ecfc65ba667160e3c4ba1c5edcbd07153e6f10a623922247b131426347,4,961,100
2,ex2-s5-e1-a1-p08,96cea7ecfc65ba667160e3c4ba1c5edcbd07153e6f10a623922247b131426347,4,962,100
2,ex2-s5-e1-a1-p08,96cea7ecfc65ba667160e3c4ba1c5edcbd07153e6f10a623922247b131426347,4,963,0
2,ex2-s5-e1-a1-p08,96cea7ecfc65ba667160e3c4ba1c5edcbd07153e6f10a623922247b131426347,4,964,100
2,ex2-s5-e1-a1-p08,96cea7ecfc65ba667160e3c4ba1c5edcbd07153e6f10a623922247b131426347,4,965,100
2,ex2-s5-e1-a1-p08,96cea7ecfc65ba667160e3c4ba1c5edcbd07153e6f10a623922247b131426347,4,966,100
2,ex2-s5-e1-a1-p08,96cea7ecfc65ba667160e3c4ba1c5edcbd07153e6f10a623922247b131426347,4,967,100
2,ex2-s5-e1-a1-p08,96cea7ecfc65ba667160e3c4ba1c5edcbd07153e6f10a623922247b131426347,4,968,0
2,ex2-s5-e1-a1-p08,96cea7ecfc65ba667160e3c4ba1c5edcbd07153e6f10a623922247b131426347,4,969,100
2,ex2-s5-e1-a1-p08,96cea7ecfc65ba667160e3c4ba1c5edcbd07153e6f10a623922247b131426347,4,970,100
2,ex2-s5-e1-a1-p08,96cea7ecfc65ba667160e3c4ba1c5edcbd07153e6f10a623922247b131426347,4,971,100
2,ex2-s5-e1-a1-p08,96cea7ecfc65ba667160e3c4ba1c5edcbd07153e6f10a623922247b131426347,4,972,100
2,ex2-s5-e1-a1-p08,96cea7ecfc65ba667160e3c4ba1c5edcbd07153e6f10a623922247b131426347,4,973,100
2,ex2-s5-e1-a1-p08,96cea7ecfc65ba667160e3c4ba1c5edcbd07153e6f10a623922247b131426347,4,974,0
2,ex2-s5-e1-a1-p08,96cea7ecfc65ba667160e3c4ba1c5edcbd07153e6f10a623922247b131426347,4,975,100
2,ex2-s5-e1-a1-p08,96cea7ecfc65ba667160e3c4ba1c5edcbd07153e6f10a623922247b131426347,4,976,100
2,ex2-s5-e1-a1-p08,96cea7ecfc65ba667160e3c4ba1c5edcbd07153e6f10a623922247b131426347,4,977,100
2,ex2-s5-e1-a1-p08,96cea7ecfc65ba667160e3c4ba1c5edcbd07153e6f10a623922247b131426347,4,978,100
2,ex2-s5-e1-a1-p08,96cea7ecfc65ba667160e3c4ba1c5edcbd07153e6f10a623922247b131426347,4,979,0
2,ex2-s5-e1-a1-p08,96cea7ecfc65ba667160e3c4ba1c5edcbd07153e6f10a623922247b131426347,4,980,100
2,ex2-s5-e1-a1-p08,96cea7ecfc65ba667160e3c4ba1c5edcbd07153e6f10a623922247b131426347,4,981,100
2,ex2-s5-e1-a1-p08,96cea7ecfc65ba667160e3c4ba1c5edcbd07153e6f10a623922247b131426347,4,982,100
2,ex2-s5-e1-a1-p08,96cea7ecfc65ba667160e3c4ba1c5edcbd07153e6f10a623922247b131426347,4,983,100
2,ex2-s5-e1-a1-p08,96cea7ecfc65ba667160e3c4ba1c5edcbd07153e6f10a623922247b131426347,4,984,100
2,ex2-s5-e1-a1-p08,96cea7ecfc65ba667160e3c4ba1c5edcbd07153e6f10a623922247b131426347,4,985,0
2,ex2-s5-e1-a1-p08,96cea7ecfc65ba667160e3c4ba1c5edcbd07153e6f10a623922247b131426347,4,986,100
2,ex2-s5-e1-a1-p08,96cea7ecfc65ba667160e3c4ba1c5edcbd07153e6f10a623922247b131426347,4,987,100
2,ex2-s5-e1-a1-p08,96cea7ecfc65ba667160e3c4ba1c5edcbd07153e6f10a623922247b131426347,4,988,100
2,ex2-s5-e1-a1-p08,96cea7ecfc65ba667160e3c4ba1c5edcbd07153e6f10a623922247b131426347,4,989,100
2,ex2-s5-e1-a1-p08,96cea7ecfc65ba667160e3c4ba1c5edcbd07153e6f10a623922247b131426347,4,990,100
2,ex2-s5-e1-a1-p08,96cea7ecfc65ba667160e3c4ba1c5edcbd07153e6f10a623922247b131426347,4,991,0
2,ex2-s5-e1-a1-p08,96cea7ecfc65ba667160e3c4ba1c5edcbd07153e6f10a623922247b131426347,4,992,100
2,ex2-s5-e1-a1-p08,96cea7ecfc65ba667160e3c4ba1c5edcbd07153e6f10a623922247b131426347,4,993,100
2,ex2-s5-e1-a1-p08,96cea7ecfc65ba667160e3c4ba1c5edcbd07153e6f10a623922247b131426347,4,994,100
2,ex2-s5-e1-a1-p08,96cea7ecfc65ba667160e3c4ba1c5edcbd07153e6f10a623922247b131426347,4,995,100
2,ex2-s5-e1-a1-p08,96cea7ecfc65ba667160e3c4ba1c5edcbd07153e6f10a623922247b131426347,4,996,0
2,ex2-s5-e1-a1-p08,96cea7ecfc65ba667160e3c4ba1c5edcbd07153e6f10a623922247b131426347,4,997,100
2,ex2-s5-e1-a1-p08,96cea7ecfc65ba667160e3c4ba1c5edcbd07153e6f10a623922247b131426347,4,998,100
2,ex2-s5-e1-a1-p08,96cea7ecfc65ba667160e3c4ba1c5edcbd07153e6f10a623922247b131426347,4,999,100
2,ex2-s5-e1-a1-p08,96cea7ecfc65ba667160e3c4ba1c5edcbd07153e6f10a623922247b131426347,4,1000,100
2,ex2-s5-e1-a1-p08,96cea7ecfc65ba667160e3c4ba1c5edcbd07153e6f10a623922247b131426347,4,1001,100
2,ex2-s5-e1-a1-p08,96cea7ecfc65ba667160e3c4ba1c5edcbd07153e6f10a623922247b131426347,4,1002,0
2,ex2-s5-e1-a1-p08,96cea7ecfc65ba667160e3c4ba1c5edcbd07153e6f10a623922247b131426347,4,1003,100
2,ex2-s5-e1-a1-p08,96cea7ecfc65ba667160e3c4ba1c5edcbd07153e6f10a623922247b131426347,4,1004,100
2,ex2-s5-e1-a1-p08,96cea7ecfc65ba667160e3c4ba1c5edcbd07153e6f10a623922247b131426347,4,1005,100
2,ex2-s5-e1-a1-p08,96cea7ecfc65ba667160e3c4ba1c5edcbd07153e6f10a623922247b131426347,4,1006,100
2,ex2-s5-e1-a1-p08,96cea7ecfc65ba667160e3c4ba1c5edcbd07153e6f10a623922247b131426347,4,1007,0
2,ex2-s5-e1-a1-p08,96cea7ecfc65ba667160e3c4ba1c5edcbd07153e6f10a623922247b131426347,4,1008,100
2,ex2-s5-e1-a1-p08,96cea7ecfc65ba667160e3c4ba1c5edcbd07153e6f10a623922247b131426347,4,1009,100
2,ex2-s5-e1-a1-p08,96cea7ecfc65ba667160e3c4ba1c5edcbd07153e6f10a623922247b131426347,4,1010,100
2,ex2-s5-e1-a1-p08,96cea7ecfc65ba667160e3c4ba1c5edcbd07153e6f10a623922247b131426347,4,1011,100
2,ex2-s5-e1-a1-p08,96cea7ecfc65ba667160e3c4ba1c5edcbd07153e6f10a623922247b131426347,4,1012,100
2,ex2-s5-e1-a1-p08,96cea7ecfc65ba667160e3c4ba1c5edcbd07153e6f10a623922247b131426347,4,1013,0
2,ex2-s5-e1-a1-p08,96cea7ecfc65ba667160e3c4ba1c5edcbd07153e6f10a623922247b131426347,4,1014,100
2,ex2-s5-e1-a1-p08,96cea7ecfc65ba667160e3c4ba1c5edcbd07153e6f10a623922247b131426347,4,1015,100
2,ex2-s5-e1-a1-p08,96cea7ecfc65ba667160e3c4ba1c5edcbd07153e6f10a623922247b131426347,4,1016,100
2,ex2-s5-e1-a1-p08,96cea7ecfc65ba667160e3c4ba1c5edcbd07153e6f10a623922247b131426347,4,1017,100
2,ex2-s5-e1-a1-p08,96cea7ecfc65ba667160e3c4ba1c5edcbd07153e6f10a623922247b131426347,4,1018,0
2,ex2-s5-e1-a1-p08,96cea7ecfc65ba667160e3c4ba1c5edcbd07153e6f10a623922247b131426347,4,1019,100
2,ex2-s5-e1-a1-p08,96cea7ecfc65ba667160e3c4ba1c5edcbd07153e6f10a623922247b131426347,4,1020,100
2,ex2-s5-e1-a1-p08,96cea7ecfc65ba667160e3c4ba1c5edcbd07153e6f10a623922247b131426347,4,1021,100
2,ex2-s5-e1-a1-p08,96cea7ecfc65ba667160e3c4ba1c5edcbd07153e6f10a623922247b131426347,4,1022,100
2,ex2-s5-e1-a1-p08,96cea7ecfc65ba667160e3c4ba1c5edcbd07153e6f10a623922247b131426347,4,1023,100
2,ex2-s5-e1-a1-p08,96cea7ecfc65ba667160e3c4ba1c5edcbd07153e6f10a623922247b131426347,4,1024,0
2,ex2-s5-e1-a1-p08,96cea7ecfc65ba667160e3c4ba1c5edcbd07153e6f10a623922247b131426347,4,1025,100
2,ex2-s5-e1-a1-p08,96cea7ecfc65ba667160e3c4ba1c5edcbd07153e6f10a623922247b131426347,4,1026,100
2,ex2-s5-e1-a1-p08,96cea7ecfc65ba667160e3c4ba1c5edcbd07153e6f10a623922247b131426347,4,1027,100
2,ex2-s5-e1-a1-p08,96cea7ecfc65ba667160e3c4ba1c5edcbd07153e6f10a623922247b131426347,4,1028,100
2,ex2-s5-e1-a1-p08,96cea7ecfc65ba667160e3c4ba1c5edcbd07153e6f10a623922247b131426347,4,1029,0
2,ex2-s5-e1-a1-p08,96cea7ecfc65ba667160e3c4ba1c5edcbd07153e6f10a623922247b131426347,4,1030,100
2,ex2-s5-e1-a1-p08,96cea7ecfc65ba667160e3c4ba1c5edcbd07153e6f10a623922247b131426347,4,1031,100
2,ex2-s5-e1-a1-p08,96cea7ecfc65ba667160e3c4ba1c5edcbd07153e6f10a623922247b131426347,4,1032,100
2,ex2-s5-e1-a1-p08,96cea7ecfc65ba667160e3c4ba1c5edcbd07153e6f10a623922247b131426347,4,1033,100
2,ex2-s5-e1-a1-p08,96cea7ecfc65ba667160e3c4ba1c5edcbd07153e6f10a623922247b131426347,4,1034,100
2,ex2-s5-e1-a1-p08,96cea7ecfc65ba667160e3c4ba1c5edcbd07153e6f10a623922247b131426347,4,1035,0
2,ex2-s5-e1-a1-p08,96cea7ecfc65ba667160e3c4ba1c5edcbd07153e6f10a623922247b131426347,4,1036,100
2,ex2-s5-e1-a1-p08,96cea7ecfc65ba667160e3c4ba1c5edcbd07153e6f10a623922247b131426347,4,1037,100
2,ex2-s5-e1-a1-p08,96cea7ecfc65ba667160e3c4ba1c5edcbd07153e6f10a623922247b131426347,4,1038,100
2,ex2-s5-e1-a1-p08,96cea7ecfc65ba667160e3c4ba1c5edcbd07153e6f10a623922247b131426347,4,1039,100
2,ex2-s5-e1-a1-p08,96cea7ecfc65ba667160e3c4ba1c5edcbd07153e6f10a623922247b131426347,4,1040,100
2,ex2-s5-e1-a1-p08,96cea7ecfc65ba667160e3c4ba1c5edcbd07153e6f10a623922247b131426347,4,1041,0
2,ex2-s5-e1-a1-p08,96cea7ecfc65ba667160e3c4ba1c5edcbd07153e6f10a623922247b131426347,4,1042,100
2,ex2-s5-e1-a1-p08,96cea7ecfc65ba667160e3c4ba1c5edcbd07153e6f10a623922247b131426347,4,1043,100
2,ex2-s5-e1-a1-p08,96cea7ecfc65ba667160e3c4ba1c5edcbd07153e6f10a623922247b131426347,4,1044,100
2,ex2-s5-e1-a1-p08,96cea7ecfc65ba667160e3c4ba1c5edcbd07153e6f10a623922247b131426347,4,1045,100
2,ex2-s5-e1-a1-p08,96cea7ecfc65ba667160e3c4ba1c5edcbd07153e6f10a623922247b131426347,4,1046,0
2,ex2-s5-e1-a1-p08,96cea7ecfc65ba667160e3c4ba1c5edcbd07153e6f10a623922247b131426347,4,1047,100
2,ex2-s5-e1-a1-p08,96cea7ecfc65ba667160e3c4ba1c5edcbd07153e6f10a623922247b131426347,4,1048,100
2,ex2-s5-e1-a1-p08,96cea7ecfc65ba667160e3c4ba1c5edcbd07153e6f10a623922247b131426347,4,1049,100
2,ex2-s5-e1-a1-p08,96cea7ecfc65ba667160e3c4ba1c5edcbd07153e6f10a623922247b131426347,4,1050,100
2,ex2-s5-e1-a1-p08,96cea7ecfc65ba667160e3c4ba1c5edcbd07153e6f10a623922247b131426347,4,1051,100
2,ex2-s5-e1-a1-p08,96cea7ecfc65ba667160e3c4ba1c5edcbd07153e6f10a623922247b131426347,4,1052,0
2,ex2-s5-e1-a1-p08,96cea7ecfc65ba667160e3c4ba1c5edcbd07153e6f10a623922247b131426347,4,1053,100
2,ex2-s5-e1-a1-p08,96cea7ecfc65ba667160e3c4ba1c5edcbd07153e6f10a623922247b131426347,4,1054,100
2,ex2-s5-e1-a1-p08,96cea7ecfc65ba667160e3c4ba1c5edcbd07153e6f10a623922247b131426347,4,1055,100
2,ex2-s5-e1-a1-p08,96cea7ecfc65ba667160e3c4ba1c5edcbd07153e6f10a623922247b131426347,4,1056,100
2,ex2-s5-e1-a1-p08,96cea7ecfc65ba667160e3c4ba1c5edcbd07153e6f10a623922247b131426347,4,1057,0
2,ex2-s5-e1-a1-p08,96cea7ecfc65ba667160e3c4ba1c5edcbd07153e6f10a623922247b131426347,4,1058,100
2,ex2-s5-e1-a1-p08,96cea7ecfc65ba667160e3c4ba1c5edcbd07153e6f10a623922247b131426347,4,1059,100
2,ex2-s5-e1-a1-p08,96cea7ecfc65ba667160e3c4ba1c5edcbd07153e6f10a623922247b131426347,4,1060,100
2,ex2-s5-e1-a1-p08,96cea7ecfc65ba667160e3c4ba1c5edcbd07153e6f10a623922247b131426347,4,1061,100
2,ex2-s5-e1-a1-p08,96cea7ecfc65ba667160e3c4ba1c5edcbd07153e6f10a623922247b131426347,4,1062,100
2,ex2-s5-e1-a1-p08,96cea7ecfc65ba667160e3c4ba1c5edcbd07153e6f10a623922247b131426347,4,1063,0
2,ex2-s5-e1-a1-p08,96cea7ecfc65ba667160e3c4ba1c5edcbd07153e6f10a623922247b131426347,4,1064,100
2,ex2-s5-e1-a1-p08,96cea7ecfc65ba667160e3c4ba1c5edcbd07153e6f10a623922247b131426347,4,1065,100
2,ex2-s5-e1-a1-p08,96cea7ecfc65ba667160e3c4ba1c5edcbd07153e6f10a623922247b131426347,4,1066,100
2,ex2-s5-e1-a1-p08,96cea7ecfc65ba667160e3c4ba1c5edcbd07153e6f10a623922247b131426347,4,1067,100
2,ex2-s5-e1-a1-p08,96cea7ecfc65ba667160e3c4ba1c5edcbd07153e6f10a623922247b131426347,4,1068,0
2,ex2-s5-e1-a1-p08,96cea7ecfc65ba667160e3c4ba1c5edcbd07153e6f10a623922247b131426347,4,1069,100
2,ex2-s5-e1-a1-p08,96cea7ecfc65ba667160e3c4ba1c5edcbd07153e6f10a623922247b131426347,4,1070,100
2,ex2-s5-e1-a1-p08,96cea7ecfc65ba667160e3c4ba1c5edcbd07153e6f10a623922247b131426347,4,1071,100
2,ex2-s5-e1-a1-p08,96cea7ecfc65ba667160e3c4ba1c5edcbd07153e6f10a623922247b131426347,4,1072,100
2,ex2-s5-e1-a1-p08,96cea7ecfc65ba667160e3c4ba1c5edcbd07153e6f10a623922247b131426347,4,1073,100
2,ex2-s5-e1-a1-p08,96cea7ecfc65ba667160e3c4ba1c5edcbd07153e6f10a623922247b131426347,4,1074,0
2,ex2-s5-e1-a1-p08,96cea7ecfc65ba667160e3c4ba1c5edcbd07153e6f10a623922247b131426347,4,1075,100
2,ex2-s5-e1-a1-p08,96cea7ecfc65ba667160e3c4ba1c5edcbd07153e6f10a623922247b131426347,4,1076,100
2,ex2-s5-e1-a1-p08,96cea7ecfc65ba667160e3c4ba1c5edcbd07153e6f10a623922247b131426347,4,1077,100
2,ex2-s5-e1-a1-p08,96cea7ecfc65ba667160e3c4ba1c5edcbd07153e6f10a623922247b131426347,4,1078,100
2,ex2-s5-e1-a1-p08,96cea7ecfc65ba667160e3c4ba1c5edcbd07153e6f10a623922247b131426347,4,1079,100
2,ex2-s5-e1-a1-p08,96cea7ecfc65ba667160e3c4ba1c5edcbd07153e6f10a623922247b131426347,4,1080,0
2,ex2-s5-e1-a1-p08,96cea7ecfc65ba667160e3c4ba1c5edcbd07153e6f10a623922247b131426347,4,1081,100
2,ex2-s5-e1-a1-p08,96cea7ecfc65ba667160e3c4ba1c5edcbd07153e6f10a623922247b131426347,4,1082,100
2,ex2-s5-e1-a1-p08,96cea7ecfc65ba667160e3c4ba1c5edcbd07153e6f10a623922247b131426347,4,1083,100
2,ex2-s5-e1-a1-p08,96cea7ecfc65ba667160e3c4ba1c5edcbd07153e6f10a623922247b131426347,4,1084,100
2,ex2-s5-e1-a1-p08,96cea7ecfc65ba667160e3c4ba1c5edcbd07153e6f10a623922247b131426347,4,1085,0
2,ex2-s5-e1-a1-p08,96cea7ecfc65ba667160e3c4ba1c5edcbd07153e6f10a623922247b131426347,4,1086,100
2,ex2-s5-e1-a1-p08,96cea7ecfc65ba667160e3c4ba1c5edcbd07153e6f10a623922247b131426347,4,1087,100
2,ex2-s5-e1-a1-p08,96cea7ecfc65ba667160e3c4ba1c5edcbd07153e6f10a623922247b131426347,4,1088,100
2,ex2-s5-e1-a1-p08,96cea7ecfc65ba667160e3c4ba1c5edcbd07153e6f10a623922247b131426347,4,1089,100
2,ex2-s5-e1-a1-p08,96cea7ecfc65ba667160e3c4ba1c5edcbd07153e6f10a623922247b131426347,4,1090,100
2,ex2-s5-e1-a1-p08,96cea7ecfc65ba667160e3c4ba1c5edcbd07153e6f10a623922247b131426347,4,1091,0
2,ex2-s5-e1-a1-p08,96cea7ecfc65ba667160e3c4ba1c5edcbd07153e6f10a623922247b131426347,4,1092,100
2,ex2-s5-e1-a1-p08,96cea7ecfc65ba667160e3c4ba1c5edcbd07153e6f10a623922247b131426347,4,1093,100
2,ex2-s5-e1-a1-p08,96cea7ecfc65ba667160e3c4ba1c5edcbd07153e6f10a623922247b131426347,4,1094,100
2,ex2-s5-e1-a1-p08,96cea7ecfc65ba667160e3c4ba1c5edcbd07153e6f10a623922247b131426347,4,1095,100
2,ex2-s5-e1-a1-p08,96cea7ecfc65ba667160e3c4ba1c5edcbd07153e6f10a623922247b131426347,4,1096,100
2,ex2-s5-e1-a1-p08,96cea7ecfc65ba667160e3c4ba1c5edcbd07153e6f10a623922247b131426347,4,1097,100
2,ex2-s5-e1-a1-p08,96cea7ecfc65ba667160e3c4ba1c5edcbd07153e6f10a623922247b131426347,4,1098,0
2,ex2-s5-e1-a1-p08,96cea7ecfc65ba667160e3c4ba1c5edcbd07153e6f10a623922247b131426347,4,1099,100
2,ex2-s5-e1-a1-p08,96cea7ecfc65ba667160e3c4ba1c5edcbd07153e6f10a623922247b131426347,4,1100,100
2,ex2-s5-e1-a1-p08,96cea7ecfc65ba667160e3c4ba1c5edcbd07153e6f10a623922247b131426347,4,1101,100
2,ex2-s5-e1-a1-p08,96cea7ecfc65ba667160e3c4ba1c5edcbd07153e6f10a623922247b131426347,4,1102,100
2,ex2-s5-e1-a1-p08,96cea7ecfc65ba667160e3c4ba1c5edcbd07153e6f10a623922247b131426347,4,1103,100
2,ex2-s5-e1-a1-p08,96cea7ecfc65ba667160e3c4ba1c5edcbd07153e6f10a623922247b131426347,4,1104,0
2,ex2-s5-e1-a1-p08,96cea7ecfc65ba667160e3c4ba1c5edcbd07153e6f10a623922247b131426347,4,1105,100
2,ex2-s5-e1-a1-p08,96cea7ecfc65ba667160e3c4ba1c5edcbd07153e6f10a623922247b131426347,4,1106,100
2,ex2-s5-e1-a1-p08,96cea7ecfc65ba667160e3c4ba1c5edcbd07153e6f10a623922247b131426347,4,1107,100
2,ex2-s5-e1-a1-p08,96cea7ecfc65ba667160e3c4ba1c5edcbd07153e6f10a623922247b131426347,4,1108,100
2,ex2-s5-e1-a1-p08,96cea7ecfc65ba667160e3c4ba1c5edcbd07153e6f10a623922247b131426347,4,1109,0
2,ex2-s5-e1-a1-p08,96cea7ecfc65ba667160e3c4ba1c5edcbd07153e6f10a623922247b131426347,4,1110,100
2,ex2-s5-e1-a1-p08,96cea7ecfc65ba667160e3c4ba1c5edcbd07153e6f10a623922247b131426347,4,1111,100
2,ex2-s5-e1-a1-p08,96cea7ecfc65ba667160e3c4ba1c5edcbd07153e6f10a623922247b131426347,4,1112,100
2,ex2-s5-e1-a1-p08,96cea7ecfc65ba667160e3c4ba1c5edcbd07153e6f10a623922247b131426347,4,1113,100
2,ex2-s5-e1-a1-p08,96cea7ecfc65ba667160e3c4ba1c5edcbd07153e6f10a623922247b131426347,4,1114,100
2,ex2-s5-e1-a1-p08,96cea7ecfc65ba667160e3c4ba1c5edcbd07153e6f10a623922247b131426347,4,1115,0
2,ex2-s5-e1-a1-p08,96cea7ecfc65ba667160e3c4ba1c5edcbd07153e6f10a623922247b131426347,4,1116,100
2,ex2-s5-e1-a1-p08,96cea7ecfc65ba667160e3c4ba1c5edcbd07153e6f10a623922247b131426347,4,1117,100
2,ex2-s5-e1-a1-p08,96cea7ecfc65ba667160e3c4ba1c5edcbd07153e6f10a623922247b131426347,4,1118,100
2,ex2-s5-e1-a1-p08,96cea7ecfc65ba667160e3c4ba1c5edcbd07153e6f10a623922247b131426347,4,1119,100
2,ex2-s5-e1-a1-p08,96cea7ecfc65ba667160e3c4ba1c5edcbd07153e6f10a623922247b131426347,4,1120,0
2,ex2-s5-e1-a1-p08,96cea7ecfc65ba667160e3c4ba1c5edcbd07153e6f10a623922247b131426347,4,1121,100
2,ex2-s5-e1-a1-p08,96cea7ecfc65ba667160e3c4ba1c5edcbd07153e6f10a623922247b131426347,4,1122,100
2,ex2-s5-e1-a1-p08,96cea7ecfc65ba667160e3c4ba1c5edcbd07153e6f10a623922247b131426347,4,1123,100
2,ex2-s5-e1-a1-p08,96cea7ecfc65ba667160e3c4ba1c5edcbd07153e6f10a623922247b131426347,4,1124,100
2,ex2-s5-e1-a1-p08,96cea7ecfc65ba667160e3c4ba1c5edcbd07153e6f10a623922247b131426347,4,1125,100
2,ex2-s5-e1-a1-p08,96cea7ecfc65ba667160e3c4ba1c5edcbd07153e6f10a623922247b131426347,4,1126,0
2,ex2-s5-e1-a1-p08,96cea7ecfc65ba667160e3c4ba1c5edcbd07153e6f10a623922247b131426347,4,1127,100
2,ex2-s5-e1-a1-p08,96cea7ecfc65ba667160e3c4ba1c5edcbd07153e6f10a623922247b131426347,4,1128,100
2,ex2-s5-e1-a1-p08,96cea7ecfc65ba667160e3c4ba1c5edcbd07153e6f10a623922247b131426347,4,1129,100
2,ex2-s5-e1-a1-p08,96cea7ecfc65ba667160e3c4ba1c5edcbd07153e6f10a623922247b131426347,4,1130,100
2,ex2-s5-e1-a1-p08,96cea7ecfc65ba667160e3c4ba1c5edcbd07153e6f10a623922247b131426347,4,1131,100
2,ex2-s5-e1-a1-p08,96cea7ecfc65ba667160e3c4ba1c5edcbd07153e6f10a623922247b131426347,4,1132,0
2,ex2-s5-e1-a1-p08,96cea7ecfc65ba667160e3c4ba1c5edcbd07153e6f10a623922247b131426347,4,1133,100
2,ex2-s5-e1-a1-p08,96cea7ecfc65ba667160e3c4ba1c5edcbd07153e6f10a623922247b131426347,4,1134,100
2,ex2-s5-e1-a1-p08,96cea7ecfc65ba667160e3c4ba1c5edcbd07153e6f10a623922247b131426347,4,1135,100
2,ex2-s5-e1-a1-p08,96cea7ecfc65ba667160e3c4ba1c5edcbd07153e6f10a623922247b131426347,4,1136,100
2,ex2-s5-e1-a1-p08,96cea7ecfc65ba667160e3c4ba1c5edcbd07153e6f10a623922247b131426347,4,1137,0
2,ex2-s5-e1-a1-p08,96cea7ecfc65ba667160e3c4ba1c5edcbd07153e6f10a623922247b131426347,4,1138,100
2,ex2-s5-e1-a1-p08,96cea7ecfc65ba667160e3c4ba1c5edcbd07153e6f10a623922247b131426347,4,1139,100
2,ex2-s5-e1-a1-p08,96cea7ecfc65ba667160e3c4ba1c5edcbd07153e6f10a623922247b131426347,4,1140,100
2,ex2-s5-e1-a1-p08,96cea7ecfc65ba667160e3c4ba1c5edcbd07153e6f10a623922247b131426347,4,1141,100
2,ex2-s5-e1-a1-p08,96cea7ecfc65ba667160e3c4ba1c5edcbd07153e6f10a623922247b131426347,4,1142,0
2,ex2-s5-e1-a1-p08,96cea7ecfc65ba667160e3c4ba1c5edcbd07153e6f10a623922247b131426347,4,1143,100
2,ex2-s5-e1-a1-p08,96cea7ecfc65ba667160e3c4ba1c5edcbd07153e6f10a623922247b131426347,4,1144,100
2,ex2-s5-e1-a1-p08,96cea7ecfc65ba667160e3c4ba1c5edcbd07153e6f10a623922247b131426347,4,1145,100
2,ex2-s5-e1-a1-p08,96cea7ecfc65ba667160e3c4ba1c5edcbd07153e6f10a623922247b131426347,4,1146,100
2,ex2-s5-e1-a1-p08,96cea7ecfc65ba667160e3c4ba1c5edcbd07153e6f10a623922247b131426347,4,1147,100
2,ex2-s5-e1-a1-p08,96cea7ecfc65ba667160e3c4ba1c5edcbd07153e6f10a623922247b131426347,4,1148,0
2,ex2-s5-e1-a1-p08,96cea7ecfc65ba667160e3c4ba1c5edcbd07153e6f10a623922247b131426347,4,1149,100
2,ex2-s5-e1-a1-p08,96cea7ecfc65ba667160e3c4ba1c5edcbd07153e6f10a623922247b131426347,4,1150,100
2,ex2-s5-e1-a1-p08,96cea7ecfc65ba667160e3c4ba1c5edcbd07153e6f10a623922247b131426347,4,1151,100
2,ex2-s5-e1-a1-p08,96cea7ecfc65ba667160e3c4ba1c5edcbd07153e6f10a623922247b131426347,4,1152,100
2,ex2-s5-e1-a1-p08,96cea7ecfc65ba667160e3c4ba1c5edcbd07153e6f10a623922247b131426347,4,1153,100
2,ex2-s5-e1-a1-p08,96cea7ecfc65ba667160e3c4ba1c5edcbd07153e6f10a623922247b131426347,4,1154,0
2,ex2-s5-e1-a1-p08,96cea7ecfc65ba667160e3c4ba1c5edcbd07153e6f10a623922247b131426347,4,1155,100
2,ex2-s5-e1-a1-p08,96cea7ecfc65ba667160e3c4ba1c5edcbd07153e6f10a623922247b131426347,4,1156,100
2,ex2-s5-e1-a1-p08,96cea7ecfc65ba667160e3c4ba1c5edcbd07153e6f10a623922247b131426347,4,1157,100
2,ex2-s5-e1-a1-p08,96cea7ecfc65ba667160e3c4ba1c5edcbd07153e6f10a623922247b131426347,4,1158,100
2,ex2-s5-e1-a1-p08,96cea7ecfc65ba667160e3c4ba1c5edcbd07153e6f10a623922247b131426347,4,1159,0
2,ex2-s5-e1-a1-p08,96cea7ecfc65ba667160e3c4ba1c5edcbd07153e6f10a623922247b131426347,4,1160,100
2,ex2-s5-e1-a1-p08,96cea7ecfc65ba667160e3c4ba1c5edcbd07153e6f10a623922247b131426347,4,1161,100
2,ex2-s5-e1-a1-p08,96cea7ecfc65ba667160e3c4ba1c5edcbd07153e6f10a623922247b131426347,4,1162,100
2,ex2-s5-e1-a1-p08,96cea7ecfc65ba667160e3c4ba1c5edcbd07153e6f10a623922247b131426347,4,1163,100
2,ex2-s5-e1-a1-p08,96cea7ecfc65ba667160e3c4ba1c5edcbd07153e6f10a623922247b131426347,4,1164,100
2,ex2-s5-e1-a1-p08,96cea7ecfc65ba667160e3c4ba1c5edcbd07153e6f10a623922247b131426347,4,1165,0
2,ex2-s5-e1-a1-p08,96cea7ecfc65ba667160e3c4ba1c5edcbd07153e6f10a623922247b131426347,4,1166,100
2,ex2-s5-e1-a1-p08,96cea7ecfc65ba667160e3c4ba1c5edcbd07153e6f10a623922247b131426347,4,1167,100
2,ex2-s5-e1-a1-p08,96cea7ecfc65ba667160e3c4ba1c5edcbd07153e6f10a623922247b131426347,4,1168,100
2,ex2-s5-e1-a1-p08,96cea7ecfc65ba667160e3c4ba1c5edcbd07153e6f10a623922247b131426347,4,1169,100
2,ex2-s5-e1-a1-p08,96cea7ecfc65ba667160e3c4ba1c5edcbd07153e6f10a623922247b131426347,4,1170,0
2,ex2-s5-e1-a1-p08,96cea7ecfc65ba667160e3c4ba1c5edcbd07153e6f10a623922247b131426347,4,1171,100
2,ex2-s5-e1-a1-p08,96cea7ecfc65ba667160e3c4ba1c5edcbd07153e6f10a623922247b131426347,4,1172,100
2,ex2-s5-e1-a1-p08,96cea7ecfc65ba667160e3c4ba1c5edcbd07153e6f10a623922247b131426347,4,1173,100
2,ex2-s5-e1-a1-p08,96cea7ecfc65ba667160e3c4ba1c5edcbd07153e6f10a623922247b131426347,4,1174,100
2,ex2-s5-e1-a1-p08,96cea7ecfc65ba667160e3c4ba1c5edcbd07153e6f10a623922247b131426347,4,1175,100
2,ex2-s5-e1-a1-p08,96cea7ecfc65ba667160e3c4ba1c5edcbd07153e6f10a623922247b131426347,4,1176,0
2,ex2-s5-e1-a1-p08,96cea7ecfc65ba667160e3c4ba1c5edcbd07153e6f10a623922247b131426347,4,1177,100
2,ex2-s5-e1-a1-p08,96cea7ecfc65ba667160e3c4ba1c5edcbd07153e6f10a623922247b131426347,4,1178,100
2,ex2-s5-e1-a1-p08,96cea7ecfc65ba667160e3c4ba1c5edcbd07153e6f10a623922247b131426347,4,1179,100
2,ex2-s5-e1-a1-p08,96cea7ecfc65ba667160e3c4ba1c5edcbd07153e6f10a623922247b131426347,4,1180,100
2,ex2-s5-e1-a1-p08,96cea7ecfc65ba667160e3c4ba1c5edcbd07153e6f10a623922247b131426347,4,1181,0
2,ex2-s5-e1-a1-p08,96cea7ecfc65ba667160e3c4ba1c5edcbd07153e6f10a623922247b131426347,4,1182,100
2,ex2-s5-e1-a1-p08,96cea7ecfc65ba667160e3c4ba1c5edcbd07153e6f10a623922247b131426347,4,1183,100
2,ex2-s5-e1-a1-p08,96cea7ecfc65ba667160e3c4ba1c5edcbd07153e6f10a623922247b131426347,4,1184,100
2,ex2-s5-e1-a1-p08,96cea7ecfc65ba667160e3c4ba1c5edcbd07153e6f10a623922247b131426347,4,1185,100
2,ex2-s5-e1-a1-p08,96cea7ecfc65ba667160e3c4ba1c5edcbd07153e6f10a623922247b131426347,4,1186,100
2,ex2-s5-e1-a1-p08,96cea7ecfc65ba667160e3c4ba1c5edcbd07153e6f10a623922247b131426347,4,1187,0
2,ex2-s5-e1-a1-p08,96cea7ecfc65ba667160e3c4ba1c5edcbd07153e6f10a623922247b131426347,4,1188,100
2,ex2-s5-e1-a1-p08,96cea7ecfc65ba667160e3c4ba1c5edcbd07153e6f10a623922247b131426347,4,1189,100
2,ex2-s5-e1-a1-p08,96cea7ecfc65ba667160e3c4ba1c5edcbd07153e6f10a623922247b131426347,4,1190,100
2,ex2-s5-e1-a1-p08,96cea7ecfc65ba667160e3c4ba1c5edcbd07153e6f10a623922247b131426347,4,1191,100
2,ex2-s5-e1-a1-p08,96cea7ecfc65ba667160e3c4ba1c5edcbd07153e6f10a623922247b131426347,4,1192,0
2,ex2-s5-e1-a1-p08,96cea7ecfc65ba667160e3c4ba1c5edcbd07153e6f10a623922247b131426347,4,1193,100
2,ex2-s5-e1-a1-p08,96cea7ecfc65ba667160e3c4ba1c5edcbd07153e6f10a623922247b131426347,4,1194,100
2,ex2-s5-e1-a1-p08,96cea7ecfc65ba667160e3c4ba1c5edcbd07153e6f10a623922247b131426347,4,1195,100
2,ex2-s5-e1-a1-p08,96cea7ecfc65ba667160e3c4ba1c5edcbd07153e6f10a623922247b131426347,4,1196,100
2,ex2-s5-e1-a1-p08,96cea7ecfc65ba667160e3c4ba1c5edcbd07153e6f10a623922247b131426347,4,1197,100
2,ex2-s5-e1-a1-p08,96cea7ecfc65ba667160e3c4ba1c5edcbd07153e6f10a623922247b131426347,4,1198,0
2,ex2-s5-e1-a1-p08,96cea7ecfc65ba667160e3c4ba1c5edcbd07153e6f10a623922247b131426347,4,1199,100
2,ex2-s5-e1-a1-p08,96cea7ecfc65ba667160e3c4ba1c5edcbd07153e6f10a623922247b131426347,4,1200,100
2,ex2-s5-e1-a1-p08,96cea7ecfc65ba667160e3c4ba1c5edcbd07153e6f10a623922247b131426347,4,1201,100
2,ex2-s5-e1-a1-p08,96cea7ecfc65ba667160e3c4ba1c5edcbd07153e6f10a623922247b131426347,4,1202,100
2,ex2-s5-e1-a1-p08,96cea7ecfc65ba667160e3c4ba1c5edcbd07153e6f10a623922247b131426347,4,1203,100
2,ex2-s5-e1-a1-p08,96cea7ecfc65ba667160e3c4ba1c5edcbd07153e6f10a623922247b131426347,4,1204,0
2,ex2-s5-e1-a1-p08,96cea7ecfc65ba667160e3c4ba1c5edcbd07153e6f10a623922247b131426347,4,1205,100
2,ex2-s5-e1-a1-p08,96cea7ecfc65ba667160e3c4ba1c5edcbd07153e6f10a623922247b131426347,4,1206,100
2,ex2-s5-e1-a1-p08,96cea7ecfc65ba667160e3c4ba1c5edcbd07153e6f10a623922247b131426347,4,1207,100
2,ex2-s5-e1-a1-p08,96cea7ecfc65ba667160e3c4ba1c5edcbd07153e6f10a623922247b131426347,4,1208,100
2,ex2-s5-e1-a1-p08,96cea7ecfc65ba667160e3c4ba1c5edcbd07153e6f10a623922247b131426347,4,1209,0
2,ex2-s5-e1-a1-p08,96cea7ecfc65ba667160e3c4ba1c5edcbd07153e6f10a623922247b131426347,4,1210,100
2,ex2-s5-e1-a1-p08,96cea7ecfc65ba667160e3c4ba1c5edcbd07153e6f10a623922247b131426347,4,1211,100
2,ex2-s5-e1-a1-p08,96cea7ecfc65ba667160e3c4ba1c5edcbd07153e6f10a623922247b131426347,4,1212,100
2,ex2-s5-e1-a1-p08,96cea7ecfc65ba667160e3c4ba1c5edcbd07153e6f10a623922247b131426347,4,1213,100
2,ex2-s5-e1-a1-p08,96cea7ecfc65ba667160e3c4ba1c5edcbd07153e6f10a623922247b131426347,4,1214,100
2,ex2-s5-e1-a1-p08,96cea7ecfc65ba667160e3c4ba1c5edcbd07153e6f10a623922247b131426347,4,1215,0
2,ex2-s5-e1-a1-p08,96cea7ecfc65ba667160e3c4ba1c5edcbd07153e6f10a623922247b131426347,4,1216,100
2,ex2-s5-e1-a1-p08,96cea7ecfc65ba667160e3c4ba1c5edcbd07153e6f10a623922247b131426347,4,1217,100
2,ex2-s5-e1-a1-p08,96cea7ecfc65ba667160e3c4ba1c5edcbd07153e6f10a623922247b131426347,4,1218,100
2,ex2-s5-e1-a1-p08,96cea7ecfc65ba667160e3c4ba1c5edcbd07153e6f10a623922247b131426347,4,1219,100
2,ex2-s5-e1-a1-p08,96cea7ecfc65ba667160e3c4ba1c5edcbd07153e6f10a623922247b131426347,4,1220,0
2,ex2-s5-e1-a1-p08,96cea7ecfc65ba667160e3c4ba1c5edcbd07153e6f10a623922247b131426347,4,1221,100
2,ex2-s5-e1-a1-p08,96cea7ecfc65ba667160e3c4ba1c5edcbd07153e6f10a623922247b131426347,4,1222,100
2,ex2-s5-e1-a1-p08,96cea7ecfc65ba667160e3c4ba1c5edcbd07153e6f10a623922247b131426347,4,1223,100
2,ex2-s5-e1-a1-p08,96cea7ecfc65ba667160e3c4ba1c5edcbd07153e6f10a623922247b131426347,4,1224,100
2,ex2-s5-e1-a1-p08,96cea7ecfc65ba667160e3c4ba1c5edcbd07153e6f10a623922247b131426347,4,1225,100
2,ex2-s5-e1-a1-p08,96cea7ecfc65ba667160e3c4ba1c5edcbd07153e6f10a623922247b131426347,4,1226,0
2,ex2-s5-e1-a1-p08,96cea7ecfc65ba667160e3c4ba1c5edcbd07153e6f10a623922247b131426347,4,1227,100
2,ex2-s5-e1-a1-p08,96cea7ecfc65ba667160e3c4ba1c5edcbd07153e6f10a623922247b131426347,4,1228,100
2,ex2-s5-e1-a1-p08,96cea7ecfc65ba667160e3c4ba1c5edcbd07153e6f10a623922247b131426347,4,1229,100
2,ex2-s5-e1-a1-p08,96cea7ecfc65ba667160e3c4ba1c5edcbd07153e6f10a623922247b131426347,4,1230,100
2,ex2-s5-e1-a1-p08,96cea7ecfc65ba667160e3c4ba1c5edcbd07153e6f10a623922247b131426347,4,1231,100
2,ex2-s5-e1-a1-p08,96cea7ecfc65ba667160e3c4ba1c5edcbd07153e6f10a623922247b131426347,4,1232,0
2,ex2-s5-e1-a1-p08,96cea7ecfc65ba667160e3c4ba1c5edcbd07153e6f10a623922247b131426347,4,1233,100
2,ex2-s5-e1-a1-p08,96cea7ecfc65ba667160e3c4ba1c5edcbd07153e6f10a623922247b131426347,4,1234,100
2,ex2-s5-e1-a1-p08,96cea7ecfc65ba667160e3c4ba1c5edcbd07153e6f10a623922247b131426347,4,1235,100
2,ex2-s5-e1-a1-p08,96cea7ecfc65ba667160e3c4ba1c5edcbd07153e6f10a623922247b131426347,4,1236,100
2,ex2-s5-e1-a1-p08,96cea7ecfc65ba667160e3c4ba1c5edcbd07153e6f10a623922247b131426347,4,1237,0
2,ex2-s5-e1-a1-p08,96cea7ecfc65ba667160e3c4ba1c5edcbd07153e6f10a623922247b131426347,4,1238,100
2,ex2-s5-e1-a1-p08,96cea7ecfc65ba667160e3c4ba1c5edcbd07153e6f10a623922247b131426347,4,1239,100
2,ex2-s5-e1-a1-p08,96cea7ecfc65ba667160e3c4ba1c5edcbd07153e6f10a623922247b131426347,4,1240,100
2,ex2-s5-e1-a1-p08,96cea7ecfc65ba667160e3c4ba1c5edcbd07153e6f10a623922247b131426347,4,1241,100
2,ex2-s5-e1-a1-p08,96cea7ecfc65ba667160e3c4ba1c5edcbd07153e6f10a623922247b131426347,4,1242,100
2,ex2-s5-e1-a1-p08,96cea7ecfc65ba667160e3c4ba1c5edcbd07153e6f10a623922247b131426347,4,1243,0
2,ex2-s5-e1-a1-p08,96cea7ecfc65ba667160e3c4ba1c5edcbd07153e6f10a623922247b131426347,4,1244,100
2,ex2-s5-e1-a1-p08,96cea7ecfc65ba667160e3c4ba1c5edcbd07153e6f10a623922247b131426347,4,1245,100
2,ex2-s5-e1-a1-p08,96cea7ecfc65ba667160e3c4ba1c5edcbd07153e6f10a623922247b131426347,4,1246,100
2,ex2-s5-e1-a1-p08,96cea7ecfc65ba667160e3c4ba1c5edcbd07153e6f10a623922247b131426347,4,1247,100
2,ex2-s5-e1-a1-p08,96cea7ecfc65ba667160e3c4ba1c5edcbd07153e6f10a623922247b131426347,4,1248,0
2,ex2-s5-e1-a1-p08,96cea7ecfc65ba667160e3c4ba1c5edcbd07153e6f10a623922247b131426347,4,1249,100
2,ex2-s5-e1-a1-p08,96cea7ecfc65ba667160e3c4ba1c5edcbd07153e6f10a623922247b131426347,4,1250,100
2,ex2-s5-e1-a1-p08,96cea7ecfc65ba667160e3c4ba1c5edcbd07153e6f10a623922247b131426347,4,1251,100
2,ex2-s5-e1-a1-p08,96cea7ecfc65ba667160e3c4ba1c5edcbd07153e6f10a623922247b131426347,4,1252,100
2,ex2-s5-e1-a1-p08,96cea7ecfc65ba667160e3c4ba1c5edcbd07153e6f10a623922247b131426347,4,1253,100
2,ex2-s5-e1-a1-p08,96cea7ecfc65ba667160e3c4ba1c5edcbd07153e6f10a623922247b131426347,4,1254,0
2,ex2-s5-e1-a1-p08,96cea7ecfc65ba667160e3c4ba1c5edcbd07153e6f10a623922247b131426347,4,1255,100
2,ex2-s5-e1-a1-p08,96cea7ecfc65ba667160e3c4ba1c5edcbd07153e6f10a623922247b131426347,4,1256,100
2,ex2-s5-e1-a1-p08,96cea7ecfc65ba667160e3c4ba1c5edcbd07153e6f10a623922247b131426347,4,1257,100
2,ex2-s5-e1-a1-p08,96cea7ecfc65ba667160e3c4ba1c5edcbd07153e6f10a623922247b131426347,4,1258,100
2,ex2-s5-e1-a1-p08,96cea7ecfc65ba667160e3c4ba1c5edcbd07153e6f10a623922247b131426347,4,1259,100
2,ex2-s5-e1-a1-p08,96cea7ecfc65ba667160e3c4ba1c5edcbd07153e6f10a623922247b131426347,4,1260,0
2,ex2-s5-e1-a1-p08,96cea7ecfc65ba667160e3c4ba1c5edcbd07153e6f10a623922247b131426347,4,1261,100
2,ex2-s5-e1-a1-p08,96cea7ecfc65ba667160e3c4ba1c5edcbd07153e6f10a623922247b131426347,4,1262,100
2,ex2-s5-e1-a1-p08,96cea7ecfc65ba667160e3c4ba1c5edcbd07153e6f10a623922247b131426347,4,1263,100
2,ex2-s5-e1-a1-p08,96cea7ecfc65ba667160e3c4ba1c5edcbd07153e6f10a623922247b131426347,4,1264,100
2,ex2-s5-e1-a1-p08,96cea7ecfc65ba667160e3c4ba1c5edcbd07153e6f10a623922247b131426347,4,1265,0
2,ex2-s5-e1-a1-p08,96cea7ecfc65ba667160e3c4ba1c5edcbd07153e6f10a623922247b131426347,4,1266,100
2,ex2-s5-e1-a1-p08,96cea7ecfc65ba667160e3c4ba1c5edcbd07153e6f10a623922247b131426347,4,1267,100
2,ex2-s5-e1-a1-p08,96cea7ecfc65ba667160e3c4ba1c5edcbd07153e6f10a623922247b131426347,4,1268,100
2,ex2-s5-e1-a1-p08,96cea7ecfc65ba667160e3c4ba1c5edcbd07153e6f10a623922247b131426347,4,1269,100
2,ex2-s5-e1-a1-p08,96cea7ecfc65ba667160e3c4ba1c5edcbd07153e6f10a623922247b131426347,4,1270,100
2,ex2-s5-e1-a1-p08,96cea7ecfc65ba667160e3c4ba1c5edcbd07153e6f10a623922247b131426347,4,1271,0
2,ex2-s5-e1-a1-p08,96cea7ecfc65ba667160e3c4ba1c5edcbd07153e6f10a623922247b131426347,4,1272,100
2,ex2-s5-e1-a1-p08,96cea7ecfc65ba667160e3c4ba1c5edcbd07153e6f10a623922247b131426347,4,1273,100
2,ex2-s5-e1-a1-p08,96cea7ecfc65ba667160e3c4ba1c5edcbd07153e6f10a623922247b131426347,4,1274,100
2,ex2-s5-e1-a1-p08,96cea7ecfc65ba667160e3c4ba1c5edcbd07153e6f10a623922247b131426347,4,1275,100
2,ex2-s5-e1-a1-p08,96cea7ecfc65ba667160e3c4ba1c5edcbd07153e6f10a623922247b131426347,4,1276,0
2,ex2-s5-e1-a1-p08,96cea7ecfc65ba667160e3c4ba1c5edcbd07153e6f10a623922247b131426347,4,1277,100
2,ex2-s5-e1-a1-p08,96cea7ecfc65ba667160e3c4ba1c5edcbd07153e6f10a623922247b131426347,4,1278,100
2,ex2-s5-e1-a1-p08,96cea7ecfc65ba667160e3c4ba1c5edcbd07153e6f10a623922247b131426347,4,1279,100
2,ex2-s5-e1-a1-p08,96cea7ecfc65ba667160e3c4ba1c5edcbd07153e6f10a623922247b131426347,4,1280,100
2,ex2-s5-e1-a1-p08,96cea7ecfc65ba667160e3c4ba1c5edcbd07153e6f10a623922247b131426347,4,1281,100
2,ex2-s5-e1-a1-p08,96cea7ecfc65ba667160e3c4ba1c5edcbd07153e6f10a623922247b131426347,4,1282,0
2,ex2-s5-e1-a1-p08,96cea7ecfc65ba667160e3c4ba1c5edcbd07153e6f10a623922247b131426347,4,1283,100
2,ex2-s5-e1-a1-p08,96cea7ecfc65ba667160e3c4ba1c5edcbd07153e6f10a623922247b131426347,4,1284,100
2,ex2-s5-e1-a1-p08,96cea7ecfc65ba667160e3c4ba1c5edcbd07153e6f10a623922247b131426347,4,1285,100
2,ex2-s5-e1-a1-p08,96cea7ecfc65ba667160e3c4ba1c5edcbd07153e6f10a623922247b131426347,4,1286,100
2,ex2-s5-e1-a1-p08,96cea7ecfc65ba667160e3c4ba1c5edcbd07153e6f10a623922247b131426347,4,1287,100
2,ex2-s5-e1-a1-p08,96cea7ecfc65ba667160e3c4ba1c5edcbd07153e6f10a623922247b131426347,4,1288,0
2,ex2-s5-e1-a1-p08,96cea7ecfc65ba667160e3c4ba1c5edcbd07153e6f10a623922247b131426347,4,1289,100
2,ex2-s5-e1-a1-p08,96cea7ecfc65ba667160e3c4ba1c5edcbd07153e6f10a623922247b131426347,4,1290,100
2,ex2-s5-e1-a1-p08,96cea7ecfc65ba667160e3c4ba1c5edcbd07153e6f10a623922247b131426347,4,1291,100
2,ex2-s5-e1-a1-p08,96cea7ecfc65ba667160e3c4ba1c5edcbd07153e6f10a623922247b131426347,4,1292,100
2,ex2-s5-e1-a1-p08,96cea7ecfc65ba667160e3c4ba1c5edcbd07153e6f10a623922247b131426347,4,1293,100
2,ex2-s5-e1-a1-p08,96cea7ecfc65ba667160e3c4ba1c5edcbd07153e6f10a623922247b131426347,4,1294,0
2,ex2-s5-e1-a1-p08,96cea7ecfc65ba667160e3c4ba1c5edcbd07153e6f10a623922247b131426347,4,1295,100
2,ex2-s5-e1-a1-p08,96cea7ecfc65ba667160e3c4ba1c5edcbd07153e6f10a623922247b131426347,4,1296,100
2,ex2-s5-e1-a1-p08,96cea7ecfc65ba667160e3c4ba1c5edcbd07153e6f10a623922247b131426347,4,1297,100
2,ex2-s5-e1-a1-p08,96cea7ecfc65ba667160e3c4ba1c5edcbd07153e6f10a623922247b131426347,4,1298,100
2,ex2-s5-e1-a1-p08,96cea7ecfc65ba667160e3c4ba1c5edcbd07153e6f10a623922247b131426347,4,1299,0
2,ex2-s5-e1-a1-p08,96cea7ecfc65ba667160e3c4ba1c5edcbd07153e6f10a623922247b131426347,4,1300,100
2,ex2-s5-e1-a1-p08,96cea7ecfc65ba667160e3c4ba1c5edcbd07153e6f10a623922247b131426347,4,1301,100
2,ex2-s5-e1-a1-p08,96cea7ecfc65ba667160e3c4ba1c5edcbd07153e6f10a623922247b131426347,4,1302,100
2,ex2-s5-e1-a1-p08,96cea7ecfc65ba667160e3c4ba1c5edcbd07153e6f10a623922247b131426347,4,1303,100
2,ex2-s5-e1-a1-p08,96cea7ecfc65ba667160e3c4ba1c5edcbd07153e6f10a623922247b131426347,4,1304,100
2,ex2-s5-e1-a1-p08,96cea7ecfc65ba667160e3c4ba1c5edcbd07153e6f10a623922247b131426347,4,1305,0
2,ex2-s5-e1-a1-p08,96cea7ecfc65ba667160e3c4ba1c5edcbd07153e6f10a623922247b131426347,4,1306,100
2,ex2-s5-e1-a1-p08,96cea7ecfc65ba667160e3c4ba1c5edcbd07153e6f10a623922247b131426347,4,1307,100
2,ex2-s5-e1-a1-p08,96cea7ecfc65ba667160e3c4ba1c5edcbd07153e6f10a623922247b131426347,4,1308,100
2,ex2-s5-e1-a1-p08,96cea7ecfc65ba667160e3c4ba1c5edcbd07153e6f10a623922247b131426347,4,1309,100
2,ex2-s5-e1-a1-p08,96cea7ecfc65ba667160e3c4ba1c5edcbd07153e6f10a623922247b131426347,4,1310,0
2,ex2-s5-e1-a1-p08,96cea7ecfc65ba667160e3c4ba1c5edcbd07153e6f10a623922247b131426347,4,1311,100
2,ex2-s5-e1-a1-p08,96cea7ecfc65ba667160e3c4ba1c5edcbd07153e6f10a623922247b131426347,4,1312,100
2,ex2-s5-e1-a1-p08,96cea7ecfc65ba667160e3c4ba1c5edcbd07153e6f10a623922247b131426347,4,1313,100
2,ex2-s5-e1-a1-p08,96cea7ecfc65ba667160e3c4ba1c5edcbd07153e6f10a623922247b131426347,4,1314,100
2,ex2-s5-e1-a1-p08,96cea7ecfc65ba667160e3c4ba1c5edcbd07153e6f10a623922247b131426347,4,1315,100
2,ex2-s5-e1-a1-p08,96cea7ecfc65ba667160e3c4ba1c5edcbd07153e6f10a623922247b131426347,4,1316,0
2,ex2-s5-e1-a1-p08,96cea7ecfc65ba667160e3c4ba1c5edcbd07153e6f10a623922247b131426347,4,1317,100
2,ex2-s5-e1-a1-p08,96cea7ecfc65ba667160e3c4ba1c5edcbd07153e6f10a623922247b131426347,4,1318,100
2,ex2-s5-e1-a1-p08,96cea7ecfc65ba667160e3c4ba1c5edcbd07153e6f10a623922247b131426347,4,1319,100
2,ex2-s5-e1-a1-p08,96cea7ecfc65ba667160e3c4ba1c5edcbd07153e6f10a623922247b131426347,4,1320,100
2,ex2-s5-e1-a1-p08,96cea7ecfc65ba667160e3c4ba1c5edcbd07153e6f10a623922247b131426347,4,1321,100
2,ex2-s5-e1-a1-p08,96cea7ecfc65ba667160e3c4ba1c5edcbd07153e6f10a623922247b131426347,4,1322,0
2,ex2-s5-e1-a1-p08,96cea7ecfc65ba667160e3c4ba1c5edcbd07153e6f10a623922247b131426347,4,1323,100
2,ex2-s5-e1-a1-p08,96cea7ecfc65ba667160e3c4ba1c5edcbd07153e6f10a623922247b131426347,4,1324,100
2,ex2-s5-e1-a1-p08,96cea7ecfc65ba667160e3c4ba1c5edcbd07153e6f10a623922247b131426347,4,1325,100
2,ex2-s5-e1-a1-p08,96cea7ecfc65ba667160e3c4ba1c5edcbd07153e6f10a623922247b131426347,4,1326,100
2,ex2-s5-e1-a1-p08,96cea7ecfc65ba667160e3c4ba1c5edcbd07153e6f10a623922247b131426347,4,1327,0
2,ex2-s5-e1-a1-p08,96cea7ecfc65ba667160e3c4ba1c5edcbd07153e6f10a623922247b131426347,4,1328,100
2,ex2-s5-e1-a1-p08,96cea7ecfc65ba667160e3c4ba1c5edcbd07153e6f10a623922247b131426347,4,1329,100
2,ex2-s5-e1-a1-p08,96cea7ecfc65ba667160e3c4ba1c5edcbd07153e6f10a623922247b131426347,4,1330,100
2,ex2-s5-e1-a1-p08,96cea7ecfc65ba667160e3c4ba1c5edcbd07153e6f10a623922247b131426347,4,1331,100
2,ex2-s5-e1-a1-p08,96cea7ecfc65ba667160e3c4ba1c5edcbd07153e6f10a623922247b131426347,4,1332,100
2,ex2-s5-e1-a1-p08,96cea7ecfc65ba667160e3c4ba1c5edcbd07153e6f10a623922247b131426347,4,1333,0
2,ex2-s5-e1-a1-p08,96cea7ecfc65ba667160e3c4ba1c5edcbd07153e6f10a623922247b131426347,4,1334,100
2,ex2-s5-e1-a1-p08,96cea7ecfc65ba667160e3c4ba1c5edcbd07153e6f10a623922247b131426347,4,1335,100
2,ex2-s5-e1-a1-p08,96cea7ecfc65ba667160e3c4ba1c5edcbd07153e6f10a623922247b131426347,4,1336,100
2,ex2-s5-e1-a1-p08,96cea7ecfc65ba667160e3c4ba1c5edcbd07153e6f10a623922247b131426347,4,1337,100
2,ex2-s5-e1-a1-p08,96cea7ecfc65ba667160e3c4ba1c5edcbd07153e6f10a623922247b131426347,4,1338,100
2,ex2-s5-e1-a1-p08,96cea7ecfc65ba667160e3c4ba1c5edcbd07153e6f10a623922247b131426347,4,1339,0
2,ex2-s5-e1-a1-p08,96cea7ecfc65ba667160e3c4ba1c5edcbd07153e6f10a623922247b131426347,4,1340,100
2,ex2-s5-e1-a1-p08,96cea7ecfc65ba667160e3c4ba1c5edcbd07153e6f10a623922247b131426347,4,1341,100
2,ex2-s5-e1-a1-p08,96cea7ecfc65ba667160e3c4ba1c5edcbd07153e6f10a623922247b131426347,4,1342,100
2,ex2-s5-e1-a1-p08,96cea7ecfc65ba667160e3c4ba1c5edcbd07153e6f10a623922247b131426347,4,1343,100
2,ex2-s5-e1-a1-p08,96cea7ecfc65ba667160e3c4ba1c5edcbd07153e6f10a623922247b131426347,4,1344,0
2,ex2-s5-e1-a1-p08,96cea7ecfc65ba667160e3c4ba1c5edcbd07153e6f10a623922247b131426347,4,1345,100
2,ex2-s5-e1-a1-p08,96cea7ecfc65ba667160e3c4ba1c5edcbd07153e6f10a623922247b131426347,4,1346,100
2,ex2-s5-e1-a1-p08,96cea7ecfc65ba667160e3c4ba1c5edcbd07153e6f10a623922247b131426347,4,1347,100
2,ex2-s5-e1-a1-p08,96cea7ecfc65ba667160e3c4ba1c5edcbd07153e6f10a623922247b131426347,4,1348,100
2,ex2-s5-e1-a1-p08,96cea7ecfc65ba667160e3c4ba1c5edcbd07153e6f10a623922247b131426347,4,1349,0
2,ex2-s5-e1-a1-p08,96cea7ecfc65ba667160e3c4ba1c5edcbd07153e6f10a623922247b131426347,4,1350,100
2,ex2-s5-e1-a1-p08,96cea7ecfc65ba667160e3c4ba1c5edcbd07153e6f10a623922247b131426347,4,1351,200
2,ex2-s5-e1-a1-p08,96cea7ecfc65ba667160e3c4ba1c5edcbd07153e6f10a623922247b131426347,4,1352,0
2,ex2-s5-e1-a1-p08,96cea7ecfc65ba667160e3c4ba1c5edcbd07153e6f10a623922247b131426347,4,1353,100
2,ex2-s5-e1-a1-p08,96cea7ecfc65ba667160e3c4ba1c5edcbd07153e6f10a623922247b131426347,4,1354,100
2,ex2-s5-e1-a1-p08,96cea7ecfc65ba667160e3c4ba1c5edcbd07153e6f10a623922247b131426347,4,1355,100
2,ex2-s5-e1-a1-p08,96cea7ecfc65ba667160e3c4ba1c5edcbd07153e6f10a623922247b131426347,4,1356,100
2,ex2-s5-e1-a1-p08,96cea7ecfc65ba667160e3c4ba1c5edcbd07153e6f10a623922247b131426347,4,1357,0
2,ex2-s5-e1-a1-p08,96cea7ecfc65ba667160e3c4ba1c5edcbd07153e6f10a623922247b131426347,4,1358,100
2,ex2-s5-e1-a1-p08,96cea7ecfc65ba667160e3c4ba1c5edcbd07153e6f10a623922247b131426347,4,1359,100
2,ex2-s5-e1-a1-p08,96cea7ecfc65ba667160e3c4ba1c5edcbd07153e6f10a623922247b131426347,4,1360,100
2,ex2-s5-e1-a1-p08,96cea7ecfc65ba667160e3c4ba1c5edcbd07153e6f10a623922247b131426347,4,1361,100
2,ex2-s5-e1-a1-p08,96cea7ecfc65ba667160e3c4ba1c5edcbd07153e6f10a623922247b131426347,4,1362,100
2,ex2-s5-e1-a1-p08,96cea7ecfc65ba667160e3c4ba1c5edcbd07153e6f10a623922247b131426347,4,1363,0
2,ex2-s5-e1-a1-p08,96cea7ecfc65ba667160e3c4ba1c5edcbd07153e6f10a623922247b131426347,4,1364,100
2,ex2-s5-e1-a1-p08,96cea7ecfc65ba667160e3c4ba1c5edcbd07153e6f10a623922247b131426347,4,1365,100
2,ex2-s5-e1-a1-p08,96cea7ecfc65ba667160e3c4ba1c5edcbd07153e6f10a623922247b131426347,4,1366,100
2,ex2-s5-e1-a1-p08,96cea7ecfc65ba667160e3c4ba1c5edcbd07153e6f10a623922247b131426347,4,1367,100
2,ex2-s5-e1-a1-p08,96cea7ecfc65ba667160e3c4ba1c5edcbd07153e6f10a623922247b131426347,4,1368,0
2,ex2-s5-e1-a1-p08,96cea7ecfc65ba667160e3c4ba1c5edcbd07153e6f10a623922247b131426347,4,1369,100
2,ex2-s5-e1-a1-p08,96cea7ecfc65ba667160e3c4ba1c5edcbd07153e6f10a623922247b131426347,4,1370,100
2,ex2-s5-e1-a1-p08,96cea7ecfc65ba667160e3c4ba1c5edcbd07153e6f10a623922247b131426347,4,1371,100
2,ex2-s5-e1-a1-p08,96cea7ecfc65ba667160e3c4ba1c5edcbd07153e6f10a623922247b131426347,4,1372,100
2,ex2-s5-e1-a1-p08,96cea7ecfc65ba667160e3c4ba1c5edcbd07153e6f10a623922247b131426347,4,1373,100
2,ex2-s5-e1-a1-p08,96cea7ecfc65ba667160e3c4ba1c5edcbd07153e6f10a623922247b131426347,4,1374,0
2,ex2-s5-e1-a1-p08,96cea7ecfc65ba667160e3c4ba1c5edcbd07153e6f10a623922247b131426347,4,1375,100
2,ex2-s5-e1-a1-p08,96cea7ecfc65ba667160e3c4ba1c5edcbd07153e6f10a623922247b131426347,4,1376,100
2,ex2-s5-e1-a1-p08,96cea7ecfc65ba667160e3c4ba1c5edcbd07153e6f10a623922247b131426347,4,1377,100
2,ex2-s5-e1-a1-p08,96cea7ecfc65ba667160e3c4ba1c5edcbd07153e6f10a623922247b131426347,4,1378,100
2,ex2-s5-e1-a1-p08,96cea7ecfc65ba667160e3c4ba1c5edcbd07153e6f10a623922247b131426347,4,1379,100
2,ex2-s5-e1-a1-p08,96cea7ecfc65ba667160e3c4ba1c5edcbd07153e6f10a623922247b131426347,4,1380,0
2,ex2-s5-e1-a1-p08,96cea7ecfc65ba667160e3c4ba1c5edcbd07153e6f10a623922247b131426347,4,1381,100
2,ex2-s5-e1-a1-p08,96cea7ecfc65ba667160e3c4ba1c5edcbd07153e6f10a623922247b131426347,4,1382,100
2,ex2-s5-e1-a1-p08,96cea7ecfc65ba667160e3c4ba1c5edcbd07153e6f10a623922247b131426347,4,1383,100
2,ex2-s5-e1-a1-p08,96cea7ecfc65ba667160e3c4ba1c5edcbd07153e6f10a623922247b131426347,4,1384,100
2,ex2-s5-e1-a1-p08,96cea7ecfc65ba667160e3c4ba1c5edcbd07153e6f10a623922247b131426347,4,1385,0
2,ex2-s5-e1-a1-p08,96cea7ecfc65ba667160e3c4ba1c5edcbd07153e6f10a623922247b131426347,4,1386,100
2,ex2-s5-e1-a1-p08,96cea7ecfc65ba667160e3c4ba1c5edcbd07153e6f10a623922247b131426347,4,1387,100
2,ex2-s5-e1-a1-p08,96cea7ecfc65ba667160e3c4ba1c5edcbd07153e6f10a623922247b131426347,4,1388,100
2,ex2-s5-e1-a1-p08,96cea7ecfc65ba667160e3c4ba1c5edcbd07153e6f10a623922247b131426347,4,1389,100
2,ex2-s5-e1-a1-p08,96cea7ecfc65ba667160e3c4ba1c5edcbd07153e6f10a623922247b131426347,4,1390,100
2,ex2-s5-e1-a1-p08,96cea7ecfc65ba667160e3c4ba1c5edcbd07153e6f10a623922247b131426347,4,1391,0
2,ex2-s5-e1-a1-p08,96cea7ecfc65ba667160e3c4ba1c5edcbd07153e6f10a623922247b131426347,4,1392,100
2,ex2-s5-e1-a1-p08,96cea7ecfc65ba667160e3c4ba1c5edcbd07153e6f10a623922247b131426347,4,1393,100
2,ex2-s5-e1-a1-p08,96cea7ecfc65ba667160e3c4ba1c5edcbd07153e6f10a623922247b131426347,4,1394,100
2,ex2-s5-e1-a1-p08,96cea7ecfc65ba667160e3c4ba1c5edcbd07153e6f10a623922247b131426347,4,1395,100
2,ex2-s5-e1-a1-p08,96cea7ecfc65ba667160e3c4ba1c5edcbd07153e6f10a623922247b131426347,4,1396,0
2,ex2-s5-e1-a1-p08,96cea7ecfc65ba667160e3c4ba1c5edcbd07153e6f10a623922247b131426347,4,1397,100
2,ex2-s5-e1-a1-p08,96cea7ecfc65ba667160e3c4ba1c5edcbd07153e6f10a623922247b131426347,4,1398,100
2,ex2-s5-e1-a1-p08,96cea7ecfc65ba667160e3c4ba1c5edcbd07153e6f10a623922247b131426347,4,1399,100
2,ex2-s5-e1-a1-p08,96cea7ecfc65ba667160e3c4ba1c5edcbd07153e6f10a623922247b131426347,4,1400,100
2,ex2-s5-e1-a1-p08,96cea7ecfc65ba667160e3c4ba1c5edcbd07153e6f10a623922247b131426347,4,1401,100
2,ex2-s5-e1-a1-p08,96cea7ecfc65ba667160e3c4ba1c5edcbd07153e6f10a623922247b131426347,4,1402,0
2,ex2-s5-e1-a1-p08,96cea7ecfc65ba667160e3c4ba1c5edcbd07153e6f10a623922247b131426347,4,1403,100
2,ex2-s5-e1-a1-p08,96cea7ecfc65ba667160e3c4ba1c5edcbd07153e6f10a623922247b131426347,4,1404,100
2,ex2-s5-e1-a1-p08,96cea7ecfc65ba667160e3c4ba1c5edcbd07153e6f10a623922247b131426347,4,1405,100
2,ex2-s5-e1-a1-p08,96cea7ecfc65ba667160e3c4ba1c5edcbd07153e6f10a623922247b131426347,4,1406,100
2,ex2-s5-e1-a1-p08,96cea7ecfc65ba667160e3c4ba1c5edcbd07153e6f10a623922247b131426347,4,1407,100
2,ex2-s5-e1-a1-p08,96cea7ecfc65ba667160e3c4ba1c5edcbd07153e6f10a623922247b131426347,4,1408,0
2,ex2-s5-e1-a1-p08,96cea7ecfc65ba667160e3c4ba1c5edcbd07153e6f10a623922247b131426347,4,1409,100
2,ex2-s5-e1-a1-p08,96cea7ecfc65ba667160e3c4ba1c5edcbd07153e6f10a623922247b131426347,4,1410,100
2,ex2-s5-e1-a1-p08,96cea7ecfc65ba667160e3c4ba1c5edcbd07153e6f10a623922247b131426347,4,1411,100
2,ex2-s5-e1-a1-p08,96cea7ecfc65ba667160e3c4ba1c5edcbd07153e6f10a623922247b131426347,4,1412,100
2,ex2-s5-e1-a1-p08,96cea7ecfc65ba667160e3c4ba1c5edcbd07153e6f10a623922247b131426347,4,1413,0
2,ex2-s5-e1-a1-p08,96cea7ecfc65ba667160e3c4ba1c5edcbd07153e6f10a623922247b131426347,4,1414,100
2,ex2-s5-e1-a1-p08,96cea7ecfc65ba667160e3c4ba1c5edcbd07153e6f10a623922247b131426347,4,1415,100
2,ex2-s5-e1-a1-p08,96cea7ecfc65ba667160e3c4ba1c5edcbd07153e6f10a623922247b131426347,4,1416,100
2,ex2-s5-e1-a1-p08,96cea7ecfc65ba667160e3c4ba1c5edcbd07153e6f10a623922247b131426347,4,1417,100
2,ex2-s5-e1-a1-p08,96cea7ecfc65ba667160e3c4ba1c5edcbd07153e6f10a623922247b131426347,4,1418,100
2,ex2-s5-e1-a1-p08,96cea7ecfc65ba667160e3c4ba1c5edcbd07153e6f10a623922247b131426347,4,1419,0
2,ex2-s5-e1-a1-p08,96cea7ecfc65ba667160e3c4ba1c5edcbd07153e6f10a623922247b131426347,4,1420,100
2,ex2-s5-e1-a1-p08,96cea7ecfc65ba667160e3c4ba1c5edcbd07153e6f10a623922247b131426347,4,1421,100
2,ex2-s5-e1-a1-p08,96cea7ecfc65ba667160e3c4ba1c5edcbd07153e6f10a623922247b131426347,4,1422,100
2,ex2-s5-e1-a1-p08,96cea7ecfc65ba667160e3c4ba1c5edcbd07153e6f10a623922247b131426347,4,1423,100
2,ex2-s5-e1-a1-p08,96cea7ecfc65ba667160e3c4ba1c5edcbd07153e6f10a623922247b131426347,4,1424,0
2,ex2-s5-e1-a1-p08,96cea7ecfc65ba667160e3c4ba1c5edcbd07153e6f10a623922247b131426347,4,1425,100
2,ex2-s5-e1-a1-p08,96cea7ecfc65ba667160e3c4ba1c5edcbd07153e6f10a623922247b131426347,4,1426,100
2,ex2-s5-e1-a1-p08,96cea7ecfc65ba667160e3c4ba1c5edcbd07153e6f10a623922247b131426347,4,1427,100
2,ex2-s5-e1-a1-p08,96cea7ecfc65ba667160e3c4ba1c5edcbd07153e6f10a623922247b131426347,4,1428,100
2,ex2-s5-e1-a1-p08,96cea7ecfc65ba667160e3c4ba1c5edcbd07153e6f10a623922247b131426347,4,1429,100
2,ex2-s5-e1-a1-p08,96cea7ecfc65ba667160e3c4ba1c5edcbd07153e6f10a623922247b131426347,4,1430,0
2,ex2-s5-e1-a1-p08,96cea7ecfc65ba667160e3c4ba1c5edcbd07153e6f10a623922247b131426347,4,1431,100
2,ex2-s5-e1-a1-p08,96cea7ecfc65ba667160e3c4ba1c5edcbd07153e6f10a623922247b131426347,4,1432,100
2,ex2-s5-e1-a1-p08,96cea7ecfc65ba667160e3c4ba1c5edcbd07153e6f10a623922247b131426347,4,1433,100
2,ex2-s5-e1-a1-p08,96cea7ecfc65ba667160e3c4ba1c5edcbd07153e6f10a623922247b131426347,4,1434,100
2,ex2-s5-e1-a1-p08,96cea7ecfc65ba667160e3c4ba1c5edcbd07153e6f10a623922247b131426347,4,1435,0
2,ex2-s5-e1-a1-p08,96cea7ecfc65ba667160e3c4ba1c5edcbd07153e6f10a623922247b131426347,4,1436,100
2,ex2-s5-e1-a1-p08,96cea7ecfc65ba667160e3c4ba1c5edcbd07153e6f10a623922247b131426347,4,1437,100
2,ex2-s5-e1-a1-p08,96cea7ecfc65ba667160e3c4ba1c5edcbd07153e6f10a623922247b131426347,4,1438,100
2,ex2-s5-e1-a1-p08,96cea7ecfc65ba667160e3c4ba1c5edcbd07153e6f10a623922247b131426347,4,1439,100
2,ex2-s5-e1-a1-p08,96cea7ecfc65ba667160e3c4ba1c5edcbd07153e6f10a623922247b131426347,4,1440,100
2,ex2-s5-e1-a1-p08,96cea7ecfc65ba667160e3c4ba1c5edcbd07153e6f10a623922247b131426347,4,1441,0
2,ex2-s5-e1-a1-p08,96cea7ecfc65ba667160e3c4ba1c5edcbd07153e6f10a623922247b131426347,4,1442,100
2,ex2-s5-e1-a1-p08,96cea7ecfc65ba667160e3c4ba1c5edcbd07153e6f10a623922247b131426347,4,1443,100
2,ex2-s5-e1-a1-p08,96cea7ecfc65ba667160e3c4ba1c5edcbd07153e6f10a623922247b131426347,4,1444,100
2,ex2-s5-e1-a1-p08,96cea7ecfc65ba667160e3c4ba1c5edcbd07153e6f10a623922247b131426347,4,1445,100
2,ex2-s5-e1-a1-p08,96cea7ecfc65ba667160e3c4ba1c5edcbd07153e6f10a623922247b131426347,4,1446,100
2,ex2-s5-e1-a1-p08,96cea7ecfc65ba667160e3c4ba1c5edcbd07153e6f10a623922247b131426347,4,1447,0
2,ex2-s5-e1-a1-p08,96cea7ecfc65ba667160e3c4ba1c5edcbd07153e6f10a623922247b131426347,4,1448,100
2,ex2-s5-e1-a1-p08,96cea7ecfc65ba667160e3c4ba1c5edcbd07153e6f10a623922247b131426347,4,1449,100
2,ex2-s5-e1-a1-p08,96cea7ecfc65ba667160e3c4ba1c5edcbd07153e6f10a623922247b131426347,4,1450,100
2,ex2-s5-e1-a1-p08,96cea7ecfc65ba667160e3c4ba1c5edcbd07153e6f10a623922247b131426347,4,1451,100
2,ex2-s5-e1-a1-p08,96cea7ecfc65ba667160e3c4ba1c5edcbd07153e6f10a623922247b131426347,4,1452,0
2,ex2-s5-e1-a1-p08,96cea7ecfc65ba667160e3c4ba1c5edcbd07153e6f10a623922247b131426347,4,1453,100
2,ex2-s5-e1-a1-p08,96cea7ecfc65ba667160e3c4ba1c5edcbd07153e6f10a623922247b131426347,4,1454,100
2,ex2-s5-e1-a1-p08,96cea7ecfc65ba667160e3c4ba1c5edcbd07153e6f10a623922247b131426347,4,1455,100
2,ex2-s5-e1-a1-p08,96cea7ecfc65ba667160e3c4ba1c5edcbd07153e6f10a623922247b131426347,4,1456,100
2,ex2-s5-e1-a1-p08,96cea7ecfc65ba667160e3c4ba1c5edcbd07153e6f10a623922247b131426347,4,1457,0
2,ex2-s5-e1-a1-p08,96cea7ecfc65ba667160e3c4ba1c5edcbd07153e6f10a623922247b131426347,4,1458,100
2,ex2-s5-e1-a1-p08,96cea7ecfc65ba667160e3c4ba1c5edcbd07153e6f10a623922247b131426347,4,1459,100
2,ex2-s5-e1-a1-p08,96cea7ecfc65ba667160e3c4ba1c5edcbd07153e6f10a623922247b131426347,4,1460,100
2,ex2-s5-e1-a1-p08,96cea7ecfc65ba667160e3c4ba1c5edcbd07153e6f10a623922247b131426347,4,1461,100
2,ex2-s5-e1-a1-p08,96cea7ecfc65ba667160e3c4ba1c5edcbd07153e6f10a623922247b131426347,4,1462,100
2,ex2-s5-e1-a1-p08,96cea7ecfc65ba667160e3c4ba1c5edcbd07153e6f10a623922247b131426347,4,1463,0
2,ex2-s5-e1-a1-p08,96cea7ecfc65ba667160e3c4ba1c5edcbd07153e6f10a623922247b131426347,4,1464,100
2,ex2-s5-e1-a1-p08,96cea7ecfc65ba667160e3c4ba1c5edcbd07153e6f10a623922247b131426347,4,1465,100
2,ex2-s5-e1-a1-p08,96cea7ecfc65ba667160e3c4ba1c5edcbd07153e6f10a623922247b131426347,4,1466,100
2,ex2-s5-e1-a1-p08,96cea7ecfc65ba667160e3c4ba1c5edcbd07153e6f10a623922247b131426347,4,1467,100
2,ex2-s5-e1-a1-p08,96cea7ecfc65ba667160e3c4ba1c5edcbd07153e6f10a623922247b131426347,4,1468,100
2,ex2-s5-e1-a1-p08,96cea7ecfc65ba667160e3c4ba1c5edcbd07153e6f10a623922247b131426347,4,1469,0
2,ex2-s5-e1-a1-p08,96cea7ecfc65ba667160e3c4ba1c5edcbd07153e6f10a623922247b131426347,4,1470,100
2,ex2-s5-e1-a1-p08,96cea7ecfc65ba667160e3c4ba1c5edcbd07153e6f10a623922247b131426347,4,1471,100
2,ex2-s5-e1-a1-p08,96cea7ecfc65ba667160e3c4ba1c5edcbd07153e6f10a623922247b131426347,4,1472,100
2,ex2-s5-e1-a1-p08,96cea7ecfc65ba667160e3c4ba1c5edcbd07153e6f10a623922247b131426347,4,1473,100
2,ex2-s5-e1-a1-p08,96cea7ecfc65ba667160e3c4ba1c5edcbd07153e6f10a623922247b131426347,4,1474,0
2,ex2-s5-e1-a1-p08,96cea7ecfc65ba667160e3c4ba1c5edcbd07153e6f10a623922247b131426347,4,1475,100
2,ex2-s5-e1-a1-p08,96cea7ecfc65ba667160e3c4ba1c5edcbd07153e6f10a623922247b131426347,4,1476,100
2,ex2-s5-e1-a1-p08,96cea7ecfc65ba667160e3c4ba1c5edcbd07153e6f10a623922247b131426347,4,1477,100
2,ex2-s5-e1-a1-p08,96cea7ecfc65ba667160e3c4ba1c5edcbd07153e6f10a623922247b131426347,4,1478,100
2,ex2-s5-e1-a1-p08,96cea7ecfc65ba667160e3c4ba1c5edcbd07153e6f10a623922247b131426347,4,1479,100
2,ex2-s5-e1-a1-p08,96cea7ecfc65ba667160e3c4ba1c5edcbd07153e6f10a623922247b131426347,4,1480,0
2,ex2-s5-e1-a1-p08,96cea7ecfc65ba667160e3c4ba1c5edcbd07153e6f10a623922247b131426347,4,1481,100
2,ex2-s5-e1-a1-p08,96cea7ecfc65ba667160e3c4ba1c5edcbd07153e6f10a623922247b131426347,4,1482,100
2,ex2-s5-e1-a1-p08,96cea7ecfc65ba667160e3c4ba1c5edcbd07153e6f10a623922247b131426347,4,1483,100
2,ex2-s5-e1-a1-p08,96cea7ecfc65ba667160e3c4ba1c5edcbd07153e6f10a623922247b131426347,4,1484,100
2,ex2-s5-e1-a1-p08,96cea7ecfc65ba667160e3c4ba1c5edcbd07153e6f10a623922247b131426347,4,1485,0
2,ex2-s5-e1-a1-p08,96cea7ecfc65ba667160e3c4ba1c5edcbd07153e6f10a623922247b131426347,4,1486,100
2,ex2-s5-e1-a1-p08,96cea7ecfc65ba667160e3c4ba1c5edcbd07153e6f10a623922247b131426347,4,1487,100
2,ex2-s5-e1-a1-p08,96cea7ecfc65ba667160e3c4ba1c5edcbd07153e6f10a623922247b131426347,4,1488,100
2,ex2-s5-e1-a1-p08,96cea7ecfc65ba667160e3c4ba1c5edcbd07153e6f10a623922247b131426347,4,1489,100
2,ex2-s5-e1-a1-p08,96cea7ecfc65ba667160e3c4ba1c5edcbd07153e6f10a623922247b131426347,4,1490,100
2,ex2-s5-e1-a1-p08,96cea7ecfc65ba667160e3c4ba1c5edcbd07153e6f10a623922247b131426347,4,1491,0
2,ex2-s5-e1-a1-p08,96cea7ecfc65ba667160e3c4ba1c5edcbd07153e6f10a623922247b131426347,4,1492,100
2,ex2-s5-e1-a1-p08,96cea7ecfc65ba667160e3c4ba1c5edcbd07153e6f10a623922247b131426347,4,1493,100
2,ex2-s5-e1-a1-p08,96cea7ecfc65ba667160e3c4ba1c5edcbd07153e6f10a623922247b131426347,4,1494,100
2,ex2-s5-e1-a1-p08,96cea7ecfc65ba667160e3c4ba1c5edcbd07153e6f10a623922247b131426347,4,1495,100
2,ex2-s5-e1-a1-p08,96cea7ecfc65ba667160e3c4ba1c5edcbd07153e6f10a623922247b131426347,4,1496,0
2,ex2-s5-e1-a1-p08,96cea7ecfc65ba667160e3c4ba1c5edcbd07153e6f10a623922247b131426347,4,1497,100
2,ex2-s5-e1-a1-p08,96cea7ecfc65ba667160e3c4ba1c5edcbd07153e6f10a623922247b131426347,4,1498,100
2,ex2-s5-e1-a1-p08,96cea7ecfc65ba667160e3c4ba1c5edcbd07153e6f10a623922247b131426347,4,1499,100
2,ex2-s5-e1-a1-p08,96cea7ecfc65ba667160e3c4ba1c5edcbd07153e6f10a623922247b131426347,4,1500,100
2,ex2-s5-e1-a1-p08,96cea7ecfc65ba667160e3c4ba1c5edcbd07153e6f10a623922247b131426347,4,1501,100
2,ex2-s5-e1-a1-p08,96cea7ecfc65ba667160e3c4ba1c5edcbd07153e6f10a623922247b131426347,4,1502,0
2,ex2-s5-e1-a1-p08,96cea7ecfc65ba667160e3c4ba1c5edcbd07153e6f10a623922247b131426347,4,1503,100
2,ex2-s5-e1-a1-p08,96cea7ecfc65ba667160e3c4ba1c5edcbd07153e6f10a623922247b131426347,4,1504,100
2,ex2-s5-e1-a1-p08,96cea7ecfc65ba667160e3c4ba1c5edcbd07153e6f10a623922247b131426347,4,1505,100
2,ex2-s5-e1-a1-p08,96cea7ecfc65ba667160e3c4ba1c5edcbd07153e6f10a623922247b131426347,4,1506,100
2,ex2-s5-e1-a1-p08,96cea7ecfc65ba667160e3c4ba1c5edcbd07153e6f10a623922247b131426347,4,1507,0
2,ex2-s5-e1-a1-p08,96cea7ecfc65ba667160e3c4ba1c5edcbd07153e6f10a623922247b131426347,4,1508,100
2,ex2-s5-e1-a1-p08,96cea7ecfc65ba667160e3c4ba1c5edcbd07153e6f10a623922247b131426347,4,1509,100
2,ex2-s5-e1-a1-p08,96cea7ecfc65ba667160e3c4ba1c5edcbd07153e6f10a623922247b131426347,4,1510,100
2,ex2-s5-e1-a1-p08,96cea7ecfc65ba667160e3c4ba1c5edcbd07153e6f10a623922247b131426347,4,1511,100
2,ex2-s5-e1-a1-p08,96cea7ecfc65ba667160e3c4ba1c5edcbd07153e6f10a623922247b131426347,4,1512,100
2,ex2-s5-e1-a1-p08,96cea7ecfc65ba667160e3c4ba1c5edcbd07153e6f10a623922247b131426347,4,1513,0
2,ex2-s5-e1-a1-p08,96cea7ecfc65ba667160e3c4ba1c5edcbd07153e6f10a623922247b131426347,4,1514,100
2,ex2-s5-e1-a1-p08,96cea7ecfc65ba667160e3c4ba1c5edcbd07153e6f10a623922247b131426347,4,1515,100
2,ex2-s5-e1-a1-p08,96cea7ecfc65ba667160e3c4ba1c5edcbd07153e6f10a623922247b131426347,4,1516,100
2,ex2-s5-e1-a1-p08,96cea7ecfc65ba667160e3c4ba1c5edcbd07153e6f10a623922247b131426347,4,1517,100
2,ex2-s5-e1-a1-p08,96cea7ecfc65ba667160e3c4ba1c5edcbd07153e6f10a623922247b131426347,4,1518,0
2,ex2-s5-e1-a1-p08,96cea7ecfc65ba667160e3c4ba1c5edcbd07153e6f10a623922247b131426347,4,1519,100
2,ex2-s5-e1-a1-p08,96cea7ecfc65ba667160e3c4ba1c5edcbd07153e6f10a623922247b131426347,4,1520,100
2,ex2-s5-e1-a1-p08,96cea7ecfc65ba667160e3c4ba1c5edcbd07153e6f10a623922247b131426347,4,1521,100
2,ex2-s5-e1-a1-p08,96cea7ecfc65ba667160e3c4ba1c5edcbd07153e6f10a623922247b131426347,4,1522,100
2,ex2-s5-e1-a1-p08,96cea7ecfc65ba667160e3c4ba1c5edcbd07153e6f10a623922247b131426347,4,1523,100
2,ex2-s5-e1-a1-p08,96cea7ecfc65ba667160e3c4ba1c5edcbd07153e6f10a623922247b131426347,4,1524,0
2,ex2-s5-e1-a1-p08,96cea7ecfc65ba667160e3c4ba1c5edcbd07153e6f10a623922247b131426347,4,1525,100
2,ex2-s5-e1-a1-p08,96cea7ecfc65ba667160e3c4ba1c5edcbd07153e6f10a623922247b131426347,4,1526,100
2,ex2-s5-e1-a1-p08,96cea7ecfc65ba667160e3c4ba1c5edcbd07153e6f10a623922247b131426347,4,1527,100
2,ex2-s5-e1-a1-p08,96cea7ecfc65ba667160e3c4ba1c5edcbd07153e6f10a623922247b131426347,4,1528,100
2,ex2-s5-e1-a1-p08,96cea7ecfc65ba667160e3c4ba1c5edcbd07153e6f10a623922247b131426347,4,1529,0
2,ex2-s5-e1-a1-p08,96cea7ecfc65ba667160e3c4ba1c5edcbd07153e6f10a623922247b131426347,4,1530,100
2,ex2-s5-e1-a1-p08,96cea7ecfc65ba667160e3c4ba1c5edcbd07153e6f10a623922247b131426347,4,1531,100
2,ex2-s5-e1-a1-p08,96cea7ecfc65ba667160e3c4ba1c5edcbd07153e6f10a623922247b131426347,4,1532,100
2,ex2-s5-e1-a1-p08,96cea7ecfc65ba667160e3c4ba1c5edcbd07153e6f10a623922247b131426347,4,1533,100
2,ex2-s5-e1-a1-p08,96cea7ecfc65ba667160e3c4ba1c5edcbd07153e6f10a623922247b131426347,4,1534,100
2,ex2-s5-e1-a1-p08,96cea7ecfc65ba667160e3c4ba1c5edcbd07153e6f10a623922247b131426347,4,1535,0
2,ex2-s5-e1-a1-p08,96cea7ecfc65ba667160e3c4ba1c5edcbd07153e6f10a623922247b131426347,4,1536,100
2,ex2-s5-e1-a1-p08,96cea7ecfc65ba667160e3c4ba1c5edcbd07153e6f10a623922247b131426347,4,1537,100
2,ex2-s5-e1-a1-p08,96cea7ecfc65ba667160e3c4ba1c5edcbd07153e6f10a623922247b131426347,4,1538,100
2,ex2-s5-e1-a1-p08,96cea7ecfc65ba667160e3c4ba1c5edcbd07153e6f10a623922247b131426347,4,1539,100
2,ex2-s5-e1-a1-p08,96cea7ecfc65ba667160e3c4ba1c5edcbd07153e6f10a623922247b131426347,4,1540,100
2,ex2-s5-e1-a1-p08,96cea7ecfc65ba667160e3c4ba1c5edcbd07153e6f10a623922247b131426347,4,1541,0
2,ex2-s5-e1-a1-p08,96cea7ecfc65ba667160e3c4ba1c5edcbd07153e6f10a623922247b131426347,4,1542,100
2,ex2-s5-e1-a1-p08,96cea7ecfc65ba667160e3c4ba1c5edcbd07153e6f10a623922247b131426347,4,1543,100
2,ex2-s5-e1-a1-p08,96cea7ecfc65ba667160e3c4ba1c5edcbd07153e6f10a623922247b131426347,4,1544,100
2,ex2-s5-e1-a1-p08,96cea7ecfc65ba667160e3c4ba1c5edcbd07153e6f10a623922247b131426347,4,1545,100
2,ex2-s5-e1-a1-p08,96cea7ecfc65ba667160e3c4ba1c5edcbd07153e6f10a623922247b131426347,4,1546,0
2,ex2-s5-e1-a1-p08,96cea7ecfc65ba667160e3c4ba1c5edcbd07153e6f10a623922247b131426347,4,1547,100
2,ex2-s5-e1-a1-p08,96cea7ecfc65ba667160e3c4ba1c5edcbd07153e6f10a623922247b131426347,4,1548,100
2,ex2-s5-e1-a1-p08,96cea7ecfc65ba667160e3c4ba1c5edcbd07153e6f10a623922247b131426347,4,1549,100
2,ex2-s5-e1-a1-p08,96cea7ecfc65ba667160e3c4ba1c5edcbd07153e6f10a623922247b131426347,4,1550,100
2,ex2-s5-e1-a1-p08,96cea7ecfc65ba667160e3c4ba1c5edcbd07153e6f10a623922247b131426347,4,1551,100
2,ex2-s5-e1-a1-p08,96cea7ecfc65ba667160e3c4ba1c5edcbd07153e6f10a623922247b131426347,4,1552,0
2,ex2-s5-e1-a1-p08,96cea7ecfc65ba667160e3c4ba1c5edcbd07153e6f10a623922247b131426347,4,1553,100
2,ex2-s5-e1-a1-p08,96cea7ecfc65ba667160e3c4ba1c5edcbd07153e6f10a623922247b131426347,4,1554,100
2,ex2-s5-e1-a1-p08,96cea7ecfc65ba667160e3c4ba1c5edcbd07153e6f10a623922247b131426347,4,1555,100
2,ex2-s5-e1-a1-p08,96cea7ecfc65ba667160e3c4ba1c5edcbd07153e6f10a623922247b131426347,4,1556,100
2,ex2-s5-e1-a1-p08,96cea7ecfc65ba667160e3c4ba1c5edcbd07153e6f10a623922247b131426347,4,1557,0
2,ex2-s5-e1-a1-p08,96cea7ecfc65ba667160e3c4ba1c5edcbd07153e6f10a623922247b131426347,4,1558,100
2,ex2-s5-e1-a1-p08,96cea7ecfc65ba667160e3c4ba1c5edcbd07153e6f10a623922247b131426347,4,1559,100
2,ex2-s5-e1-a1-p08,96cea7ecfc65ba667160e3c4ba1c5edcbd07153e6f10a623922247b131426347,4,1560,100
2,ex2-s5-e1-a1-p08,96cea7ecfc65ba667160e3c4ba1c5edcbd07153e6f10a623922247b131426347,4,1561,100
2,ex2-s5-e1-a1-p08,96cea7ecfc65ba667160e3c4ba1c5edcbd07153e6f10a623922247b131426347,4,1562,100
2,ex2-s5-e1-a1-p08,96cea7ecfc65ba667160e3c4ba1c5edcbd07153e6f10a623922247b131426347,4,1563,0
2,ex2-s5-e1-a1-p08,96cea7ecfc65ba667160e3c4ba1c5edcbd07153e6f10a623922247b131426347,4,1564,100
2,ex2-s5-e1-a1-p08,96cea7ecfc65ba667160e3c4ba1c5edcbd07153e6f10a623922247b131426347,4,1565,100
2,ex2-s5-e1-a1-p08,96cea7ecfc65ba667160e3c4ba1c5edcbd07153e6f10a623922247b131426347,4,1566,100
2,ex2-s5-e1-a1-p08,96cea7ecfc65ba667160e3c4ba1c5edcbd07153e6f10a623922247b131426347,4,1567,100
2,ex2-s5-e1-a1-p08,96cea7ecfc65ba667160e3c4ba1c5edcbd07153e6f10a623922247b131426347,4,1568,0
2,ex2-s5-e1-a1-p08,96cea7ecfc65ba667160e3c4ba1c5edcbd07153e6f10a623922247b131426347,4,1569,100
2,ex2-s5-e1-a1-p08,96cea7ecfc65ba667160e3c4ba1c5edcbd07153e6f10a623922247b131426347,4,1570,100
2,ex2-s5-e1-a1-p08,96cea7ecfc65ba667160e3c4ba1c5edcbd07153e6f10a623922247b131426347,4,1571,100
2,ex2-s5-e1-a1-p08,96cea7ecfc65ba667160e3c4ba1c5edcbd07153e6f10a623922247b131426347,4,1572,100
2,ex2-s5-e1-a1-p08,96cea7ecfc65ba667160e3c4ba1c5edcbd07153e6f10a623922247b131426347,4,1573,100
2,ex2-s5-e1-a1-p08,96cea7ecfc65ba667160e3c4ba1c5edcbd07153e6f10a623922247b131426347,4,1574,0
2,ex2-s5-e1-a1-p08,96cea7ecfc65ba667160e3c4ba1c5edcbd07153e6f10a623922247b131426347,4,1575,100
2,ex2-s5-e1-a1-p08,96cea7ecfc65ba667160e3c4ba1c5edcbd07153e6f10a623922247b131426347,4,1576,100
2,ex2-s5-e1-a1-p08,96cea7ecfc65ba667160e3c4ba1c5edcbd07153e6f10a623922247b131426347,4,1577,100
2,ex2-s5-e1-a1-p08,96cea7ecfc65ba667160e3c4ba1c5edcbd07153e6f10a623922247b131426347,4,1578,100
2,ex2-s5-e1-a1-p08,96cea7ecfc65ba667160e3c4ba1c5edcbd07153e6f10a623922247b131426347,4,1579,0
2,ex2-s5-e1-a1-p08,96cea7ecfc65ba667160e3c4ba1c5edcbd07153e6f10a623922247b131426347,4,1580,100
2,ex2-s5-e1-a1-p08,96cea7ecfc65ba667160e3c4ba1c5edcbd07153e6f10a623922247b131426347,4,1581,100
2,ex2-s5-e1-a1-p08,96cea7ecfc65ba667160e3c4ba1c5edcbd07153e6f10a623922247b131426347,4,1582,100
2,ex2-s5-e1-a1-p08,96cea7ecfc65ba667160e3c4ba1c5edcbd07153e6f10a623922247b131426347,4,1583,100
2,ex2-s5-e1-a1-p08,96cea7ecfc65ba667160e3c4ba1c5edcbd07153e6f10a623922247b131426347,4,1584,100
2,ex2-s5-e1-a1-p08,96cea7ecfc65ba667160e3c4ba1c5edcbd07153e6f10a623922247b131426347,4,1585,0
2,ex2-s5-e1-a1-p08,96cea7ecfc65ba667160e3c4ba1c5edcbd07153e6f10a623922247b131426347,4,1586,100
2,ex2-s5-e1-a1-p08,96cea7ecfc65ba667160e3c4ba1c5edcbd07153e6f10a623922247b131426347,4,1587,100
2,ex2-s5-e1-a1-p08,96cea7ecfc65ba667160e3c4ba1c5edcbd07153e6f10a623922247b131426347,4,1588,100
2,ex2-s5-e1-a1-p08,96cea7ecfc65ba667160e3c4ba1c5edcbd07153e6f10a623922247b131426347,4,1589,100
2,ex2-s5-e1-a1-p08,96cea7ecfc65ba667160e3c4ba1c5edcbd07153e6f10a623922247b131426347,4,1590,100
2,ex2-s5-e1-a1-p08,96cea7ecfc65ba667160e3c4ba1c5edcbd07153e6f10a623922247b131426347,4,1591,0
2,ex2-s5-e1-a1-p08,96cea7ecfc65ba667160e3c4ba1c5edcbd07153e6f10a623922247b131426347,4,1592,100
2,ex2-s5-e1-a1-p08,96cea7ecfc65ba667160e3c4ba1c5edcbd07153e6f10a623922247b131426347,4,1593,100
2,ex2-s5-e1-a1-p08,96cea7ecfc65ba667160e3c4ba1c5edcbd07153e6f10a623922247b131426347,4,1594,100
2,ex2-s5-e1-a1-p08,96cea7ecfc65ba667160e3c4ba1c5edcbd07153e6f10a623922247b131426347,4,1595,100
2,ex2-s5-e1-a1-p08,96cea7ecfc65ba667160e3c4ba1c5edcbd07153e6f10a623922247b131426347,4,1596,0
2,ex2-s5-e1-a1-p08,96cea7ecfc65ba667160e3c4ba1c5edcbd07153e6f10a623922247b131426347,4,1597,100
2,ex2-s5-e1-a1-p08,96cea7ecfc65ba667160e3c4ba1c5edcbd07153e6f10a623922247b131426347,4,1598,100
2,ex2-s5-e1-a1-p08,96cea7ecfc65ba667160e3c4ba1c5edcbd07153e6f10a623922247b131426347,4,1599,100
2,ex2-s5-e1-a1-p08,96cea7ecfc65ba667160e3c4ba1c5edcbd07153e6f10a623922247b131426347,4,1600,100
2,ex2-s5-e1-a1-p08,96cea7ecfc65ba667160e3c4ba1c5edcbd07153e6f10a623922247b131426347,4,1601,100
2,ex2-s5-e1-a1-p08,96cea7ecfc65ba667160e3c4ba1c5edcbd07153e6f10a623922247b131426347,4,1602,0
2,ex2-s5-e1-a1-p08,96cea7ecfc65ba667160e3c4ba1c5edcbd07153e6f10a623922247b131426347,4,1603,100
2,ex2-s5-e1-a1-p08,96cea7ecfc65ba667160e3c4ba1c5edcbd07153e6f10a623922247b131426347,4,1604,100
2,ex2-s5-e1-a1-p08,96cea7ecfc65ba667160e3c4ba1c5edcbd07153e6f10a623922247b131426347,4,1605,100
2,ex2-s5-e1-a1-p08,96cea7ecfc65ba667160e3c4ba1c5edcbd07153e6f10a623922247b131426347,4,1606,100
2,ex2-s5-e1-a1-p08,96cea7ecfc65ba667160e3c4ba1c5edcbd07153e6f10a623922247b131426347,4,1607,100
2,ex2-s5-e1-a1-p08,96cea7ecfc65ba667160e3c4ba1c5edcbd07153e6f10a623922247b131426347,4,1608,100
2,ex2-s5-e1-a1-p08,96cea7ecfc65ba667160e3c4ba1c5edcbd07153e6f10a623922247b131426347,4,1609,0
2,ex2-s5-e1-a1-p08,96cea7ecfc65ba667160e3c4ba1c5edcbd07153e6f10a623922247b131426347,4,1610,100
2,ex2-s5-e1-a1-p08,96cea7ecfc65ba667160e3c4ba1c5edcbd07153e6f10a623922247b131426347,4,1611,100
2,ex2-s5-e1-a1-p08,96cea7ecfc65ba667160e3c4ba1c5edcbd07153e6f10a623922247b131426347,4,1612,100
2,ex2-s5-e1-a1-p08,96cea7ecfc65ba667160e3c4ba1c5edcbd07153e6f10a623922247b131426347,4,1613,100
2,ex2-s5-e1-a1-p08,96cea7ecfc65ba667160e3c4ba1c5edcbd07153e6f10a623922247b131426347,4,1614,100
2,ex2-s5-e1-a1-p08,96cea7ecfc65ba667160e3c4ba1c5edcbd07153e6f10a623922247b131426347,4,1615,0
2,ex2-s5-e1-a1-p08,96cea7ecfc65ba667160e3c4ba1c5edcbd07153e6f10a623922247b131426347,4,1616,100
2,ex2-s5-e1-a1-p08,96cea7ecfc65ba667160e3c4ba1c5edcbd07153e6f10a623922247b131426347,4,1617,100
2,ex2-s5-e1-a1-p08,96cea7ecfc65ba667160e3c4ba1c5edcbd07153e6f10a623922247b131426347,4,1618,100
2,ex2-s5-e1-a1-p08,96cea7ecfc65ba667160e3c4ba1c5edcbd07153e6f10a623922247b131426347,4,1619,100
2,ex2-s5-e1-a1-p08,96cea7ecfc65ba667160e3c4ba1c5edcbd07153e6f10a623922247b131426347,4,1620,0
2,ex2-s5-e1-a1-p08,96cea7ecfc65ba667160e3c4ba1c5edcbd07153e6f10a623922247b131426347,4,1621,100
2,ex2-s5-e1-a1-p08,96cea7ecfc65ba667160e3c4ba1c5edcbd07153e6f10a623922247b131426347,4,1622,100
2,ex2-s5-e1-a1-p08,96cea7ecfc65ba667160e3c4ba1c5edcbd07153e6f10a623922247b131426347,4,1623,100
2,ex2-s5-e1-a1-p08,96cea7ecfc65ba667160e3c4ba1c5edcbd07153e6f10a623922247b131426347,4,1624,100
2,ex2-s5-e1-a1-p08,96cea7ecfc65ba667160e3c4ba1c5edcbd07153e6f10a623922247b131426347,4,1625,100
2,ex2-s5-e1-a1-p08,96cea7ecfc65ba667160e3c4ba1c5edcbd07153e6f10a623922247b131426347,4,1626,0
2,ex2-s5-e1-a1-p08,96cea7ecfc65ba667160e3c4ba1c5edcbd07153e6f10a623922247b131426347,4,1627,100
2,ex2-s5-e1-a1-p08,96cea7ecfc65ba667160e3c4ba1c5edcbd07153e6f10a623922247b131426347,4,1628,100
2,ex2-s5-e1-a1-p08,96cea7ecfc65ba667160e3c4ba1c5edcbd07153e6f10a623922247b131426347,4,1629,100
2,ex2-s5-e1-a1-p08,96cea7ecfc65ba667160e3c4ba1c5edcbd07153e6f10a623922247b131426347,4,1630,100
2,ex2-s5-e1-a1-p08,96cea7ecfc65ba667160e3c4ba1c5edcbd07153e6f10a623922247b131426347,4,1631,0
2,ex2-s5-e1-a1-p08,96cea7ecfc65ba667160e3c4ba1c5edcbd07153e6f10a623922247b131426347,4,1632,100
2,ex2-s5-e1-a1-p08,96cea7ecfc65ba667160e3c4ba1c5edcbd07153e6f10a623922247b131426347,4,1633,100
2,ex2-s5-e1-a1-p08,96cea7ecfc65ba667160e3c4ba1c5edcbd07153e6f10a623922247b131426347,4,1634,100
2,ex2-s5-e1-a1-p08,96cea7ecfc65ba667160e3c4ba1c5edcbd07153e6f10a623922247b131426347,4,1635,100
2,ex2-s5-e1-a1-p08,96cea7ecfc65ba667160e3c4ba1c5edcbd07153e6f10a623922247b131426347,4,1636,100
2,ex2-s5-e1-a1-p08,96cea7ecfc65ba667160e3c4ba1c5edcbd07153e6f10a623922247b131426347,4,1637,0
2,ex2-s5-e1-a1-p08,96cea7ecfc65ba667160e3c4ba1c5edcbd07153e6f10a623922247b131426347,4,1638,100
2,ex2-s5-e1-a1-p08,96cea7ecfc65ba667160e3c4ba1c5edcbd07153e6f10a623922247b131426347,4,1639,100
2,ex2-s5-e1-a1-p08,96cea7ecfc65ba667160e3c4ba1c5edcbd07153e6f10a623922247b131426347,4,1640,100
2,ex2-s5-e1-a1-p08,96cea7ecfc65ba667160e3c4ba1c5edcbd07153e6f10a623922247b131426347,4,1641,100
2,ex2-s5-e1-a1-p08,96cea7ecfc65ba667160e3c4ba1c5edcbd07153e6f10a623922247b131426347,4,1642,100
2,ex2-s5-e1-a1-p08,96cea7ecfc65ba667160e3c4ba1c5edcbd07153e6f10a623922247b131426347,4,1643,0
2,ex2-s5-e1-a1-p08,96cea7ecfc65ba667160e3c4ba1c5edcbd07153e6f10a623922247b131426347,4,1644,100
2,ex2-s5-e1-a1-p08,96cea7ecfc65ba667160e3c4ba1c5edcbd07153e6f10a623922247b131426347,4,1645,100
2,ex2-s5-e1-a1-p08,96cea7ecfc65ba667160e3c4ba1c5edcbd07153e6f10a623922247b131426347,4,1646,100
2,ex2-s5-e1-a1-p08,96cea7ecfc65ba667160e3c4ba1c5edcbd07153e6f10a623922247b131426347,4,1647,100
2,ex2-s5-e1-a1-p08,96cea7ecfc65ba667160e3c4ba1c5edcbd07153e6f10a623922247b131426347,4,1648,0
2,ex2-s5-e1-a1-p08,96cea7ecfc65ba667160e3c4ba1c5edcbd07153e6f10a623922247b131426347,4,1649,100
2,ex2-s5-e1-a1-p08,96cea7ecfc65ba667160e3c4ba1c5edcbd07153e6f10a623922247b131426347,4,1650,100
2,ex2-s5-e1-a1-p08,96cea7ecfc65ba667160e3c4ba1c5edcbd07153e6f10a623922247b131426347,4,1651,100
2,ex2-s5-e1-a1-p08,96cea7ecfc65ba667160e3c4ba1c5edcbd07153e6f10a623922247b131426347,4,1652,100
2,ex2-s5-e1-a1-p08,96cea7ecfc65ba667160e3c4ba1c5edcbd07153e6f10a623922247b131426347,4,1653,100
2,ex2-s5-e1-a1-p08,96cea7ecfc65ba667160e3c4ba1c5edcbd07153e6f10a623922247b131426347,4,1654,0
2,ex2-s5-e1-a1-p08,96cea7ecfc65ba667160e3c4ba1c5edcbd07153e6f10a623922247b131426347,4,1655,100
2,ex2-s5-e1-a1-p08,96cea7ecfc65ba667160e3c4ba1c5edcbd07153e6f10a623922247b131426347,4,1656,100
2,ex2-s5-e1-a1-p08,96cea7ecfc65ba667160e3c4ba1c5edcbd07153e6f10a623922247b131426347,4,1657,100
2,ex2-s5-e1-a1-p08,96cea7ecfc65ba667160e3c4ba1c5edcbd07153e6f10a623922247b131426347,4,1658,100
2,ex2-s5-e1-a1-p08,96cea7ecfc65ba667160e3c4ba1c5edcbd07153e6f10a623922247b131426347,4,1659,0
2,ex2-s5-e1-a1-p08,96cea7ecfc65ba667160e3c4ba1c5edcbd07153e6f10a623922247b131426347,4,1660,100
2,ex2-s5-e1-a1-p08,96cea7ecfc65ba667160e3c4ba1c5edcbd07153e6f10a623922247b131426347,4,1661,100
2,ex2-s5-e1-a1-p08,96cea7ecfc65ba667160e3c4ba1c5edcbd07153e6f10a623922247b131426347,4,1662,100
2,ex2-s5-e1-a1-p08,96cea7ecfc65ba667160e3c4ba1c5edcbd07153e6f10a623922247b131426347,4,1663,100
2,ex2-s5-e1-a1-p08,96cea7ecfc65ba667160e3c4ba1c5edcbd07153e6f10a623922247b131426347,4,1664,100
2,ex2-s5-e1-a1-p08,96cea7ecfc65ba667160e3c4ba1c5edcbd07153e6f10a623922247b131426347,4,1665,0
2,ex2-s5-e1-a1-p08,96cea7ecfc65ba667160e3c4ba1c5edcbd07153e6f10a623922247b131426347,4,1666,100
2,ex2-s5-e1-a1-p08,96cea7ecfc65ba667160e3c4ba1c5edcbd07153e6f10a623922247b131426347,4,1667,100
2,ex2-s5-e1-a1-p08,96cea7ecfc65ba667160e3c4ba1c5edcbd07153e6f10a623922247b131426347,4,1668,100
2,ex2-s5-e1-a1-p08,96cea7ecfc65ba667160e3c4ba1c5edcbd07153e6f10a623922247b131426347,4,1669,100
2,ex2-s5-e1-a1-p08,96cea7ecfc65ba667160e3c4ba1c5edcbd07153e6f10a623922247b131426347,4,1670,100
2,ex2-s5-e1-a1-p08,96cea7ecfc65ba667160e3c4ba1c5edcbd07153e6f10a623922247b131426347,4,1671,0
2,ex2-s5-e1-a1-p08,96cea7ecfc65ba667160e3c4ba1c5edcbd07153e6f10a623922247b131426347,4,1672,100
2,ex2-s5-e1-a1-p08,96cea7ecfc65ba667160e3c4ba1c5edcbd07153e6f10a623922247b131426347,4,1673,100
2,ex2-s5-e1-a1-p08,96cea7ecfc65ba667160e3c4ba1c5edcbd07153e6f10a623922247b131426347,4,1674,100
2,ex2-s5-e1-a1-p08,96cea7ecfc65ba667160e3c4ba1c5edcbd07153e6f10a623922247b131426347,4,1675,100
2,ex2-s5-e1-a1-p08,96cea7ecfc65ba667160e3c4ba1c5edcbd07153e6f10a623922247b131426347,4,1676,0
2,ex2-s5-e1-a1-p08,96cea7ecfc65ba667160e3c4ba1c5edcbd07153e6f10a623922247b131426347,4,1677,100
2,ex2-s5-e1-a1-p08,96cea7ecfc65ba667160e3c4ba1c5edcbd07153e6f10a623922247b131426347,4,1678,100
2,ex2-s5-e1-a1-p08,96cea7ecfc65ba667160e3c4ba1c5edcbd07153e6f10a623922247b131426347,4,1679,100
2,ex2-s5-e1-a1-p08,96cea7ecfc65ba667160e3c4ba1c5edcbd07153e6f10a623922247b131426347,4,1680,100
2,ex2-s5-e1-a1-p08,96cea7ecfc65ba667160e3c4ba1c5edcbd07153e6f10a623922247b131426347,4,1681,100
2,ex2-s5-e1-a1-p08,96cea7ecfc65ba667160e3c4ba1c5edcbd07153e6f10a623922247b131426347,4,1682,0
2,ex2-s5-e1-a1-p08,96cea7ecfc65ba667160e3c4ba1c5edcbd07153e6f10a623922247b131426347,4,1683,100
2,ex2-s5-e1-a1-p08,96cea7ecfc65ba667160e3c4ba1c5edcbd07153e6f10a623922247b131426347,4,1684,100
2,ex2-s5-e1-a1-p08,96cea7ecfc65ba667160e3c4ba1c5edcbd07153e6f10a623922247b131426347,4,1685,100
2,ex2-s5-e1-a1-p08,96cea7ecfc65ba667160e3c4ba1c5edcbd07153e6f10a623922247b131426347,4,1686,100
2,ex2-s5-e1-a1-p08,96cea7ecfc65ba667160e3c4ba1c5edcbd07153e6f10a623922247b131426347,4,1687,100
2,ex2-s5-e1-a1-p08,96cea7ecfc65ba667160e3c4ba1c5edcbd07153e6f10a623922247b131426347,4,1688,0
2,ex2-s5-e1-a1-p08,96cea7ecfc65ba667160e3c4ba1c5edcbd07153e6f10a623922247b131426347,4,1689,100
2,ex2-s5-e1-a1-p08,96cea7ecfc65ba667160e3c4ba1c5edcbd07153e6f10a623922247b131426347,4,1690,100
2,ex2-s5-e1-a1-p08,96cea7ecfc65ba667160e3c4ba1c5edcbd07153e6f10a623922247b131426347,4,1691,100
2,ex2-s5-e1-a1-p08,96cea7ecfc65ba667160e3c4ba1c5edcbd07153e6f10a623922247b131426347,4,1692,100
2,ex2-s5-e1-a1-p08,96cea7ecfc65ba667160e3c4ba1c5edcbd07153e6f10a623922247b131426347,4,1693,0
2,ex2-s5-e1-a1-p08,96cea7ecfc65ba667160e3c4ba1c5edcbd07153e6f10a623922247b131426347,4,1694,100
2,ex2-s5-e1-a1-p08,96cea7ecfc65ba667160e3c4ba1c5edcbd07153e6f10a623922247b131426347,4,1695,100
2,ex2-s5-e1-a1-p08,96cea7ecfc65ba667160e3c4ba1c5edcbd07153e6f10a623922247b131426347,4,1696,100
2,ex2-s5-e1-a1-p08,96cea7ecfc65ba667160e3c4ba1c5edcbd07153e6f10a623922247b131426347,4,1697,100
2,ex2-s5-e1-a1-p08,96cea7ecfc65ba667160e3c4ba1c5edcbd07153e6f10a623922247b131426347,4,1698,100
2,ex2-s5-e1-a1-p08,96cea7ecfc65ba667160e3c4ba1c5edcbd07153e6f10a623922247b131426347,4,1699,0
2,ex2-s5-e1-a1-p08,96cea7ecfc65ba667160e3c4ba1c5edcbd07153e6f10a623922247b131426347,4,1700,100
2,ex2-s5-e1-a1-p08,96cea7ecfc65ba667160e3c4ba1c5edcbd07153e6f10a623922247b131426347,4,1701,100
2,ex2-s5-e1-a1-p08,96cea7ecfc65ba667160e3c4ba1c5edcbd07153e6f10a623922247b131426347,4,1702,100
2,ex2-s5-e1-a1-p08,96cea7ecfc65ba667160e3c4ba1c5edcbd07153e6f10a623922247b131426347,4,1703,100
2,ex2-s5-e1-a1-p08,96cea7ecfc65ba667160e3c4ba1c5edcbd07153e6f10a623922247b131426347,4,1704,0
2,ex2-s5-e1-a1-p08,96cea7ecfc65ba667160e3c4ba1c5edcbd07153e6f10a623922247b131426347,4,1705,100
2,ex2-s5-e1-a1-p08,96cea7ecfc65ba667160e3c4ba1c5edcbd07153e6f10a623922247b131426347,4,1706,100
2,ex2-s5-e1-a1-p08,96cea7ecfc65ba667160e3c4ba1c5edcbd07153e6f10a623922247b131426347,4,1707,100
2,ex2-s5-e1-a1-p08,96cea7ecfc65ba667160e3c4ba1c5edcbd07153e6f10a623922247b131426347,4,1708,100
2,ex2-s5-e1-a1-p08,96cea7ecfc65ba667160e3c4ba1c5edcbd07153e6f10a623922247b131426347,4,1709,100
2,ex2-s5-e1-a1-p08,96cea7ecfc65ba667160e3c4ba1c5edcbd07153e6f10a623922247b131426347,4,1710,0
2,ex2-s5-e1-a1-p08,96cea7ecfc65ba667160e3c4ba1c5edcbd07153e6f10a623922247b131426347,4,1711,100
2,ex2-s5-e1-a1-p08,96cea7ecfc65ba667160e3c4ba1c5edcbd07153e6f10a623922247b131426347,4,1712,100
2,ex2-s5-e1-a1-p08,96cea7ecfc65ba667160e3c4ba1c5edcbd07153e6f10a623922247b131426347,4,1713,100
2,ex2-s5-e1-a1-p08,96cea7ecfc65ba667160e3c4ba1c5edcbd07153e6f10a623922247b131426347,4,1714,100
2,ex2-s5-e1-a1-p08,96cea7ecfc65ba667160e3c4ba1c5edcbd07153e6f10a623922247b131426347,4,1715,100
2,ex2-s5-e1-a1-p08,96cea7ecfc65ba667160e3c4ba1c5edcbd07153e6f10a623922247b131426347,4,1716,0
2,ex2-s5-e1-a1-p08,96cea7ecfc65ba667160e3c4ba1c5edcbd07153e6f10a623922247b131426347,4,1717,100
2,ex2-s5-e1-a1-p08,96cea7ecfc65ba667160e3c4ba1c5edcbd07153e6f10a623922247b131426347,4,1718,100
2,ex2-s5-e1-a1-p08,96cea7ecfc65ba667160e3c4ba1c5edcbd07153e6f10a623922247b131426347,4,1719,100
2,ex2-s5-e1-a1-p08,96cea7ecfc65ba667160e3c4ba1c5edcbd07153e6f10a623922247b131426347,4,1720,100
2,ex2-s5-e1-a1-p08,96cea7ecfc65ba667160e3c4ba1c5edcbd07153e6f10a623922247b131426347,4,1721,0
2,ex2-s5-e1-a1-p08,96cea7ecfc65ba667160e3c4ba1c5edcbd07153e6f10a623922247b131426347,4,1722,100
2,ex2-s5-e1-a1-p08,96cea7ecfc65ba667160e3c4ba1c5edcbd07153e6f10a623922247b131426347,4,1723,100
2,ex2-s5-e1-a1-p08,96cea7ecfc65ba667160e3c4ba1c5edcbd07153e6f10a623922247b131426347,4,1724,100
2,ex2-s5-e1-a1-p08,96cea7ecfc65ba667160e3c4ba1c5edcbd07153e6f10a623922247b131426347,4,1725,100
2,ex2-s5-e1-a1-p08,96cea7ecfc65ba667160e3c4ba1c5edcbd07153e6f10a623922247b131426347,4,1726,100
2,ex2-s5-e1-a1-p08,96cea7ecfc65ba667160e3c4ba1c5edcbd07153e6f10a623922247b131426347,4,1727,0
2,ex2-s5-e1-a1-p08,96cea7ecfc65ba667160e3c4ba1c5edcbd07153e6f10a623922247b131426347,4,1728,100
2,ex2-s5-e1-a1-p08,96cea7ecfc65ba667160e3c4ba1c5edcbd07153e6f10a623922247b131426347,4,1729,100
2,ex2-s5-e1-a1-p08,96cea7ecfc65ba667160e3c4ba1c5edcbd07153e6f10a623922247b131426347,4,1730,100
2,ex2-s5-e1-a1-p08,96cea7ecfc65ba667160e3c4ba1c5edcbd07153e6f10a623922247b131426347,4,1731,100
2,ex2-s5-e1-a1-p08,96cea7ecfc65ba667160e3c4ba1c5edcbd07153e6f10a623922247b131426347,4,1732,0
2,ex2-s5-e1-a1-p08,96cea7ecfc65ba667160e3c4ba1c5edcbd07153e6f10a623922247b131426347,4,1733,100
2,ex2-s5-e1-a1-p08,96cea7ecfc65ba667160e3c4ba1c5edcbd07153e6f10a623922247b131426347,4,1734,100
2,ex2-s5-e1-a1-p08,96cea7ecfc65ba667160e3c4ba1c5edcbd07153e6f10a623922247b131426347,4,1735,100
2,ex2-s5-e1-a1-p08,96cea7ecfc65ba667160e3c4ba1c5edcbd07153e6f10a623922247b131426347,4,1736,100
2,ex2-s5-e1-a1-p08,96cea7ecfc65ba667160e3c4ba1c5edcbd07153e6f10a623922247b131426347,4,1737,100
2,ex2-s5-e1-a1-p08,96cea7ecfc65ba667160e3c4ba1c5edcbd07153e6f10a623922247b131426347,4,1738,0
2,ex2-s5-e1-a1-p08,96cea7ecfc65ba667160e3c4ba1c5edcbd07153e6f10a623922247b131426347,4,1739,100
2,ex2-s5-e1-a1-p08,96cea7ecfc65ba667160e3c4ba1c5edcbd07153e6f10a623922247b131426347,4,1740,100
2,ex2-s5-e1-a1-p08,96cea7ecfc65ba667160e3c4ba1c5edcbd07153e6f10a623922247b131426347,4,1741,100
2,ex2-s5-e1-a1-p08,96cea7ecfc65ba667160e3c4ba1c5edcbd07153e6f10a623922247b131426347,4,1742,100
2,ex2-s5-e1-a1-p08,96cea7ecfc65ba667160e3c4ba1c5edcbd07153e6f10a623922247b131426347,4,1743,100
2,ex2-s5-e1-a1-p08,96cea7ecfc65ba667160e3c4ba1c5edcbd07153e6f10a623922247b131426347,4,1744,0
2,ex2-s5-e1-a1-p08,96cea7ecfc65ba667160e3c4ba1c5edcbd07153e6f10a623922247b131426347,4,1745,100
2,ex2-s5-e1-a1-p08,96cea7ecfc65ba667160e3c4ba1c5edcbd07153e6f10a623922247b131426347,4,1746,100
2,ex2-s5-e1-a1-p08,96cea7ecfc65ba667160e3c4ba1c5edcbd07153e6f10a623922247b131426347,4,1747,100
2,ex2-s5-e1-a1-p08,96cea7ecfc65ba667160e3c4ba1c5edcbd07153e6f10a623922247b131426347,4,1748,100
2,ex2-s5-e1-a1-p08,96cea7ecfc65ba667160e3c4ba1c5edcbd07153e6f10a623922247b131426347,4,1749,0
2,ex2-s5-e1-a1-p08,96cea7ecfc65ba667160e3c4ba1c5edcbd07153e6f10a623922247b131426347,4,1750,100
2,ex2-s5-e1-a1-p08,96cea7ecfc65ba667160e3c4ba1c5edcbd07153e6f10a623922247b131426347,4,1751,100
2,ex2-s5-e1-a1-p08,96cea7ecfc65ba667160e3c4ba1c5edcbd07153e6f10a623922247b131426347,4,1752,100
2,ex2-s5-e1-a1-p08,96cea7ecfc65ba667160e3c4ba1c5edcbd07153e6f10a623922247b131426347,4,1753,100
2,ex2-s5-e1-a1-p08,96cea7ecfc65ba667160e3c4ba1c5edcbd07153e6f10a623922247b131426347,4,1754,100
2,ex2-s5-e1-a1-p08,96cea7ecfc65ba667160e3c4ba1c5edcbd07153e6f10a623922247b131426347,4,1755,0
2,ex2-s5-e1-a1-p08,96cea7ecfc65ba667160e3c4ba1c5edcbd07153e6f10a623922247b131426347,4,1756,100
2,ex2-s5-e1-a1-p08,96cea7ecfc65ba667160e3c4ba1c5edcbd07153e6f10a623922247b131426347,4,1757,100
2,ex2-s5-e1-a1-p08,96cea7ecfc65ba667160e3c4ba1c5edcbd07153e6f10a623922247b131426347,4,1758,100
2,ex2-s5-e1-a1-p08,96cea7ecfc65ba667160e3c4ba1c5edcbd07153e6f10a623922247b131426347,4,1759,100
2,ex2-s5-e1-a1-p08,96cea7ecfc65ba667160e3c4ba1c5edcbd07153e6f10a623922247b131426347,4,1760,0
2,ex2-s5-e1-a1-p08,96cea7ecfc65ba667160e3c4ba1c5edcbd07153e6f10a623922247b131426347,4,1761,100
2,ex2-s5-e1-a1-p08,96cea7ecfc65ba667160e3c4ba1c5edcbd07153e6f10a623922247b131426347,4,1762,100
2,ex2-s5-e1-a1-p08,96cea7ecfc65ba667160e3c4ba1c5edcbd07153e6f10a623922247b131426347,4,1763,100
2,ex2-s5-e1-a1-p08,96cea7ecfc65ba667160e3c4ba1c5edcbd07153e6f10a623922247b131426347,4,1764,100
2,ex2-s5-e1-a1-p08,96cea7ecfc65ba667160e3c4ba1c5edcbd07153e6f10a623922247b131426347,4,1765,100
2,ex2-s5-e1-a1-p08,96cea7ecfc65ba667160e3c4ba1c5edcbd07153e6f10a623922247b131426347,4,1766,0
2,ex2-s5-e1-a1-p08,96cea7ecfc65ba667160e3c4ba1c5edcbd07153e6f10a623922247b131426347,4,1767,100
2,ex2-s5-e1-a1-p08,96cea7ecfc65ba667160e3c4ba1c5edcbd07153e6f10a623922247b131426347,4,1768,100
2,ex2-s5-e1-a1-p08,96cea7ecfc65ba667160e3c4ba1c5edcbd07153e6f10a623922247b131426347,4,1769,100
2,ex2-s5-e1-a1-p08,96cea7ecfc65ba667160e3c4ba1c5edcbd07153e6f10a623922247b131426347,4,1770,100
2,ex2-s5-e1-a1-p08,96cea7ecfc65ba667160e3c4ba1c5edcbd07153e6f10a623922247b131426347,4,1771,100
2,ex2-s5-e1-a1-p08,96cea7ecfc65ba667160e3c4ba1c5edcbd07153e6f10a623922247b131426347,4,1772,0
2,ex2-s5-e1-a1-p08,96cea7ecfc65ba667160e3c4ba1c5edcbd07153e6f10a623922247b131426347,4,1773,100
2,ex2-s5-e1-a1-p08,96cea7ecfc65ba667160e3c4ba1c5edcbd07153e6f10a623922247b131426347,4,1774,100
2,ex2-s5-e1-a1-p08,96cea7ecfc65ba667160e3c4ba1c5edcbd07153e6f10a623922247b131426347,4,1775,100
2,ex2-s5-e1-a1-p08,96cea7ecfc65ba667160e3c4ba1c5edcbd07153e6f10a623922247b131426347,4,1776,100
2,ex2-s5-e1-a1-p08,96cea7ecfc65ba667160e3c4ba1c5edcbd07153e6f10a623922247b131426347,4,1777,0
2,ex2-s5-e1-a1-p08,96cea7ecfc65ba667160e3c4ba1c5edcbd07153e6f10a623922247b131426347,4,1778,100
2,ex2-s5-e1-a1-p08,96cea7ecfc65ba667160e3c4ba1c5edcbd07153e6f10a623922247b131426347,4,1779,100
2,ex2-s5-e1-a1-p08,96cea7ecfc65ba667160e3c4ba1c5edcbd07153e6f10a623922247b131426347,4,1780,100
2,ex2-s5-e1-a1-p08,96cea7ecfc65ba667160e3c4ba1c5edcbd07153e6f10a623922247b131426347,4,1781,100
2,ex2-s5-e1-a1-p08,96cea7ecfc65ba667160e3c4ba1c5edcbd07153e6f10a623922247b131426347,4,1782,100
2,ex2-s5-e1-a1-p08,96cea7ecfc65ba667160e3c4ba1c5edcbd07153e6f10a623922247b131426347,4,1783,0
2,ex2-s5-e1-a1-p08,96cea7ecfc65ba667160e3c4ba1c5edcbd07153e6f10a623922247b131426347,4,1784,100
2,ex2-s5-e1-a1-p08,96cea7ecfc65ba667160e3c4ba1c5edcbd07153e6f10a623922247b131426347,4,1785,100
2,ex2-s5-e1-a1-p08,96cea7ecfc65ba667160e3c4ba1c5edcbd07153e6f10a623922247b131426347,4,1786,100
2,ex2-s5-e1-a1-p08,96cea7ecfc65ba667160e3c4ba1c5edcbd07153e6f10a623922247b131426347,4,1787,100
2,ex2-s5-e1-a1-p08,96cea7ecfc65ba667160e3c4ba1c5edcbd07153e6f10a623922247b131426347,4,1788,100
2,ex2-s5-e1-a1-p08,96cea7ecfc65ba667160e3c4ba1c5edcbd07153e6f10a623922247b131426347,4,1789,0
2,ex2-s5-e1-a1-p08,96cea7ecfc65ba667160e3c4ba1c5edcbd07153e6f10a623922247b131426347,4,1790,100
2,ex2-s5-e1-a1-p08,96cea7ecfc65ba667160e3c4ba1c5edcbd07153e6f10a623922247b131426347,4,1791,100
2,ex2-s5-e1-a1-p08,96cea7ecfc65ba667160e3c4ba1c5edcbd07153e6f10a623922247b131426347,4,1792,100
2,ex2-s5-e1-a1-p08,96cea7ecfc65ba667160e3c4ba1c5edcbd07153e6f10a623922247b131426347,4,1793,100
2,ex2-s5-e1-a1-p08,96cea7ecfc65ba667160e3c4ba1c5edcbd07153e6f10a623922247b131426347,4,1794,0
2,ex2-s5-e1-a1-p08,96cea7ecfc65ba667160e3c4ba1c5edcbd07153e6f10a623922247b131426347,4,1795,100
2,ex2-s5-e1-a1-p08,96cea7ecfc65ba667160e3c4ba1c5edcbd07153e6f10a623922247b131426347,4,1796,100
2,ex2-s5-e1-a1-p08,96cea7ecfc65ba667160e3c4ba1c5edcbd07153e6f10a623922247b131426347,4,1797,100
2,ex2-s5-e1-a1-p08,96cea7ecfc65ba667160e3c4ba1c5edcbd07153e6f10a623922247b131426347,4,1798,100
2,ex2-s5-e1-a1-p08,96cea7ecfc65ba667160e3c4ba1c5edcbd07153e6f10a623922247b131426347,4,1799,100
2,ex2-s5-e1-a1-p08,96cea7ecfc65ba667160e3c4ba1c5edcbd07153e6f10a623922247b131426347,4,1800,0
2,ex2-s5-e1-a1-p08,96cea7ecfc65ba667160e3c4ba1c5edcbd07153e6f10a623922247b131426347,4,1801,100
2,ex2-s5-e1-a1-p08,96cea7ecfc65ba667160e3c4ba1c5edcbd07153e6f10a623922247b131426347,4,1802,100
2,ex2-s5-e1-a1-p08,96cea7ecfc65ba667160e3c4ba1c5edcbd07153e6f10a623922247b131426347,4,1803,100
2,ex2-s5-e1-a1-p08,96cea7ecfc65ba667160e3c4ba1c5edcbd07153e6f10a623922247b131426347,4,1804,100
2,ex2-s5-e1-a1-p08,96cea7ecfc65ba667160e3c4ba1c5edcbd07153e6f10a623922247b131426347,4,1805,0
2,ex2-s5-e1-a1-p08,96cea7ecfc65ba667160e3c4ba1c5edcbd07153e6f10a623922247b131426347,4,1806,100
2,ex2-s5-e1-a1-p08,96cea7ecfc65ba667160e3c4ba1c5edcbd07153e6f10a623922247b131426347,4,1807,100
2,ex2-s5-e1-a1-p08,96cea7ecfc65ba667160e3c4ba1c5edcbd07153e6f10a623922247b131426347,4,1808,100
2,ex2-s5-e1-a1-p08,96cea7ecfc65ba667160e3c4ba1c5edcbd07153e6f10a623922247b131426347,4,1809,100
2,ex2-s5-e1-a1-p08,96cea7ecfc65ba667160e3c4ba1c5edcbd07153e6f10a623922247b131426347,4,1810,100
2,ex2-s5-e1-a1-p08,96cea7ecfc65ba667160e3c4ba1c5edcbd07153e6f10a623922247b131426347,4,1811,0
2,ex2-s5-e1-a1-p08,96cea7ecfc65ba667160e3c4ba1c5edcbd07153e6f10a623922247b131426347,4,1812,100
2,ex2-s5-e1-a1-p08,96cea7ecfc65ba667160e3c4ba1c5edcbd07153e6f10a623922247b131426347,4,1813,100
2,ex2-s5-e1-a1-p08,96cea7ecfc65ba667160e3c4ba1c5edcbd07153e6f10a623922247b131426347,4,1814,100
2,ex2-s5-e1-a1-p08,96cea7ecfc65ba667160e3c4ba1c5edcbd07153e6f10a623922247b131426347,4,1815,100
2,ex2-s5-e1-a1-p08,96cea7ecfc65ba667160e3c4ba1c5edcbd07153e6f10a623922247b131426347,4,1816,0
2,ex2-s5-e1-a1-p08,96cea7ecfc65ba667160e3c4ba1c5edcbd07153e6f10a623922247b131426347,4,1817,100
2,ex2-s5-e1-a1-p08,96cea7ecfc65ba667160e3c4ba1c5edcbd07153e6f10a623922247b131426347,4,1818,100
2,ex2-s5-e1-a1-p08,96cea7ecfc65ba667160e3c4ba1c5edcbd07153e6f10a623922247b131426347,4,1819,100
2,ex2-s5-e1-a1-p08,96cea7ecfc65ba667160e3c4ba1c5edcbd07153e6f10a623922247b131426347,4,1820,100
2,ex2-s5-e1-a1-p08,96cea7ecfc65ba667160e3c4ba1c5edcbd07153e6f10a623922247b131426347,4,1821,100
2,ex2-s5-e1-a1-p08,96cea7ecfc65ba667160e3c4ba1c5edcbd07153e6f10a623922247b131426347,4,1822,0
2,ex2-s5-e1-a1-p08,96cea7ecfc65ba667160e3c4ba1c5edcbd07153e6f10a623922247b131426347,4,1823,100
2,ex2-s5-e1-a1-p08,96cea7ecfc65ba667160e3c4ba1c5edcbd07153e6f10a623922247b131426347,4,1824,100
2,ex2-s5-e1-a1-p08,96cea7ecfc65ba667160e3c4ba1c5edcbd07153e6f10a623922247b131426347,4,1825,100
2,ex2-s5-e1-a1-p08,96cea7ecfc65ba667160e3c4ba1c5edcbd07153e6f10a623922247b131426347,4,1826,100
2,ex2-s5-e1-a1-p08,96cea7ecfc65ba667160e3c4ba1c5edcbd07153e6f10a623922247b131426347,4,1827,0
2,ex2-s5-e1-a1-p08,96cea7ecfc65ba667160e3c4ba1c5edcbd07153e6f10a623922247b131426347,4,1828,100
2,ex2-s5-e1-a1-p08,96cea7ecfc65ba667160e3c4ba1c5edcbd07153e6f10a623922247b131426347,4,1829,100
2,ex2-s5-e1-a1-p08,96cea7ecfc65ba667160e3c4ba1c5edcbd07153e6f10a623922247b131426347,4,1830,100
2,ex2-s5-e1-a1-p08,96cea7ecfc65ba667160e3c4ba1c5edcbd07153e6f10a623922247b131426347,4,1831,100
2,ex2-s5-e1-a1-p08,96cea7ecfc65ba667160e3c4ba1c5edcbd07153e6f10a623922247b131426347,4,1832,100
2,ex2-s5-e1-a1-p08,96cea7ecfc65ba667160e3c4ba1c5edcbd07153e6f10a623922247b131426347,4,1833,0
2,ex2-s5-e1-a1-p08,96cea7ecfc65ba667160e3c4ba1c5edcbd07153e6f10a623922247b131426347,4,1834,100
2,ex2-s5-e1-a1-p08,96cea7ecfc65ba667160e3c4ba1c5edcbd07153e6f10a623922247b131426347,4,1835,100
2,ex2-s5-e1-a1-p08,96cea7ecfc65ba667160e3c4ba1c5edcbd07153e6f10a623922247b131426347,4,1836,100
2,ex2-s5-e1-a1-p08,96cea7ecfc65ba667160e3c4ba1c5edcbd07153e6f10a623922247b131426347,4,1837,100
2,ex2-s5-e1-a1-p08,96cea7ecfc65ba667160e3c4ba1c5edcbd07153e6f10a623922247b131426347,4,1838,0
2,ex2-s5-e1-a1-p08,96cea7ecfc65ba667160e3c4ba1c5edcbd07153e6f10a623922247b131426347,4,1839,100
2,ex2-s5-e1-a1-p08,96cea7ecfc65ba667160e3c4ba1c5edcbd07153e6f10a623922247b131426347,4,1840,100
2,ex2-s5-e1-a1-p08,96cea7ecfc65ba667160e3c4ba1c5edcbd07153e6f10a623922247b131426347,4,1841,100
2,ex2-s5-e1-a1-p08,96cea7ecfc65ba667160e3c4ba1c5edcbd07153e6f10a623922247b131426347,4,1842,100
2,ex2-s5-e1-a1-p08,96cea7ecfc65ba667160e3c4ba1c5edcbd07153e6f10a623922247b131426347,4,1843,100
2,ex2-s5-e1-a1-p08,96cea7ecfc65ba667160e3c4ba1c5edcbd07153e6f10a623922247b131426347,4,1844,0
2,ex2-s5-e1-a1-p08,96cea7ecfc65ba667160e3c4ba1c5edcbd07153e6f10a623922247b131426347,4,1845,100
2,ex2-s5-e1-a1-p08,96cea7ecfc65ba667160e3c4ba1c5edcbd07153e6f10a623922247b131426347,4,1846,100
2,ex2-s5-e1-a1-p08,96cea7ecfc65ba667160e3c4ba1c5edcbd07153e6f10a623922247b131426347,4,1847,100
2,ex2-s5-e1-a1-p08,96cea7ecfc65ba667160e3c4ba1c5edcbd07153e6f10a623922247b131426347,4,1848,100
2,ex2-s5-e1-a1-p08,96cea7ecfc65ba667160e3c4ba1c5edcbd07153e6f10a623922247b131426347,4,1849,100
2,ex2-s5-e1-a1-p08,96cea7ecfc65ba667160e3c4ba1c5edcbd07153e6f10a623922247b131426347,4,1850,0
2,ex2-s5-e1-a1-p08,96cea7ecfc65ba667160e3c4ba1c5edcbd07153e6f10a623922247b131426347,4,1851,100
2,ex2-s5-e1-a1-p08,96cea7ecfc65ba667160e3c4ba1c5edcbd07153e6f10a623922247b131426347,4,1852,100
2,ex2-s5-e1-a1-p08,96cea7ecfc65ba667160e3c4ba1c5edcbd07153e6f10a623922247b131426347,4,1853,100
2,ex2-s5-e1-a1-p08,96cea7ecfc65ba667160e3c4ba1c5edcbd07153e6f10a623922247b131426347,4,1854,100
2,ex2-s5-e1-a1-p08,96cea7ecfc65ba667160e3c4ba1c5edcbd07153e6f10a623922247b131426347,4,1855,0
2,ex2-s5-e1-a1-p08,96cea7ecfc65ba667160e3c4ba1c5edcbd07153e6f10a623922247b131426347,4,1856,100
2,ex2-s5-e1-a1-p08,96cea7ecfc65ba667160e3c4ba1c5edcbd07153e6f10a623922247b131426347,4,1857,100
2,ex2-s5-e1-a1-p08,96cea7ecfc65ba667160e3c4ba1c5edcbd07153e6f10a623922247b131426347,4,1858,100
2,ex2-s5-e1-a1-p08,96cea7ecfc65ba667160e3c4ba1c5edcbd07153e6f10a623922247b131426347,4,1859,100
2,ex2-s5-e1-a1-p08,96cea7ecfc65ba667160e3c4ba1c5edcbd07153e6f10a623922247b131426347,4,1860,0
2,ex2-s5-e1-a1-p08,96cea7ecfc65ba667160e3c4ba1c5edcbd07153e6f10a623922247b131426347,4,1861,100
2,ex2-s5-e1-a1-p08,96cea7ecfc65ba667160e3c4ba1c5edcbd07153e6f10a623922247b131426347,4,1862,100
2,ex2-s5-e1-a1-p08,96cea7ecfc65ba667160e3c4ba1c5edcbd07153e6f10a623922247b131426347,4,1863,100
2,ex2-s5-e1-a1-p08,96cea7ecfc65ba667160e3c4ba1c5edcbd07153e6f10a623922247b131426347,4,1864,100
2,ex2-s5-e1-a1-p08,96cea7ecfc65ba667160e3c4ba1c5edcbd07153e6f10a623922247b131426347,4,1865,100
2,ex2-s5-e1-a1-p08,96cea7ecfc65ba667160e3c4ba1c5edcbd07153e6f10a623922247b131426347,4,1866,0
2,ex2-s5-e1-a1-p08,96cea7ecfc65ba667160e3c4ba1c5edcbd07153e6f10a623922247b131426347,4,1867,100
2,ex2-s5-e1-a1-p08,96cea7ecfc65ba667160e3c4ba1c5edcbd07153e6f10a623922247b131426347,4,1868,100
2,ex2-s5-e1-a1-p08,96cea7ecfc65ba667160e3c4ba1c5edcbd07153e6f10a623922247b131426347,4,1869,300
2,ex2-s5-e1-a1-p08,96cea7ecfc65ba667160e3c4ba1c5edcbd07153e6f10a623922247b131426347,4,1870,100
2,ex2-s5-e1-a1-p08,96cea7ecfc65ba667160e3c4ba1c5edcbd07153e6f10a623922247b131426347,4,1871,100
2,ex2-s5-e1-a1-p08,96cea7ecfc65ba667160e3c4ba1c5edcbd07153e6f10a623922247b131426347,4,1872,0
2,ex2-s5-e1-a1-p08,96cea7ecfc65ba667160e3c4ba1c5edcbd07153e6f10a623922247b131426347,4,1873,100
2,ex2-s5-e1-a1-p08,96cea7ecfc65ba667160e3c4ba1c5edcbd07153e6f10a623922247b131426347,4,1874,100
2,ex2-s5-e1-a1-p08,96cea7ecfc65ba667160e3c4ba1c5edcbd07153e6f10a623922247b131426347,4,1875,100
2,ex2-s5-e1-a1-p08,96cea7ecfc65ba667160e3c4ba1c5edcbd07153e6f10a623922247b131426347,4,1876,100
2,ex2-s5-e1-a1-p08,96cea7ecfc65ba667160e3c4ba1c5edcbd07153e6f10a623922247b131426347,4,1877,100
2,ex2-s5-e1-a1-p08,96cea7ecfc65ba667160e3c4ba1c5edcbd07153e6f10a623922247b131426347,4,1878,0
2,ex2-s5-e1-a1-p08,96cea7ecfc65ba667160e3c4ba1c5edcbd07153e6f10a623922247b131426347,4,1879,100
2,ex2-s5-e1-a1-p08,96cea7ecfc65ba667160e3c4ba1c5edcbd07153e6f10a623922247b131426347,4,1880,100
2,ex2-s5-e1-a1-p08,96cea7ecfc65ba667160e3c4ba1c5edcbd07153e6f10a623922247b131426347,4,1881,100
2,ex2-s5-e1-a1-p08,96cea7ecfc65ba667160e3c4ba1c5edcbd07153e6f10a623922247b131426347,4,1882,100
2,ex2-s5-e1-a1-p08,96cea7ecfc65ba667160e3c4ba1c5edcbd07153e6f10a623922247b131426347,4,1883,0
2,ex2-s5-e1-a1-p08,96cea7ecfc65ba667160e3c4ba1c5edcbd07153e6f10a623922247b131426347,4,1884,100
2,ex2-s5-e1-a1-p08,96cea7ecfc65ba667160e3c4ba1c5edcbd07153e6f10a623922247b131426347,4,1885,100
2,ex2-s5-e1-a1-p08,96cea7ecfc65ba667160e3c4ba1c5edcbd07153e6f10a623922247b131426347,4,1886,100
2,ex2-s5-e1-a1-p08,96cea7ecfc65ba667160e3c4ba1c5edcbd07153e6f10a623922247b131426347,4,1887,100
2,ex2-s5-e1-a1-p08,96cea7ecfc65ba667160e3c4ba1c5edcbd07153e6f10a623922247b131426347,4,1888,0
2,ex2-s5-e1-a1-p08,96cea7ecfc65ba667160e3c4ba1c5edcbd07153e6f10a623922247b131426347,4,1889,100
2,ex2-s5-e1-a1-p08,96cea7ecfc65ba667160e3c4ba1c5edcbd07153e6f10a623922247b131426347,4,1890,100
2,ex2-s5-e1-a1-p08,96cea7ecfc65ba667160e3c4ba1c5edcbd07153e6f10a623922247b131426347,4,1891,100
2,ex2-s5-e1-a1-p08,96cea7ecfc65ba667160e3c4ba1c5edcbd07153e6f10a623922247b131426347,4,1892,100
2,ex2-s5-e1-a1-p08,96cea7ecfc65ba667160e3c4ba1c5edcbd07153e6f10a623922247b131426347,4,1893,100
2,ex2-s5-e1-a1-p08,96cea7ecfc65ba667160e3c4ba1c5edcbd07153e6f10a623922247b131426347,4,1894,0
2,ex2-s5-e1-a1-p08,96cea7ecfc65ba667160e3c4ba1c5edcbd07153e6f10a623922247b131426347,4,1895,100
2,ex2-s5-e1-a1-p08,96cea7ecfc65ba667160e3c4ba1c5edcbd07153e6f10a623922247b131426347,4,1896,100
2,ex2-s5-e1-a1-p08,96cea7ecfc65ba667160e3c4ba1c5edcbd07153e6f10a623922247b131426347,4,1897,100
2,ex2-s5-e1-a1-p08,96cea7ecfc65ba667160e3c4ba1c5edcbd07153e6f10a623922247b131426347,4,1898,100
2,ex2-s5-e1-a1-p08,96cea7ecfc65ba667160e3c4ba1c5edcbd07153e6f10a623922247b131426347,4,1899,100
2,ex2-s5-e1-a1-p08,96cea7ecfc65ba667160e3c4ba1c5edcbd07153e6f10a623922247b131426347,4,1900,0
2,ex2-s5-e1-a1-p08,96cea7ecfc65ba667160e3c4ba1c5edcbd07153e6f10a623922247b131426347,4,1901,100
2,ex2-s5-e1-a1-p08,96cea7ecfc65ba667160e3c4ba1c5edcbd07153e6f10a623922247b131426347,4,1902,100
2,ex2-s5-e1-a1-p08,96cea7ecfc65ba667160e3c4ba1c5edcbd07153e6f10a623922247b131426347,4,1903,100
2,ex2-s5-e1-a1-p08,96cea7ecfc65ba667160e3c4ba1c5edcbd07153e6f10a623922247b131426347,4,1904,100
2,ex2-s5-e1-a1-p08,96cea7ecfc65ba667160e3c4ba1c5edcbd07153e6f10a623922247b131426347,4,1905,0
2,ex2-s5-e1-a1-p08,96cea7ecfc65ba667160e3c4ba1c5edcbd07153e6f10a623922247b131426347,4,1906,100
2,ex2-s5-e1-a1-p08,96cea7ecfc65ba667160e3c4ba1c5edcbd07153e6f10a623922247b131426347,4,1907,100
2,ex2-s5-e1-a1-p08,96cea7ecfc65ba667160e3c4ba1c5edcbd07153e6f10a623922247b131426347,4,1908,100
2,ex2-s5-e1-a1-p08,96cea7ecfc65ba667160e3c4ba1c5edcbd07153e6f10a623922247b131426347,4,1909,100
2,ex2-s5-e1-a1-p08,96cea7ecfc65ba667160e3c4ba1c5edcbd07153e6f10a623922247b131426347,4,1910,100
2,ex2-s5-e1-a1-p08,96cea7ecfc65ba667160e3c4ba1c5edcbd07153e6f10a623922247b131426347,4,1911,0
2,ex2-s5-e1-a1-p08,96cea7ecfc65ba667160e3c4ba1c5edcbd07153e6f10a623922247b131426347,4,1912,100
2,ex2-s5-e1-a1-p08,96cea7ecfc65ba667160e3c4ba1c5edcbd07153e6f10a623922247b131426347,4,1913,100
2,ex2-s5-e1-a1-p08,96cea7ecfc65ba667160e3c4ba1c5edcbd07153e6f10a623922247b131426347,4,1914,100
2,ex2-s5-e1-a1-p08,96cea7ecfc65ba667160e3c4ba1c5edcbd07153e6f10a623922247b131426347,4,1915,100
2,ex2-s5-e1-a1-p08,96cea7ecfc65ba667160e3c4ba1c5edcbd07153e6f10a623922247b131426347,4,1916,0
2,ex2-s5-e1-a1-p08,96cea7ecfc65ba667160e3c4ba1c5edcbd07153e6f10a623922247b131426347,4,1917,100
2,ex2-s5-e1-a1-p08,96cea7ecfc65ba667160e3c4ba1c5edcbd07153e6f10a623922247b131426347,4,1918,100
2,ex2-s5-e1-a1-p08,96cea7ecfc65ba667160e3c4ba1c5edcbd07153e6f10a623922247b131426347,4,1919,100
2,ex2-s5-e1-a1-p08,96cea7ecfc65ba667160e3c4ba1c5edcbd07153e6f10a623922247b131426347,4,1920,100
2,ex2-s5-e1-a1-p08,96cea7ecfc65ba667160e3c4ba1c5edcbd07153e6f10a623922247b131426347,4,1921,100
2,ex2-s5-e1-a1-p08,96cea7ecfc65ba667160e3c4ba1c5edcbd07153e6f10a623922247b131426347,4,1922,0
2,ex2-s5-e1-a1-p08,96cea7ecfc65ba667160e3c4ba1c5edcbd07153e6f10a623922247b131426347,4,1923,100
2,ex2-s5-e1-a1-p08,96cea7ecfc65ba667160e3c4ba1c5edcbd07153e6f10a623922247b131426347,4,1924,100
2,ex2-s5-e1-a1-p08,96cea7ecfc65ba667160e3c4ba1c5edcbd07153e6f10a623922247b131426347,4,1925,100
2,ex2-s5-e1-a1-p08,96cea7ecfc65ba667160e3c4ba1c5edcbd07153e6f10a623922247b131426347,4,1926,100
2,ex2-s5-e1-a1-p08,96cea7ecfc65ba667160e3c4ba1c5edcbd07153e6f10a623922247b131426347,4,1927,0
2,ex2-s5-e1-a1-p08,96cea7ecfc65ba667160e3c4ba1c5edcbd07153e6f10a623922247b131426347,4,1928,100
2,ex2-s5-e1-a1-p08,96cea7ecfc65ba667160e3c4ba1c5edcbd07153e6f10a623922247b131426347,4,1929,100
2,ex2-s5-e1-a1-p08,96cea7ecfc65ba667160e3c4ba1c5edcbd07153e6f10a623922247b131426347,4,1930,100
2,ex2-s5-e1-a1-p08,96cea7ecfc65ba667160e3c4ba1c5edcbd07153e6f10a623922247b131426347,4,1931,100
2,ex2-s5-e1-a1-p08,96cea7ecfc65ba667160e3c4ba1c5edcbd07153e6f10a623922247b131426347,4,1932,100
2,ex2-s5-e1-a1-p08,96cea7ecfc65ba667160e3c4ba1c5edcbd07153e6f10a623922247b131426347,4,1933,0
2,ex2-s5-e1-a1-p08,96cea7ecfc65ba667160e3c4ba1c5edcbd07153e6f10a623922247b131426347,4,1934,100
2,ex2-s5-e1-a1-p08,96cea7ecfc65ba667160e3c4ba1c5edcbd07153e6f10a623922247b131426347,4,1935,100
2,ex2-s5-e1-a1-p08,96cea7ecfc65ba667160e3c4ba1c5edcbd07153e6f10a623922247b131426347,4,1936,100
2,ex2-s5-e1-a1-p08,96cea7ecfc65ba667160e3c4ba1c5edcbd07153e6f10a623922247b131426347,4,1937,100
2,ex2-s5-e1-a1-p08,96cea7ecfc65ba667160e3c4ba1c5edcbd07153e6f10a623922247b131426347,4,1938,0
2,ex2-s5-e1-a1-p08,96cea7ecfc65ba667160e3c4ba1c5edcbd07153e6f10a623922247b131426347,4,1939,100
2,ex2-s5-e1-a1-p08,96cea7ecfc65ba667160e3c4ba1c5edcbd07153e6f10a623922247b131426347,4,1940,100
2,ex2-s5-e1-a1-p08,96cea7ecfc65ba667160e3c4ba1c5edcbd07153e6f10a623922247b131426347,4,1941,100
2,ex2-s5-e1-a1-p08,96cea7ecfc65ba667160e3c4ba1c5edcbd07153e6f10a623922247b131426347,4,1942,100
2,ex2-s5-e1-a1-p08,96cea7ecfc65ba667160e3c4ba1c5edcbd07153e6f10a623922247b131426347,4,1943,100
2,ex2-s5-e1-a1-p08,96cea7ecfc65ba667160e3c4ba1c5edcbd07153e6f10a623922247b131426347,4,1944,0
2,ex2-s5-e1-a1-p08,96cea7ecfc65ba667160e3c4ba1c5edcbd07153e6f10a623922247b131426347,4,1945,100
2,ex2-s5-e1-a1-p08,96cea7ecfc65ba667160e3c4ba1c5edcbd07153e6f10a623922247b131426347,4,1946,100
2,ex2-s5-e1-a1-p08,96cea7ecfc65ba667160e3c4ba1c5edcbd07153e6f10a623922247b131426347,4,1947,100
2,ex2-s5-e1-a1-p08,96cea7ecfc65ba667160e3c4ba1c5edcbd07153e6f10a623922247b131426347,4,1948,100
2,ex2-s5-e1-a1-p08,96cea7ecfc65ba667160e3c4ba1c5edcbd07153e6f10a623922247b131426347,4,1949,0
2,ex2-s5-e1-a1-p08,96cea7ecfc65ba667160e3c4ba1c5edcbd07153e6f10a623922247b131426347,4,1950,100
2,ex2-s5-e1-a1-p08,96cea7ecfc65ba667160e3c4ba1c5edcbd07153e6f10a623922247b131426347,4,1951,100
2,ex2-s5-e1-a1-p08,96cea7ecfc65ba667160e3c4ba1c5edcbd07153e6f10a623922247b131426347,4,1952,100
2,ex2-s5-e1-a1-p08,96cea7ecfc65ba667160e3c4ba1c5edcbd07153e6f10a623922247b131426347,4,1953,100
2,ex2-s5-e1-a1-p08,96cea7ecfc65ba667160e3c4ba1c5edcbd07153e6f10a623922247b131426347,4,1954,100
2,ex2-s5-e1-a1-p08,96cea7ecfc65ba667160e3c4ba1c5edcbd07153e6f10a623922247b131426347,4,1955,0
2,ex2-s5-e1-a1-p08,96cea7ecfc65ba667160e3c4ba1c5edcbd07153e6f10a623922247b131426347,4,1956,100
2,ex2-s5-e1-a1-p08,96cea7ecfc65ba667160e3c4ba1c5edcbd07153e6f10a623922247b131426347,4,1957,100
2,ex2-s5-e1-a1-p08,96cea7ecfc65ba667160e3c4ba1c5edcbd07153e6f10a623922247b131426347,4,1958,100
2,ex2-s5-e1-a1-p08,96cea7ecfc65ba667160e3c4ba1c5edcbd07153e6f10a623922247b131426347,4,1959,100
2,ex2-s5-e1-a1-p08,96cea7ecfc65ba667160e3c4ba1c5edcbd07153e6f10a623922247b131426347,4,1960,100
2,ex2-s5-e1-a1-p08,96cea7ecfc65ba667160e3c4ba1c5edcbd07153e6f10a623922247b131426347,4,1961,0
2,ex2-s5-e1-a1-p08,96cea7ecfc65ba667160e3c4ba1c5edcbd07153e6f10a623922247b131426347,4,1962,100
2,ex2-s5-e1-a1-p08,96cea7ecfc65ba667160e3c4ba1c5edcbd07153e6f10a623922247b131426347,4,1963,100
2,ex2-s5-e1-a1-p08,96cea7ecfc65ba667160e3c4ba1c5edcbd07153e6f10a623922247b131426347,4,1964,100
2,ex2-s5-e1-a1-p08,96cea7ecfc65ba667160e3c4ba1c5edcbd07153e6f10a623922247b131426347,4,1965,100
2,ex2-s5-e1-a1-p08,96cea7ecfc65ba667160e3c4ba1c5edcbd07153e6f10a623922247b131426347,4,1966,0
2,ex2-s5-e1-a1-p08,96cea7ecfc65ba667160e3c4ba1c5edcbd07153e6f10a623922247b131426347,4,1967,100
2,ex2-s5-e1-a1-p08,96cea7ecfc65ba667160e3c4ba1c5edcbd07153e6f10a623922247b131426347,4,1968,100
2,ex2-s5-e1-a1-p08,96cea7ecfc65ba667160e3c4ba1c5edcbd07153e6f10a623922247b131426347,4,1969,100
2,ex2-s5-e1-a1-p08,96cea7ecfc65ba667160e3c4ba1c5edcbd07153e6f10a623922247b131426347,4,1970,100
2,ex2-s5-e1-a1-p08,96cea7ecfc65ba667160e3c4ba1c5edcbd07153e6f10a623922247b131426347,4,1971,100
2,ex2-s5-e1-a1-p08,96cea7ecfc65ba667160e3c4ba1c5edcbd07153e6f10a623922247b131426347,4,1972,0
2,ex2-s5-e1-a1-p08,96cea7ecfc65ba667160e3c4ba1c5edcbd07153e6f10a623922247b131426347,4,1973,100
2,ex2-s5-e1-a1-p08,96cea7ecfc65ba667160e3c4ba1c5edcbd07153e6f10a623922247b131426347,4,1974,100
2,ex2-s5-e1-a1-p08,96cea7ecfc65ba667160e3c4ba1c5edcbd07153e6f10a623922247b131426347,4,1975,100
2,ex2-s5-e1-a1-p08,96cea7ecfc65ba667160e3c4ba1c5edcbd07153e6f10a623922247b131426347,4,1976,100
2,ex2-s5-e1-a1-p08,96cea7ecfc65ba667160e3c4ba1c5edcbd07153e6f10a623922247b131426347,4,1977,0
2,ex2-s5-e1-a1-p08,96cea7ecfc65ba667160e3c4ba1c5edcbd07153e6f10a623922247b131426347,4,1978,100
2,ex2-s5-e1-a1-p08,96cea7ecfc65ba667160e3c4ba1c5edcbd07153e6f10a623922247b131426347,4,1979,100
2,ex2-s5-e1-a1-p08,96cea7ecfc65ba667160e3c4ba1c5edcbd07153e6f10a623922247b131426347,4,1980,100
2,ex2-s5-e1-a1-p08,96cea7ecfc65ba667160e3c4ba1c5edcbd07153e6f10a623922247b131426347,4,1981,100
2,ex2-s5-e1-a1-p08,96cea7ecfc65ba667160e3c4ba1c5edcbd07153e6f10a623922247b131426347,4,1982,100
2,ex2-s5-e1-a1-p08,96cea7ecfc65ba667160e3c4ba1c5edcbd07153e6f10a623922247b131426347,4,1983,0
2,ex2-s5-e1-a1-p08,96cea7ecfc65ba667160e3c4ba1c5edcbd07153e6f10a623922247b131426347,4,1984,100
2,ex2-s5-e1-a1-p08,96cea7ecfc65ba667160e3c4ba1c5edcbd07153e6f10a623922247b131426347,4,1985,100
2,ex2-s5-e1-a1-p08,96cea7ecfc65ba667160e3c4ba1c5edcbd07153e6f10a623922247b131426347,4,1986,100
2,ex2-s5-e1-a1-p08,96cea7ecfc65ba667160e3c4ba1c5edcbd07153e6f10a623922247b131426347,4,1987,100
2,ex2-s5-e1-a1-p08,96cea7ecfc65ba667160e3c4ba1c5edcbd07153e6f10a623922247b131426347,4,1988,0
2,ex2-s5-e1-a1-p08,96cea7ecfc65ba667160e3c4ba1c5edcbd07153e6f10a623922247b131426347,4,1989,100
2,ex2-s5-e1-a1-p08,96cea7ecfc65ba667160e3c4ba1c5edcbd07153e6f10a623922247b131426347,4,1990,100
2,ex2-s5-e1-a1-p08,96cea7ecfc65ba667160e3c4ba1c5edcbd07153e6f10a623922247b131426347,4,1991,100
2,ex2-s5-e1-a1-p08,96cea7ecfc65ba667160e3c4ba1c5edcbd07153e6f10a623922247b131426347,4,1992,100
2,ex2-s5-e1-a1-p08,96cea7ecfc65ba667160e3c4ba1c5edcbd07153e6f10a623922247b131426347,4,1993,100
2,ex2-s5-e1-a1-p08,96cea7ecfc65ba667160e3c4ba1c5edcbd07153e6f10a623922247b131426347,4,1994,0
2,ex2-s5-e1-a1-p08,96cea7ecfc65ba667160e3c4ba1c5edcbd07153e6f10a623922247b131426347,4,1995,100
2,ex2-s5-e1-a1-p08,96cea7ecfc65ba667160e3c4ba1c5edcbd07153e6f10a623922247b131426347,4,1996,100
2,ex2-s5-e1-a1-p08,96cea7ecfc65ba667160e3c4ba1c5edcbd07153e6f10a623922247b131426347,4,1997,100
2,ex2-s5-e1-a1-p08,96cea7ecfc65ba667160e3c4ba1c5edcbd07153e6f10a623922247b131426347,4,1998,100
2,ex2-s5-e1-a1-p08,96cea7ecfc65ba667160e3c4ba1c5edcbd07153e6f10a623922247b131426347,4,1999,100
2,ex2-s5-e1-a1-p08,96cea7ecfc65ba667160e3c4ba1c5edcbd07153e6f10a623922247b131426347,4,2000,0
2,ex2-s5-e1-a1-p08,96cea7ecfc65ba667160e3c4ba1c5edcbd07153e6f10a623922247b131426347,4,2001,100
2,ex2-s5-e1-a1-p08,96cea7ecfc65ba667160e3c4ba1c5edcbd07153e6f10a623922247b131426347,4,2002,100
2,ex2-s5-e1-a1-p08,96cea7ecfc65ba667160e3c4ba1c5edcbd07153e6f10a623922247b131426347,4,2003,100
2,ex2-s5-e1-a1-p08,96cea7ecfc65ba667160e3c4ba1c5edcbd07153e6f10a623922247b131426347,4,2004,100
2,ex2-s5-e1-a1-p08,96cea7ecfc65ba667160e3c4ba1c5edcbd07153e6f10a623922247b131426347,4,2005,0
2,ex2-s5-e1-a1-p08,96cea7ecfc65ba667160e3c4ba1c5edcbd07153e6f10a623922247b131426347,4,2006,100
2,ex2-s5-e1-a1-p08,96cea7ecfc65ba667160e3c4ba1c5edcbd07153e6f10a623922247b131426347,4,2007,100
2,ex2-s5-e1-a1-p08,96cea7ecfc65ba667160e3c4ba1c5edcbd07153e6f10a623922247b131426347,4,2008,100
2,ex2-s5-e1-a1-p08,96cea7ecfc65ba667160e3c4ba1c5edcbd07153e6f10a623922247b131426347,4,2009,100
2,ex2-s5-e1-a1-p08,96cea7ecfc65ba667160e3c4ba1c5edcbd07153e6f10a623922247b131426347,4,2010,100
2,ex2-s5-e1-a1-p08,96cea7ecfc65ba667160e3c4ba1c5edcbd07153e6f10a623922247b131426347,4,2011,0
2,ex2-s5-e1-a1-p08,96cea7ecfc65ba667160e3c4ba1c5edcbd07153e6f10a623922247b131426347,4,2012,100
2,ex2-s5-e1-a1-p08,96cea7ecfc65ba667160e3c4ba1c5edcbd07153e6f10a623922247b131426347,4,2013,100
2,ex2-s5-e1-a1-p08,96cea7ecfc65ba667160e3c4ba1c5edcbd07153e6f10a623922247b131426347,4,2014,100
2,ex2-s5-e1-a1-p08,96cea7ecfc65ba667160e3c4ba1c5edcbd07153e6f10a623922247b131426347,4,2015,100
2,ex2-s5-e1-a1-p08,96cea7ecfc65ba667160e3c4ba1c5edcbd07153e6f10a623922247b131426347,4,2016,0
2,ex2-s5-e1-a1-p08,96cea7ecfc65ba667160e3c4ba1c5edcbd07153e6f10a623922247b131426347,4,2017,100
2,ex2-s5-e1-a1-p08,96cea7ecfc65ba667160e3c4ba1c5edcbd07153e6f10a623922247b131426347,4,2018,100
2,ex2-s5-e1-a1-p08,96cea7ecfc65ba667160e3c4ba1c5edcbd07153e6f10a623922247b131426347,4,2019,100
2,ex2-s5-e1-a1-p08,96cea7ecfc65ba667160e3c4ba1c5edcbd07153e6f10a623922247b131426347,4,2020,100
2,ex2-s5-e1-a1-p08,96cea7ecfc65ba667160e3c4ba1c5edcbd07153e6f10a623922247b131426347,4,2021,100
2,ex2-s5-e1-a1-p08,96cea7ecfc65ba667160e3c4ba1c5edcbd07153e6f10a623922247b131426347,4,2022,0
2,ex2-s5-e1-a1-p08,96cea7ecfc65ba667160e3c4ba1c5edcbd07153e6f10a623922247b131426347,4,2023,100
2,ex2-s5-e1-a1-p08,96cea7ecfc65ba667160e3c4ba1c5edcbd07153e6f10a623922247b131426347,4,2024,100
2,ex2-s5-e1-a1-p08,96cea7ecfc65ba667160e3c4ba1c5edcbd07153e6f10a623922247b131426347,4,2025,100
2,ex2-s5-e1-a1-p08,96cea7ecfc65ba667160e3c4ba1c5edcbd07153e6f10a623922247b131426347,4,2026,100
2,ex2-s5-e1-a1-p08,96cea7ecfc65ba667160e3c4ba1c5edcbd07153e6f10a623922247b131426347,4,2027,100
2,ex2-s5-e1-a1-p08,96cea7ecfc65ba667160e3c4ba1c5edcbd07153e6f10a623922247b131426347,4,2028,0
2,ex2-s5-e1-a1-p08,96cea7ecfc65ba667160e3c4ba1c5edcbd07153e6f10a623922247b131426347,4,2029,100
2,ex2-s5-e1-a1-p08,96cea7ecfc65ba667160e3c4ba1c5edcbd07153e6f10a623922247b131426347,4,2030,100
2,ex2-s5-e1-a1-p08,96cea7ecfc65ba667160e3c4ba1c5edcbd07153e6f10a623922247b131426347,4,2031,100
2,ex2-s5-e1-a1-p08,96cea7ecfc65ba667160e3c4ba1c5edcbd07153e6f10a623922247b131426347,4,2032,100
2,ex2-s5-e1-a1-p08,96cea7ecfc65ba667160e3c4ba1c5edcbd07153e6f10a623922247b131426347,4,2033,0
2,ex2-s5-e1-a1-p08,96cea7ecfc65ba667160e3c4ba1c5edcbd07153e6f10a623922247b131426347,4,2034,100
2,ex2-s5-e1-a1-p08,96cea7ecfc65ba667160e3c4ba1c5edcbd07153e6f10a623922247b131426347,4,2035,100
2,ex2-s5-e1-a1-p08,96cea7ecfc65ba667160e3c4ba1c5edcbd07153e6f10a623922247b131426347,4,2036,100
2,ex2-s5-e1-a1-p08,96cea7ecfc65ba667160e3c4ba1c5edcbd07153e6f10a623922247b131426347,4,2037,100
2,ex2-s5-e1-a1-p08,96cea7ecfc65ba667160e3c4ba1c5edcbd07153e6f10a623922247b131426347,4,2038,100
2,ex2-s5-e1-a1-p08,96cea7ecfc65ba667160e3c4ba1c5edcbd07153e6f10a623922247b131426347,4,2039,0
2,ex2-s5-e1-a1-p08,96cea7ecfc65ba667160e3c4ba1c5edcbd07153e6f10a623922247b131426347,4,2040,100
2,ex2-s5-e1-a1-p08,96cea7ecfc65ba667160e3c4ba1c5edcbd07153e6f10a623922247b131426347,4,2041,100
2,ex2-s5-e1-a1-p08,96cea7ecfc65ba667160e3c4ba1c5edcbd07153e6f10a623922247b131426347,4,2042,100
2,ex2-s5-e1-a1-p08,96cea7ecfc65ba667160e3c4ba1c5edcbd07153e6f10a623922247b131426347,4,2043,100
2,ex2-s5-e1-a1-p08,96cea7ecfc65ba667160e3c4ba1c5edcbd07153e6f10a623922247b131426347,4,2044,100
2,ex2-s5-e1-a1-p08,96cea7ecfc65ba667160e3c4ba1c5edcbd07153e6f10a623922247b131426347,4,2045,0
2,ex2-s5-e1-a1-p08,96cea7ecfc65ba667160e3c4ba1c5edcbd07153e6f10a623922247b131426347,4,2046,100
2,ex2-s5-e1-a1-p08,96cea7ecfc65ba667160e3c4ba1c5edcbd07153e6f10a623922247b131426347,4,2047,100
2,ex2-s5-e1-a1-p08,96cea7ecfc65ba667160e3c4ba1c5edcbd07153e6f10a623922247b131426347,4,2048,100
2,ex2-s5-e1-a1-p08,96cea7ecfc65ba667160e3c4ba1c5edcbd07153e6f10a623922247b131426347,4,2049,100
2,ex2-s5-e1-a1-p08,96cea7ecfc65ba667160e3c4ba1c5edcbd07153e6f10a623922247b131426347,4,2050,0
2,ex2-s5-e1-a1-p08,96cea7ecfc65ba667160e3c4ba1c5edcbd07153e6f10a623922247b131426347,4,2051,100
2,ex2-s5-e1-a1-p08,96cea7ecfc65ba667160e3c4ba1c5edcbd07153e6f10a623922247b131426347,4,2052,100
2,ex2-s5-e1-a1-p08,96cea7ecfc65ba667160e3c4ba1c5edcbd07153e6f10a623922247b131426347,4,2053,100
2,ex2-s5-e1-a1-p08,96cea7ecfc65ba667160e3c4ba1c5edcbd07153e6f10a623922247b131426347,4,2054,100
2,ex2-s5-e1-a1-p08,96cea7ecfc65ba667160e3c4ba1c5edcbd07153e6f10a623922247b131426347,4,2055,100
2,ex2-s5-e1-a1-p08,96cea7ecfc65ba667160e3c4ba1c5edcbd07153e6f10a623922247b131426347,4,2056,0
2,ex2-s5-e1-a1-p08,96cea7ecfc65ba667160e3c4ba1c5edcbd07153e6f10a623922247b131426347,4,2057,100
2,ex2-s5-e1-a1-p08,96cea7ecfc65ba667160e3c4ba1c5edcbd07153e6f10a623922247b131426347,4,2058,100
2,ex2-s5-e1-a1-p08,96cea7ecfc65ba667160e3c4ba1c5edcbd07153e6f10a623922247b131426347,4,2059,100
2,ex2-s5-e1-a1-p08,96cea7ecfc65ba667160e3c4ba1c5edcbd07153e6f10a623922247b131426347,4,2060,100
2,ex2-s5-e1-a1-p08,96cea7ecfc65ba667160e3c4ba1c5edcbd07153e6f10a623922247b131426347,4,2061,0
2,ex2-s5-e1-a1-p08,96cea7ecfc65ba667160e3c4ba1c5edcbd07153e6f10a623922247b131426347,4,2062,100
2,ex2-s5-e1-a1-p08,96cea7ecfc65ba667160e3c4ba1c5edcbd07153e6f10a623922247b131426347,4,2063,100
2,ex2-s5-e1-a1-p08,96cea7ecfc65ba667160e3c4ba1c5edcbd07153e6f10a623922247b131426347,4,2064,100
2,ex2-s5-e1-a1-p08,96cea7ecfc65ba667160e3c4ba1c5edcbd07153e6f10a623922247b131426347,4,2065,100
2,ex2-s5-e1-a1-p08,96cea7ecfc65ba667160e3c4ba1c5edcbd07153e6f10a623922247b131426347,4,2066,100
2,ex2-s5-e1-a1-p08,96cea7ecfc65ba667160e3c4ba1c5edcbd07153e6f10a623922247b131426347,4,2067,0
2,ex2-s5-e1-a1-p08,96cea7ecfc65ba667160e3c4ba1c5edcbd07153e6f10a623922247b131426347,4,2068,100
2,ex2-s5-e1-a1-p08,96cea7ecfc65ba667160e3c4ba1c5edcbd07153e6f10a623922247b131426347,4,2069,100
2,ex2-s5-e1-a1-p08,96cea7ecfc65ba667160e3c4ba1c5edcbd07153e6f10a623922247b131426347,4,2070,100
2,ex2-s5-e1-a1-p08,96cea7ecfc65ba667160e3c4ba1c5edcbd07153e6f10a623922247b131426347,4,2071,100
2,ex2-s5-e1-a1-p08,96cea7ecfc65ba667160e3c4ba1c5edcbd07153e6f10a623922247b131426347,4,2072,100
2,ex2-s5-e1-a1-p08,96cea7ecfc65ba667160e3c4ba1c5edcbd07153e6f10a623922247b131426347,4,2073,0
2,ex2-s5-e1-a1-p08,96cea7ecfc65ba667160e3c4ba1c5edcbd07153e6f10a623922247b131426347,4,2074,100
2,ex2-s5-e1-a1-p08,96cea7ecfc65ba667160e3c4ba1c5edcbd07153e6f10a623922247b131426347,4,2075,100
2,ex2-s5-e1-a1-p08,96cea7ecfc65ba667160e3c4ba1c5edcbd07153e6f10a623922247b131426347,4,2076,100
2,ex2-s5-e1-a1-p08,96cea7ecfc65ba667160e3c4ba1c5edcbd07153e6f10a623922247b131426347,4,2077,100
2,ex2-s5-e1-a1-p08,96cea7ecfc65ba667160e3c4ba1c5edcbd07153e6f10a623922247b131426347,4,2078,0
2,ex2-s5-e1-a1-p08,96cea7ecfc65ba667160e3c4ba1c5edcbd07153e6f10a623922247b131426347,4,2079,100
2,ex2-s5-e1-a1-p08,96cea7ecfc65ba667160e3c4ba1c5edcbd07153e6f10a623922247b131426347,4,2080,100
2,ex2-s5-e1-a1-p08,96cea7ecfc65ba667160e3c4ba1c5edcbd07153e6f10a623922247b131426347,4,2081,100
2,ex2-s5-e1-a1-p08,96cea7ecfc65ba667160e3c4ba1c5edcbd07153e6f10a623922247b131426347,4,2082,100
2,ex2-s5-e1-a1-p08,96cea7ecfc65ba667160e3c4ba1c5edcbd07153e6f10a623922247b131426347,4,2083,100
2,ex2-s5-e1-a1-p08,96cea7ecfc65ba667160e3c4ba1c5edcbd07153e6f10a623922247b131426347,4,2084,0
2,ex2-s5-e1-a1-p08,96cea7ecfc65ba667160e3c4ba1c5edcbd07153e6f10a623922247b131426347,4,2085,100
2,ex2-s5-e1-a1-p08,96cea7ecfc65ba667160e3c4ba1c5edcbd07153e6f10a623922247b131426347,4,2086,100
2,ex2-s5-e1-a1-p08,96cea7ecfc65ba667160e3c4ba1c5edcbd07153e6f10a623922247b131426347,4,2087,100
2,ex2-s5-e1-a1-p08,96cea7ecfc65ba667160e3c4ba1c5edcbd07153e6f10a623922247b131426347,4,2088,100
2,ex2-s5-e1-a1-p08,96cea7ecfc65ba667160e3c4ba1c5edcbd07153e6f10a623922247b131426347,4,2089,0
2,ex2-s5-e1-a1-p08,96cea7ecfc65ba667160e3c4ba1c5edcbd07153e6f10a623922247b131426347,4,2090,100
2,ex2-s5-e1-a1-p08,96cea7ecfc65ba667160e3c4ba1c5edcbd07153e6f10a623922247b131426347,4,2091,100
2,ex2-s5-e1-a1-p08,96cea7ecfc65ba667160e3c4ba1c5edcbd07153e6f10a623922247b131426347,4,2092,100
2,ex2-s5-e1-a1-p08,96cea7ecfc65ba667160e3c4ba1c5edcbd07153e6f10a623922247b131426347,4,2093,100
2,ex2-s5-e1-a1-p08,96cea7ecfc65ba667160e3c4ba1c5edcbd07153e6f10a623922247b131426347,4,2094,100
2,ex2-s5-e1-a1-p08,96cea7ecfc65ba667160e3c4ba1c5edcbd07153e6f10a623922247b131426347,4,2095,0
2,ex2-s5-e1-a1-p08,96cea7ecfc65ba667160e3c4ba1c5edcbd07153e6f10a623922247b131426347,4,2096,100
2,ex2-s5-e1-a1-p08,96cea7ecfc65ba667160e3c4ba1c5edcbd07153e6f10a623922247b131426347,4,2097,100
2,ex2-s5-e1-a1-p08,96cea7ecfc65ba667160e3c4ba1c5edcbd07153e6f10a623922247b131426347,4,2098,100
2,ex2-s5-e1-a1-p08,96cea7ecfc65ba667160e3c4ba1c5edcbd07153e6f10a623922247b131426347,4,2099,100
2,ex2-s5-e1-a1-p08,96cea7ecfc65ba667160e3c4ba1c5edcbd07153e6f10a623922247b131426347,4,2100,100
2,ex2-s5-e1-a1-p08,96cea7ecfc65ba667160e3c4ba1c5edcbd07153e6f10a623922247b131426347,4,2101,0
2,ex2-s5-e1-a1-p08,96cea7ecfc65ba667160e3c4ba1c5edcbd07153e6f10a623922247b131426347,4,2102,100
2,ex2-s5-e1-a1-p08,96cea7ecfc65ba667160e3c4ba1c5edcbd07153e6f10a623922247b131426347,4,2103,100
2,ex2-s5-e1-a1-p08,96cea7ecfc65ba667160e3c4ba1c5edcbd07153e6f10a623922247b131426347,4,2104,100
2,ex2-s5-e1-a1-p08,96cea7ecfc65ba667160e3c4ba1c5edcbd07153e6f10a623922247b131426347,4,2105,100
2,ex2-s5-e1-a1-p08,96cea7ecfc65ba667160e3c4ba1c5edcbd07153e6f10a623922247b131426347,4,2106,0
2,ex2-s5-e1-a1-p08,96cea7ecfc65ba667160e3c4ba1c5edcbd07153e6f10a623922247b131426347,4,2107,100
2,ex2-s5-e1-a1-p08,96cea7ecfc65ba667160e3c4ba1c5edcbd07153e6f10a623922247b131426347,4,2108,100
2,ex2-s5-e1-a1-p08,96cea7ecfc65ba667160e3c4ba1c5edcbd07153e6f10a623922247b131426347,4,2109,100
2,ex2-s5-e1-a1-p08,96cea7ecfc65ba667160e3c4ba1c5edcbd07153e6f10a623922247b131426347,4,2110,100
2,ex2-s5-e1-a1-p08,96cea7ecfc65ba667160e3c4ba1c5edcbd07153e6f10a623922247b131426347,4,2111,100
2,ex2-s5-e1-a1-p08,96cea7ecfc65ba667160e3c4ba1c5edcbd07153e6f10a623922247b131426347,4,2112,0
2,ex2-s5-e1-a1-p08,96cea7ecfc65ba667160e3c4ba1c5edcbd07153e6f10a623922247b131426347,4,2113,100
2,ex2-s5-e1-a1-p08,96cea7ecfc65ba667160e3c4ba1c5edcbd07153e6f10a623922247b131426347,4,2114,100
2,ex2-s5-e1-a1-p08,96cea7ecfc65ba667160e3c4ba1c5edcbd07153e6f10a623922247b131426347,4,2115,100
2,ex2-s5-e1-a1-p08,96cea7ecfc65ba667160e3c4ba1c5edcbd07153e6f10a623922247b131426347,4,2116,100
2,ex2-s5-e1-a1-p08,96cea7ecfc65ba667160e3c4ba1c5edcbd07153e6f10a623922247b131426347,4,2117,100
2,ex2-s5-e1-a1-p08,96cea7ecfc65ba667160e3c4ba1c5edcbd07153e6f10a623922247b131426347,4,2118,0
2,ex2-s5-e1-a1-p08,96cea7ecfc65ba667160e3c4ba1c5edcbd07153e6f10a623922247b131426347,4,2119,100
2,ex2-s5-e1-a1-p08,96cea7ecfc65ba667160e3c4ba1c5edcbd07153e6f10a623922247b131426347,4,2120,100
2,ex2-s5-e1-a1-p08,96cea7ecfc65ba667160e3c4ba1c5edcbd07153e6f10a623922247b131426347,4,2121,100
2,ex2-s5-e1-a1-p08,96cea7ecfc65ba667160e3c4ba1c5edcbd07153e6f10a623922247b131426347,4,2122,100
2,ex2-s5-e1-a1-p08,96cea7ecfc65ba667160e3c4ba1c5edcbd07153e6f10a623922247b131426347,4,2123,0
2,ex2-s5-e1-a1-p08,96cea7ecfc65ba667160e3c4ba1c5edcbd07153e6f10a623922247b131426347,4,2124,100
2,ex2-s5-e1-a1-p08,96cea7ecfc65ba667160e3c4ba1c5edcbd07153e6f10a623922247b131426347,4,2125,100
2,ex2-s5-e1-a1-p08,96cea7ecfc65ba667160e3c4ba1c5edcbd07153e6f10a623922247b131426347,4,2126,100
2,ex2-s5-e1-a1-p08,96cea7ecfc65ba667160e3c4ba1c5edcbd07153e6f10a623922247b131426347,4,2127,100
2,ex2-s5-e1-a1-p08,96cea7ecfc65ba667160e3c4ba1c5edcbd07153e6f10a623922247b131426347,4,2128,100
2,ex2-s5-e1-a1-p08,96cea7ecfc65ba667160e3c4ba1c5edcbd07153e6f10a623922247b131426347,4,2129,0
2,ex2-s5-e1-a1-p08,96cea7ecfc65ba667160e3c4ba1c5edcbd07153e6f10a623922247b131426347,4,2130,100
2,ex2-s5-e1-a1-p08,96cea7ecfc65ba667160e3c4ba1c5edcbd07153e6f10a623922247b131426347,4,2131,100
2,ex2-s5-e1-a1-p08,96cea7ecfc65ba667160e3c4ba1c5edcbd07153e6f10a623922247b131426347,4,2132,100
2,ex2-s5-e1-a1-p08,96cea7ecfc65ba667160e3c4ba1c5edcbd07153e6f10a623922247b131426347,4,2133,100
2,ex2-s5-e1-a1-p08,96cea7ecfc65ba667160e3c4ba1c5edcbd07153e6f10a623922247b131426347,4,2134,100
2,ex2-s5-e1-a1-p08,96cea7ecfc65ba667160e3c4ba1c5edcbd07153e6f10a623922247b131426347,4,2135,0
2,ex2-s5-e1-a1-p08,96cea7ecfc65ba667160e3c4ba1c5edcbd07153e6f10a623922247b131426347,4,2136,100
2,ex2-s5-e1-a1-p08,96cea7ecfc65ba667160e3c4ba1c5edcbd07153e6f10a623922247b131426347,4,2137,100
2,ex2-s5-e1-a1-p08,96cea7ecfc65ba667160e3c4ba1c5edcbd07153e6f10a623922247b131426347,4,2138,100
2,ex2-s5-e1-a1-p08,96cea7ecfc65ba667160e3c4ba1c5edcbd07153e6f10a623922247b131426347,4,2139,100
2,ex2-s5-e1-a1-p08,96cea7ecfc65ba667160e3c4ba1c5edcbd07153e6f10a623922247b131426347,4,2140,0
2,ex2-s5-e1-a1-p08,96cea7ecfc65ba667160e3c4ba1c5edcbd07153e6f10a623922247b131426347,4,2141,100
2,ex2-s5-e1-a1-p08,96cea7ecfc65ba667160e3c4ba1c5edcbd07153e6f10a623922247b131426347,4,2142,100
2,ex2-s5-e1-a1-p08,96cea7ecfc65ba667160e3c4ba1c5edcbd07153e6f10a623922247b131426347,4,2143,100
2,ex2-s5-e1-a1-p08,96cea7ecfc65ba667160e3c4ba1c5edcbd07153e6f10a623922247b131426347,4,2144,100
2,ex2-s5-e1-a1-p08,96cea7ecfc65ba667160e3c4ba1c5edcbd07153e6f10a623922247b131426347,4,2145,100
2,ex2-s5-e1-a1-p08,96cea7ecfc65ba667160e3c4ba1c5edcbd07153e6f10a623922247b131426347,4,2146,0
2,ex2-s5-e1-a1-p08,96cea7ecfc65ba667160e3c4ba1c5edcbd07153e6f10a623922247b131426347,4,2147,100
2,ex2-s5-e1-a1-p08,96cea7ecfc65ba667160e3c4ba1c5edcbd07153e6f10a623922247b131426347,4,2148,100
2,ex2-s5-e1-a1-p08,96cea7ecfc65ba667160e3c4ba1c5edcbd07153e6f10a623922247b131426347,4,2149,100
2,ex2-s5-e1-a1-p08,96cea7ecfc65ba667160e3c4ba1c5edcbd07153e6f10a623922247b131426347,4,2150,100
2,ex2-s5-e1-a1-p08,96cea7ecfc65ba667160e3c4ba1c5edcbd07153e6f10a623922247b131426347,4,2151,0
2,ex2-s5-e1-a1-p08,96cea7ecfc65ba667160e3c4ba1c5edcbd07153e6f10a623922247b131426347,4,2152,100
2,ex2-s5-e1-a1-p08,96cea7ecfc65ba667160e3c4ba1c5edcbd07153e6f10a623922247b131426347,4,2153,100
2,ex2-s5-e1-a1-p08,96cea7ecfc65ba667160e3c4ba1c5edcbd07153e6f10a623922247b131426347,4,2154,100
2,ex2-s5-e1-a1-p08,96cea7ecfc65ba667160e3c4ba1c5edcbd07153e6f10a623922247b131426347,4,2155,100
2,ex2-s5-e1-a1-p08,96cea7ecfc65ba667160e3c4ba1c5edcbd07153e6f10a623922247b131426347,4,2156,100
2,ex2-s5-e1-a1-p08,96cea7ecfc65ba667160e3c4ba1c5edcbd07153e6f10a623922247b131426347,4,2157,0
2,ex2-s5-e1-a1-p08,96cea7ecfc65ba667160e3c4ba1c5edcbd07153e6f10a623922247b131426347,4,2158,100
2,ex2-s5-e1-a1-p08,96cea7ecfc65ba667160e3c4ba1c5edcbd07153e6f10a623922247b131426347,4,2159,100
2,ex2-s5-e1-a1-p08,96cea7ecfc65ba667160e3c4ba1c5edcbd07153e6f10a623922247b131426347,4,2160,100
2,ex2-s5-e1-a1-p08,96cea7ecfc65ba667160e3c4ba1c5edcbd07153e6f10a623922247b131426347,4,2161,100
2,ex2-s5-e1-a1-p08,96cea7ecfc65ba667160e3c4ba1c5edcbd07153e6f10a623922247b131426347,4,2162,0
2,ex2-s5-e1-a1-p08,96cea7ecfc65ba667160e3c4ba1c5edcbd07153e6f10a623922247b131426347,4,2163,100
2,ex2-s5-e1-a1-p08,96cea7ecfc65ba667160e3c4ba1c5edcbd07153e6f10a623922247b131426347,4,2164,100
2,ex2-s5-e1-a1-p08,96cea7ecfc65ba667160e3c4ba1c5edcbd07153e6f10a623922247b131426347,4,2165,100
2,ex2-s5-e1-a1-p08,96cea7ecfc65ba667160e3c4ba1c5edcbd07153e6f10a623922247b131426347,4,2166,100
2,ex2-s5-e1-a1-p08,96cea7ecfc65ba667160e3c4ba1c5edcbd07153e6f10a623922247b131426347,4,2167,100
2,ex2-s5-e1-a1-p08,96cea7ecfc65ba667160e3c4ba1c5edcbd07153e6f10a623922247b131426347,4,2168,0
2,ex2-s5-e1-a1-p08,96cea7ecfc65ba667160e3c4ba1c5edcbd07153e6f10a623922247b131426347,4,2169,100
2,ex2-s5-e1-a1-p08,96cea7ecfc65ba667160e3c4ba1c5edcbd07153e6f10a623922247b131426347,4,2170,100
2,ex2-s5-e1-a1-p08,96cea7ecfc65ba667160e3c4ba1c5edcbd07153e6f10a623922247b131426347,4,2171,100
2,ex2-s5-e1-a1-p08,96cea7ecfc65ba667160e3c4ba1c5edcbd07153e6f10a623922247b131426347,4,2172,100
2,ex2-s5-e1-a1-p08,96cea7ecfc65ba667160e3c4ba1c5edcbd07153e6f10a623922247b131426347,4,2173,0
2,ex2-s5-e1-a1-p08,96cea7ecfc65ba667160e3c4ba1c5edcbd07153e6f10a623922247b131426347,4,2174,100
2,ex2-s5-e1-a1-p08,96cea7ecfc65ba667160e3c4ba1c5edcbd07153e6f10a623922247b131426347,4,2175,100
2,ex2-s5-e1-a1-p08,96cea7ecfc65ba667160e3c4ba1c5edcbd07153e6f10a623922247b131426347,4,2176,100
2,ex2-s5-e1-a1-p08,96cea7ecfc65ba667160e3c4ba1c5edcbd07153e6f10a623922247b131426347,4,2177,100
2,ex2-s5-e1-a1-p08,96cea7ecfc65ba667160e3c4ba1c5edcbd07153e6f10a623922247b131426347,4,2178,100
2,ex2-s5-e1-a1-p08,96cea7ecfc65ba667160e3c4ba1c5edcbd07153e6f10a623922247b131426347,4,2179,0
2,ex2-s5-e1-a1-p08,96cea7ecfc65ba667160e3c4ba1c5edcbd07153e6f10a623922247b131426347,4,2180,100
2,ex2-s5-e1-a1-p08,96cea7ecfc65ba667160e3c4ba1c5edcbd07153e6f10a623922247b131426347,4,2181,100
2,ex2-s5-e1-a1-p08,96cea7ecfc65ba667160e3c4ba1c5edcbd07153e6f10a623922247b131426347,4,2182,100
2,ex2-s5-e1-a1-p08,96cea7ecfc65ba667160e3c4ba1c5edcbd07153e6f10a623922247b131426347,4,2183,100
2,ex2-s5-e1-a1-p08,96cea7ecfc65ba667160e3c4ba1c5edcbd07153e6f10a623922247b131426347,4,2184,100
2,ex2-s5-e1-a1-p08,96cea7ecfc65ba667160e3c4ba1c5edcbd07153e6f10a623922247b131426347,4,2185,0
2,ex2-s5-e1-a1-p08,96cea7ecfc65ba667160e3c4ba1c5edcbd07153e6f10a623922247b131426347,4,2186,100
2,ex2-s5-e1-a1-p08,96cea7ecfc65ba667160e3c4ba1c5edcbd07153e6f10a623922247b131426347,4,2187,100
2,ex2-s5-e1-a1-p08,96cea7ecfc65ba667160e3c4ba1c5edcbd07153e6f10a623922247b131426347,4,2188,100
2,ex2-s5-e1-a1-p08,96cea7ecfc65ba667160e3c4ba1c5edcbd07153e6f10a623922247b131426347,4,2189,100
2,ex2-s5-e1-a1-p08,96cea7ecfc65ba667160e3c4ba1c5edcbd07153e6f10a623922247b131426347,4,2190,0
2,ex2-s5-e1-a1-p08,96cea7ecfc65ba667160e3c4ba1c5edcbd07153e6f10a623922247b131426347,4,2191,100
2,ex2-s5-e1-a1-p08,96cea7ecfc65ba667160e3c4ba1c5edcbd07153e6f10a623922247b131426347,4,2192,100
2,ex2-s5-e1-a1-p08,96cea7ecfc65ba667160e3c4ba1c5edcbd07153e6f10a623922247b131426347,4,2193,100
2,ex2-s5-e1-a1-p08,96cea7ecfc65ba667160e3c4ba1c5edcbd07153e6f10a623922247b131426347,4,2194,100
2,ex2-s5-e1-a1-p08,96cea7ecfc65ba667160e3c4ba1c5edcbd07153e6f10a623922247b131426347,4,2195,100
2,ex2-s5-e1-a1-p08,96cea7ecfc65ba667160e3c4ba1c5edcbd07153e6f10a623922247b131426347,4,2196,0
2,ex2-s5-e1-a1-p08,96cea7ecfc65ba667160e3c4ba1c5edcbd07153e6f10a623922247b131426347,4,2197,100
2,ex2-s5-e1-a1-p08,96cea7ecfc65ba667160e3c4ba1c5edcbd07153e6f10a623922247b131426347,4,2198,100
2,ex2-s5-e1-a1-p08,96cea7ecfc65ba667160e3c4ba1c5edcbd07153e6f10a623922247b131426347,4,2199,100
2,ex2-s5-e1-a1-p08,96cea7ecfc65ba667160e3c4ba1c5edcbd07153e6f10a623922247b131426347,4,2200,100
2,ex2-s5-e1-a1-p08,96cea7ecfc65ba667160e3c4ba1c5edcbd07153e6f10a623922247b131426347,4,2201,100
2,ex2-s5-e1-a1-p08,96cea7ecfc65ba667160e3c4ba1c5edcbd07153e6f10a623922247b131426347,4,2202,0
2,ex2-s5-e1-a1-p08,96cea7ecfc65ba667160e3c4ba1c5edcbd07153e6f10a623922247b131426347,4,2203,100
2,ex2-s5-e1-a1-p08,96cea7ecfc65ba667160e3c4ba1c5edcbd07153e6f10a623922247b131426347,4,2204,100
2,ex2-s5-e1-a1-p08,96cea7ecfc65ba667160e3c4ba1c5edcbd07153e6f10a623922247b131426347,4,2205,100
2,ex2-s5-e1-a1-p08,96cea7ecfc65ba667160e3c4ba1c5edcbd07153e6f10a623922247b131426347,4,2206,100
2,ex2-s5-e1-a1-p08,96cea7ecfc65ba667160e3c4ba1c5edcbd07153e6f10a623922247b131426347,4,2207,0
2,ex2-s5-e1-a1-p08,96cea7ecfc65ba667160e3c4ba1c5edcbd07153e6f10a623922247b131426347,4,2208,100
2,ex2-s5-e1-a1-p08,96cea7ecfc65ba667160e3c4ba1c5edcbd07153e6f10a623922247b131426347,4,2209,100
2,ex2-s5-e1-a1-p08,96cea7ecfc65ba667160e3c4ba1c5edcbd07153e6f10a623922247b131426347,4,2210,100
2,ex2-s5-e1-a1-p08,96cea7ecfc65ba667160e3c4ba1c5edcbd07153e6f10a623922247b131426347,4,2211,100
2,ex2-s5-e1-a1-p08,96cea7ecfc65ba667160e3c4ba1c5edcbd07153e6f10a623922247b131426347,4,2212,100
2,ex2-s5-e1-a1-p08,96cea7ecfc65ba667160e3c4ba1c5edcbd07153e6f10a623922247b131426347,4,2213,0
2,ex2-s5-e1-a1-p08,96cea7ecfc65ba667160e3c4ba1c5edcbd07153e6f10a623922247b131426347,4,2214,100
2,ex2-s5-e1-a1-p08,96cea7ecfc65ba667160e3c4ba1c5edcbd07153e6f10a623922247b131426347,4,2215,100
2,ex2-s5-e1-a1-p08,96cea7ecfc65ba667160e3c4ba1c5edcbd07153e6f10a623922247b131426347,4,2216,100
2,ex2-s5-e1-a1-p08,96cea7ecfc65ba667160e3c4ba1c5edcbd07153e6f10a623922247b131426347,4,2217,100
2,ex2-s5-e1-a1-p08,96cea7ecfc65ba667160e3c4ba1c5edcbd07153e6f10a623922247b131426347,4,2218,0
2,ex2-s5-e1-a1-p08,96cea7ecfc65ba667160e3c4ba1c5edcbd07153e6f10a623922247b131426347,4,2219,100
2,ex2-s5-e1-a1-p08,96cea7ecfc65ba667160e3c4ba1c5edcbd07153e6f10a623922247b131426347,4,2220,100
2,ex2-s5-e1-a1-p08,96cea7ecfc65ba667160e3c4ba1c5edcbd07153e6f10a623922247b131426347,4,2221,100
2,ex2-s5-e1-a1-p08,96cea7ecfc65ba667160e3c4ba1c5edcbd07153e6f10a623922247b131426347,4,2222,100
2,ex2-s5-e1-a1-p08,96cea7ecfc65ba667160e3c4ba1c5edcbd07153e6f10a623922247b131426347,4,2223,100
2,ex2-s5-e1-a1-p08,96cea7ecfc65ba667160e3c4ba1c5edcbd07153e6f10a623922247b131426347,4,2224,0
2,ex2-s5-e1-a1-p08,96cea7ecfc65ba667160e3c4ba1c5edcbd07153e6f10a623922247b131426347,4,2225,100
2,ex2-s5-e1-a1-p08,96cea7ecfc65ba667160e3c4ba1c5edcbd07153e6f10a623922247b131426347,4,2226,100
2,ex2-s5-e1-a1-p08,96cea7ecfc65ba667160e3c4ba1c5edcbd07153e6f10a623922247b131426347,4,2227,100
2,ex2-s5-e1-a1-p08,96cea7ecfc65ba667160e3c4ba1c5edcbd07153e6f10a623922247b131426347,4,2228,100
2,ex2-s5-e1-a1-p08,96cea7ecfc65ba667160e3c4ba1c5edcbd07153e6f10a623922247b131426347,4,2229,0
2,ex2-s5-e1-a1-p08,96cea7ecfc65ba667160e3c4ba1c5edcbd07153e6f10a623922247b131426347,4,2230,100
2,ex2-s5-e1-a1-p08,96cea7ecfc65ba667160e3c4ba1c5edcbd07153e6f10a623922247b131426347,4,2231,100
2,ex2-s5-e1-a1-p08,96cea7ecfc65ba667160e3c4ba1c5edcbd07153e6f10a623922247b131426347,4,2232,100
2,ex2-s5-e1-a1-p08,96cea7ecfc65ba667160e3c4ba1c5edcbd07153e6f10a623922247b131426347,4,2233,100
2,ex2-s5-e1-a1-p08,96cea7ecfc65ba667160e3c4ba1c5edcbd07153e6f10a623922247b131426347,4,2234,100
2,ex2-s5-e1-a1-p08,96cea7ecfc65ba667160e3c4ba1c5edcbd07153e6f10a623922247b131426347,4,2235,0
2,ex2-s5-e1-a1-p08,96cea7ecfc65ba667160e3c4ba1c5edcbd07153e6f10a623922247b131426347,4,2236,100
2,ex2-s5-e1-a1-p08,96cea7ecfc65ba667160e3c4ba1c5edcbd07153e6f10a623922247b131426347,4,2237,100
2,ex2-s5-e1-a1-p08,96cea7ecfc65ba667160e3c4ba1c5edcbd07153e6f10a623922247b131426347,4,2238,100
2,ex2-s5-e1-a1-p08,96cea7ecfc65ba667160e3c4ba1c5edcbd07153e6f10a623922247b131426347,4,2239,100
2,ex2-s5-e1-a1-p08,96cea7ecfc65ba667160e3c4ba1c5edcbd07153e6f10a623922247b131426347,4,2240,0
2,ex2-s5-e1-a1-p08,96cea7ecfc65ba667160e3c4ba1c5edcbd07153e6f10a623922247b131426347,4,2241,100
2,ex2-s5-e1-a1-p08,96cea7ecfc65ba667160e3c4ba1c5edcbd07153e6f10a623922247b131426347,4,2242,100
2,ex2-s5-e1-a1-p08,96cea7ecfc65ba667160e3c4ba1c5edcbd07153e6f10a623922247b131426347,4,2243,100
2,ex2-s5-e1-a1-p08,96cea7ecfc65ba667160e3c4ba1c5edcbd07153e6f10a623922247b131426347,4,2244,100
2,ex2-s5-e1-a1-p08,96cea7ecfc65ba667160e3c4ba1c5edcbd07153e6f10a623922247b131426347,4,2245,100
2,ex2-s5-e1-a1-p08,96cea7ecfc65ba667160e3c4ba1c5edcbd07153e6f10a623922247b131426347,4,2246,0
2,ex2-s5-e1-a1-p08,96cea7ecfc65ba667160e3c4ba1c5edcbd07153e6f10a623922247b131426347,4,2247,100
2,ex2-s5-e1-a1-p08,96cea7ecfc65ba667160e3c4ba1c5edcbd07153e6f10a623922247b131426347,4,2248,100
2,ex2-s5-e1-a1-p08,96cea7ecfc65ba667160e3c4ba1c5edcbd07153e6f10a623922247b131426347,4,2249,100
2,ex2-s5-e1-a1-p08,96cea7ecfc65ba667160e3c4ba1c5edcbd07153e6f10a623922247b131426347,4,2250,100
2,ex2-s5-e1-a1-p08,96cea7ecfc65ba667160e3c4ba1c5edcbd07153e6f10a623922247b131426347,4,2251,0
2,ex2-s5-e1-a1-p08,96cea7ecfc65ba667160e3c4ba1c5edcbd07153e6f10a623922247b131426347,4,2252,100
2,ex2-s5-e1-a1-p08,96cea7ecfc65ba667160e3c4ba1c5edcbd07153e6f10a623922247b131426347,4,2253,100
2,ex2-s5-e1-a1-p08,96cea7ecfc65ba667160e3c4ba1c5edcbd07153e6f10a623922247b131426347,4,2254,100
2,ex2-s5-e1-a1-p08,96cea7ecfc65ba667160e3c4ba1c5edcbd07153e6f10a623922247b131426347,4,2255,100
2,ex2-s5-e1-a1-p08,96cea7ecfc65ba667160e3c4ba1c5edcbd07153e6f10a623922247b131426347,4,2256,100
2,ex2-s5-e1-a1-p08,96cea7ecfc65ba667160e3c4ba1c5edcbd07153e6f10a623922247b131426347,4,2257,0
2,ex2-s5-e1-a1-p08,96cea7ecfc65ba667160e3c4ba1c5edcbd07153e6f10a623922247b131426347,4,2258,100
2,ex2-s5-e1-a1-p08,96cea7ecfc65ba667160e3c4ba1c5edcbd07153e6f10a623922247b131426347,4,2259,100
2,ex2-s5-e1-a1-p08,96cea7ecfc65ba667160e3c4ba1c5edcbd07153e6f10a623922247b131426347,4,2260,100
2,ex2-s5-e1-a1-p08,96cea7ecfc65ba667160e3c4ba1c5edcbd07153e6f10a623922247b131426347,4,2261,100
2,ex2-s5-e1-a1-p08,96cea7ecfc65ba667160e3c4ba1c5edcbd07153e6f10a623922247b131426347,4,2262,100
2,ex2-s5-e1-a1-p08,96cea7ecfc65ba667160e3c4ba1c5edcbd07153e6f10a623922247b131426347,4,2263,0
2,ex2-s5-e1-a1-p08,96cea7ecfc65ba667160e3c4ba1c5edcbd07153e6f10a623922247b131426347,4,2264,100
2,ex2-s5-e1-a1-p08,96cea7ecfc65ba667160e3c4ba1c5edcbd07153e6f10a623922247b131426347,4,2265,100
2,ex2-s5-e1-a1-p08,96cea7ecfc65ba667160e3c4ba1c5edcbd07153e6f10a623922247b131426347,4,2266,100
2,ex2-s5-e1-a1-p08,96cea7ecfc65ba667160e3c4ba1c5edcbd07153e6f10a623922247b131426347,4,2267,100
2,ex2-s5-e1-a1-p08,96cea7ecfc65ba667160e3c4ba1c5edcbd07153e6f10a623922247b131426347,4,2268,0
2,ex2-s5-e1-a1-p08,96cea7ecfc65ba667160e3c4ba1c5edcbd07153e6f10a623922247b131426347,4,2269,100
2,ex2-s5-e1-a1-p08,96cea7ecfc65ba667160e3c4ba1c5edcbd07153e6f10a623922247b131426347,4,2270,100
2,ex2-s5-e1-a1-p08,96cea7ecfc65ba667160e3c4ba1c5edcbd07153e6f10a623922247b131426347,4,2271,100
2,ex2-s5-e1-a1-p08,96cea7ecfc65ba667160e3c4ba1c5edcbd07153e6f10a623922247b131426347,4,2272,100
2,ex2-s5-e1-a1-p08,96cea7ecfc65ba667160e3c4ba1c5edcbd07153e6f10a623922247b131426347,4,2273,0
2,ex2-s5-e1-a1-p08,96cea7ecfc65ba667160e3c4ba1c5edcbd07153e6f10a623922247b131426347,4,2274,100
2,ex2-s5-e1-a1-p08,96cea7ecfc65ba667160e3c4ba1c5edcbd07153e6f10a623922247b131426347,4,2275,100
2,ex2-s5-e1-a1-p08,96cea7ecfc65ba667160e3c4ba1c5edcbd07153e6f10a623922247b131426347,4,2276,100
2,ex2-s5-e1-a1-p08,96cea7ecfc65ba667160e3c4ba1c5edcbd07153e6f10a623922247b131426347,4,2277,100
2,ex2-s5-e1-a1-p08,96cea7ecfc65ba667160e3c4ba1c5edcbd07153e6f10a623922247b131426347,4,2278,100
2,ex2-s5-e1-a1-p08,96cea7ecfc65ba667160e3c4ba1c5edcbd07153e6f10a623922247b131426347,4,2279,0
2,ex2-s5-e1-a1-p08,96cea7ecfc65ba667160e3c4ba1c5edcbd07153e6f10a623922247b131426347,4,2280,100
2,ex2-s5-e1-a1-p08,96cea7ecfc65ba667160e3c4ba1c5edcbd07153e6f10a623922247b131426347,4,2281,100
2,ex2-s5-e1-a1-p08,96cea7ecfc65ba667160e3c4ba1c5edcbd07153e6f10a623922247b131426347,4,2282,100
2,ex2-s5-e1-a1-p08,96cea7ecfc65ba667160e3c4ba1c5edcbd07153e6f10a623922247b131426347,4,2283,100
2,ex2-s5-e1-a1-p08,96cea7ecfc65ba667160e3c4ba1c5edcbd07153e6f10a623922247b131426347,4,2284,0
2,ex2-s5-e1-a1-p08,96cea7ecfc65ba667160e3c4ba1c5edcbd07153e6f10a623922247b131426347,4,2285,100
2,ex2-s5-e1-a1-p08,96cea7ecfc65ba667160e3c4ba1c5edcbd07153e6f10a623922247b131426347,4,2286,100
2,ex2-s5-e1-a1-p08,96cea7ecfc65ba667160e3c4ba1c5edcbd07153e6f10a623922247b131426347,4,2287,100
2,ex2-s5-e1-a1-p08,96cea7ecfc65ba667160e3c4ba1c5edcbd07153e6f10a623922247b131426347,4,2288,100
2,ex2-s5-e1-a1-p08,96cea7ecfc65ba667160e3c4ba1c5edcbd07153e6f10a623922247b131426347,4,2289,100
2,ex2-s5-e1-a1-p08,96cea7ecfc65ba667160e3c4ba1c5edcbd07153e6f10a623922247b131426347,4,2290,0
2,ex2-s5-e1-a1-p08,96cea7ecfc65ba667160e3c4ba1c5edcbd07153e6f10a623922247b131426347,4,2291,100
2,ex2-s5-e1-a1-p08,96cea7ecfc65ba667160e3c4ba1c5edcbd07153e6f10a623922247b131426347,4,2292,100
2,ex2-s5-e1-a1-p08,96cea7ecfc65ba667160e3c4ba1c5edcbd07153e6f10a623922247b131426347,4,2293,100
2,ex2-s5-e1-a1-p08,96cea7ecfc65ba667160e3c4ba1c5edcbd07153e6f10a623922247b131426347,4,2294,100
2,ex2-s5-e1-a1-p08,96cea7ecfc65ba667160e3c4ba1c5edcbd07153e6f10a623922247b131426347,4,2295,0
2,ex2-s5-e1-a1-p08,96cea7ecfc65ba667160e3c4ba1c5edcbd07153e6f10a623922247b131426347,4,2296,100
2,ex2-s5-e1-a1-p08,96cea7ecfc65ba667160e3c4ba1c5edcbd07153e6f10a623922247b131426347,4,2297,100
2,ex2-s5-e1-a1-p08,96cea7ecfc65ba667160e3c4ba1c5edcbd07153e6f10a623922247b131426347,4,2298,100
2,ex2-s5-e1-a1-p08,96cea7ecfc65ba667160e3c4ba1c5edcbd07153e6f10a623922247b131426347,4,2299,100
2,ex2-s5-e1-a1-p08,96cea7ecfc65ba667160e3c4ba1c5edcbd07153e6f10a623922247b131426347,4,2300,100
2,ex2-s5-e1-a1-p08,96cea7ecfc65ba667160e3c4ba1c5edcbd07153e6f10a623922247b131426347,4,2301,0
2,ex2-s5-e1-a1-p08,96cea7ecfc65ba667160e3c4ba1c5edcbd07153e6f10a623922247b131426347,4,2302,100
2,ex2-s5-e1-a1-p08,96cea7ecfc65ba667160e3c4ba1c5edcbd07153e6f10a623922247b131426347,4,2303,100
2,ex2-s5-e1-a1-p08,96cea7ecfc65ba667160e3c4ba1c5edcbd07153e6f10a623922247b131426347,4,2304,100
2,ex2-s5-e1-a1-p08,96cea7ecfc65ba667160e3c4ba1c5edcbd07153e6f10a623922247b131426347,4,2305,100
2,ex2-s5-e1-a1-p08,96cea7ecfc65ba667160e3c4ba1c5edcbd07153e6f10a623922247b131426347,4,2306,100
2,ex2-s5-e1-a1-p08,96cea7ecfc65ba667160e3c4ba1c5edcbd07153e6f10a623922247b131426347,4,2307,0
2,ex2-s5-e1-a1-p08,96cea7ecfc65ba667160e3c4ba1c5edcbd07153e6f10a623922247b131426347,4,2308,100
2,ex2-s5-e1-a1-p08,96cea7ecfc65ba667160e3c4ba1c5edcbd07153e6f10a623922247b131426347,4,2309,100
2,ex2-s5-e1-a1-p08,96cea7ecfc65ba667160e3c4ba1c5edcbd07153e6f10a623922247b131426347,4,2310,100
2,ex2-s5-e1-a1-p08,96cea7ecfc65ba667160e3c4ba1c5edcbd07153e6f10a623922247b131426347,4,2311,100
2,ex2-s5-e1-a1-p08,96cea7ecfc65ba667160e3c4ba1c5edcbd07153e6f10a623922247b131426347,4,2312,0
2,ex2-s5-e1-a1-p08,96cea7ecfc65ba667160e3c4ba1c5edcbd07153e6f10a623922247b131426347,4,2313,100
2,ex2-s5-e1-a1-p08,96cea7ecfc65ba667160e3c4ba1c5edcbd07153e6f10a623922247b131426347,4,2314,100
2,ex2-s5-e1-a1-p08,96cea7ecfc65ba667160e3c4ba1c5edcbd07153e6f10a623922247b131426347,4,2315,100
2,ex2-s5-e1-a1-p08,96cea7ecfc65ba667160e3c4ba1c5edcbd07153e6f10a623922247b131426347,4,2316,100
2,ex2-s5-e1-a1-p08,96cea7ecfc65ba667160e3c4ba1c5edcbd07153e6f10a623922247b131426347,4,2317,100
2,ex2-s5-e1-a1-p08,96cea7ecfc65ba667160e3c4ba1c5edcbd07153e6f10a623922247b131426347,4,2318,0
2,ex2-s5-e1-a1-p08,96cea7ecfc65ba667160e3c4ba1c5edcbd07153e6f10a623922247b131426347,4,2319,100
2,ex2-s5-e1-a1-p08,96cea7ecfc65ba667160e3c4ba1c5edcbd07153e6f10a623922247b131426347,4,2320,100
2,ex2-s5-e1-a1-p08,96cea7ecfc65ba667160e3c4ba1c5edcbd07153e6f10a623922247b131426347,4,2321,100
2,ex2-s5-e1-a1-p08,96cea7ecfc65ba667160e3c4ba1c5edcbd07153e6f10a623922247b131426347,4,2322,100
2,ex2-s5-e1-a1-p08,96cea7ecfc65ba667160e3c4ba1c5edcbd07153e6f10a623922247b131426347,4,2323,0
2,ex2-s5-e1-a1-p08,96cea7ecfc65ba667160e3c4ba1c5edcbd07153e6f10a623922247b131426347,4,2324,100
2,ex2-s5-e1-a1-p08,96cea7ecfc65ba667160e3c4ba1c5edcbd07153e6f10a623922247b131426347,4,2325,100
2,ex2-s5-e1-a1-p08,96cea7ecfc65ba667160e3c4ba1c5edcbd07153e6f10a623922247b131426347,4,2326,100
2,ex2-s5-e1-a1-p08,96cea7ecfc65ba667160e3c4ba1c5edcbd07153e6f10a623922247b131426347,4,2327,100
2,ex2-s5-e1-a1-p08,96cea7ecfc65ba667160e3c4ba1c5edcbd07153e6f10a623922247b131426347,4,2328,100
2,ex2-s5-e1-a1-p08,96cea7ecfc65ba667160e3c4ba1c5edcbd07153e6f10a623922247b131426347,4,2329,0
2,ex2-s5-e1-a1-p08,96cea7ecfc65ba667160e3c4ba1c5edcbd07153e6f10a623922247b131426347,4,2330,100
2,ex2-s5-e1-a1-p08,96cea7ecfc65ba667160e3c4ba1c5edcbd07153e6f10a623922247b131426347,4,2331,100
2,ex2-s5-e1-a1-p08,96cea7ecfc65ba667160e3c4ba1c5edcbd07153e6f10a623922247b131426347,4,2332,100
2,ex2-s5-e1-a1-p08,96cea7ecfc65ba667160e3c4ba1c5edcbd07153e6f10a623922247b131426347,4,2333,100
2,ex2-s5-e1-a1-p08,96cea7ecfc65ba667160e3c4ba1c5edcbd07153e6f10a623922247b131426347,4,2334,0
2,ex2-s5-e1-a1-p08,96cea7ecfc65ba667160e3c4ba1c5edcbd07153e6f10a623922247b131426347,4,2335,100
2,ex2-s5-e1-a1-p08,96cea7ecfc65ba667160e3c4ba1c5edcbd07153e6f10a623922247b131426347,4,2336,100
2,ex2-s5-e1-a1-p08,96cea7ecfc65ba667160e3c4ba1c5edcbd07153e6f10a623922247b131426347,4,2337,100
2,ex2-s5-e1-a1-p08,96cea7ecfc65ba667160e3c4ba1c5edcbd07153e6f10a623922247b131426347,4,2338,100
2,ex2-s5-e1-a1-p08,96cea7ecfc65ba667160e3c4ba1c5edcbd07153e6f10a623922247b131426347,4,2339,100
2,ex2-s5-e1-a1-p08,96cea7ecfc65ba667160e3c4ba1c5edcbd07153e6f10a623922247b131426347,4,2340,0
2,ex2-s5-e1-a1-p08,96cea7ecfc65ba667160e3c4ba1c5edcbd07153e6f10a623922247b131426347,4,2341,100
2,ex2-s5-e1-a1-p08,96cea7ecfc65ba667160e3c4ba1c5edcbd07153e6f10a623922247b131426347,4,2342,100
2,ex2-s5-e1-a1-p08,96cea7ecfc65ba667160e3c4ba1c5edcbd07153e6f10a623922247b131426347,4,2343,100
2,ex2-s5-e1-a1-p08,96cea7ecfc65ba667160e3c4ba1c5edcbd07153e6f10a623922247b131426347,4,2344,100
2,ex2-s5-e1-a1-p08,96cea7ecfc65ba667160e3c4ba1c5edcbd07153e6f10a623922247b131426347,4,2345,0
2,ex2-s5-e1-a1-p08,96cea7ecfc65ba667160e3c4ba1c5edcbd07153e6f10a623922247b131426347,4,2346,100
2,ex2-s5-e1-a1-p08,96cea7ecfc65ba667160e3c4ba1c5edcbd07153e6f10a623922247b131426347,4,2347,100
2,ex2-s5-e1-a1-p08,96cea7ecfc65ba667160e3c4ba1c5edcbd07153e6f10a623922247b131426347,4,2348,100
2,ex2-s5-e1-a1-p08,96cea7ecfc65ba667160e3c4ba1c5edcbd07153e6f10a623922247b131426347,4,2349,100
2,ex2-s5-e1-a1-p08,96cea7ecfc65ba667160e3c4ba1c5edcbd07153e6f10a623922247b131426347,4,2350,100
2,ex2-s5-e1-a1-p08,96cea7ecfc65ba667160e3c4ba1c5edcbd07153e6f10a623922247b131426347,4,2351,0
2,ex2-s5-e1-a1-p08,96cea7ecfc65ba667160e3c4ba1c5edcbd07153e6f10a623922247b131426347,4,2352,100
2,ex2-s5-e1-a1-p08,96cea7ecfc65ba667160e3c4ba1c5edcbd07153e6f10a623922247b131426347,4,2353,100
2,ex2-s5-e1-a1-p08,96cea7ecfc65ba667160e3c4ba1c5edcbd07153e6f10a623922247b131426347,4,2354,100
2,ex2-s5-e1-a1-p08,96cea7ecfc65ba667160e3c4ba1c5edcbd07153e6f10a623922247b131426347,4,2355,100
2,ex2-s5-e1-a1-p08,96cea7ecfc65ba667160e3c4ba1c5edcbd07153e6f10a623922247b131426347,4,2356,100
2,ex2-s5-e1-a1-p08,96cea7ecfc65ba667160e3c4ba1c5edcbd07153e6f10a623922247b131426347,4,2357,0
2,ex2-s5-e1-a1-p08,96cea7ecfc65ba667160e3c4ba1c5edcbd07153e6f10a623922247b131426347,4,2358,100
2,ex2-s5-e1-a1-p08,96cea7ecfc65ba667160e3c4ba1c5edcbd07153e6f10a623922247b131426347,4,2359,100
2,ex2-s5-e1-a1-p08,96cea7ecfc65ba667160e3c4ba1c5edcbd07153e6f10a623922247b131426347,4,2360,100
2,ex2-s5-e1-a1-p08,96cea7ecfc65ba667160e3c4ba1c5edcbd07153e6f10a623922247b131426347,4,2361,100
2,ex2-s5-e1-a1-p08,96cea7ecfc65ba667160e3c4ba1c5edcbd07153e6f10a623922247b131426347,4,2362,0
2,ex2-s5-e1-a1-p08,96cea7ecfc65ba667160e3c4ba1c5edcbd07153e6f10a623922247b131426347,4,2363,100
2,ex2-s5-e1-a1-p08,96cea7ecfc65ba667160e3c4ba1c5edcbd07153e6f10a623922247b131426347,4,2364,100
2,ex2-s5-e1-a1-p08,96cea7ecfc65ba667160e3c4ba1c5edcbd07153e6f10a623922247b131426347,4,2365,100
2,ex2-s5-e1-a1-p08,96cea7ecfc65ba667160e3c4ba1c5edcbd07153e6f10a623922247b131426347,4,2366,100
2,ex2-s5-e1-a1-p08,96cea7ecfc65ba667160e3c4ba1c5edcbd07153e6f10a623922247b131426347,4,2367,100
2,ex2-s5-e1-a1-p08,96cea7ecfc65ba667160e3c4ba1c5edcbd07153e6f10a623922247b131426347,4,2368,0
2,ex2-s5-e1-a1-p08,96cea7ecfc65ba667160e3c4ba1c5edcbd07153e6f10a623922247b131426347,4,2369,100
2,ex2-s5-e1-a1-p08,96cea7ecfc65ba667160e3c4ba1c5edcbd07153e6f10a623922247b131426347,4,2370,100
2,ex2-s5-e1-a1-p08,96cea7ecfc65ba667160e3c4ba1c5edcbd07153e6f10a623922247b131426347,4,2371,100
2,ex2-s5-e1-a1-p08,96cea7ecfc65ba667160e3c4ba1c5edcbd07153e6f10a623922247b131426347,4,2372,100
2,ex2-s5-e1-a1-p08,96cea7ecfc65ba667160e3c4ba1c5edcbd07153e6f10a623922247b131426347,4,2373,0
2,ex2-s5-e1-a1-p08,96cea7ecfc65ba667160e3c4ba1c5edcbd07153e6f10a623922247b131426347,4,2374,100
2,ex2-s5-e1-a1-p08,96cea7ecfc65ba667160e3c4ba1c5edcbd07153e6f10a623922247b131426347,4,2375,100
2,ex2-s5-e1-a1-p08,96cea7ecfc65ba667160e3c4ba1c5edcbd07153e6f10a623922247b131426347,4,2376,100
2,ex2-s5-e1-a1-p08,96cea7ecfc65ba667160e3c4ba1c5edcbd07153e6f10a623922247b131426347,4,2377,100
2,ex2-s5-e1-a1-p08,96cea7ecfc65ba667160e3c4ba1c5edcbd07153e6f10a623922247b131426347,4,2378,100
2,ex2-s5-e1-a1-p08,96cea7ecfc65ba667160e3c4ba1c5edcbd07153e6f10a623922247b131426347,4,2379,100
2,ex2-s5-e1-a1-p08,96cea7ecfc65ba667160e3c4ba1c5edcbd07153e6f10a623922247b131426347,4,2380,100
2,ex2-s5-e1-a1-p08,96cea7ecfc65ba667160e3c4ba1c5edcbd07153e6f10a623922247b131426347,4,2381,0
2,ex2-s5-e1-a1-p08,96cea7ecfc65ba667160e3c4ba1c5edcbd07153e6f10a623922247b131426347,4,2382,100
2,ex2-s5-e1-a1-p08,96cea7ecfc65ba667160e3c4ba1c5edcbd07153e6f10a623922247b131426347,4,2383,100
2,ex2-s5-e1-a1-p08,96cea7ecfc65ba667160e3c4ba1c5edcbd07153e6f10a623922247b131426347,4,2384,100
2,ex2-s5-e1-a1-p08,96cea7ecfc65ba667160e3c4ba1c5edcbd07153e6f10a623922247b131426347,4,2385,100
2,ex2-s5-e1-a1-p08,96cea7ecfc65ba667160e3c4ba1c5edcbd07153e6f10a623922247b131426347,4,2386,0
2,ex2-s5-e1-a1-p08,96cea7ecfc65ba667160e3c4ba1c5edcbd07153e6f10a623922247b131426347,4,2387,100
2,ex2-s5-e1-a1-p08,96cea7ecfc65ba667160e3c4ba1c5edcbd07153e6f10a623922247b131426347,4,2388,100
2,ex2-s5-e1-a1-p08,96cea7ecfc65ba667160e3c4ba1c5edcbd07153e6f10a623922247b131426347,4,2389,100
2,ex2-s5-e1-a1-p08,96cea7ecfc65ba667160e3c4ba1c5edcbd07153e6f10a623922247b131426347,4,2390,100
2,ex2-s5-e1-a1-p08,96cea7ecfc65ba667160e3c4ba1c5edcbd07153e6f10a623922247b131426347,4,2391,100
2,ex2-s5-e1-a1-p08,96cea7ecfc65ba667160e3c4ba1c5edcbd07153e6f10a623922247b131426347,4,2392,0
2,ex2-s5-e1-a1-p08,96cea7ecfc65ba667160e3c4ba1c5edcbd07153e6f10a623922247b131426347,4,2393,100
2,ex2-s5-e1-a1-p08,96cea7ecfc65ba667160e3c4ba1c5edcbd07153e6f10a623922247b131426347,4,2394,100
2,ex2-s5-e1-a1-p08,96cea7ecfc65ba667160e3c4ba1c5edcbd07153e6f10a623922247b131426347,4,2395,100
2,ex2-s5-e1-a1-p08,96cea7ecfc65ba667160e3c4ba1c5edcbd07153e6f10a623922247b131426347,4,2396,100
2,ex2-s5-e1-a1-p08,96cea7ecfc65ba667160e3c4ba1c5edcbd07153e6f10a623922247b131426347,4,2397,0
2,ex2-s5-e1-a1-p08,96cea7ecfc65ba667160e3c4ba1c5edcbd07153e6f10a623922247b131426347,4,2398,100
2,ex2-s5-e1-a1-p08,96cea7ecfc65ba667160e3c4ba1c5edcbd07153e6f10a623922247b131426347,4,2399,100
2,ex2-s5-e1-a1-p08,96cea7ecfc65ba667160e3c4ba1c5edcbd07153e6f10a623922247b131426347,4,2400,100
2,ex2-s5-e1-a1-p08,96cea7ecfc65ba667160e3c4ba1c5edcbd07153e6f10a623922247b131426347,4,2401,100
2,ex2-s5-e1-a1-p08,96cea7ecfc65ba667160e3c4ba1c5edcbd07153e6f10a623922247b131426347,4,2402,100
2,ex2-s5-e1-a1-p08,96cea7ecfc65ba667160e3c4ba1c5edcbd07153e6f10a623922247b131426347,4,2403,0
2,ex2-s5-e1-a1-p08,96cea7ecfc65ba667160e3c4ba1c5edcbd07153e6f10a623922247b131426347,4,2404,100
2,ex2-s5-e1-a1-p08,96cea7ecfc65ba667160e3c4ba1c5edcbd07153e6f10a623922247b131426347,4,2405,100
2,ex2-s5-e1-a1-p08,96cea7ecfc65ba667160e3c4ba1c5edcbd07153e6f10a623922247b131426347,4,2406,100
2,ex2-s5-e1-a1-p08,96cea7ecfc65ba667160e3c4ba1c5edcbd07153e6f10a623922247b131426347,4,2407,100
2,ex2-s5-e1-a1-p08,96cea7ecfc65ba667160e3c4ba1c5edcbd07153e6f10a623922247b131426347,4,2408,100
2,ex2-s5-e1-a1-p08,96cea7ecfc65ba667160e3c4ba1c5edcbd07153e6f10a623922247b131426347,4,2409,0
2,ex2-s5-e1-a1-p08,96cea7ecfc65ba667160e3c4ba1c5edcbd07153e6f10a623922247b131426347,4,2410,100
2,ex2-s5-e1-a1-p08,96cea7ecfc65ba667160e3c4ba1c5edcbd07153e6f10a623922247b131426347,4,2411,100
2,ex2-s5-e1-a1-p08,96cea7ecfc65ba667160e3c4ba1c5edcbd07153e6f10a623922247b131426347,4,2412,100
2,ex2-s5-e1-a1-p08,96cea7ecfc65ba667160e3c4ba1c5edcbd07153e6f10a623922247b131426347,4,2413,100
2,ex2-s5-e1-a1-p08,96cea7ecfc65ba667160e3c4ba1c5edcbd07153e6f10a623922247b131426347,4,2414,0
2,ex2-s5-e1-a1-p08,96cea7ecfc65ba667160e3c4ba1c5edcbd07153e6f10a623922247b131426347,4,2415,100
2,ex2-s5-e1-a1-p08,96cea7ecfc65ba667160e3c4ba1c5edcbd07153e6f10a623922247b131426347,4,2416,100
2,ex2-s5-e1-a1-p08,96cea7ecfc65ba667160e3c4ba1c5edcbd07153e6f10a623922247b131426347,4,2417,100
2,ex2-s5-e1-a1-p08,96cea7ecfc65ba667160e3c4ba1c5edcbd07153e6f10a623922247b131426347,4,2418,100
2,ex2-s5-e1-a1-p08,96cea7ecfc65ba667160e3c4ba1c5edcbd07153e6f10a623922247b131426347,4,2419,100
2,ex2-s5-e1-a1-p08,96cea7ecfc65ba667160e3c4ba1c5edcbd07153e6f10a623922247b131426347,4,2420,0
2,ex2-s5-e1-a1-p08,96cea7ecfc65ba667160e3c4ba1c5edcbd07153e6f10a623922247b131426347,4,2421,100
2,ex2-s5-e1-a1-p08,96cea7ecfc65ba667160e3c4ba1c5edcbd07153e6f10a623922247b131426347,4,2422,100
2,ex2-s5-e1-a1-p08,96cea7ecfc65ba667160e3c4ba1c5edcbd07153e6f10a623922247b131426347,4,2423,100
2,ex2-s5-e1-a1-p08,96cea7ecfc65ba667160e3c4ba1c5edcbd07153e6f10a623922247b131426347,4,2424,100
2,ex2-s5-e1-a1-p08,96cea7ecfc65ba667160e3c4ba1c5edcbd07153e6f10a623922247b131426347,4,2425,0
2,ex2-s5-e1-a1-p08,96cea7ecfc65ba667160e3c4ba1c5edcbd07153e6f10a623922247b131426347,4,2426,100
2,ex2-s5-e1-a1-p08,96cea7ecfc65ba667160e3c4ba1c5edcbd07153e6f10a623922247b131426347,4,2427,100
2,ex2-s5-e1-a1-p08,96cea7ecfc65ba667160e3c4ba1c5edcbd07153e6f10a623922247b131426347,4,2428,100
2,ex2-s5-e1-a1-p08,96cea7ecfc65ba667160e3c4ba1c5edcbd07153e6f10a623922247b131426347,4,2429,100
2,ex2-s5-e1-a1-p08,96cea7ecfc65ba667160e3c4ba1c5edcbd07153e6f10a623922247b131426347,4,2430,100
2,ex2-s5-e1-a1-p08,96cea7ecfc65ba667160e3c4ba1c5edcbd07153e6f10a623922247b131426347,4,2431,0
2,ex2-s5-e1-a1-p08,96cea7ecfc65ba667160e3c4ba1c5edcbd07153e6f10a623922247b131426347,4,2432,100
2,ex2-s5-e1-a1-p08,96cea7ecfc65ba667160e3c4ba1c5edcbd07153e6f10a623922247b131426347,4,2433,100
2,ex2-s5-e1-a1-p08,96cea7ecfc65ba667160e3c4ba1c5edcbd07153e6f10a623922247b131426347,4,2434,100
2,ex2-s5-e1-a1-p08,96cea7ecfc65ba667160e3c4ba1c5edcbd07153e6f10a623922247b131426347,4,2435,100
2,ex2-s5-e1-a1-p08,96cea7ecfc65ba667160e3c4ba1c5edcbd07153e6f10a623922247b131426347,4,2436,100
2,ex2-s5-e1-a1-p08,96cea7ecfc65ba667160e3c4ba1c5edcbd07153e6f10a623922247b131426347,4,2437,0
2,ex2-s5-e1-a1-p08,96cea7ecfc65ba667160e3c4ba1c5edcbd07153e6f10a623922247b131426347,4,2438,100
2,ex2-s5-e1-a1-p08,96cea7ecfc65ba667160e3c4ba1c5edcbd07153e6f10a623922247b131426347,4,2439,100
2,ex2-s5-e1-a1-p08,96cea7ecfc65ba667160e3c4ba1c5edcbd07153e6f10a623922247b131426347,4,2440,100
2,ex2-s5-e1-a1-p08,96cea7ecfc65ba667160e3c4ba1c5edcbd07153e6f10a623922247b131426347,4,2441,100
2,ex2-s5-e1-a1-p08,96cea7ecfc65ba667160e3c4ba1c5edcbd07153e6f10a623922247b131426347,4,2442,0
2,ex2-s5-e1-a1-p08,96cea7ecfc65ba667160e3c4ba1c5edcbd07153e6f10a623922247b131426347,4,2443,100
2,ex2-s5-e1-a1-p08,96cea7ecfc65ba667160e3c4ba1c5edcbd07153e6f10a623922247b131426347,4,2444,100
2,ex2-s5-e1-a1-p08,96cea7ecfc65ba667160e3c4ba1c5edcbd07153e6f10a623922247b131426347,4,2445,100
2,ex2-s5-e1-a1-p08,96cea7ecfc65ba667160e3c4ba1c5edcbd07153e6f10a623922247b131426347,4,2446,100
2,ex2-s5-e1-a1-p08,96cea7ecfc65ba667160e3c4ba1c5edcbd07153e6f10a623922247b131426347,4,2447,100
2,ex2-s5-e1-a1-p08,96cea7ecfc65ba667160e3c4ba1c5edcbd07153e6f10a623922247b131426347,4,2448,0
2,ex2-s5-e1-a1-p08,96cea7ecfc65ba667160e3c4ba1c5edcbd07153e6f10a623922247b131426347,4,2449,100
2,ex2-s5-e1-a1-p08,96cea7ecfc65ba667160e3c4ba1c5edcbd07153e6f10a623922247b131426347,4,2450,100
2,ex2-s5-e1-a1-p08,96cea7ecfc65ba667160e3c4ba1c5edcbd07153e6f10a623922247b131426347,4,2451,100
2,ex2-s5-e1-a1-p08,96cea7ecfc65ba667160e3c4ba1c5edcbd07153e6f10a623922247b131426347,4,2452,100
2,ex2-s5-e1-a1-p08,96cea7ecfc65ba667160e3c4ba1c5edcbd07153e6f10a623922247b131426347,4,2453,0
2,ex2-s5-e1-a1-p08,96cea7ecfc65ba667160e3c4ba1c5edcbd07153e6f10a623922247b131426347,4,2454,100
2,ex2-s5-e1-a1-p08,96cea7ecfc65ba667160e3c4ba1c5edcbd07153e6f10a623922247b131426347,4,2455,100
2,ex2-s5-e1-a1-p08,96cea7ecfc65ba667160e3c4ba1c5edcbd07153e6f10a623922247b131426347,4,2456,100
2,ex2-s5-e1-a1-p08,96cea7ecfc65ba667160e3c4ba1c5edcbd07153e6f10a623922247b131426347,4,2457,100
2,ex2-s5-e1-a1-p08,96cea7ecfc65ba667160e3c4ba1c5edcbd07153e6f10a623922247b131426347,4,2458,100
2,ex2-s5-e1-a1-p08,96cea7ecfc65ba667160e3c4ba1c5edcbd07153e6f10a623922247b131426347,4,2459,0
2,ex2-s5-e1-a1-p08,96cea7ecfc65ba667160e3c4ba1c5edcbd07153e6f10a623922247b131426347,4,2460,100
2,ex2-s5-e1-a1-p08,96cea7ecfc65ba667160e3c4ba1c5edcbd07153e6f10a623922247b131426347,4,2461,100
2,ex2-s5-e1-a1-p08,96cea7ecfc65ba667160e3c4ba1c5edcbd07153e6f10a623922247b131426347,4,2462,100
2,ex2-s5-e1-a1-p08,96cea7ecfc65ba667160e3c4ba1c5edcbd07153e6f10a623922247b131426347,4,2463,100
2,ex2-s5-e1-a1-p08,96cea7ecfc65ba667160e3c4ba1c5edcbd07153e6f10a623922247b131426347,4,2464,100
2,ex2-s5-e1-a1-p08,96cea7ecfc65ba667160e3c4ba1c5edcbd07153e6f10a623922247b131426347,4,2465,0
2,ex2-s5-e1-a1-p08,96cea7ecfc65ba667160e3c4ba1c5edcbd07153e6f10a623922247b131426347,4,2466,100
2,ex2-s5-e1-a1-p08,96cea7ecfc65ba667160e3c4ba1c5edcbd07153e6f10a623922247b131426347,4,2467,100
2,ex2-s5-e1-a1-p08,96cea7ecfc65ba667160e3c4ba1c5edcbd07153e6f10a623922247b131426347,4,2468,100
2,ex2-s5-e1-a1-p08,96cea7ecfc65ba667160e3c4ba1c5edcbd07153e6f10a623922247b131426347,4,2469,100
2,ex2-s5-e1-a1-p08,96cea7ecfc65ba667160e3c4ba1c5edcbd07153e6f10a623922247b131426347,4,2470,100
2,ex2-s5-e1-a1-p08,96cea7ecfc65ba667160e3c4ba1c5edcbd07153e6f10a623922247b131426347,4,2471,0
2,ex2-s5-e1-a1-p08,96cea7ecfc65ba667160e3c4ba1c5edcbd07153e6f10a623922247b131426347,4,2472,100
2,ex2-s5-e1-a1-p08,96cea7ecfc65ba667160e3c4ba1c5edcbd07153e6f10a623922247b131426347,4,2473,100
2,ex2-s5-e1-a1-p08,96cea7ecfc65ba667160e3c4ba1c5edcbd07153e6f10a623922247b131426347,4,2474,100
2,ex2-s5-e1-a1-p08,96cea7ecfc65ba667160e3c4ba1c5edcbd07153e6f10a623922247b131426347,4,2475,100
2,ex2-s5-e1-a1-p08,96cea7ecfc65ba667160e3c4ba1c5edcbd07153e6f10a623922247b131426347,4,2476,0
2,ex2-s5-e1-a1-p08,96cea7ecfc65ba667160e3c4ba1c5edcbd07153e6f10a623922247b131426347,4,2477,100
2,ex2-s5-e1-a1-p08,96cea7ecfc65ba667160e3c4ba1c5edcbd07153e6f10a623922247b131426347,4,2478,100
2,ex2-s5-e1-a1-p08,96cea7ecfc65ba667160e3c4ba1c5edcbd07153e6f10a623922247b131426347,4,2479,100
2,ex2-s5-e1-a1-p08,96cea7ecfc65ba667160e3c4ba1c5edcbd07153e6f10a623922247b131426347,4,2480,100
2,ex2-s5-e1-a1-p08,96cea7ecfc65ba667160e3c4ba1c5edcbd07153e6f10a623922247b131426347,4,2481,100
2,ex2-s5-e1-a1-p08,96cea7ecfc65ba667160e3c4ba1c5edcbd07153e6f10a623922247b131426347,4,2482,0
2,ex2-s5-e1-a1-p08,96cea7ecfc65ba667160e3c4ba1c5edcbd07153e6f10a623922247b131426347,4,2483,100
2,ex2-s5-e1-a1-p08,96cea7ecfc65ba667160e3c4ba1c5edcbd07153e6f10a623922247b131426347,4,2484,100
2,ex2-s5-e1-a1-p08,96cea7ecfc65ba667160e3c4ba1c5edcbd07153e6f10a623922247b131426347,4,2485,100
2,ex2-s5-e1-a1-p08,96cea7ecfc65ba667160e3c4ba1c5edcbd07153e6f10a623922247b131426347,4,2486,100
2,ex2-s5-e1-a1-p08,96cea7ecfc65ba667160e3c4ba1c5edcbd07153e6f10a623922247b131426347,4,2487,0
2,ex2-s5-e1-a1-p08,96cea7ecfc65ba667160e3c4ba1c5edcbd07153e6f10a623922247b131426347,4,2488,100
2,ex2-s5-e1-a1-p08,96cea7ecfc65ba667160e3c4ba1c5edcbd07153e6f10a623922247b131426347,4,2489,100
2,ex2-s5-e1-a1-p08,96cea7ecfc65ba667160e3c4ba1c5edcbd07153e6f10a623922247b131426347,4,2490,100
2,ex2-s5-e1-a1-p08,96cea7ecfc65ba667160e3c4ba1c5edcbd07153e6f10a623922247b131426347,4,2491,100
2,ex2-s5-e1-a1-p08,96cea7ecfc65ba667160e3c4ba1c5edcbd07153e6f10a623922247b131426347,4,2492,100
2,ex2-s5-e1-a1-p08,96cea7ecfc65ba667160e3c4ba1c5edcbd07153e6f10a623922247b131426347,4,2493,0
2,ex2-s5-e1-a1-p08,96cea7ecfc65ba667160e3c4ba1c5edcbd07153e6f10a623922247b131426347,4,2494,100
2,ex2-s5-e1-a1-p08,96cea7ecfc65ba667160e3c4ba1c5edcbd07153e6f10a623922247b131426347,4,2495,100
2,ex2-s5-e1-a1-p08,96cea7ecfc65ba667160e3c4ba1c5edcbd07153e6f10a623922247b131426347,4,2496,100
2,ex2-s5-e1-a1-p08,96cea7ecfc65ba667160e3c4ba1c5edcbd07153e6f10a623922247b131426347,4,2497,100
2,ex2-s5-e1-a1-p08,96cea7ecfc65ba667160e3c4ba1c5edcbd07153e6f10a623922247b131426347,4,2498,100
2,ex2-s5-e1-a1-p08,96cea7ecfc65ba667160e3c4ba1c5edcbd07153e6f10a623922247b131426347,4,2499,0
2,ex2-s5-e1-a1-p08,96cea7ecfc65ba667160e3c4ba1c5edcbd07153e6f10a623922247b131426347,4,2500,100
2,ex2-s5-e1-a1-p08,96cea7ecfc65ba667160e3c4ba1c5edcbd07153e6f10a623922247b131426347,4,2501,100
2,ex2-s5-e1-a1-p08,96cea7ecfc65ba667160e3c4ba1c5edcbd07153e6f10a623922247b131426347,4,2502,100
2,ex2-s5-e1-a1-p08,96cea7ecfc65ba667160e3c4ba1c5edcbd07153e6f10a623922247b131426347,4,2503,100
2,ex2-s5-e1-a1-p08,96cea7ecfc65ba667160e3c4ba1c5edcbd07153e6f10a623922247b131426347,4,2504,0
2,ex2-s5-e1-a1-p08,96cea7ecfc65ba667160e3c4ba1c5edcbd07153e6f10a623922247b131426347,4,2505,100
2,ex2-s5-e1-a1-p08,96cea7ecfc65ba667160e3c4ba1c5edcbd07153e6f10a623922247b131426347,4,2506,100
2,ex2-s5-e1-a1-p08,96cea7ecfc65ba667160e3c4ba1c5edcbd07153e6f10a623922247b131426347,4,2507,100
2,ex2-s5-e1-a1-p08,96cea7ecfc65ba667160e3c4ba1c5edcbd07153e6f10a623922247b131426347,4,2508,100
2,ex2-s5-e1-a1-p08,96cea7ecfc65ba667160e3c4ba1c5edcbd07153e6f10a623922247b131426347,4,2509,100
2,ex2-s5-e1-a1-p08,96cea7ecfc65ba667160e3c4ba1c5edcbd07153e6f10a623922247b131426347,4,2510,0
2,ex2-s5-e1-a1-p08,96cea7ecfc65ba667160e3c4ba1c5edcbd07153e6f10a623922247b131426347,4,2511,100
2,ex2-s5-e1-a1-p08,96cea7ecfc65ba667160e3c4ba1c5edcbd07153e6f10a623922247b131426347,4,2512,100
2,ex2-s5-e1-a1-p08,96cea7ecfc65ba667160e3c4ba1c5edcbd07153e6f10a623922247b131426347,4,2513,100
2,ex2-s5-e1-a1-p08,96cea7ecfc65ba667160e3c4ba1c5edcbd07153e6f10a623922247b131426347,4,2514,100
2,ex2-s5-e1-a1-p08,96cea7ecfc65ba667160e3c4ba1c5edcbd07153e6f10a623922247b131426347,4,2515,0
2,ex2-s5-e1-a1-p08,96cea7ecfc65ba667160e3c4ba1c5edcbd07153e6f10a623922247b131426347,4,2516,100
2,ex2-s5-e1-a1-p08,96cea7ecfc65ba667160e3c4ba1c5edcbd07153e6f10a623922247b131426347,4,2517,100
2,ex2-s5-e1-a1-p08,96cea7ecfc65ba667160e3c4ba1c5edcbd07153e6f10a623922247b131426347,4,2518,100
2,ex2-s5-e1-a1-p08,96cea7ecfc65ba667160e3c4ba1c5edcbd07153e6f10a623922247b131426347,4,2519,100
2,ex2-s5-e1-a1-p08,96cea7ecfc65ba667160e3c4ba1c5edcbd07153e6f10a623922247b131426347,4,2520,100
2,ex2-s5-e1-a1-p08,96cea7ecfc65ba667160e3c4ba1c5edcbd07153e6f10a623922247b131426347,4,2521,0
2,ex2-s5-e1-a1-p08,96cea7ecfc65ba667160e3c4ba1c5edcbd07153e6f10a623922247b131426347,4,2522,100
2,ex2-s5-e1-a1-p08,96cea7ecfc65ba667160e3c4ba1c5edcbd07153e6f10a623922247b131426347,4,2523,100
2,ex2-s5-e1-a1-p08,96cea7ecfc65ba667160e3c4ba1c5edcbd07153e6f10a623922247b131426347,4,2524,100
2,ex2-s5-e1-a1-p08,96cea7ecfc65ba667160e3c4ba1c5edcbd07153e6f10a623922247b131426347,4,2525,100
2,ex2-s5-e1-a1-p08,96cea7ecfc65ba667160e3c4ba1c5edcbd07153e6f10a623922247b131426347,4,2526,100
2,ex2-s5-e1-a1-p08,96cea7ecfc65ba667160e3c4ba1c5edcbd07153e6f10a623922247b131426347,4,2527,0
2,ex2-s5-e1-a1-p08,96cea7ecfc65ba667160e3c4ba1c5edcbd07153e6f10a623922247b131426347,4,2528,100
2,ex2-s5-e1-a1-p08,96cea7ecfc65ba667160e3c4ba1c5edcbd07153e6f10a623922247b131426347,4,2529,100
2,ex2-s5-e1-a1-p08,96cea7ecfc65ba667160e3c4ba1c5edcbd07153e6f10a623922247b131426347,4,2530,100
2,ex2-s5-e1-a1-p08,96cea7ecfc65ba667160e3c4ba1c5edcbd07153e6f10a623922247b131426347,4,2531,100
2,ex2-s5-e1-a1-p08,96cea7ecfc65ba667160e3c4ba1c5edcbd07153e6f10a623922247b131426347,4,2532,0
2,ex2-s5-e1-a1-p08,96cea7ecfc65ba667160e3c4ba1c5edcbd07153e6f10a623922247b131426347,4,2533,100
2,ex2-s5-e1-a1-p08,96cea7ecfc65ba667160e3c4ba1c5edcbd07153e6f10a623922247b131426347,4,2534,100
2,ex2-s5-e1-a1-p08,96cea7ecfc65ba667160e3c4ba1c5edcbd07153e6f10a623922247b131426347,4,2535,100
2,ex2-s5-e1-a1-p08,96cea7ecfc65ba667160e3c4ba1c5edcbd07153e6f10a623922247b131426347,4,2536,100
2,ex2-s5-e1-a1-p08,96cea7ecfc65ba667160e3c4ba1c5edcbd07153e6f10a623922247b131426347,4,2537,100
2,ex2-s5-e1-a1-p08,96cea7ecfc65ba667160e3c4ba1c5edcbd07153e6f10a623922247b131426347,4,2538,0
2,ex2-s5-e1-a1-p08,96cea7ecfc65ba667160e3c4ba1c5edcbd07153e6f10a623922247b131426347,4,2539,100
2,ex2-s5-e1-a1-p08,96cea7ecfc65ba667160e3c4ba1c5edcbd07153e6f10a623922247b131426347,4,2540,100
2,ex2-s5-e1-a1-p08,96cea7ecfc65ba667160e3c4ba1c5edcbd07153e6f10a623922247b131426347,4,2541,100
2,ex2-s5-e1-a1-p08,96cea7ecfc65ba667160e3c4ba1c5edcbd07153e6f10a623922247b131426347,4,2542,100
2,ex2-s5-e1-a1-p08,96cea7ecfc65ba667160e3c4ba1c5edcbd07153e6f10a623922247b131426347,4,2543,100
2,ex2-s5-e1-a1-p08,96cea7ecfc65ba667160e3c4ba1c5edcbd07153e6f10a623922247b131426347,4,2544,0
2,ex2-s5-e1-a1-p08,96cea7ecfc65ba667160e3c4ba1c5edcbd07153e6f10a623922247b131426347,4,2545,100
2,ex2-s5-e1-a1-p08,96cea7ecfc65ba667160e3c4ba1c5edcbd07153e6f10a623922247b131426347,4,2546,100
2,ex2-s5-e1-a1-p08,96cea7ecfc65ba667160e3c4ba1c5edcbd07153e6f10a623922247b131426347,4,2547,100
2,ex2-s5-e1-a1-p08,96cea7ecfc65ba667160e3c4ba1c5edcbd07153e6f10a623922247b131426347,4,2548,100
2,ex2-s5-e1-a1-p08,96cea7ecfc65ba667160e3c4ba1c5edcbd07153e6f10a623922247b131426347,4,2549,0
2,ex2-s5-e1-a1-p08,96cea7ecfc65ba667160e3c4ba1c5edcbd07153e6f10a623922247b131426347,4,2550,100
2,ex2-s5-e1-a1-p08,96cea7ecfc65ba667160e3c4ba1c5edcbd07153e6f10a623922247b131426347,4,2551,100
2,ex2-s5-e1-a1-p08,96cea7ecfc65ba667160e3c4ba1c5edcbd07153e6f10a623922247b131426347,4,2552,100
2,ex2-s5-e1-a1-p08,96cea7ecfc65ba667160e3c4ba1c5edcbd07153e6f10a623922247b131426347,4,2553,100
2,ex2-s5-e1-a1-p08,96cea7ecfc65ba667160e3c4ba1c5edcbd07153e6f10a623922247b131426347,4,2554,100
2,ex2-s5-e1-a1-p08,96cea7ecfc65ba667160e3c4ba1c5edcbd07153e6f10a623922247b131426347,4,2555,0
2,ex2-s5-e1-a1-p08,96cea7ecfc65ba667160e3c4ba1c5edcbd07153e6f10a623922247b131426347,4,2556,100
2,ex2-s5-e1-a1-p08,96cea7ecfc65ba667160e3c4ba1c5edcbd07153e6f10a623922247b131426347,4,2557,100
2,ex2-s5-e1-a1-p08,96cea7ecfc65ba667160e3c4ba1c5edcbd07153e6f10a623922247b131426347,4,2558,100
2,ex2-s5-e1-a1-p08,96cea7ecfc65ba667160e3c4ba1c5edcbd07153e6f10a623922247b131426347,4,2559,100
2,ex2-s5-e1-a1-p08,96cea7ecfc65ba667160e3c4ba1c5edcbd07153e6f10a623922247b131426347,4,2560,0
2,ex2-s5-e1-a1-p08,96cea7ecfc65ba667160e3c4ba1c5edcbd07153e6f10a623922247b131426347,4,2561,100
2,ex2-s5-e1-a1-p08,96cea7ecfc65ba667160e3c4ba1c5edcbd07153e6f10a623922247b131426347,4,2562,100
2,ex2-s5-e1-a1-p08,96cea7ecfc65ba667160e3c4ba1c5edcbd07153e6f10a623922247b131426347,4,2563,100
2,ex2-s5-e1-a1-p08,96cea7ecfc65ba667160e3c4ba1c5edcbd07153e6f10a623922247b131426347,4,2564,100
2,ex2-s5-e1-a1-p08,96cea7ecfc65ba667160e3c4ba1c5edcbd07153e6f10a623922247b131426347,4,2565,100
2,ex2-s5-e1-a1-p08,96cea7ecfc65ba667160e3c4ba1c5edcbd07153e6f10a623922247b131426347,4,2566,0
2,ex2-s5-e1-a1-p08,96cea7ecfc65ba667160e3c4ba1c5edcbd07153e6f10a623922247b131426347,4,2567,100
2,ex2-s5-e1-a1-p08,96cea7ecfc65ba667160e3c4ba1c5edcbd07153e6f10a623922247b131426347,4,2568,100
2,ex2-s5-e1-a1-p08,96cea7ecfc65ba667160e3c4ba1c5edcbd07153e6f10a623922247b131426347,4,2569,100
2,ex2-s5-e1-a1-p08,96cea7ecfc65ba667160e3c4ba1c5edcbd07153e6f10a623922247b131426347,4,2570,100
2,ex2-s5-e1-a1-p08,96cea7ecfc65ba667160e3c4ba1c5edcbd07153e6f10a623922247b131426347,4,2571,0
2,ex2-s5-e1-a1-p08,96cea7ecfc65ba667160e3c4ba1c5edcbd07153e6f10a623922247b131426347,4,2572,100
2,ex2-s5-e1-a1-p08,96cea7ecfc65ba667160e3c4ba1c5edcbd07153e6f10a623922247b131426347,4,2573,100
2,ex2-s5-e1-a1-p08,96cea7ecfc65ba667160e3c4ba1c5edcbd07153e6f10a623922247b131426347,4,2574,100
2,ex2-s5-e1-a1-p08,96cea7ecfc65ba667160e3c4ba1c5edcbd07153e6f10a623922247b131426347,4,2575,100
2,ex2-s5-e1-a1-p08,96cea7ecfc65ba667160e3c4ba1c5edcbd07153e6f10a623922247b131426347,4,2576,100
2,ex2-s5-e1-a1-p08,96cea7ecfc65ba667160e3c4ba1c5edcbd07153e6f10a623922247b131426347,4,2577,0
2,ex2-s5-e1-a1-p08,96cea7ecfc65ba667160e3c4ba1c5edcbd07153e6f10a623922247b131426347,4,2578,100
2,ex2-s5-e1-a1-p08,96cea7ecfc65ba667160e3c4ba1c5edcbd07153e6f10a623922247b131426347,4,2579,100
2,ex2-s5-e1-a1-p08,96cea7ecfc65ba667160e3c4ba1c5edcbd07153e6f10a623922247b131426347,4,2580,100
2,ex2-s5-e1-a1-p08,96cea7ecfc65ba667160e3c4ba1c5edcbd07153e6f10a623922247b131426347,4,2581,100
2,ex2-s5-e1-a1-p08,96cea7ecfc65ba667160e3c4ba1c5edcbd07153e6f10a623922247b131426347,4,2582,0
2,ex2-s5-e1-a1-p08,96cea7ecfc65ba667160e3c4ba1c5edcbd07153e6f10a623922247b131426347,4,2583,100
2,ex2-s5-e1-a1-p08,96cea7ecfc65ba667160e3c4ba1c5edcbd07153e6f10a623922247b131426347,4,2584,100
2,ex2-s5-e1-a1-p08,96cea7ecfc65ba667160e3c4ba1c5edcbd07153e6f10a623922247b131426347,4,2585,100
2,ex2-s5-e1-a1-p08,96cea7ecfc65ba667160e3c4ba1c5edcbd07153e6f10a623922247b131426347,4,2586,100
2,ex2-s5-e1-a1-p08,96cea7ecfc65ba667160e3c4ba1c5edcbd07153e6f10a623922247b131426347,4,2587,100
2,ex2-s5-e1-a1-p08,96cea7ecfc65ba667160e3c4ba1c5edcbd07153e6f10a623922247b131426347,4,2588,0
2,ex2-s5-e1-a1-p08,96cea7ecfc65ba667160e3c4ba1c5edcbd07153e6f10a623922247b131426347,4,2589,100
2,ex2-s5-e1-a1-p08,96cea7ecfc65ba667160e3c4ba1c5edcbd07153e6f10a623922247b131426347,4,2590,100
2,ex2-s5-e1-a1-p08,96cea7ecfc65ba667160e3c4ba1c5edcbd07153e6f10a623922247b131426347,4,2591,100
2,ex2-s5-e1-a1-p08,96cea7ecfc65ba667160e3c4ba1c5edcbd07153e6f10a623922247b131426347,4,2592,100
2,ex2-s5-e1-a1-p08,96cea7ecfc65ba667160e3c4ba1c5edcbd07153e6f10a623922247b131426347,4,2593,0
2,ex2-s5-e1-a1-p08,96cea7ecfc65ba667160e3c4ba1c5edcbd07153e6f10a623922247b131426347,4,2594,100
2,ex2-s5-e1-a1-p08,96cea7ecfc65ba667160e3c4ba1c5edcbd07153e6f10a623922247b131426347,4,2595,100
2,ex2-s5-e1-a1-p08,96cea7ecfc65ba667160e3c4ba1c5edcbd07153e6f10a623922247b131426347,4,2596,100
2,ex2-s5-e1-a1-p08,96cea7ecfc65ba667160e3c4ba1c5edcbd07153e6f10a623922247b131426347,4,2597,100
2,ex2-s5-e1-a1-p08,96cea7ecfc65ba667160e3c4ba1c5edcbd07153e6f10a623922247b131426347,4,2598,100
2,ex2-s5-e1-a1-p08,96cea7ecfc65ba667160e3c4ba1c5edcbd07153e6f10a623922247b131426347,4,2599,0
2,ex2-s5-e1-a1-p08,96cea7ecfc65ba667160e3c4ba1c5edcbd07153e6f10a623922247b131426347,4,2600,100
2,ex2-s5-e1-a1-p08,96cea7ecfc65ba667160e3c4ba1c5edcbd07153e6f10a623922247b131426347,4,2601,100
2,ex2-s5-e1-a1-p08,96cea7ecfc65ba667160e3c4ba1c5edcbd07153e6f10a623922247b131426347,4,2602,100
2,ex2-s5-e1-a1-p08,96cea7ecfc65ba667160e3c4ba1c5edcbd07153e6f10a623922247b131426347,4,2603,100
2,ex2-s5-e1-a1-p08,96cea7ecfc65ba667160e3c4ba1c5edcbd07153e6f10a623922247b131426347,4,2604,100
2,ex2-s5-e1-a1-p08,96cea7ecfc65ba667160e3c4ba1c5edcbd07153e6f10a623922247b131426347,4,2605,0
2,ex2-s5-e1-a1-p08,96cea7ecfc65ba667160e3c4ba1c5edcbd07153e6f10a623922247b131426347,4,2606,100
2,ex2-s5-e1-a1-p08,96cea7ecfc65ba667160e3c4ba1c5edcbd07153e6f10a623922247b131426347,4,2607,100
2,ex2-s5-e1-a1-p08,96cea7ecfc65ba667160e3c4ba1c5edcbd07153e6f10a623922247b131426347,4,2608,100
2,ex2-s5-e1-a1-p08,96cea7ecfc65ba667160e3c4ba1c5edcbd07153e6f10a623922247b131426347,4,2609,100
2,ex2-s5-e1-a1-p08,96cea7ecfc65ba667160e3c4ba1c5edcbd07153e6f10a623922247b131426347,4,2610,0
2,ex2-s5-e1-a1-p08,96cea7ecfc65ba667160e3c4ba1c5edcbd07153e6f10a623922247b131426347,4,2611,100
2,ex2-s5-e1-a1-p08,96cea7ecfc65ba667160e3c4ba1c5edcbd07153e6f10a623922247b131426347,4,2612,100
2,ex2-s5-e1-a1-p08,96cea7ecfc65ba667160e3c4ba1c5edcbd07153e6f10a623922247b131426347,4,2613,100
2,ex2-s5-e1-a1-p08,96cea7ecfc65ba667160e3c4ba1c5edcbd07153e6f10a623922247b131426347,4,2614,100
2,ex2-s5-e1-a1-p08,96cea7ecfc65ba667160e3c4ba1c5edcbd07153e6f10a623922247b131426347,4,2615,100
2,ex2-s5-e1-a1-p08,96cea7ecfc65ba667160e3c4ba1c5edcbd07153e6f10a623922247b131426347,4,2616,0
2,ex2-s5-e1-a1-p08,96cea7ecfc65ba667160e3c4ba1c5edcbd07153e6f10a623922247b131426347,4,2617,100
2,ex2-s5-e1-a1-p08,96cea7ecfc65ba667160e3c4ba1c5edcbd07153e6f10a623922247b131426347,4,2618,100
2,ex2-s5-e1-a1-p08,96cea7ecfc65ba667160e3c4ba1c5edcbd07153e6f10a623922247b131426347,4,2619,100
2,ex2-s5-e1-a1-p08,96cea7ecfc65ba667160e3c4ba1c5edcbd07153e6f10a623922247b131426347,4,2620,100
2,ex2-s5-e1-a1-p08,96cea7ecfc65ba667160e3c4ba1c5edcbd07153e6f10a623922247b131426347,4,2621,0
2,ex2-s5-e1-a1-p08,96cea7ecfc65ba667160e3c4ba1c5edcbd07153e6f10a623922247b131426347,4,2622,100
2,ex2-s5-e1-a1-p08,96cea7ecfc65ba667160e3c4ba1c5edcbd07153e6f10a623922247b131426347,4,2623,100
2,ex2-s5-e1-a1-p08,96cea7ecfc65ba667160e3c4ba1c5edcbd07153e6f10a623922247b131426347,4,2624,100
2,ex2-s5-e1-a1-p08,96cea7ecfc65ba667160e3c4ba1c5edcbd07153e6f10a623922247b131426347,4,2625,100
2,ex2-s5-e1-a1-p08,96cea7ecfc65ba667160e3c4ba1c5edcbd07153e6f10a623922247b131426347,4,2626,100
2,ex2-s5-e1-a1-p08,96cea7ecfc65ba667160e3c4ba1c5edcbd07153e6f10a623922247b131426347,4,2627,0
2,ex2-s5-e1-a1-p08,96cea7ecfc65ba667160e3c4ba1c5edcbd07153e6f10a623922247b131426347,4,2628,100
2,ex2-s5-e1-a1-p08,96cea7ecfc65ba667160e3c4ba1c5edcbd07153e6f10a623922247b131426347,4,2629,100
2,ex2-s5-e1-a1-p08,96cea7ecfc65ba667160e3c4ba1c5edcbd07153e6f10a623922247b131426347,4,2630,100
2,ex2-s5-e1-a1-p08,96cea7ecfc65ba667160e3c4ba1c5edcbd07153e6f10a623922247b131426347,4,2631,100
2,ex2-s5-e1-a1-p08,96cea7ecfc65ba667160e3c4ba1c5edcbd07153e6f10a623922247b131426347,4,2632,100
2,ex2-s5-e1-a1-p08,96cea7ecfc65ba667160e3c4ba1c5edcbd07153e6f10a623922247b131426347,4,2633,100
2,ex2-s5-e1-a1-p08,96cea7ecfc65ba667160e3c4ba1c5edcbd07153e6f10a623922247b131426347,4,2634,100
2,ex2-s5-e1-a1-p08,96cea7ecfc65ba667160e3c4ba1c5edcbd07153e6f10a623922247b131426347,4,2635,0
2,ex2-s5-e1-a1-p08,96cea7ecfc65ba667160e3c4ba1c5edcbd07153e6f10a623922247b131426347,4,2636,100
2,ex2-s5-e1-a1-p08,96cea7ecfc65ba667160e3c4ba1c5edcbd07153e6f10a623922247b131426347,4,2637,100
2,ex2-s5-e1-a1-p08,96cea7ecfc65ba667160e3c4ba1c5edcbd07153e6f10a623922247b131426347,4,2638,100
2,ex2-s5-e1-a1-p08,96cea7ecfc65ba667160e3c4ba1c5edcbd07153e6f10a623922247b131426347,4,2639,100
2,ex2-s5-e1-a1-p08,96cea7ecfc65ba667160e3c4ba1c5edcbd07153e6f10a623922247b131426347,4,2640,0
2,ex2-s5-e1-a1-p08,96cea7ecfc65ba667160e3c4ba1c5edcbd07153e6f10a623922247b131426347,4,2641,100
2,ex2-s5-e1-a1-p08,96cea7ecfc65ba667160e3c4ba1c5edcbd07153e6f10a623922247b131426347,4,2642,100
2,ex2-s5-e1-a1-p08,96cea7ecfc65ba667160e3c4ba1c5edcbd07153e6f10a623922247b131426347,4,2643,100
2,ex2-s5-e1-a1-p08,96cea7ecfc65ba667160e3c4ba1c5edcbd07153e6f10a623922247b131426347,4,2644,100
2,ex2-s5-e1-a1-p08,96cea7ecfc65ba667160e3c4ba1c5edcbd07153e6f10a623922247b131426347,4,2645,100
2,ex2-s5-e1-a1-p08,96cea7ecfc65ba667160e3c4ba1c5edcbd07153e6f10a623922247b131426347,4,2646,0
2,ex2-s5-e1-a1-p08,96cea7ecfc65ba667160e3c4ba1c5edcbd07153e6f10a623922247b131426347,4,2647,100
2,ex2-s5-e1-a1-p08,96cea7ecfc65ba667160e3c4ba1c5edcbd07153e6f10a623922247b131426347,4,2648,100
2,ex2-s5-e1-a1-p08,96cea7ecfc65ba667160e3c4ba1c5edcbd07153e6f10a623922247b131426347,4,2649,100
2,ex2-s5-e1-a1-p08,96cea7ecfc65ba667160e3c4ba1c5edcbd07153e6f10a623922247b131426347,4,2650,100
2,ex2-s5-e1-a1-p08,96cea7ecfc65ba667160e3c4ba1c5edcbd07153e6f10a623922247b131426347,4,2651,0
2,ex2-s5-e1-a1-p08,96cea7ecfc65ba667160e3c4ba1c5edcbd07153e6f10a623922247b131426347,4,2652,100
2,ex2-s5-e1-a1-p08,96cea7ecfc65ba667160e3c4ba1c5edcbd07153e6f10a623922247b131426347,4,2653,100
2,ex2-s5-e1-a1-p08,96cea7ecfc65ba667160e3c4ba1c5edcbd07153e6f10a623922247b131426347,4,2654,100
2,ex2-s5-e1-a1-p08,96cea7ecfc65ba667160e3c4ba1c5edcbd07153e6f10a623922247b131426347,4,2655,100
2,ex2-s5-e1-a1-p08,96cea7ecfc65ba667160e3c4ba1c5edcbd07153e6f10a623922247b131426347,4,2656,100
2,ex2-s5-e1-a1-p08,96cea7ecfc65ba667160e3c4ba1c5edcbd07153e6f10a623922247b131426347,4,2657,0
2,ex2-s5-e1-a1-p08,96cea7ecfc65ba667160e3c4ba1c5edcbd07153e6f10a623922247b131426347,4,2658,100
2,ex2-s5-e1-a1-p08,96cea7ecfc65ba667160e3c4ba1c5edcbd07153e6f10a623922247b131426347,4,2659,100
2,ex2-s5-e1-a1-p08,96cea7ecfc65ba667160e3c4ba1c5edcbd07153e6f10a623922247b131426347,4,2660,100
2,ex2-s5-e1-a1-p08,96cea7ecfc65ba667160e3c4ba1c5edcbd07153e6f10a623922247b131426347,4,2661,100
2,ex2-s5-e1-a1-p08,96cea7ecfc65ba667160e3c4ba1c5edcbd07153e6f10a623922247b131426347,4,2662,0
2,ex2-s5-e1-a1-p08,96cea7ecfc65ba667160e3c4ba1c5edcbd07153e6f10a623922247b131426347,4,2663,100
2,ex2-s5-e1-a1-p08,96cea7ecfc65ba667160e3c4ba1c5edcbd07153e6f10a623922247b131426347,4,2664,100
2,ex2-s5-e1-a1-p08,96cea7ecfc65ba667160e3c4ba1c5edcbd07153e6f10a623922247b131426347,4,2665,100
2,ex2-s5-e1-a1-p08,96cea7ecfc65ba667160e3c4ba1c5edcbd07153e6f10a623922247b131426347,4,2666,100
2,ex2-s5-e1-a1-p08,96cea7ecfc65ba667160e3c4ba1c5edcbd07153e6f10a623922247b131426347,4,2667,100
2,ex2-s5-e1-a1-p08,96cea7ecfc65ba667160e3c4ba1c5edcbd07153e6f10a623922247b131426347,4,2668,0
2,ex2-s5-e1-a1-p08,96cea7ecfc65ba667160e3c4ba1c5edcbd07153e6f10a623922247b131426347,4,2669,100
2,ex2-s5-e1-a1-p08,96cea7ecfc65ba667160e3c4ba1c5edcbd07153e6f10a623922247b131426347,4,2670,100
2,ex2-s5-e1-a1-p08,96cea7ecfc65ba667160e3c4ba1c5edcbd07153e6f10a623922247b131426347,4,2671,100
2,ex2-s5-e1-a1-p08,96cea7ecfc65ba667160e3c4ba1c5edcbd07153e6f10a623922247b131426347,4,2672,100
2,ex2-s5-e1-a1-p08,96cea7ecfc65ba667160e3c4ba1c5edcbd07153e6f10a623922247b131426347,4,2673,0
2,ex2-s5-e1-a1-p08,96cea7ecfc65ba667160e3c4ba1c5edcbd07153e6f10a623922247b131426347,4,2674,100
2,ex2-s5-e1-a1-p08,96cea7ecfc65ba667160e3c4ba1c5edcbd07153e6f10a623922247b131426347,4,2675,100
2,ex2-s5-e1-a1-p08,96cea7ecfc65ba667160e3c4ba1c5edcbd07153e6f10a623922247b131426347,4,2676,100
2,ex2-s5-e1-a1-p08,96cea7ecfc65ba667160e3c4ba1c5edcbd07153e6f10a623922247b131426347,4,2677,100
2,ex2-s5-e1-a1-p08,96cea7ecfc65ba667160e3c4ba1c5edcbd07153e6f10a623922247b131426347,4,2678,100
2,ex2-s5-e1-a1-p08,96cea7ecfc65ba667160e3c4ba1c5edcbd07153e6f10a623922247b131426347,4,2679,0
2,ex2-s5-e1-a1-p08,96cea7ecfc65ba667160e3c4ba1c5edcbd07153e6f10a623922247b131426347,4,2680,100
2,ex2-s5-e1-a1-p08,96cea7ecfc65ba667160e3c4ba1c5edcbd07153e6f10a623922247b131426347,4,2681,100
2,ex2-s5-e1-a1-p08,96cea7ecfc65ba667160e3c4ba1c5edcbd07153e6f10a623922247b131426347,4,2682,100
2,ex2-s5-e1-a1-p08,96cea7ecfc65ba667160e3c4ba1c5edcbd07153e6f10a623922247b131426347,4,2683,100
2,ex2-s5-e1-a1-p08,96cea7ecfc65ba667160e3c4ba1c5edcbd07153e6f10a623922247b131426347,4,2684,0
2,ex2-s5-e1-a1-p08,96cea7ecfc65ba667160e3c4ba1c5edcbd07153e6f10a623922247b131426347,4,2685,100
2,ex2-s5-e1-a1-p08,96cea7ecfc65ba667160e3c4ba1c5edcbd07153e6f10a623922247b131426347,4,2686,100
2,ex2-s5-e1-a1-p08,96cea7ecfc65ba667160e3c4ba1c5edcbd07153e6f10a623922247b131426347,4,2687,100
2,ex2-s5-e1-a1-p08,96cea7ecfc65ba667160e3c4ba1c5edcbd07153e6f10a623922247b131426347,4,2688,100
2,ex2-s5-e1-a1-p08,96cea7ecfc65ba667160e3c4ba1c5edcbd07153e6f10a623922247b131426347,4,2689,100
2,ex2-s5-e1-a1-p08,96cea7ecfc65ba667160e3c4ba1c5edcbd07153e6f10a623922247b131426347,4,2690,0
2,ex2-s5-e1-a1-p08,96cea7ecfc65ba667160e3c4ba1c5edcbd07153e6f10a623922247b131426347,4,2691,100
2,ex2-s5-e1-a1-p08,96cea7ecfc65ba667160e3c4ba1c5edcbd07153e6f10a623922247b131426347,4,2692,100
2,ex2-s5-e1-a1-p08,96cea7ecfc65ba667160e3c4ba1c5edcbd07153e6f10a623922247b131426347,4,2693,100
2,ex2-s5-e1-a1-p08,96cea7ecfc65ba667160e3c4ba1c5edcbd07153e6f10a623922247b131426347,4,2694,100
2,ex2-s5-e1-a1-p08,96cea7ecfc65ba667160e3c4ba1c5edcbd07153e6f10a623922247b131426347,4,2695,0
2,ex2-s5-e1-a1-p08,96cea7ecfc65ba667160e3c4ba1c5edcbd07153e6f10a623922247b131426347,4,2696,100
2,ex2-s5-e1-a1-p08,96cea7ecfc65ba667160e3c4ba1c5edcbd07153e6f10a623922247b131426347,4,2697,100
2,ex2-s5-e1-a1-p08,96cea7ecfc65ba667160e3c4ba1c5edcbd07153e6f10a623922247b131426347,4,2698,100
2,ex2-s5-e1-a1-p08,96cea7ecfc65ba667160e3c4ba1c5edcbd07153e6f10a623922247b131426347,4,2699,100
2,ex2-s5-e1-a1-p08,96cea7ecfc65ba667160e3c4ba1c5edcbd07153e6f10a623922247b131426347,4,2700,100
2,ex2-s5-e1-a1-p08,96cea7ecfc65ba667160e3c4ba1c5edcbd07153e6f10a623922247b131426347,4,2701,0
2,ex2-s5-e1-a1-p08,96cea7ecfc65ba667160e3c4ba1c5edcbd07153e6f10a623922247b131426347,4,2702,100
2,ex2-s5-e1-a1-p08,96cea7ecfc65ba667160e3c4ba1c5edcbd07153e6f10a623922247b131426347,4,2703,100
2,ex2-s5-e1-a1-p08,96cea7ecfc65ba667160e3c4ba1c5edcbd07153e6f10a623922247b131426347,4,2704,100
2,ex2-s5-e1-a1-p08,96cea7ecfc65ba667160e3c4ba1c5edcbd07153e6f10a623922247b131426347,4,2705,100
2,ex2-s5-e1-a1-p08,96cea7ecfc65ba667160e3c4ba1c5edcbd07153e6f10a623922247b131426347,4,2706,0
2,ex2-s5-e1-a1-p08,96cea7ecfc65ba667160e3c4ba1c5edcbd07153e6f10a623922247b131426347,4,2707,100
2,ex2-s5-e1-a1-p08,96cea7ecfc65ba667160e3c4ba1c5edcbd07153e6f10a623922247b131426347,4,2708,100
2,ex2-s5-e1-a1-p08,96cea7ecfc65ba667160e3c4ba1c5edcbd07153e6f10a623922247b131426347,4,2709,100
2,ex2-s5-e1-a1-p08,96cea7ecfc65ba667160e3c4ba1c5edcbd07153e6f10a623922247b131426347,4,2710,100
2,ex2-s5-e1-a1-p08,96cea7ecfc65ba667160e3c4ba1c5edcbd07153e6f10a623922247b131426347,4,2711,100
2,ex2-s5-e1-a1-p08,96cea7ecfc65ba667160e3c4ba1c5edcbd07153e6f10a623922247b131426347,4,2712,0
2,ex2-s5-e1-a1-p08,96cea7ecfc65ba667160e3c4ba1c5edcbd07153e6f10a623922247b131426347,4,2713,100
2,ex2-s5-e1-a1-p08,96cea7ecfc65ba667160e3c4ba1c5edcbd07153e6f10a623922247b131426347,4,2714,100
2,ex2-s5-e1-a1-p08,96cea7ecfc65ba667160e3c4ba1c5edcbd07153e6f10a623922247b131426347,4,2715,100
2,ex2-s5-e1-a1-p08,96cea7ecfc65ba667160e3c4ba1c5edcbd07153e6f10a623922247b131426347,4,2716,100
2,ex2-s5-e1-a1-p08,96cea7ecfc65ba667160e3c4ba1c5edcbd07153e6f10a623922247b131426347,4,2717,100
2,ex2-s5-e1-a1-p08,96cea7ecfc65ba667160e3c4ba1c5edcbd07153e6f10a623922247b131426347,4,2718,0
2,ex2-s5-e1-a1-p08,96cea7ecfc65ba667160e3c4ba1c5edcbd07153e6f10a623922247b131426347,4,2719,100
2,ex2-s5-e1-a1-p08,96cea7ecfc65ba667160e3c4ba1c5edcbd07153e6f10a623922247b131426347,4,2720,100
2,ex2-s5-e1-a1-p08,96cea7ecfc65ba667160e3c4ba1c5edcbd07153e6f10a623922247b131426347,4,2721,100
2,ex2-s5-e1-a1-p08,96cea7ecfc65ba667160e3c4ba1c5edcbd07153e6f10a623922247b131426347,4,2722,100
2,ex2-s5-e1-a1-p08,96cea7ecfc65ba667160e3c4ba1c5edcbd07153e6f10a623922247b131426347,4,2723,0
2,ex2-s5-e1-a1-p08,96cea7ecfc65ba667160e3c4ba1c5edcbd07153e6f10a623922247b131426347,4,2724,100
2,ex2-s5-e1-a1-p08,96cea7ecfc65ba667160e3c4ba1c5edcbd07153e6f10a623922247b131426347,4,2725,100
2,ex2-s5-e1-a1-p08,96cea7ecfc65ba667160e3c4ba1c5edcbd07153e6f10a623922247b131426347,4,2726,100
2,ex2-s5-e1-a1-p08,96cea7ecfc65ba667160e3c4ba1c5edcbd07153e6f10a623922247b131426347,4,2727,100
2,ex2-s5-e1-a1-p08,96cea7ecfc65ba667160e3c4ba1c5edcbd07153e6f10a623922247b131426347,4,2728,0
2,ex2-s5-e1-a1-p08,96cea7ecfc65ba667160e3c4ba1c5edcbd07153e6f10a623922247b131426347,4,2729,100
2,ex2-s5-e1-a1-p08,96cea7ecfc65ba667160e3c4ba1c5edcbd07153e6f10a623922247b131426347,4,2730,100
2,ex2-s5-e1-a1-p08,96cea7ecfc65ba667160e3c4ba1c5edcbd07153e6f10a623922247b131426347,4,2731,100
2,ex2-s5-e1-a1-p08,96cea7ecfc65ba667160e3c4ba1c5edcbd07153e6f10a623922247b131426347,4,2732,100
2,ex2-s5-e1-a1-p08,96cea7ecfc65ba667160e3c4ba1c5edcbd07153e6f10a623922247b131426347,4,2733,100
2,ex2-s5-e1-a1-p08,96cea7ecfc65ba667160e3c4ba1c5edcbd07153e6f10a623922247b131426347,4,2734,0
2,ex2-s5-e1-a1-p08,96cea7ecfc65ba667160e3c4ba1c5edcbd07153e6f10a623922247b131426347,4,2735,100
2,ex2-s5-e1-a1-p08,96cea7ecfc65ba667160e3c4ba1c5edcbd07153e6f10a623922247b131426347,4,2736,100
2,ex2-s5-e1-a1-p08,96cea7ecfc65ba667160e3c4ba1c5edcbd07153e6f10a623922247b131426347,4,2737,100
2,ex2-s5-e1-a1-p08,96cea7ecfc65ba667160e3c4ba1c5edcbd07153e6f10a623922247b131426347,4,2738,100
2,ex2-s5-e1-a1-p08,96cea7ecfc65ba667160e3c4ba1c5edcbd07153e6f10a623922247b131426347,4,2739,100
2,ex2-s5-e1-a1-p08,96cea7ecfc65ba667160e3c4ba1c5edcbd07153e6f10a623922247b131426347,4,2740,0
2,ex2-s5-e1-a1-p08,96cea7ecfc65ba667160e3c4ba1c5edcbd07153e6f10a623922247b131426347,4,2741,100
2,ex2-s5-e1-a1-p08,96cea7ecfc65ba667160e3c4ba1c5edcbd07153e6f10a623922247b131426347,4,2742,100
2,ex2-s5-e1-a1-p08,96cea7ecfc65ba667160e3c4ba1c5edcbd07153e6f10a623922247b131426347,4,2743,100
2,ex2-s5-e1-a1-p08,96cea7ecfc65ba667160e3c4ba1c5edcbd07153e6f10a623922247b131426347,4,2744,100
2,ex2-s5-e1-a1-p08,96cea7ecfc65ba667160e3c4ba1c5edcbd07153e6f10a623922247b131426347,4,2745,0
2,ex2-s5-e1-a1-p08,96cea7ecfc65ba667160e3c4ba1c5edcbd07153e6f10a623922247b131426347,4,2746,100
2,ex2-s5-e1-a1-p08,96cea7ecfc65ba667160e3c4ba1c5edcbd07153e6f10a623922247b131426347,4,2747,100
2,ex2-s5-e1-a1-p08,96cea7ecfc65ba667160e3c4ba1c5edcbd07153e6f10a623922247b131426347,4,2748,100
2,ex2-s5-e1-a1-p08,96cea7ecfc65ba667160e3c4ba1c5edcbd07153e6f10a623922247b131426347,4,2749,100
2,ex2-s5-e1-a1-p08,96cea7ecfc65ba667160e3c4ba1c5edcbd07153e6f10a623922247b131426347,4,2750,100
2,ex2-s5-e1-a1-p08,96cea7ecfc65ba667160e3c4ba1c5edcbd07153e6f10a623922247b131426347,4,2751,0
2,ex2-s5-e1-a1-p08,96cea7ecfc65ba667160e3c4ba1c5edcbd07153e6f10a623922247b131426347,4,2752,100
2,ex2-s5-e1-a1-p08,96cea7ecfc65ba667160e3c4ba1c5edcbd07153e6f10a623922247b131426347,4,2753,100
2,ex2-s5-e1-a1-p08,96cea7ecfc65ba667160e3c4ba1c5edcbd07153e6f10a623922247b131426347,4,2754,100
2,ex2-s5-e1-a1-p08,96cea7ecfc65ba667160e3c4ba1c5edcbd07153e6f10a623922247b131426347,4,2755,100
2,ex2-s5-e1-a1-p08,96cea7ecfc65ba667160e3c4ba1c5edcbd07153e6f10a623922247b131426347,4,2756,0
2,ex2-s5-e1-a1-p08,96cea7ecfc65ba667160e3c4ba1c5edcbd07153e6f10a623922247b131426347,4,2757,100
2,ex2-s5-e1-a1-p08,96cea7ecfc65ba667160e3c4ba1c5edcbd07153e6f10a623922247b131426347,4,2758,100
2,ex2-s5-e1-a1-p08,96cea7ecfc65ba667160e3c4ba1c5edcbd07153e6f10a623922247b131426347,4,2759,100
2,ex2-s5-e1-a1-p08,96cea7ecfc65ba667160e3c4ba1c5edcbd07153e6f10a623922247b131426347,4,2760,100
2,ex2-s5-e1-a1-p08,96cea7ecfc65ba667160e3c4ba1c5edcbd07153e6f10a623922247b131426347,4,2761,100
2,ex2-s5-e1-a1-p08,96cea7ecfc65ba667160e3c4ba1c5edcbd07153e6f10a623922247b131426347,4,2762,0
2,ex2-s5-e1-a1-p08,96cea7ecfc65ba667160e3c4ba1c5edcbd07153e6f10a623922247b131426347,4,2763,100
2,ex2-s5-e1-a1-p08,96cea7ecfc65ba667160e3c4ba1c5edcbd07153e6f10a623922247b131426347,4,2764,100
2,ex2-s5-e1-a1-p08,96cea7ecfc65ba667160e3c4ba1c5edcbd07153e6f10a623922247b131426347,4,2765,100
2,ex2-s5-e1-a1-p08,96cea7ecfc65ba667160e3c4ba1c5edcbd07153e6f10a623922247b131426347,4,2766,100
2,ex2-s5-e1-a1-p08,96cea7ecfc65ba667160e3c4ba1c5edcbd07153e6f10a623922247b131426347,4,2767,100
2,ex2-s5-e1-a1-p08,96cea7ecfc65ba667160e3c4ba1c5edcbd07153e6f10a623922247b131426347,4,2768,0
2,ex2-s5-e1-a1-p08,96cea7ecfc65ba667160e3c4ba1c5edcbd07153e6f10a623922247b131426347,4,2769,100
2,ex2-s5-e1-a1-p08,96cea7ecfc65ba667160e3c4ba1c5edcbd07153e6f10a623922247b131426347,4,2770,100
2,ex2-s5-e1-a1-p08,96cea7ecfc65ba667160e3c4ba1c5edcbd07153e6f10a623922247b131426347,4,2771,100
2,ex2-s5-e1-a1-p08,96cea7ecfc65ba667160e3c4ba1c5edcbd07153e6f10a623922247b131426347,4,2772,100
2,ex2-s5-e1-a1-p08,96cea7ecfc65ba667160e3c4ba1c5edcbd07153e6f10a623922247b131426347,4,2773,0
2,ex2-s5-e1-a1-p08,96cea7ecfc65ba667160e3c4ba1c5edcbd07153e6f10a623922247b131426347,4,2774,100
2,ex2-s5-e1-a1-p08,96cea7ecfc65ba667160e3c4ba1c5edcbd07153e6f10a623922247b131426347,4,2775,100
2,ex2-s5-e1-a1-p08,96cea7ecfc65ba667160e3c4ba1c5edcbd07153e6f10a623922247b131426347,4,2776,100
2,ex2-s5-e1-a1-p08,96cea7ecfc65ba667160e3c4ba1c5edcbd07153e6f10a623922247b131426347,4,2777,100
2,ex2-s5-e1-a1-p08,96cea7ecfc65ba667160e3c4ba1c5edcbd07153e6f10a623922247b131426347,4,2778,100
2,ex2-s5-e1-a1-p08,96cea7ecfc65ba667160e3c4ba1c5edcbd07153e6f10a623922247b131426347,4,2779,0
2,ex2-s5-e1-a1-p08,96cea7ecfc65ba667160e3c4ba1c5edcbd07153e6f10a623922247b131426347,4,2780,100
2,ex2-s5-e1-a1-p08,96cea7ecfc65ba667160e3c4ba1c5edcbd07153e6f10a623922247b131426347,4,2781,100
2,ex2-s5-e1-a1-p08,96cea7ecfc65ba667160e3c4ba1c5edcbd07153e6f10a623922247b131426347,4,2782,100
2,ex2-s5-e1-a1-p08,96cea7ecfc65ba667160e3c4ba1c5edcbd07153e6f10a623922247b131426347,4,2783,100
2,ex2-s5-e1-a1-p08,96cea7ecfc65ba667160e3c4ba1c5edcbd07153e6f10a623922247b131426347,4,2784,0
2,ex2-s5-e1-a1-p08,96cea7ecfc65ba667160e3c4ba1c5edcbd07153e6f10a623922247b131426347,4,2785,100
2,ex2-s5-e1-a1-p08,96cea7ecfc65ba667160e3c4ba1c5edcbd07153e6f10a623922247b131426347,4,2786,100
2,ex2-s5-e1-a1-p08,96cea7ecfc65ba667160e3c4ba1c5edcbd07153e6f10a623922247b131426347,4,2787,100
2,ex2-s5-e1-a1-p08,96cea7ecfc65ba667160e3c4ba1c5edcbd07153e6f10a623922247b131426347,4,2788,100
2,ex2-s5-e1-a1-p08,96cea7ecfc65ba667160e3c4ba1c5edcbd07153e6f10a623922247b131426347,4,2789,100
2,ex2-s5-e1-a1-p08,96cea7ecfc65ba667160e3c4ba1c5edcbd07153e6f10a623922247b131426347,4,2790,0
2,ex2-s5-e1-a1-p08,96cea7ecfc65ba667160e3c4ba1c5edcbd07153e6f10a623922247b131426347,4,2791,100
2,ex2-s5-e1-a1-p08,96cea7ecfc65ba667160e3c4ba1c5edcbd07153e6f10a623922247b131426347,4,2792,100
2,ex2-s5-e1-a1-p08,96cea7ecfc65ba667160e3c4ba1c5edcbd07153e6f10a623922247b131426347,4,2793,100
2,ex2-s5-e1-a1-p08,96cea7ecfc65ba667160e3c4ba1c5edcbd07153e6f10a623922247b131426347,4,2794,100
2,ex2-s5-e1-a1-p08,96cea7ecfc65ba667160e3c4ba1c5edcbd07153e6f10a623922247b131426347,4,2795,0
2,ex2-s5-e1-a1-p08,96cea7ecfc65ba667160e3c4ba1c5edcbd07153e6f10a623922247b131426347,4,2796,100
2,ex2-s5-e1-a1-p08,96cea7ecfc65ba667160e3c4ba1c5edcbd07153e6f10a623922247b131426347,4,2797,100
2,ex2-s5-e1-a1-p08,96cea7ecfc65ba667160e3c4ba1c5edcbd07153e6f10a623922247b131426347,4,2798,100
2,ex2-s5-e1-a1-p08,96cea7ecfc65ba667160e3c4ba1c5edcbd07153e6f10a623922247b131426347,4,2799,100
2,ex2-s5-e1-a1-p08,96cea7ecfc65ba667160e3c4ba1c5edcbd07153e6f10a623922247b131426347,4,2800,100
2,ex2-s5-e1-a1-p08,96cea7ecfc65ba667160e3c4ba1c5edcbd07153e6f10a623922247b131426347,4,2801,0
2,ex2-s5-e1-a1-p08,96cea7ecfc65ba667160e3c4ba1c5edcbd07153e6f10a623922247b131426347,4,2802,100
2,ex2-s5-e1-a1-p08,96cea7ecfc65ba667160e3c4ba1c5edcbd07153e6f10a623922247b131426347,4,2803,100
2,ex2-s5-e1-a1-p08,96cea7ecfc65ba667160e3c4ba1c5edcbd07153e6f10a623922247b131426347,4,2804,100
2,ex2-s5-e1-a1-p08,96cea7ecfc65ba667160e3c4ba1c5edcbd07153e6f10a623922247b131426347,4,2805,100
2,ex2-s5-e1-a1-p08,96cea7ecfc65ba667160e3c4ba1c5edcbd07153e6f10a623922247b131426347,4,2806,100
2,ex2-s5-e1-a1-p08,96cea7ecfc65ba667160e3c4ba1c5edcbd07153e6f10a623922247b131426347,4,2807,0
2,ex2-s5-e1-a1-p08,96cea7ecfc65ba667160e3c4ba1c5edcbd07153e6f10a623922247b131426347,4,2808,100
2,ex2-s5-e1-a1-p08,96cea7ecfc65ba667160e3c4ba1c5edcbd07153e6f10a623922247b131426347,4,2809,100
2,ex2-s5-e1-a1-p08,96cea7ecfc65ba667160e3c4ba1c5edcbd07153e6f10a623922247b131426347,4,2810,100
2,ex2-s5-e1-a1-p08,96cea7ecfc65ba667160e3c4ba1c5edcbd07153e6f10a623922247b131426347,4,2811,100
2,ex2-s5-e1-a1-p08,96cea7ecfc65ba667160e3c4ba1c5edcbd07153e6f10a623922247b131426347,4,2812,0
2,ex2-s5-e1-a1-p08,96cea7ecfc65ba667160e3c4ba1c5edcbd07153e6f10a623922247b131426347,4,2813,100
2,ex2-s5-e1-a1-p08,96cea7ecfc65ba667160e3c4ba1c5edcbd07153e6f10a623922247b131426347,4,2814,100
2,ex2-s5-e1-a1-p08,96cea7ecfc65ba667160e3c4ba1c5edcbd07153e6f10a623922247b131426347,4,2815,100
2,ex2-s5-e1-a1-p08,96cea7ecfc65ba667160e3c4ba1c5edcbd07153e6f10a623922247b131426347,4,2816,100
2,ex2-s5-e1-a1-p08,96cea7ecfc65ba667160e3c4ba1c5edcbd07153e6f10a623922247b131426347,4,2817,100
2,ex2-s5-e1-a1-p08,96cea7ecfc65ba667160e3c4ba1c5edcbd07153e6f10a623922247b131426347,4,2818,0
2,ex2-s5-e1-a1-p08,96cea7ecfc65ba667160e3c4ba1c5edcbd07153e6f10a623922247b131426347,4,2819,100
2,ex2-s5-e1-a1-p08,96cea7ecfc65ba667160e3c4ba1c5edcbd07153e6f10a623922247b131426347,4,2820,100
2,ex2-s5-e1-a1-p08,96cea7ecfc65ba667160e3c4ba1c5edcbd07153e6f10a623922247b131426347,4,2821,100
2,ex2-s5-e1-a1-p08,96cea7ecfc65ba667160e3c4ba1c5edcbd07153e6f10a623922247b131426347,4,2822,100
2,ex2-s5-e1-a1-p08,96cea7ecfc65ba667160e3c4ba1c5edcbd07153e6f10a623922247b131426347,4,2823,100
2,ex2-s5-e1-a1-p08,96cea7ecfc65ba667160e3c4ba1c5edcbd07153e6f10a623922247b131426347,4,2824,0
2,ex2-s5-e1-a1-p08,96cea7ecfc65ba667160e3c4ba1c5edcbd07153e6f10a623922247b131426347,4,2825,100
2,ex2-s5-e1-a1-p08,96cea7ecfc65ba667160e3c4ba1c5edcbd07153e6f10a623922247b131426347,4,2826,100
2,ex2-s5-e1-a1-p08,96cea7ecfc65ba667160e3c4ba1c5edcbd07153e6f10a623922247b131426347,4,2827,100
2,ex2-s5-e1-a1-p08,96cea7ecfc65ba667160e3c4ba1c5edcbd07153e6f10a623922247b131426347,4,2828,100
2,ex2-s5-e1-a1-p08,96cea7ecfc65ba667160e3c4ba1c5edcbd07153e6f10a623922247b131426347,4,2829,0
2,ex2-s5-e1-a1-p08,96cea7ecfc65ba667160e3c4ba1c5edcbd07153e6f10a623922247b131426347,4,2830,100
2,ex2-s5-e1-a1-p08,96cea7ecfc65ba667160e3c4ba1c5edcbd07153e6f10a623922247b131426347,4,2831,100
2,ex2-s5-e1-a1-p08,96cea7ecfc65ba667160e3c4ba1c5edcbd07153e6f10a623922247b131426347,4,2832,100
2,ex2-s5-e1-a1-p08,96cea7ecfc65ba667160e3c4ba1c5edcbd07153e6f10a623922247b131426347,4,2833,100
2,ex2-s5-e1-a1-p08,96cea7ecfc65ba667160e3c4ba1c5edcbd07153e6f10a623922247b131426347,4,2834,100
2,ex2-s5-e1-a1-p08,96cea7ecfc65ba667160e3c4ba1c5edcbd07153e6f10a623922247b131426347,4,2835,0
2,ex2-s5-e1-a1-p08,96cea7ecfc65ba667160e3c4ba1c5edcbd07153e6f10a623922247b131426347,4,2836,100
2,ex2-s5-e1-a1-p08,96cea7ecfc65ba667160e3c4ba1c5edcbd07153e6f10a623922247b131426347,4,2837,100
2,ex2-s5-e1-a1-p08,96cea7ecfc65ba667160e3c4ba1c5edcbd07153e6f10a623922247b131426347,4,2838,100
2,ex2-s5-e1-a1-p08,96cea7ecfc65ba667160e3c4ba1c5edcbd07153e6f10a623922247b131426347,4,2839,100
2,ex2-s5-e1-a1-p08,96cea7ecfc65ba667160e3c4ba1c5edcbd07153e6f10a623922247b131426347,4,2840,0
2,ex2-s5-e1-a1-p08,96cea7ecfc65ba667160e3c4ba1c5edcbd07153e6f10a623922247b131426347,4,2841,100
2,ex2-s5-e1-a1-p08,96cea7ecfc65ba667160e3c4ba1c5edcbd07153e6f10a623922247b131426347,4,2842,100
2,ex2-s5-e1-a1-p08,96cea7ecfc65ba667160e3c4ba1c5edcbd07153e6f10a623922247b131426347,4,2843,100
2,ex2-s5-e1-a1-p08,96cea7ecfc65ba667160e3c4ba1c5edcbd07153e6f10a623922247b131426347,4,2844,100
2,ex2-s5-e1-a1-p08,96cea7ecfc65ba667160e3c4ba1c5edcbd07153e6f10a623922247b131426347,4,2845,100
2,ex2-s5-e1-a1-p08,96cea7ecfc65ba667160e3c4ba1c5edcbd07153e6f10a623922247b131426347,4,2846,0
2,ex2-s5-e1-a1-p08,96cea7ecfc65ba667160e3c4ba1c5edcbd07153e6f10a623922247b131426347,4,2847,100
2,ex2-s5-e1-a1-p08,96cea7ecfc65ba667160e3c4ba1c5edcbd07153e6f10a623922247b131426347,4,2848,100
2,ex2-s5-e1-a1-p08,96cea7ecfc65ba667160e3c4ba1c5edcbd07153e6f10a623922247b131426347,4,2849,100
2,ex2-s5-e1-a1-p08,96cea7ecfc65ba667160e3c4ba1c5edcbd07153e6f10a623922247b131426347,4,2850,100
2,ex2-s5-e1-a1-p08,96cea7ecfc65ba667160e3c4ba1c5edcbd07153e6f10a623922247b131426347,4,2851,100
2,ex2-s5-e1-a1-p08,96cea7ecfc65ba667160e3c4ba1c5edcbd07153e6f10a623922247b131426347,4,2852,0
2,ex2-s5-e1-a1-p08,96cea7ecfc65ba667160e3c4ba1c5edcbd07153e6f10a623922247b131426347,4,2853,100
2,ex2-s5-e1-a1-p08,96cea7ecfc65ba667160e3c4ba1c5edcbd07153e6f10a623922247b131426347,4,2854,100
2,ex2-s5-e1-a1-p08,96cea7ecfc65ba667160e3c4ba1c5edcbd07153e6f10a623922247b131426347,4,2855,100
2,ex2-s5-e1-a1-p08,96cea7ecfc65ba667160e3c4ba1c5edcbd07153e6f10a623922247b131426347,4,2856,100
2,ex2-s5-e1-a1-p08,96cea7ecfc65ba667160e3c4ba1c5edcbd07153e6f10a623922247b131426347,4,2857,0
2,ex2-s5-e1-a1-p08,96cea7ecfc65ba667160e3c4ba1c5edcbd07153e6f10a623922247b131426347,4,2858,100
2,ex2-s5-e1-a1-p08,96cea7ecfc65ba667160e3c4ba1c5edcbd07153e6f10a623922247b131426347,4,2859,100
2,ex2-s5-e1-a1-p08,96cea7ecfc65ba667160e3c4ba1c5edcbd07153e6f10a623922247b131426347,4,2860,100
2,ex2-s5-e1-a1-p08,96cea7ecfc65ba667160e3c4ba1c5edcbd07153e6f10a623922247b131426347,4,2861,100
2,ex2-s5-e1-a1-p08,96cea7ecfc65ba667160e3c4ba1c5edcbd07153e6f10a623922247b131426347,4,2862,100
2,ex2-s5-e1-a1-p08,96cea7ecfc65ba667160e3c4ba1c5edcbd07153e6f10a623922247b131426347,4,2863,0
2,ex2-s5-e1-a1-p08,96cea7ecfc65ba667160e3c4ba1c5edcbd07153e6f10a623922247b131426347,4,2864,100
2,ex2-s5-e1-a1-p08,96cea7ecfc65ba667160e3c4ba1c5edcbd07153e6f10a623922247b131426347,4,2865,100
2,ex2-s5-e1-a1-p08,96cea7ecfc65ba667160e3c4ba1c5edcbd07153e6f10a623922247b131426347,4,2866,100
2,ex2-s5-e1-a1-p08,96cea7ecfc65ba667160e3c4ba1c5edcbd07153e6f10a623922247b131426347,4,2867,100
2,ex2-s5-e1-a1-p08,96cea7ecfc65ba667160e3c4ba1c5edcbd07153e6f10a623922247b131426347,4,2868,0
2,ex2-s5-e1-a1-p08,96cea7ecfc65ba667160e3c4ba1c5edcbd07153e6f10a623922247b131426347,4,2869,100
2,ex2-s5-e1-a1-p08,96cea7ecfc65ba667160e3c4ba1c5edcbd07153e6f10a623922247b131426347,4,2870,100
2,ex2-s5-e1-a1-p08,96cea7ecfc65ba667160e3c4ba1c5edcbd07153e6f10a623922247b131426347,4,2871,100
2,ex2-s5-e1-a1-p08,96cea7ecfc65ba667160e3c4ba1c5edcbd07153e6f10a623922247b131426347,4,2872,100
2,ex2-s5-e1-a1-p08,96cea7ecfc65ba667160e3c4ba1c5edcbd07153e6f10a623922247b131426347,4,2873,100
2,ex2-s5-e1-a1-p08,96cea7ecfc65ba667160e3c4ba1c5edcbd07153e6f10a623922247b131426347,4,2874,0
2,ex2-s5-e1-a1-p08,96cea7ecfc65ba667160e3c4ba1c5edcbd07153e6f10a623922247b131426347,4,2875,100
2,ex2-s5-e1-a1-p08,96cea7ecfc65ba667160e3c4ba1c5edcbd07153e6f10a623922247b131426347,4,2876,100
2,ex2-s5-e1-a1-p08,96cea7ecfc65ba667160e3c4ba1c5edcbd07153e6f10a623922247b131426347,4,2877,100
2,ex2-s5-e1-a1-p08,96cea7ecfc65ba667160e3c4ba1c5edcbd07153e6f10a623922247b131426347,4,2878,100
2,ex2-s5-e1-a1-p08,96cea7ecfc65ba667160e3c4ba1c5edcbd07153e6f10a623922247b131426347,4,2879,100
2,ex2-s5-e1-a1-p08,96cea7ecfc65ba667160e3c4ba1c5edcbd07153e6f10a623922247b131426347,4,2880,0
2,ex2-s5-e1-a1-p08,96cea7ecfc65ba667160e3c4ba1c5edcbd07153e6f10a623922247b131426347,4,2881,100
2,ex2-s5-e1-a1-p08,96cea7ecfc65ba667160e3c4ba1c5edcbd07153e6f10a623922247b131426347,4,2882,100
2,ex2-s5-e1-a1-p08,96cea7ecfc65ba667160e3c4ba1c5edcbd07153e6f10a623922247b131426347,4,2883,100
2,ex2-s5-e1-a1-p08,96cea7ecfc65ba667160e3c4ba1c5edcbd07153e6f10a623922247b131426347,4,2884,100
2,ex2-s5-e1-a1-p08,96cea7ecfc65ba667160e3c4ba1c5edcbd07153e6f10a623922247b131426347,4,2885,0
2,ex2-s5-e1-a1-p08,96cea7ecfc65ba667160e3c4ba1c5edcbd07153e6f10a623922247b131426347,4,2886,100
2,ex2-s5-e1-a1-p08,96cea7ecfc65ba667160e3c4ba1c5edcbd07153e6f10a623922247b131426347,4,2887,100
2,ex2-s5-e1-a1-p08,96cea7ecfc65ba667160e3c4ba1c5edcbd07153e6f10a623922247b131426347,4,2888,100
2,ex2-s5-e1-a1-p08,96cea7ecfc65ba667160e3c4ba1c5edcbd07153e6f10a623922247b131426347,4,2889,100
2,ex2-s5-e1-a1-p08,96cea7ecfc65ba667160e3c4ba1c5edcbd07153e6f10a623922247b131426347,4,2890,100
2,ex2-s5-e1-a1-p08,96cea7ecfc65ba667160e3c4ba1c5edcbd07153e6f10a623922247b131426347,4,2891,100
2,ex2-s5-e1-a1-p08,96cea7ecfc65ba667160e3c4ba1c5edcbd07153e6f10a623922247b131426347,4,2892,100
2,ex2-s5-e1-a1-p08,96cea7ecfc65ba667160e3c4ba1c5edcbd07153e6f10a623922247b131426347,4,2893,0
2,ex2-s5-e1-a1-p08,96cea7ecfc65ba667160e3c4ba1c5edcbd07153e6f10a623922247b131426347,4,2894,100
2,ex2-s5-e1-a1-p08,96cea7ecfc65ba667160e3c4ba1c5edcbd07153e6f10a623922247b131426347,4,2895,100
2,ex2-s5-e1-a1-p08,96cea7ecfc65ba667160e3c4ba1c5edcbd07153e6f10a623922247b131426347,4,2896,100
2,ex2-s5-e1-a1-p08,96cea7ecfc65ba667160e3c4ba1c5edcbd07153e6f10a623922247b131426347,4,2897,100
2,ex2-s5-e1-a1-p08,96cea7ecfc65ba667160e3c4ba1c5edcbd07153e6f10a623922247b131426347,4,2898,0
2,ex2-s5-e1-a1-p08,96cea7ecfc65ba667160e3c4ba1c5edcbd07153e6f10a623922247b131426347,4,2899,100
2,ex2-s5-e1-a1-p08,96cea7ecfc65ba667160e3c4ba1c5edcbd07153e6f10a623922247b131426347,4,2900,100
2,ex2-s5-e1-a1-p08,96cea7ecfc65ba667160e3c4ba1c5edcbd07153e6f10a623922247b131426347,4,2901,100
2,ex2-s5-e1-a1-p08,96cea7ecfc65ba667160e3c4ba1c5edcbd07153e6f10a623922247b131426347,4,2902,100
2,ex2-s5-e1-a1-p08,96cea7ecfc65ba667160e3c4ba1c5edcbd07153e6f10a623922247b131426347,4,2903,100
2,ex2-s5-e1-a1-p08,96cea7ecfc65ba667160e3c4ba1c5edcbd07153e6f10a623922247b131426347,4,2904,0
2,ex2-s5-e1-a1-p08,96cea7ecfc65ba667160e3c4ba1c5edcbd07153e6f10a623922247b131426347,4,2905,100
2,ex2-s5-e1-a1-p08,96cea7ecfc65ba667160e3c4ba1c5edcbd07153e6f10a623922247b131426347,4,2906,100
2,ex2-s5-e1-a1-p08,96cea7ecfc65ba667160e3c4ba1c5edcbd07153e6f10a623922247b131426347,4,2907,100
2,ex2-s5-e1-a1-p08,96cea7ecfc65ba667160e3c4ba1c5edcbd07153e6f10a623922247b131426347,4,2908,100
2,ex2-s5-e1-a1-p08,96cea7ecfc65ba667160e3c4ba1c5edcbd07153e6f10a623922247b131426347,4,2909,0
2,ex2-s5-e1-a1-p08,96cea7ecfc65ba667160e3c4ba1c5edcbd07153e6f10a623922247b131426347,4,2910,100
2,ex2-s5-e1-a1-p08,96cea7ecfc65ba667160e3c4ba1c5edcbd07153e6f10a623922247b131426347,4,2911,100
2,ex2-s5-e1-a1-p08,96cea7ecfc65ba667160e3c4ba1c5edcbd07153e6f10a623922247b131426347,4,2912,100
2,ex2-s5-e1-a1-p08,96cea7ecfc65ba667160e3c4ba1c5edcbd07153e6f10a623922247b131426347,4,2913,100
2,ex2-s5-e1-a1-p08,96cea7ecfc65ba667160e3c4ba1c5edcbd07153e6f10a623922247b131426347,4,2914,100
2,ex2-s5-e1-a1-p08,96cea7ecfc65ba667160e3c4ba1c5edcbd07153e6f10a623922247b131426347,4,2915,0
2,ex2-s5-e1-a1-p08,96cea7ecfc65ba667160e3c4ba1c5edcbd07153e6f10a623922247b131426347,4,2916,100
2,ex2-s5-e1-a1-p08,96cea7ecfc65ba667160e3c4ba1c5edcbd07153e6f10a623922247b131426347,4,2917,100
2,ex2-s5-e1-a1-p08,96cea7ecfc65ba667160e3c4ba1c5edcbd07153e6f10a623922247b131426347,4,2918,100
2,ex2-s5-e1-a1-p08,96cea7ecfc65ba667160e3c4ba1c5edcbd07153e6f10a623922247b131426347,4,2919,100
2,ex2-s5-e1-a1-p08,96cea7ecfc65ba667160e3c4ba1c5edcbd07153e6f10a623922247b131426347,4,2920,100
2,ex2-s5-e1-a1-p08,96cea7ecfc65ba667160e3c4ba1c5edcbd07153e6f10a623922247b131426347,4,2921,0
2,ex2-s5-e1-a1-p08,96cea7ecfc65ba667160e3c4ba1c5edcbd07153e6f10a623922247b131426347,4,2922,100
2,ex2-s5-e1-a1-p08,96cea7ecfc65ba667160e3c4ba1c5edcbd07153e6f10a623922247b131426347,4,2923,100
2,ex2-s5-e1-a1-p08,96cea7ecfc65ba667160e3c4ba1c5edcbd07153e6f10a623922247b131426347,4,2924,100
2,ex2-s5-e1-a1-p08,96cea7ecfc65ba667160e3c4ba1c5edcbd07153e6f10a623922247b131426347,4,2925,100
2,ex2-s5-e1-a1-p08,96cea7ecfc65ba667160e3c4ba1c5edcbd07153e6f10a623922247b131426347,4,2926,0
2,ex2-s5-e1-a1-p08,96cea7ecfc65ba667160e3c4ba1c5edcbd07153e6f10a623922247b131426347,4,2927,100
2,ex2-s5-e1-a1-p08,96cea7ecfc65ba667160e3c4ba1c5edcbd07153e6f10a623922247b131426347,4,2928,100
2,ex2-s5-e1-a1-p08,96cea7ecfc65ba667160e3c4ba1c5edcbd07153e6f10a623922247b131426347,4,2929,100
2,ex2-s5-e1-a1-p08,96cea7ecfc65ba667160e3c4ba1c5edcbd07153e6f10a623922247b131426347,4,2930,100
2,ex2-s5-e1-a1-p08,96cea7ecfc65ba667160e3c4ba1c5edcbd07153e6f10a623922247b131426347,4,2931,100
2,ex2-s5-e1-a1-p08,96cea7ecfc65ba667160e3c4ba1c5edcbd07153e6f10a623922247b131426347,4,2932,0
2,ex2-s5-e1-a1-p08,96cea7ecfc65ba667160e3c4ba1c5edcbd07153e6f10a623922247b131426347,4,2933,100
2,ex2-s5-e1-a1-p08,96cea7ecfc65ba667160e3c4ba1c5edcbd07153e6f10a623922247b131426347,4,2934,100
2,ex2-s5-e1-a1-p08,96cea7ecfc65ba667160e3c4ba1c5edcbd07153e6f10a623922247b131426347,4,2935,100
2,ex2-s5-e1-a1-p08,96cea7ecfc65ba667160e3c4ba1c5edcbd07153e6f10a623922247b131426347,4,2936,100
2,ex2-s5-e1-a1-p08,96cea7ecfc65ba667160e3c4ba1c5edcbd07153e6f10a623922247b131426347,4,2937,0
2,ex2-s5-e1-a1-p08,96cea7ecfc65ba667160e3c4ba1c5edcbd07153e6f10a623922247b131426347,4,2938,100
2,ex2-s5-e1-a1-p08,96cea7ecfc65ba667160e3c4ba1c5edcbd07153e6f10a623922247b131426347,4,2939,100
2,ex2-s5-e1-a1-p08,96cea7ecfc65ba667160e3c4ba1c5edcbd07153e6f10a623922247b131426347,4,2940,100
2,ex2-s5-e1-a1-p08,96cea7ecfc65ba667160e3c4ba1c5edcbd07153e6f10a623922247b131426347,4,2941,100
2,ex2-s5-e1-a1-p08,96cea7ecfc65ba667160e3c4ba1c5edcbd07153e6f10a623922247b131426347,4,2942,100
2,ex2-s5-e1-a1-p08,96cea7ecfc65ba667160e3c4ba1c5edcbd07153e6f10a623922247b131426347,4,2943,0
2,ex2-s5-e1-a1-p08,96cea7ecfc65ba667160e3c4ba1c5edcbd07153e6f10a623922247b131426347,4,2944,100
2,ex2-s5-e1-a1-p08,96cea7ecfc65ba667160e3c4ba1c5edcbd07153e6f10a623922247b131426347,4,2945,100
2,ex2-s5-e1-a1-p08,96cea7ecfc65ba667160e3c4ba1c5edcbd07153e6f10a623922247b131426347,4,2946,100
2,ex2-s5-e1-a1-p08,96cea7ecfc65ba667160e3c4ba1c5edcbd07153e6f10a623922247b131426347,4,2947,100
2,ex2-s5-e1-a1-p08,96cea7ecfc65ba667160e3c4ba1c5edcbd07153e6f10a623922247b131426347,4,2948,100
2,ex2-s5-e1-a1-p08,96cea7ecfc65ba667160e3c4ba1c5edcbd07153e6f10a623922247b131426347,4,2949,0
2,ex2-s5-e1-a1-p08,96cea7ecfc65ba667160e3c4ba1c5edcbd07153e6f10a623922247b131426347,4,2950,100
2,ex2-s5-e1-a1-p08,96cea7ecfc65ba667160e3c4ba1c5edcbd07153e6f10a623922247b131426347,4,2951,100
2,ex2-s5-e1-a1-p08,96cea7ecfc65ba667160e3c4ba1c5edcbd07153e6f10a623922247b131426347,4,2952,100
2,ex2-s5-e1-a1-p08,96cea7ecfc65ba667160e3c4ba1c5edcbd07153e6f10a623922247b131426347,4,2953,100
2,ex2-s5-e1-a1-p08,96cea7ecfc65ba667160e3c4ba1c5edcbd07153e6f10a623922247b131426347,4,2954,0
2,ex2-s5-e1-a1-p08,96cea7ecfc65ba667160e3c4ba1c5edcbd07153e6f10a623922247b131426347,4,2955,100
2,ex2-s5-e1-a1-p08,96cea7ecfc65ba667160e3c4ba1c5edcbd07153e6f10a623922247b131426347,4,2956,100
2,ex2-s5-e1-a1-p08,96cea7ecfc65ba667160e3c4ba1c5edcbd07153e6f10a623922247b131426347,4,2957,100
2,ex2-s5-e1-a1-p08,96cea7ecfc65ba667160e3c4ba1c5edcbd07153e6f10a623922247b131426347,4,2958,100
2,ex2-s5-e1-a1-p08,96cea7ecfc65ba667160e3c4ba1c5edcbd07153e6f10a623922247b131426347,4,2959,100
2,ex2-s5-e1-a1-p08,96cea7ecfc65ba667160e3c4ba1c5edcbd07153e6f10a623922247b131426347,4,2960,0
2,ex2-s5-e1-a1-p08,96cea7ecfc65ba667160e3c4ba1c5edcbd07153e6f10a623922247b131426347,4,2961,100
2,ex2-s5-e1-a1-p08,96cea7ecfc65ba667160e3c4ba1c5edcbd07153e6f10a623922247b131426347,4,2962,100
2,ex2-s5-e1-a1-p08,96cea7ecfc65ba667160e3c4ba1c5edcbd07153e6f10a623922247b131426347,4,2963,100
2,ex2-s5-e1-a1-p08,96cea7ecfc65ba667160e3c4ba1c5edcbd07153e6f10a623922247b131426347,4,2964,100
2,ex2-s5-e1-a1-p08,96cea7ecfc65ba667160e3c4ba1c5edcbd07153e6f10a623922247b131426347,4,2965,0
2,ex2-s5-e1-a1-p08,96cea7ecfc65ba667160e3c4ba1c5edcbd07153e6f10a623922247b131426347,4,2966,100
2,ex2-s5-e1-a1-p08,96cea7ecfc65ba667160e3c4ba1c5edcbd07153e6f10a623922247b131426347,4,2967,100
2,ex2-s5-e1-a1-p08,96cea7ecfc65ba667160e3c4ba1c5edcbd07153e6f10a623922247b131426347,4,2968,100
2,ex2-s5-e1-a1-p08,96cea7ecfc65ba667160e3c4ba1c5edcbd07153e6f10a623922247b131426347,4,2969,100
2,ex2-s5-e1-a1-p08,96cea7ecfc65ba667160e3c4ba1c5edcbd07153e6f10a623922247b131426347,4,2970,100
2,ex2-s5-e1-a1-p08,96cea7ecfc65ba667160e3c4ba1c5edcbd07153e6f10a623922247b131426347,4,2971,0
2,ex2-s5-e1-a1-p08,96cea7ecfc65ba667160e3c4ba1c5edcbd07153e6f10a623922247b131426347,4,2972,100
2,ex2-s5-e1-a1-p08,96cea7ecfc65ba667160e3c4ba1c5edcbd07153e6f10a623922247b131426347,4,2973,100
2,ex2-s5-e1-a1-p08,96cea7ecfc65ba667160e3c4ba1c5edcbd07153e6f10a623922247b131426347,4,2974,100
2,ex2-s5-e1-a1-p08,96cea7ecfc65ba667160e3c4ba1c5edcbd07153e6f10a623922247b131426347,4,2975,100
2,ex2-s5-e1-a1-p08,96cea7ecfc65ba667160e3c4ba1c5edcbd07153e6f10a623922247b131426347,4,2976,100
2,ex2-s5-e1-a1-p08,96cea7ecfc65ba667160e3c4ba1c5edcbd07153e6f10a623922247b131426347,4,2977,0
2,ex2-s5-e1-a1-p08,96cea7ecfc65ba667160e3c4ba1c5edcbd07153e6f10a623922247b131426347,4,2978,100
2,ex2-s5-e1-a1-p08,96cea7ecfc65ba667160e3c4ba1c5edcbd07153e6f10a623922247b131426347,4,2979,100
2,ex2-s5-e1-a1-p08,96cea7ecfc65ba667160e3c4ba1c5edcbd07153e6f10a623922247b131426347,4,2980,100
2,ex2-s5-e1-a1-p08,96cea7ecfc65ba667160e3c4ba1c5edcbd07153e6f10a623922247b131426347,4,2981,100
2,ex2-s5-e1-a1-p08,96cea7ecfc65ba667160e3c4ba1c5edcbd07153e6f10a623922247b131426347,4,2982,0
2,ex2-s5-e1-a1-p08,96cea7ecfc65ba667160e3c4ba1c5edcbd07153e6f10a623922247b131426347,4,2983,100
2,ex2-s5-e1-a1-p08,96cea7ecfc65ba667160e3c4ba1c5edcbd07153e6f10a623922247b131426347,4,2984,100
2,ex2-s5-e1-a1-p08,96cea7ecfc65ba667160e3c4ba1c5edcbd07153e6f10a623922247b131426347,4,2985,100
2,ex2-s5-e1-a1-p08,96cea7ecfc65ba667160e3c4ba1c5edcbd07153e6f10a623922247b131426347,4,2986,100
2,ex2-s5-e1-a1-p08,96cea7ecfc65ba667160e3c4ba1c5edcbd07153e6f10a623922247b131426347,4,2987,100
2,ex2-s5-e1-a1-p08,96cea7ecfc65ba667160e3c4ba1c5edcbd07153e6f10a623922247b131426347,4,2988,0
2,ex2-s5-e1-a1-p08,96cea7ecfc65ba667160e3c4ba1c5edcbd07153e6f10a623922247b131426347,4,2989,100
2,ex2-s5-e1-a1-p08,96cea7ecfc65ba667160e3c4ba1c5edcbd07153e6f10a623922247b131426347,4,2990,100
2,ex2-s5-e1-a1-p08,96cea7ecfc65ba667160e3c4ba1c5edcbd07153e6f10a623922247b131426347,4,2991,100
2,ex2-s5-e1-a1-p08,96cea7ecfc65ba667160e3c4ba1c5edcbd07153e6f10a623922247b131426347,4,2992,100
2,ex2-s5-e1-a1-p08,96cea7ecfc65ba667160e3c4ba1c5edcbd07153e6f10a623922247b131426347,4,2993,0
2,ex2-s5-e1-a1-p08,96cea7ecfc65ba667160e3c4ba1c5edcbd07153e6f10a623922247b131426347,4,2994,100
2,ex2-s5-e1-a1-p08,96cea7ecfc65ba667160e3c4ba1c5edcbd07153e6f10a623922247b131426347,4,2995,100
2,ex2-s5-e1-a1-p08,96cea7ecfc65ba667160e3c4ba1c5edcbd07153e6f10a623922247b131426347,4,2996,100
2,ex2-s5-e1-a1-p08,96cea7ecfc65ba667160e3c4ba1c5edcbd07153e6f10a623922247b131426347,4,2997,100
2,ex2-s5-e1-a1-p08,96cea7ecfc65ba667160e3c4ba1c5edcbd07153e6f10a623922247b131426347,4,2998,100
2,ex2-s5-e1-a1-p08,96cea7ecfc65ba667160e3c4ba1c5edcbd07153e6f10a623922247b131426347,4,2999,0
2,ex2-s5-e1-a1-p08,96cea7ecfc65ba667160e3c4ba1c5edcbd07153e6f10a623922247b131426347,4,3000,100
2,ex2-s5-e1-a1-p08,96cea7ecfc65ba667160e3c4ba1c5edcbd07153e6f10a623922247b131426347,4,3001,100
2,ex2-s5-e1-a1-p08,96cea7ecfc65ba667160e3c4ba1c5edcbd07153e6f10a623922247b131426347,4,3002,100
2,ex2-s5-e1-a1-p08,96cea7ecfc65ba667160e3c4ba1c5edcbd07153e6f10a623922247b131426347,4,3003,100
2,ex2-s5-e1-a1-p08,96cea7ecfc65ba667160e3c4ba1c5edcbd07153e6f10a623922247b131426347,4,3004,0
2,ex2-s5-e1-a1-p08,96cea7ecfc65ba667160e3c4ba1c5edcbd07153e6f10a623922247b131426347,4,3005,100
2,ex2-s5-e1-a1-p08,96cea7ecfc65ba667160e3c4ba1c5edcbd07153e6f10a623922247b131426347,4,3006,100
2,ex2-s5-e1-a1-p08,96cea7ecfc65ba667160e3c4ba1c5edcbd07153e6f10a623922247b131426347,4,3007,100
2,ex2-s5-e1-a1-p08,96cea7ecfc65ba667160e3c4ba1c5edcbd07153e6f10a623922247b131426347,4,3008,100
2,ex2-s5-e1-a1-p08,96cea7ecfc65ba667160e3c4ba1c5edcbd07153e6f10a623922247b131426347,4,3009,100
2,ex2-s5-e1-a1-p08,96cea7ecfc65ba667160e3c4ba1c5edcbd07153e6f10a623922247b131426347,4,3010,0
2,ex2-s5-e1-a1-p08,96cea7ecfc65ba667160e3c4ba1c5edcbd07153e6f10a623922247b131426347,4,3011,100
2,ex2-s5-e1-a1-p08,96cea7ecfc65ba667160e3c4ba1c5edcbd07153e6f10a623922247b131426347,4,3012,100
2,ex2-s5-e1-a1-p08,96cea7ecfc65ba667160e3c4ba1c5edcbd07153e6f10a623922247b131426347,4,3013,100
2,ex2-s5-e1-a1-p08,96cea7ecfc65ba667160e3c4ba1c5edcbd07153e6f10a623922247b131426347,4,3014,100
2,ex2-s5-e1-a1-p08,96cea7ecfc65ba667160e3c4ba1c5edcbd07153e6f10a623922247b131426347,4,3015,0
2,ex2-s5-e1-a1-p08,96cea7ecfc65ba667160e3c4ba1c5edcbd07153e6f10a623922247b131426347,4,3016,100
2,ex2-s5-e1-a1-p08,96cea7ecfc65ba667160e3c4ba1c5edcbd07153e6f10a623922247b131426347,4,3017,100
2,ex2-s5-e1-a1-p08,96cea7ecfc65ba667160e3c4ba1c5edcbd07153e6f10a623922247b131426347,4,3018,100
2,ex2-s5-e1-a1-p08,96cea7ecfc65ba667160e3c4ba1c5edcbd07153e6f10a623922247b131426347,4,3019,100
2,ex2-s5-e1-a1-p08,96cea7ecfc65ba667160e3c4ba1c5edcbd07153e6f10a623922247b131426347,4,3020,100
2,ex2-s5-e1-a1-p08,96cea7ecfc65ba667160e3c4ba1c5edcbd07153e6f10a623922247b131426347,4,3021,0
2,ex2-s5-e1-a1-p08,96cea7ecfc65ba667160e3c4ba1c5edcbd07153e6f10a623922247b131426347,4,3022,100
2,ex2-s5-e1-a1-p08,96cea7ecfc65ba667160e3c4ba1c5edcbd07153e6f10a623922247b131426347,4,3023,100
2,ex2-s5-e1-a1-p08,96cea7ecfc65ba667160e3c4ba1c5edcbd07153e6f10a623922247b131426347,4,3024,100
2,ex2-s5-e1-a1-p08,96cea7ecfc65ba667160e3c4ba1c5edcbd07153e6f10a623922247b131426347,4,3025,100
2,ex2-s5-e1-a1-p08,96cea7ecfc65ba667160e3c4ba1c5edcbd07153e6f10a623922247b131426347,4,3026,0
2,ex2-s5-e1-a1-p08,96cea7ecfc65ba667160e3c4ba1c5edcbd07153e6f10a623922247b131426347,4,3027,100
2,ex2-s5-e1-a1-p08,96cea7ecfc65ba667160e3c4ba1c5edcbd07153e6f10a623922247b131426347,4,3028,100
2,ex2-s5-e1-a1-p08,96cea7ecfc65ba667160e3c4ba1c5edcbd07153e6f10a623922247b131426347,4,3029,100
2,ex2-s5-e1-a1-p08,96cea7ecfc65ba667160e3c4ba1c5edcbd07153e6f10a623922247b131426347,4,3030,100
2,ex2-s5-e1-a1-p08,96cea7ecfc65ba667160e3c4ba1c5edcbd07153e6f10a623922247b131426347,4,3031,100
2,ex2-s5-e1-a1-p08,96cea7ecfc65ba667160e3c4ba1c5edcbd07153e6f10a623922247b131426347,4,3032,0
2,ex2-s5-e1-a1-p08,96cea7ecfc65ba667160e3c4ba1c5edcbd07153e6f10a623922247b131426347,4,3033,100
2,ex2-s5-e1-a1-p08,96cea7ecfc65ba667160e3c4ba1c5edcbd07153e6f10a623922247b131426347,4,3034,100
2,ex2-s5-e1-a1-p08,96cea7ecfc65ba667160e3c4ba1c5edcbd07153e6f10a623922247b131426347,4,3035,100
2,ex2-s5-e1-a1-p08,96cea7ecfc65ba667160e3c4ba1c5edcbd07153e6f10a623922247b131426347,4,3036,100
2,ex2-s5-e1-a1-p08,96cea7ecfc65ba667160e3c4ba1c5edcbd07153e6f10a623922247b131426347,4,3037,100
2,ex2-s5-e1-a1-p08,96cea7ecfc65ba667160e3c4ba1c5edcbd07153e6f10a623922247b131426347,4,3038,0
2,ex2-s5-e1-a1-p08,96cea7ecfc65ba667160e3c4ba1c5edcbd07153e6f10a623922247b131426347,4,3039,100
2,ex2-s5-e1-a1-p08,96cea7ecfc65ba667160e3c4ba1c5edcbd07153e6f10a623922247b131426347,4,3040,100
2,ex2-s5-e1-a1-p08,96cea7ecfc65ba667160e3c4ba1c5edcbd07153e6f10a623922247b131426347,4,3041,100
2,ex2-s5-e1-a1-p08,96cea7ecfc65ba667160e3c4ba1c5edcbd07153e6f10a623922247b131426347,4,3042,100
2,ex2-s5-e1-a1-p08,96cea7ecfc65ba667160e3c4ba1c5edcbd07153e6f10a623922247b131426347,4,3043,0
2,ex2-s5-e1-a1-p08,96cea7ecfc65ba667160e3c4ba1c5edcbd07153e6f10a623922247b131426347,4,3044,100
2,ex2-s5-e1-a1-p08,96cea7ecfc65ba667160e3c4ba1c5edcbd07153e6f10a623922247b131426347,4,3045,100
2,ex2-s5-e1-a1-p08,96cea7ecfc65ba667160e3c4ba1c5edcbd07153e6f10a623922247b131426347,4,3046,100
2,ex2-s5-e1-a1-p08,96cea7ecfc65ba667160e3c4ba1c5edcbd07153e6f10a623922247b131426347,4,3047,100
2,ex2-s5-e1-a1-p08,96cea7ecfc65ba667160e3c4ba1c5edcbd07153e6f10a623922247b131426347,4,3048,0
2,ex2-s5-e1-a1-p08,96cea7ecfc65ba667160e3c4ba1c5edcbd07153e6f10a623922247b131426347,4,3049,100
2,ex2-s5-e1-a1-p08,96cea7ecfc65ba667160e3c4ba1c5edcbd07153e6f10a623922247b131426347,4,3050,100
2,ex2-s5-e1-a1-p08,96cea7ecfc65ba667160e3c4ba1c5edcbd07153e6f10a623922247b131426347,4,3051,100
2,ex2-s5-e1-a1-p08,96cea7ecfc65ba667160e3c4ba1c5edcbd07153e6f10a623922247b131426347,4,3052,100
2,ex2-s5-e1-a1-p08,96cea7ecfc65ba667160e3c4ba1c5edcbd07153e6f10a623922247b131426347,4,3053,100
2,ex2-s5-e1-a1-p08,96cea7ecfc65ba667160e3c4ba1c5edcbd07153e6f10a623922247b131426347,4,3054,0
2,ex2-s5-e1-a1-p08,96cea7ecfc65ba667160e3c4ba1c5edcbd07153e6f10a623922247b131426347,4,3055,100
2,ex2-s5-e1-a1-p08,96cea7ecfc65ba667160e3c4ba1c5edcbd07153e6f10a623922247b131426347,4,3056,100
2,ex2-s5-e1-a1-p08,96cea7ecfc65ba667160e3c4ba1c5edcbd07153e6f10a623922247b131426347,4,3057,100
2,ex2-s5-e1-a1-p08,96cea7ecfc65ba667160e3c4ba1c5edcbd07153e6f10a623922247b131426347,4,3058,100
2,ex2-s5-e1-a1-p08,96cea7ecfc65ba667160e3c4ba1c5edcbd07153e6f10a623922247b131426347,4,3059,100
2,ex2-s5-e1-a1-p08,96cea7ecfc65ba667160e3c4ba1c5edcbd07153e6f10a623922247b131426347,4,3060,0
2,ex2-s5-e1-a1-p08,96cea7ecfc65ba667160e3c4ba1c5edcbd07153e6f10a623922247b131426347,4,3061,100
2,ex2-s5-e1-a1-p08,96cea7ecfc65ba667160e3c4ba1c5edcbd07153e6f10a623922247b131426347,4,3062,100
2,ex2-s5-e1-a1-p08,96cea7ecfc65ba667160e3c4ba1c5edcbd07153e6f10a623922247b131426347,4,3063,100
2,ex2-s5-e1-a1-p08,96cea7ecfc65ba667160e3c4ba1c5edcbd07153e6f10a623922247b131426347,4,3064,100
2,ex2-s5-e1-a1-p08,96cea7ecfc65ba667160e3c4ba1c5edcbd07153e6f10a623922247b131426347,4,3065,0
2,ex2-s5-e1-a1-p08,96cea7ecfc65ba667160e3c4ba1c5edcbd07153e6f10a623922247b131426347,4,3066,100
2,ex2-s5-e1-a1-p08,96cea7ecfc65ba667160e3c4ba1c5edcbd07153e6f10a623922247b131426347,4,3067,100
2,ex2-s5-e1-a1-p08,96cea7ecfc65ba667160e3c4ba1c5edcbd07153e6f10a623922247b131426347,4,3068,100
2,ex2-s5-e1-a1-p08,96cea7ecfc65ba667160e3c4ba1c5edcbd07153e6f10a623922247b131426347,4,3069,100
2,ex2-s5-e1-a1-p08,96cea7ecfc65ba667160e3c4ba1c5edcbd07153e6f10a623922247b131426347,4,3070,100
2,ex2-s5-e1-a1-p08,96cea7ecfc65ba667160e3c4ba1c5edcbd07153e6f10a623922247b131426347,4,3071,0
2,ex2-s5-e1-a1-p08,96cea7ecfc65ba667160e3c4ba1c5edcbd07153e6f10a623922247b131426347,4,3072,100
2,ex2-s5-e1-a1-p08,96cea7ecfc65ba667160e3c4ba1c5edcbd07153e6f10a623922247b131426347,4,3073,100
2,ex2-s5-e1-a1-p08,96cea7ecfc65ba667160e3c4ba1c5edcbd07153e6f10a623922247b131426347,4,3074,100
2,ex2-s5-e1-a1-p08,96cea7ecfc65ba667160e3c4ba1c5edcbd07153e6f10a623922247b131426347,4,3075,100
2,ex2-s5-e1-a1-p08,96cea7ecfc65ba667160e3c4ba1c5edcbd07153e6f10a623922247b131426347,4,3076,0
2,ex2-s5-e1-a1-p08,96cea7ecfc65ba667160e3c4ba1c5edcbd07153e6f10a623922247b131426347,4,3077,100
2,ex2-s5-e1-a1-p08,96cea7ecfc65ba667160e3c4ba1c5edcbd07153e6f10a623922247b131426347,4,3078,100
2,ex2-s5-e1-a1-p08,96cea7ecfc65ba667160e3c4ba1c5edcbd07153e6f10a623922247b131426347,4,3079,100
2,ex2-s5-e1-a1-p08,96cea7ecfc65ba667160e3c4ba1c5edcbd07153e6f10a623922247b131426347,4,3080,100
2,ex2-s5-e1-a1-p08,96cea7ecfc65ba667160e3c4ba1c5edcbd07153e6f10a623922247b131426347,4,3081,100
2,ex2-s5-e1-a1-p08,96cea7ecfc65ba667160e3c4ba1c5edcbd07153e6f10a623922247b131426347,4,3082,0
2,ex2-s5-e1-a1-p08,96cea7ecfc65ba667160e3c4ba1c5edcbd07153e6f10a623922247b131426347,4,3083,100
2,ex2-s5-e1-a1-p08,96cea7ecfc65ba667160e3c4ba1c5edcbd07153e6f10a623922247b131426347,4,3084,100
2,ex2-s5-e1-a1-p08,96cea7ecfc65ba667160e3c4ba1c5edcbd07153e6f10a623922247b131426347,4,3085,100
2,ex2-s5-e1-a1-p08,96cea7ecfc65ba667160e3c4ba1c5edcbd07153e6f10a623922247b131426347,4,3086,100
2,ex2-s5-e1-a1-p08,96cea7ecfc65ba667160e3c4ba1c5edcbd07153e6f10a623922247b131426347,4,3087,0
2,ex2-s5-e1-a1-p08,96cea7ecfc65ba667160e3c4ba1c5edcbd07153e6f10a623922247b131426347,4,3088,100
2,ex2-s5-e1-a1-p08,96cea7ecfc65ba667160e3c4ba1c5edcbd07153e6f10a623922247b131426347,4,3089,100
2,ex2-s5-e1-a1-p08,96cea7ecfc65ba667160e3c4ba1c5edcbd07153e6f10a623922247b131426347,4,3090,100
2,ex2-s5-e1-a1-p08,96cea7ecfc65ba667160e3c4ba1c5edcbd07153e6f10a623922247b131426347,4,3091,100
2,ex2-s5-e1-a1-p08,96cea7ecfc65ba667160e3c4ba1c5edcbd07153e6f10a623922247b131426347,4,3092,100
2,ex2-s5-e1-a1-p08,96cea7ecfc65ba667160e3c4ba1c5edcbd07153e6f10a623922247b131426347,4,3093,0
2,ex2-s5-e1-a1-p08,96cea7ecfc65ba667160e3c4ba1c5edcbd07153e6f10a623922247b131426347,4,3094,100
2,ex2-s5-e1-a1-p08,96cea7ecfc65ba667160e3c4ba1c5edcbd07153e6f10a623922247b131426347,4,3095,100
2,ex2-s5-e1-a1-p08,96cea7ecfc65ba667160e3c4ba1c5edcbd07153e6f10a623922247b131426347,4,3096,100
2,ex2-s5-e1-a1-p08,96cea7ecfc65ba667160e3c4ba1c5edcbd07153e6f10a623922247b131426347,4,3097,100
2,ex2-s5-e1-a1-p08,96cea7ecfc65ba667160e3c4ba1c5edcbd07153e6f10a623922247b131426347,4,3098,0
2,ex2-s5-e1-a1-p08,96cea7ecfc65ba667160e3c4ba1c5edcbd07153e6f10a623922247b131426347,4,3099,100
2,ex2-s5-e1-a1-p08,96cea7ecfc65ba667160e3c4ba1c5edcbd07153e6f10a623922247b131426347,4,3100,100
2,ex2-s5-e1-a1-p08,96cea7ecfc65ba667160e3c4ba1c5edcbd07153e6f10a623922247b131426347,4,3101,100
2,ex2-s5-e1-a1-p08,96cea7ecfc65ba667160e3c4ba1c5edcbd07153e6f10a623922247b131426347,4,3102,100
2,ex2-s5-e1-a1-p08,96cea7ecfc65ba667160e3c4ba1c5edcbd07153e6f10a623922247b131426347,4,3103,100
2,ex2-s5-e1-a1-p08,96cea7ecfc65ba667160e3c4ba1c5edcbd07153e6f10a623922247b131426347,4,3104,0
2,ex2-s5-e1-a1-p08,96cea7ecfc65ba667160e3c4ba1c5edcbd07153e6f10a623922247b131426347,4,3105,100
2,ex2-s5-e1-a1-p08,96cea7ecfc65ba667160e3c4ba1c5edcbd07153e6f10a623922247b131426347,4,3106,100
2,ex2-s5-e1-a1-p08,96cea7ecfc65ba667160e3c4ba1c5edcbd07153e6f10a623922247b131426347,4,3107,100
2,ex2-s5-e1-a1-p08,96cea7ecfc65ba667160e3c4ba1c5edcbd07153e6f10a623922247b131426347,4,3108,100
2,ex2-s5-e1-a1-p08,96cea7ecfc65ba667160e3c4ba1c5edcbd07153e6f10a623922247b131426347,4,3109,0
2,ex2-s5-e1-a1-p08,96cea7ecfc65ba667160e3c4ba1c5edcbd07153e6f10a623922247b131426347,4,3110,100
2,ex2-s5-e1-a1-p08,96cea7ecfc65ba667160e3c4ba1c5edcbd07153e6f10a623922247b131426347,4,3111,100
2,ex2-s5-e1-a1-p08,96cea7ecfc65ba667160e3c4ba1c5edcbd07153e6f10a623922247b131426347,4,3112,100
2,ex2-s5-e1-a1-p08,96cea7ecfc65ba667160e3c4ba1c5edcbd07153e6f10a623922247b131426347,4,3113,100
2,ex2-s5-e1-a1-p08,96cea7ecfc65ba667160e3c4ba1c5edcbd07153e6f10a623922247b131426347,4,3114,100
2,ex2-s5-e1-a1-p08,96cea7ecfc65ba667160e3c4ba1c5edcbd07153e6f10a623922247b131426347,4,3115,0
2,ex2-s5-e1-a1-p08,96cea7ecfc65ba667160e3c4ba1c5edcbd07153e6f10a623922247b131426347,4,3116,100
2,ex2-s5-e1-a1-p08,96cea7ecfc65ba667160e3c4ba1c5edcbd07153e6f10a623922247b131426347,4,3117,100
2,ex2-s5-e1-a1-p08,96cea7ecfc65ba667160e3c4ba1c5edcbd07153e6f10a623922247b131426347,4,3118,100
2,ex2-s5-e1-a1-p08,96cea7ecfc65ba667160e3c4ba1c5edcbd07153e6f10a623922247b131426347,4,3119,100
2,ex2-s5-e1-a1-p08,96cea7ecfc65ba667160e3c4ba1c5edcbd07153e6f10a623922247b131426347,4,3120,0
2,ex2-s5-e1-a1-p08,96cea7ecfc65ba667160e3c4ba1c5edcbd07153e6f10a623922247b131426347,4,3121,100
2,ex2-s5-e1-a1-p08,96cea7ecfc65ba667160e3c4ba1c5edcbd07153e6f10a623922247b131426347,4,3122,100
2,ex2-s5-e1-a1-p08,96cea7ecfc65ba667160e3c4ba1c5edcbd07153e6f10a623922247b131426347,4,3123,100
2,ex2-s5-e1-a1-p08,96cea7ecfc65ba667160e3c4ba1c5edcbd07153e6f10a623922247b131426347,4,3124,100
2,ex2-s5-e1-a1-p08,96cea7ecfc65ba667160e3c4ba1c5edcbd07153e6f10a623922247b131426347,4,3125,100
2,ex2-s5-e1-a1-p08,96cea7ecfc65ba667160e3c4ba1c5edcbd07153e6f10a623922247b131426347,4,3126,0
2,ex2-s5-e1-a1-p08,96cea7ecfc65ba667160e3c4ba1c5edcbd07153e6f10a623922247b131426347,4,3127,100
2,ex2-s5-e1-a1-p08,96cea7ecfc65ba667160e3c4ba1c5edcbd07153e6f10a623922247b131426347,4,3128,100
2,ex2-s5-e1-a1-p08,96cea7ecfc65ba667160e3c4ba1c5edcbd07153e6f10a623922247b131426347,4,3129,100
2,ex2-s5-e1-a1-p08,96cea7ecfc65ba667160e3c4ba1c5edcbd07153e6f10a623922247b131426347,4,3130,100
2,ex2-s5-e1-a1-p08,96cea7ecfc65ba667160e3c4ba1c5edcbd07153e6f10a623922247b131426347,4,3131,100
2,ex2-s5-e1-a1-p08,96cea7ecfc65ba667160e3c4ba1c5edcbd07153e6f10a623922247b131426347,4,3132,0
2,ex2-s5-e1-a1-p08,96cea7ecfc65ba667160e3c4ba1c5edcbd07153e6f10a623922247b131426347,4,3133,100
2,ex2-s5-e1-a1-p08,96cea7ecfc65ba667160e3c4ba1c5edcbd07153e6f10a623922247b131426347,4,3134,100
2,ex2-s5-e1-a1-p08,96cea7ecfc65ba667160e3c4ba1c5edcbd07153e6f10a623922247b131426347,4,3135,100
2,ex2-s5-e1-a1-p08,96cea7ecfc65ba667160e3c4ba1c5edcbd07153e6f10a623922247b131426347,4,3136,100
2,ex2-s5-e1-a1-p08,96cea7ecfc65ba667160e3c4ba1c5edcbd07153e6f10a623922247b131426347,4,3137,0
2,ex2-s5-e1-a1-p08,96cea7ecfc65ba667160e3c4ba1c5edcbd07153e6f10a623922247b131426347,4,3138,100
2,ex2-s5-e1-a1-p08,96cea7ecfc65ba667160e3c4ba1c5edcbd07153e6f10a623922247b131426347,4,3139,100
2,ex2-s5-e1-a1-p08,96cea7ecfc65ba667160e3c4ba1c5edcbd07153e6f10a623922247b131426347,4,3140,100
2,ex2-s5-e1-a1-p08,96cea7ecfc65ba667160e3c4ba1c5edcbd07153e6f10a623922247b131426347,4,3141,100
2,ex2-s5-e1-a1-p08,96cea7ecfc65ba667160e3c4ba1c5edcbd07153e6f10a623922247b131426347,4,3142,100
2,ex2-s5-e1-a1-p08,96cea7ecfc65ba667160e3c4ba1c5edcbd07153e6f10a623922247b131426347,4,3143,100
2,ex2-s5-e1-a1-p08,96cea7ecfc65ba667160e3c4ba1c5edcbd07153e6f10a623922247b131426347,4,3144,0
2,ex2-s5-e1-a1-p08,96cea7ecfc65ba667160e3c4ba1c5edcbd07153e6f10a623922247b131426347,4,3145,100
2,ex2-s5-e1-a1-p08,96cea7ecfc65ba667160e3c4ba1c5edcbd07153e6f10a623922247b131426347,4,3146,100
2,ex2-s5-e1-a1-p08,96cea7ecfc65ba667160e3c4ba1c5edcbd07153e6f10a623922247b131426347,4,3147,100
2,ex2-s5-e1-a1-p08,96cea7ecfc65ba667160e3c4ba1c5edcbd07153e6f10a623922247b131426347,4,3148,100
2,ex2-s5-e1-a1-p08,96cea7ecfc65ba667160e3c4ba1c5edcbd07153e6f10a623922247b131426347,4,3149,100
2,ex2-s5-e1-a1-p08,96cea7ecfc65ba667160e3c4ba1c5edcbd07153e6f10a623922247b131426347,4,3150,0
2,ex2-s5-e1-a1-p08,96cea7ecfc65ba667160e3c4ba1c5edcbd07153e6f10a623922247b131426347,4,3151,100
2,ex2-s5-e1-a1-p08,96cea7ecfc65ba667160e3c4ba1c5edcbd07153e6f10a623922247b131426347,4,3152,100
2,ex2-s5-e1-a1-p08,96cea7ecfc65ba667160e3c4ba1c5edcbd07153e6f10a623922247b131426347,4,3153,100
2,ex2-s5-e1-a1-p08,96cea7ecfc65ba667160e3c4ba1c5edcbd07153e6f10a623922247b131426347,4,3154,100
2,ex2-s5-e1-a1-p08,96cea7ecfc65ba667160e3c4ba1c5edcbd07153e6f10a623922247b131426347,4,3155,100
2,ex2-s5-e1-a1-p08,96cea7ecfc65ba667160e3c4ba1c5edcbd07153e6f10a623922247b131426347,4,3156,0
2,ex2-s5-e1-a1-p08,96cea7ecfc65ba667160e3c4ba1c5edcbd07153e6f10a623922247b131426347,4,3157,100
2,ex2-s5-e1-a1-p08,96cea7ecfc65ba667160e3c4ba1c5edcbd07153e6f10a623922247b131426347,4,3158,100
2,ex2-s5-e1-a1-p08,96cea7ecfc65ba667160e3c4ba1c5edcbd07153e6f10a623922247b131426347,4,3159,100
2,ex2-s5-e1-a1-p08,96cea7ecfc65ba667160e3c4ba1c5edcbd07153e6f10a623922247b131426347,4,3160,100
2,ex2-s5-e1-a1-p08,96cea7ecfc65ba667160e3c4ba1c5edcbd07153e6f10a623922247b131426347,4,3161,0
2,ex2-s5-e1-a1-p08,96cea7ecfc65ba667160e3c4ba1c5edcbd07153e6f10a623922247b131426347,4,3162,100
2,ex2-s5-e1-a1-p08,96cea7ecfc65ba667160e3c4ba1c5edcbd07153e6f10a623922247b131426347,4,3163,100
2,ex2-s5-e1-a1-p08,96cea7ecfc65ba667160e3c4ba1c5edcbd07153e6f10a623922247b131426347,4,3164,100
2,ex2-s5-e1-a1-p08,96cea7ecfc65ba667160e3c4ba1c5edcbd07153e6f10a623922247b131426347,4,3165,100
2,ex2-s5-e1-a1-p08,96cea7ecfc65ba667160e3c4ba1c5edcbd07153e6f10a623922247b131426347,4,3166,0
2,ex2-s5-e1-a1-p08,96cea7ecfc65ba667160e3c4ba1c5edcbd07153e6f10a623922247b131426347,4,3167,100
2,ex2-s5-e1-a1-p08,96cea7ecfc65ba667160e3c4ba1c5edcbd07153e6f10a623922247b131426347,4,3168,100
2,ex2-s5-e1-a1-p08,96cea7ecfc65ba667160e3c4ba1c5edcbd07153e6f10a623922247b131426347,4,3169,100
2,ex2-s5-e1-a1-p08,96cea7ecfc65ba667160e3c4ba1c5edcbd07153e6f10a623922247b131426347,4,3170,100
2,ex2-s5-e1-a1-p08,96cea7ecfc65ba667160e3c4ba1c5edcbd07153e6f10a623922247b131426347,4,3171,100
2,ex2-s5-e1-a1-p08,96cea7ecfc65ba667160e3c4ba1c5edcbd07153e6f10a623922247b131426347,4,3172,0
2,ex2-s5-e1-a1-p08,96cea7ecfc65ba667160e3c4ba1c5edcbd07153e6f10a623922247b131426347,4,3173,100
2,ex2-s5-e1-a1-p08,96cea7ecfc65ba667160e3c4ba1c5edcbd07153e6f10a623922247b131426347,4,3174,100
2,ex2-s5-e1-a1-p08,96cea7ecfc65ba667160e3c4ba1c5edcbd07153e6f10a623922247b131426347,4,3175,100
2,ex2-s5-e1-a1-p08,96cea7ecfc65ba667160e3c4ba1c5edcbd07153e6f10a623922247b131426347,4,3176,100
2,ex2-s5-e1-a1-p08,96cea7ecfc65ba667160e3c4ba1c5edcbd07153e6f10a623922247b131426347,4,3177,100
2,ex2-s5-e1-a1-p08,96cea7ecfc65ba667160e3c4ba1c5edcbd07153e6f10a623922247b131426347,4,3178,0
2,ex2-s5-e1-a1-p08,96cea7ecfc65ba667160e3c4ba1c5edcbd07153e6f10a623922247b131426347,4,3179,100
2,ex2-s5-e1-a1-p08,96cea7ecfc65ba667160e3c4ba1c5edcbd07153e6f10a623922247b131426347,4,3180,100
2,ex2-s5-e1-a1-p08,96cea7ecfc65ba667160e3c4ba1c5edcbd07153e6f10a623922247b131426347,4,3181,100
2,ex2-s5-e1-a1-p08,96cea7ecfc65ba667160e3c4ba1c5edcbd07153e6f10a623922247b131426347,4,3182,100
2,ex2-s5-e1-a1-p08,96cea7ecfc65ba667160e3c4ba1c5edcbd07153e6f10a623922247b131426347,4,3183,0
2,ex2-s5-e1-a1-p08,96cea7ecfc65ba667160e3c4ba1c5edcbd07153e6f10a623922247b131426347,4,3184,100
2,ex2-s5-e1-a1-p08,96cea7ecfc65ba667160e3c4ba1c5edcbd07153e6f10a623922247b131426347,4,3185,100
2,ex2-s5-e1-a1-p08,96cea7ecfc65ba667160e3c4ba1c5edcbd07153e6f10a623922247b131426347,4,3186,100
2,ex2-s5-e1-a1-p08,96cea7ecfc65ba667160e3c4ba1c5edcbd07153e6f10a623922247b131426347,4,3187,100
2,ex2-s5-e1-a1-p08,96cea7ecfc65ba667160e3c4ba1c5edcbd07153e6f10a623922247b131426347,4,3188,100
2,ex2-s5-e1-a1-p08,96cea7ecfc65ba667160e3c4ba1c5edcbd07153e6f10a623922247b131426347,4,3189,0
2,ex2-s5-e1-a1-p08,96cea7ecfc65ba667160e3c4ba1c5edcbd07153e6f10a623922247b131426347,4,3190,100
2,ex2-s5-e1-a1-p08,96cea7ecfc65ba667160e3c4ba1c5edcbd07153e6f10a623922247b131426347,4,3191,100
2,ex2-s5-e1-a1-p08,96cea7ecfc65ba667160e3c4ba1c5edcbd07153e6f10a623922247b131426347,4,3192,100
2,ex2-s5-e1-a1-p08,96cea7ecfc65ba667160e3c4ba1c5edcbd07153e6f10a623922247b131426347,4,3193,100
2,ex2-s5-e1-a1-p08,96cea7ecfc65ba667160e3c4ba1c5edcbd07153e6f10a623922247b131426347,4,3194,0
2,ex2-s5-e1-a1-p08,96cea7ecfc65ba667160e3c4ba1c5edcbd07153e6f10a623922247b131426347,4,3195,100
2,ex2-s5-e1-a1-p08,96cea7ecfc65ba667160e3c4ba1c5edcbd07153e6f10a623922247b131426347,4,3196,100
2,ex2-s5-e1-a1-p08,96cea7ecfc65ba667160e3c4ba1c5edcbd07153e6f10a623922247b131426347,4,3197,100
2,ex2-s5-e1-a1-p08,96cea7ecfc65ba667160e3c4ba1c5edcbd07153e6f10a623922247b131426347,4,3198,100
2,ex2-s5-e1-a1-p08,96cea7ecfc65ba667160e3c4ba1c5edcbd07153e6f10a623922247b131426347,4,3199,100
2,ex2-s5-e1-a1-p08,96cea7ecfc65ba667160e3c4ba1c5edcbd07153e6f10a623922247b131426347,4,3200,0
2,ex2-s5-e1-a1-p08,96cea7ecfc65ba667160e3c4ba1c5edcbd07153e6f10a623922247b131426347,4,3201,100
2,ex2-s5-e1-a1-p08,96cea7ecfc65ba667160e3c4ba1c5edcbd07153e6f10a623922247b131426347,4,3202,100
2,ex2-s5-e1-a1-p08,96cea7ecfc65ba667160e3c4ba1c5edcbd07153e6f10a623922247b131426347,4,3203,100
2,ex2-s5-e1-a1-p08,96cea7ecfc65ba667160e3c4ba1c5edcbd07153e6f10a623922247b131426347,4,3204,100
2,ex2-s5-e1-a1-p08,96cea7ecfc65ba667160e3c4ba1c5edcbd07153e6f10a623922247b131426347,4,3205,100
2,ex2-s5-e1-a1-p08,96cea7ecfc65ba667160e3c4ba1c5edcbd07153e6f10a623922247b131426347,4,3206,0
2,ex2-s5-e1-a1-p08,96cea7ecfc65ba667160e3c4ba1c5edcbd07153e6f10a623922247b131426347,4,3207,100
2,ex2-s5-e1-a1-p08,96cea7ecfc65ba667160e3c4ba1c5edcbd07153e6f10a623922247b131426347,4,3208,100
2,ex2-s5-e1-a1-p08,96cea7ecfc65ba667160e3c4ba1c5edcbd07153e6f10a623922247b131426347,4,3209,100
2,ex2-s5-e1-a1-p08,96cea7ecfc65ba667160e3c4ba1c5edcbd07153e6f10a623922247b131426347,4,3210,100
2,ex2-s5-e1-a1-p08,96cea7ecfc65ba667160e3c4ba1c5edcbd07153e6f10a623922247b131426347,4,3211,0
2,ex2-s5-e1-a1-p08,96cea7ecfc65ba667160e3c4ba1c5edcbd07153e6f10a623922247b131426347,4,3212,100
2,ex2-s5-e1-a1-p08,96cea7ecfc65ba667160e3c4ba1c5edcbd07153e6f10a623922247b131426347,4,3213,100
2,ex2-s5-e1-a1-p08,96cea7ecfc65ba667160e3c4ba1c5edcbd07153e6f10a623922247b131426347,4,3214,100
2,ex2-s5-e1-a1-p08,96cea7ecfc65ba667160e3c4ba1c5edcbd07153e6f10a623922247b131426347,4,3215,100
2,ex2-s5-e1-a1-p08,96cea7ecfc65ba667160e3c4ba1c5edcbd07153e6f10a623922247b131426347,4,3216,100
2,ex2-s5-e1-a1-p08,96cea7ecfc65ba667160e3c4ba1c5edcbd07153e6f10a623922247b131426347,4,3217,0
2,ex2-s5-e1-a1-p08,96cea7ecfc65ba667160e3c4ba1c5edcbd07153e6f10a623922247b131426347,4,3218,100
2,ex2-s5-e1-a1-p08,96cea7ecfc65ba667160e3c4ba1c5edcbd07153e6f10a623922247b131426347,4,3219,100
2,ex2-s5-e1-a1-p08,96cea7ecfc65ba667160e3c4ba1c5edcbd07153e6f10a623922247b131426347,4,3220,100
2,ex2-s5-e1-a1-p08,96cea7ecfc65ba667160e3c4ba1c5edcbd07153e6f10a623922247b131426347,4,3221,100
2,ex2-s5-e1-a1-p08,96cea7ecfc65ba667160e3c4ba1c5edcbd07153e6f10a623922247b131426347,4,3222,100
2,ex2-s5-e1-a1-p08,96cea7ecfc65ba667160e3c4ba1c5edcbd07153e6f10a623922247b131426347,4,3223,0
2,ex2-s5-e1-a1-p08,96cea7ecfc65ba667160e3c4ba1c5edcbd07153e6f10a623922247b131426347,4,3224,100
2,ex2-s5-e1-a1-p08,96cea7ecfc65ba667160e3c4ba1c5edcbd07153e6f10a623922247b131426347,4,3225,100
2,ex2-s5-e1-a1-p08,96cea7ecfc65ba667160e3c4ba1c5edcbd07153e6f10a623922247b131426347,4,3226,100
2,ex2-s5-e1-a1-p08,96cea7ecfc65ba667160e3c4ba1c5edcbd07153e6f10a623922247b131426347,4,3227,100
2,ex2-s5-e1-a1-p08,96cea7ecfc65ba667160e3c4ba1c5edcbd07153e6f10a623922247b131426347,4,3228,0
2,ex2-s5-e1-a1-p08,96cea7ecfc65ba667160e3c4ba1c5edcbd07153e6f10a623922247b131426347,4,3229,100
2,ex2-s5-e1-a1-p08,96cea7ecfc65ba667160e3c4ba1c5edcbd07153e6f10a623922247b131426347,4,3230,100
2,ex2-s5-e1-a1-p08,96cea7ecfc65ba667160e3c4ba1c5edcbd07153e6f10a623922247b131426347,4,3231,100
2,ex2-s5-e1-a1-p08,96cea7ecfc65ba667160e3c4ba1c5edcbd07153e6f10a623922247b131426347,4,3232,100
2,ex2-s5-e1-a1-p08,96cea7ecfc65ba667160e3c4ba1c5edcbd07153e6f10a623922247b131426347,4,3233,100
2,ex2-s5-e1-a1-p08,96cea7ecfc65ba667160e3c4ba1c5edcbd07153e6f10a623922247b131426347,4,3234,0
2,ex2-s5-e1-a1-p08,96cea7ecfc65ba667160e3c4ba1c5edcbd07153e6f10a623922247b131426347,4,3235,100
2,ex2-s5-e1-a1-p08,96cea7ecfc65ba667160e3c4ba1c5edcbd07153e6f10a623922247b131426347,4,3236,100
2,ex2-s5-e1-a1-p08,96cea7ecfc65ba667160e3c4ba1c5edcbd07153e6f10a623922247b131426347,4,3237,100
2,ex2-s5-e1-a1-p08,96cea7ecfc65ba667160e3c4ba1c5edcbd07153e6f10a623922247b131426347,4,3238,100
2,ex2-s5-e1-a1-p08,96cea7ecfc65ba667160e3c4ba1c5edcbd07153e6f10a623922247b131426347,4,3239,0
2,ex2-s5-e1-a1-p08,96cea7ecfc65ba667160e3c4ba1c5edcbd07153e6f10a623922247b131426347,4,3240,100
2,ex2-s5-e1-a1-p08,96cea7ecfc65ba667160e3c4ba1c5edcbd07153e6f10a623922247b131426347,4,3241,100
2,ex2-s5-e1-a1-p08,96cea7ecfc65ba667160e3c4ba1c5edcbd07153e6f10a623922247b131426347,4,3242,100
2,ex2-s5-e1-a1-p08,96cea7ecfc65ba667160e3c4ba1c5edcbd07153e6f10a623922247b131426347,4,3243,100
2,ex2-s5-e1-a1-p08,96cea7ecfc65ba667160e3c4ba1c5edcbd07153e6f10a623922247b131426347,4,3244,100
2,ex2-s5-e1-a1-p08,96cea7ecfc65ba667160e3c4ba1c5edcbd07153e6f10a623922247b131426347,4,3245,0
2,ex2-s5-e1-a1-p08,96cea7ecfc65ba667160e3c4ba1c5edcbd07153e6f10a623922247b131426347,4,3246,100
2,ex2-s5-e1-a1-p08,96cea7ecfc65ba667160e3c4ba1c5edcbd07153e6f10a623922247b131426347,4,3247,100
2,ex2-s5-e1-a1-p08,96cea7ecfc65ba667160e3c4ba1c5edcbd07153e6f10a623922247b131426347,4,3248,100
2,ex2-s5-e1-a1-p08,96cea7ecfc65ba667160e3c4ba1c5edcbd07153e6f10a623922247b131426347,4,3249,100
2,ex2-s5-e1-a1-p08,96cea7ecfc65ba667160e3c4ba1c5edcbd07153e6f10a623922247b131426347,4,3250,100
2,ex2-s5-e1-a1-p08,96cea7ecfc65ba667160e3c4ba1c5edcbd07153e6f10a623922247b131426347,4,3251,0
2,ex2-s5-e1-a1-p08,96cea7ecfc65ba667160e3c4ba1c5edcbd07153e6f10a623922247b131426347,4,3252,100
2,ex2-s5-e1-a1-p08,96cea7ecfc65ba667160e3c4ba1c5edcbd07153e6f10a623922247b131426347,4,3253,100
2,ex2-s5-e1-a1-p08,96cea7ecfc65ba667160e3c4ba1c5edcbd07153e6f10a623922247b131426347,4,3254,100
2,ex2-s5-e1-a1-p08,96cea7ecfc65ba667160e3c4ba1c5edcbd07153e6f10a623922247b131426347,4,3255,100
2,ex2-s5-e1-a1-p08,96cea7ecfc65ba667160e3c4ba1c5edcbd07153e6f10a623922247b131426347,4,3256,0
2,ex2-s5-e1-a1-p08,96cea7ecfc65ba667160e3c4ba1c5edcbd07153e6f10a623922247b131426347,4,3257,100
2,ex2-s5-e1-a1-p08,96cea7ecfc65ba667160e3c4ba1c5edcbd07153e6f10a623922247b131426347,4,3258,100
2,ex2-s5-e1-a1-p08,96cea7ecfc65ba667160e3c4ba1c5edcbd07153e6f10a623922247b131426347,4,3259,100
2,ex2-s5-e1-a1-p08,96cea7ecfc65ba667160e3c4ba1c5edcbd07153e6f10a623922247b131426347,4,3260,100
2,ex2-s5-e1-a1-p08,96cea7ecfc65ba667160e3c4ba1c5edcbd07153e6f10a623922247b131426347,4,3261,100
2,ex2-s5-e1-a1-p08,96cea7ecfc65ba667160e3c4ba1c5edcbd07153e6f10a623922247b131426347,4,3262,0
2,ex2-s5-e1-a1-p08,96cea7ecfc65ba667160e3c4ba1c5edcbd07153e6f10a623922247b131426347,4,3263,100
2,ex2-s5-e1-a1-p08,96cea7ecfc65ba667160e3c4ba1c5edcbd07153e6f10a623922247b131426347,4,3264,100
2,ex2-s5-e1-a1-p08,96cea7ecfc65ba667160e3c4ba1c5edcbd07153e6f10a623922247b131426347,4,3265,100
2,ex2-s5-e1-a1-p08,96cea7ecfc65ba667160e3c4ba1c5edcbd07153e6f10a623922247b131426347,4,3266,100
2,ex2-s5-e1-a1-p08,96cea7ecfc65ba667160e3c4ba1c5edcbd07153e6f10a623922247b131426347,4,3267,100
2,ex2-s5-e1-a1-p08,96cea7ecfc65ba667160e3c4ba1c5edcbd07153e6f10a623922247b131426347,4,3268,0
2,ex2-s5-e1-a1-p08,96cea7ecfc65ba667160e3c4ba1c5edcbd07153e6f10a623922247b131426347,4,3269,100
2,ex2-s5-e1-a1-p08,96cea7ecfc65ba667160e3c4ba1c5edcbd07153e6f10a623922247b131426347,4,3270,100
2,ex2-s5-e1-a1-p08,96cea7ecfc65ba667160e3c4ba1c5edcbd07153e6f10a623922247b131426347,4,3271,100
2,ex2-s5-e1-a1-p08,96cea7ecfc65ba667160e3c4ba1c5edcbd07153e6f10a623922247b131426347,4,3272,100
2,ex2-s5-e1-a1-p08,96cea7ecfc65ba667160e3c4ba1c5edcbd07153e6f10a623922247b131426347,4,3273,0
2,ex2-s5-e1-a1-p08,96cea7ecfc65ba667160e3c4ba1c5edcbd07153e6f10a623922247b131426347,4,3274,100
2,ex2-s5-e1-a1-p08,96cea7ecfc65ba667160e3c4ba1c5edcbd07153e6f10a623922247b131426347,4,3275,100
2,ex2-s5-e1-a1-p08,96cea7ecfc65ba667160e3c4ba1c5edcbd07153e6f10a623922247b131426347,4,3276,100
2,ex2-s5-e1-a1-p08,96cea7ecfc65ba667160e3c4ba1c5edcbd07153e6f10a623922247b131426347,4,3277,100
2,ex2-s5-e1-a1-p08,96cea7ecfc65ba667160e3c4ba1c5edcbd07153e6f10a623922247b131426347,4,3278,100
2,ex2-s5-e1-a1-p08,96cea7ecfc65ba667160e3c4ba1c5edcbd07153e6f10a623922247b131426347,4,3279,0
2,ex2-s5-e1-a1-p08,96cea7ecfc65ba667160e3c4ba1c5edcbd07153e6f10a623922247b131426347,4,3280,100
2,ex2-s5-e1-a1-p08,96cea7ecfc65ba667160e3c4ba1c5edcbd07153e6f10a623922247b131426347,4,3281,100
2,ex2-s5-e1-a1-p08,96cea7ecfc65ba667160e3c4ba1c5edcbd07153e6f10a623922247b131426347,4,3282,100
2,ex2-s5-e1-a1-p08,96cea7ecfc65ba667160e3c4ba1c5edcbd07153e6f10a623922247b131426347,4,3283,100
2,ex2-s5-e1-a1-p08,96cea7ecfc65ba667160e3c4ba1c5edcbd07153e6f10a623922247b131426347,4,3284,100
2,ex2-s5-e1-a1-p08,96cea7ecfc65ba667160e3c4ba1c5edcbd07153e6f10a623922247b131426347,4,3285,0
2,ex2-s5-e1-a1-p08,96cea7ecfc65ba667160e3c4ba1c5edcbd07153e6f10a623922247b131426347,4,3286,100
2,ex2-s5-e1-a1-p08,96cea7ecfc65ba667160e3c4ba1c5edcbd07153e6f10a623922247b131426347,4,3287,100
2,ex2-s5-e1-a1-p08,96cea7ecfc65ba667160e3c4ba1c5edcbd07153e6f10a623922247b131426347,4,3288,100
2,ex2-s5-e1-a1-p08,96cea7ecfc65ba667160e3c4ba1c5edcbd07153e6f10a623922247b131426347,4,3289,100
2,ex2-s5-e1-a1-p08,96cea7ecfc65ba667160e3c4ba1c5edcbd07153e6f10a623922247b131426347,4,3290,0
2,ex2-s5-e1-a1-p08,96cea7ecfc65ba667160e3c4ba1c5edcbd07153e6f10a623922247b131426347,4,3291,100
2,ex2-s5-e1-a1-p08,96cea7ecfc65ba667160e3c4ba1c5edcbd07153e6f10a623922247b131426347,4,3292,100
2,ex2-s5-e1-a1-p08,96cea7ecfc65ba667160e3c4ba1c5edcbd07153e6f10a623922247b131426347,4,3293,100
2,ex2-s5-e1-a1-p08,96cea7ecfc65ba667160e3c4ba1c5edcbd07153e6f10a623922247b131426347,4,3294,100
2,ex2-s5-e1-a1-p08,96cea7ecfc65ba667160e3c4ba1c5edcbd07153e6f10a623922247b131426347,4,3295,100
2,ex2-s5-e1-a1-p08,96cea7ecfc65ba667160e3c4ba1c5edcbd07153e6f10a623922247b131426347,4,3296,0
2,ex2-s5-e1-a1-p08,96cea7ecfc65ba667160e3c4ba1c5edcbd07153e6f10a623922247b131426347,4,3297,100
2,ex2-s5-e1-a1-p08,96cea7ecfc65ba667160e3c4ba1c5edcbd07153e6f10a623922247b131426347,4,3298,100
2,ex2-s5-e1-a1-p08,96cea7ecfc65ba667160e3c4ba1c5edcbd07153e6f10a623922247b131426347,4,3299,100
2,ex2-s5-e1-a1-p08,96cea7ecfc65ba667160e3c4ba1c5edcbd07153e6f10a623922247b131426347,4,3300,100
2,ex2-s5-e1-a1-p08,96cea7ecfc65ba667160e3c4ba1c5edcbd07153e6f10a623922247b131426347,4,3301,100
2,ex2-s5-e1-a1-p08,96cea7ecfc65ba667160e3c4ba1c5edcbd07153e6f10a623922247b131426347,4,3302,0
2,ex2-s5-e1-a1-p08,96cea7ecfc65ba667160e3c4ba1c5edcbd07153e6f10a623922247b131426347,4,3303,100
2,ex2-s5-e1-a1-p08,96cea7ecfc65ba667160e3c4ba1c5edcbd07153e6f10a623922247b131426347,4,3304,100
2,ex2-s5-e1-a1-p08,96cea7ecfc65ba667160e3c4ba1c5edcbd07153e6f10a623922247b131426347,4,3305,100
2,ex2-s5-e1-a1-p08,96cea7ecfc65ba667160e3c4ba1c5edcbd07153e6f10a623922247b131426347,4,3306,100
2,ex2-s5-e1-a1-p08,96cea7ecfc65ba667160e3c4ba1c5edcbd07153e6f10a623922247b131426347,4,3307,0
2,ex2-s5-e1-a1-p08,96cea7ecfc65ba667160e3c4ba1c5edcbd07153e6f10a623922247b131426347,4,3308,100
2,ex2-s5-e1-a1-p08,96cea7ecfc65ba667160e3c4ba1c5edcbd07153e6f10a623922247b131426347,4,3309,100
2,ex2-s5-e1-a1-p08,96cea7ecfc65ba667160e3c4ba1c5edcbd07153e6f10a623922247b131426347,4,3310,100
2,ex2-s5-e1-a1-p08,96cea7ecfc65ba667160e3c4ba1c5edcbd07153e6f10a623922247b131426347,4,3311,100
2,ex2-s5-e1-a1-p08,96cea7ecfc65ba667160e3c4ba1c5edcbd07153e6f10a623922247b131426347,4,3312,0
2,ex2-s5-e1-a1-p08,96cea7ecfc65ba667160e3c4ba1c5edcbd07153e6f10a623922247b131426347,4,3313,100
2,ex2-s5-e1-a1-p08,96cea7ecfc65ba667160e3c4ba1c5edcbd07153e6f10a623922247b131426347,4,3314,100
2,ex2-s5-e1-a1-p08,96cea7ecfc65ba667160e3c4ba1c5edcbd07153e6f10a623922247b131426347,4,3315,100
2,ex2-s5-e1-a1-p08,96cea7ecfc65ba667160e3c4ba1c5edcbd07153e6f10a623922247b131426347,4,3316,100
2,ex2-s5-e1-a1-p08,96cea7ecfc65ba667160e3c4ba1c5edcbd07153e6f10a623922247b131426347,4,3317,100
2,ex2-s5-e1-a1-p08,96cea7ecfc65ba667160e3c4ba1c5edcbd07153e6f10a623922247b131426347,4,3318,0
2,ex2-s5-e1-a1-p08,96cea7ecfc65ba667160e3c4ba1c5edcbd07153e6f10a623922247b131426347,4,3319,100
2,ex2-s5-e1-a1-p08,96cea7ecfc65ba667160e3c4ba1c5edcbd07153e6f10a623922247b131426347,4,3320,100
2,ex2-s5-e1-a1-p08,96cea7ecfc65ba667160e3c4ba1c5edcbd07153e6f10a623922247b131426347,4,3321,100
2,ex2-s5-e1-a1-p08,96cea7ecfc65ba667160e3c4ba1c5edcbd07153e6f10a623922247b131426347,4,3322,100
2,ex2-s5-e1-a1-p08,96cea7ecfc65ba667160e3c4ba1c5edcbd07153e6f10a623922247b131426347,4,3323,100
2,ex2-s5-e1-a1-p08,96cea7ecfc65ba667160e3c4ba1c5edcbd07153e6f10a623922247b131426347,4,3324,0
2,ex2-s5-e1-a1-p08,96cea7ecfc65ba667160e3c4ba1c5edcbd07153e6f10a623922247b131426347,4,3325,100
2,ex2-s5-e1-a1-p08,96cea7ecfc65ba667160e3c4ba1c5edcbd07153e6f10a623922247b131426347,4,3326,100
2,ex2-s5-e1-a1-p08,96cea7ecfc65ba667160e3c4ba1c5edcbd07153e6f10a623922247b131426347,4,3327,100
2,ex2-s5-e1-a1-p08,96cea7ecfc65ba667160e3c4ba1c5edcbd07153e6f10a623922247b131426347,4,3328,100
2,ex2-s5-e1-a1-p08,96cea7ecfc65ba667160e3c4ba1c5edcbd07153e6f10a623922247b131426347,4,3329,0
2,ex2-s5-e1-a1-p08,96cea7ecfc65ba667160e3c4ba1c5edcbd07153e6f10a623922247b131426347,4,3330,100
2,ex2-s5-e1-a1-p08,96cea7ecfc65ba667160e3c4ba1c5edcbd07153e6f10a623922247b131426347,4,3331,100
2,ex2-s5-e1-a1-p08,96cea7ecfc65ba667160e3c4ba1c5edcbd07153e6f10a623922247b131426347,4,3332,100
2,ex2-s5-e1-a1-p08,96cea7ecfc65ba667160e3c4ba1c5edcbd07153e6f10a623922247b131426347,4,3333,100
2,ex2-s5-e1-a1-p08,96cea7ecfc65ba667160e3c4ba1c5edcbd07153e6f10a623922247b131426347,4,3334,100
2,ex2-s5-e1-a1-p08,96cea7ecfc65ba667160e3c4ba1c5edcbd07153e6f10a623922247b131426347,4,3335,0
2,ex2-s5-e1-a1-p08,96cea7ecfc65ba667160e3c4ba1c5edcbd07153e6f10a623922247b131426347,4,3336,100
2,ex2-s5-e1-a1-p08,96cea7ecfc65ba667160e3c4ba1c5edcbd07153e6f10a623922247b131426347,4,3337,100
2,ex2-s5-e1-a1-p08,96cea7ecfc65ba667160e3c4ba1c5edcbd07153e6f10a623922247b131426347,4,3338,100
2,ex2-s5-e1-a1-p08,96cea7ecfc65ba667160e3c4ba1c5edcbd07153e6f10a623922247b131426347,4,3339,100
2,ex2-s5-e1-a1-p08,96cea7ecfc65ba667160e3c4ba1c5edcbd07153e6f10a623922247b131426347,4,3340,0
2,ex2-s5-e1-a1-p08,96cea7ecfc65ba667160e3c4ba1c5edcbd07153e6f10a623922247b131426347,4,3341,100
2,ex2-s5-e1-a1-p08,96cea7ecfc65ba667160e3c4ba1c5edcbd07153e6f10a623922247b131426347,4,3342,100
2,ex2-s5-e1-a1-p08,96cea7ecfc65ba667160e3c4ba1c5edcbd07153e6f10a623922247b131426347,4,3343,100
2,ex2-s5-e1-a1-p08,96cea7ecfc65ba667160e3c4ba1c5edcbd07153e6f10a623922247b131426347,4,3344,100
2,ex2-s5-e1-a1-p08,96cea7ecfc65ba667160e3c4ba1c5edcbd07153e6f10a623922247b131426347,4,3345,100
2,ex2-s5-e1-a1-p08,96cea7ecfc65ba667160e3c4ba1c5edcbd07153e6f10a623922247b131426347,4,3346,0
2,ex2-s5-e1-a1-p08,96cea7ecfc65ba667160e3c4ba1c5edcbd07153e6f10a623922247b131426347,4,3347,100
2,ex2-s5-e1-a1-p08,96cea7ecfc65ba667160e3c4ba1c5edcbd07153e6f10a623922247b131426347,4,3348,100
2,ex2-s5-e1-a1-p08,96cea7ecfc65ba667160e3c4ba1c5edcbd07153e6f10a623922247b131426347,4,3349,100
2,ex2-s5-e1-a1-p08,96cea7ecfc65ba667160e3c4ba1c5edcbd07153e6f10a623922247b131426347,4,3350,100
2,ex2-s5-e1-a1-p08,96cea7ecfc65ba667160e3c4ba1c5edcbd07153e6f10a623922247b131426347,4,3351,100
2,ex2-s5-e1-a1-p08,96cea7ecfc65ba667160e3c4ba1c5edcbd07153e6f10a623922247b131426347,4,3352,0
2,ex2-s5-e1-a1-p08,96cea7ecfc65ba667160e3c4ba1c5edcbd07153e6f10a623922247b131426347,4,3353,100
2,ex2-s5-e1-a1-p08,96cea7ecfc65ba667160e3c4ba1c5edcbd07153e6f10a623922247b131426347,4,3354,100
2,ex2-s5-e1-a1-p08,96cea7ecfc65ba667160e3c4ba1c5edcbd07153e6f10a623922247b131426347,4,3355,100
2,ex2-s5-e1-a1-p08,96cea7ecfc65ba667160e3c4ba1c5edcbd07153e6f10a623922247b131426347,4,3356,100
2,ex2-s5-e1-a1-p08,96cea7ecfc65ba667160e3c4ba1c5edcbd07153e6f10a623922247b131426347,4,3357,0
2,ex2-s5-e1-a1-p08,96cea7ecfc65ba667160e3c4ba1c5edcbd07153e6f10a623922247b131426347,4,3358,100
2,ex2-s5-e1-a1-p08,96cea7ecfc65ba667160e3c4ba1c5edcbd07153e6f10a623922247b131426347,4,3359,100
2,ex2-s5-e1-a1-p08,96cea7ecfc65ba667160e3c4ba1c5edcbd07153e6f10a623922247b131426347,4,3360,100
2,ex2-s5-e1-a1-p08,96cea7ecfc65ba667160e3c4ba1c5edcbd07153e6f10a623922247b131426347,4,3361,100
2,ex2-s5-e1-a1-p08,96cea7ecfc65ba667160e3c4ba1c5edcbd07153e6f10a623922247b131426347,4,3362,100
2,ex2-s5-e1-a1-p08,96cea7ecfc65ba667160e3c4ba1c5edcbd07153e6f10a623922247b131426347,4,3363,0
2,ex2-s5-e1-a1-p08,96cea7ecfc65ba667160e3c4ba1c5edcbd07153e6f10a623922247b131426347,4,3364,100
2,ex2-s5-e1-a1-p08,96cea7ecfc65ba667160e3c4ba1c5edcbd07153e6f10a623922247b131426347,4,3365,100
2,ex2-s5-e1-a1-p08,96cea7ecfc65ba667160e3c4ba1c5edcbd07153e6f10a623922247b131426347,4,3366,100
2,ex2-s5-e1-a1-p08,96cea7ecfc65ba667160e3c4ba1c5edcbd07153e6f10a623922247b131426347,4,3367,100
2,ex2-s5-e1-a1-p08,96cea7ecfc65ba667160e3c4ba1c5edcbd07153e6f10a623922247b131426347,4,3368,0
2,ex2-s5-e1-a1-p08,96cea7ecfc65ba667160e3c4ba1c5edcbd07153e6f10a623922247b131426347,4,3369,100
2,ex2-s5-e1-a1-p08,96cea7ecfc65ba667160e3c4ba1c5edcbd07153e6f10a623922247b131426347,4,3370,100
2,ex2-s5-e1-a1-p08,96cea7ecfc65ba667160e3c4ba1c5edcbd07153e6f10a623922247b131426347,4,3371,100
2,ex2-s5-e1-a1-p08,96cea7ecfc65ba667160e3c4ba1c5edcbd07153e6f10a623922247b131426347,4,3372,100
2,ex2-s5-e1-a1-p08,96cea7ecfc65ba667160e3c4ba1c5edcbd07153e6f10a623922247b131426347,4,3373,100
2,ex2-s5-e1-a1-p08,96cea7ecfc65ba667160e3c4ba1c5edcbd07153e6f10a623922247b131426347,4,3374,0
2,ex2-s5-e1-a1-p08,96cea7ecfc65ba667160e3c4ba1c5edcbd07153e6f10a623922247b131426347,4,3375,100
2,ex2-s5-e1-a1-p08,96cea7ecfc65ba667160e3c4ba1c5edcbd07153e6f10a623922247b131426347,4,3376,100
2,ex2-s5-e1-a1-p08,96cea7ecfc65ba667160e3c4ba1c5edcbd07153e6f10a623922247b131426347,4,3377,100
2,ex2-s5-e1-a1-p08,96cea7ecfc65ba667160e3c4ba1c5edcbd07153e6f10a623922247b131426347,4,3378,100
2,ex2-s5-e1-a1-p08,96cea7ecfc65ba667160e3c4ba1c5edcbd07153e6f10a623922247b131426347,4,3379,0
2,ex2-s5-e1-a1-p08,96cea7ecfc65ba667160e3c4ba1c5edcbd07153e6f10a623922247b131426347,4,3380,100
2,ex2-s5-e1-a1-p08,96cea7ecfc65ba667160e3c4ba1c5edcbd07153e6f10a623922247b131426347,4,3381,100
2,ex2-s5-e1-a1-p08,96cea7ecfc65ba667160e3c4ba1c5edcbd07153e6f10a623922247b131426347,4,3382,100
2,ex2-s5-e1-a1-p08,96cea7ecfc65ba667160e3c4ba1c5edcbd07153e6f10a623922247b131426347,4,3383,100
2,ex2-s5-e1-a1-p08,96cea7ecfc65ba667160e3c4ba1c5edcbd07153e6f10a623922247b131426347,4,3384,100
2,ex2-s5-e1-a1-p08,96cea7ecfc65ba667160e3c4ba1c5edcbd07153e6f10a623922247b131426347,4,3385,0
2,ex2-s5-e1-a1-p08,96cea7ecfc65ba667160e3c4ba1c5edcbd07153e6f10a623922247b131426347,4,3386,100
2,ex2-s5-e1-a1-p08,96cea7ecfc65ba667160e3c4ba1c5edcbd07153e6f10a623922247b131426347,4,3387,100
2,ex2-s5-e1-a1-p08,96cea7ecfc65ba667160e3c4ba1c5edcbd07153e6f10a623922247b131426347,4,3388,100
2,ex2-s5-e1-a1-p08,96cea7ecfc65ba667160e3c4ba1c5edcbd07153e6f10a623922247b131426347,4,3389,100
2,ex2-s5-e1-a1-p08,96cea7ecfc65ba667160e3c4ba1c5edcbd07153e6f10a623922247b131426347,4,3390,100
2,ex2-s5-e1-a1-p08,96cea7ecfc65ba667160e3c4ba1c5edcbd07153e6f10a623922247b131426347,4,3391,0
2,ex2-s5-e1-a1-p08,96cea7ecfc65ba667160e3c4ba1c5edcbd07153e6f10a623922247b131426347,4,3392,100
2,ex2-s5-e1-a1-p08,96cea7ecfc65ba667160e3c4ba1c5edcbd07153e6f10a623922247b131426347,4,3393,100
2,ex2-s5-e1-a1-p08,96cea7ecfc65ba667160e3c4ba1c5edcbd07153e6f10a623922247b131426347,4,3394,100
2,ex2-s5-e1-a1-p08,96cea7ecfc65ba667160e3c4ba1c5edcbd07153e6f10a623922247b131426347,4,3395,100
2,ex2-s5-e1-a1-p08,96cea7ecfc65ba667160e3c4ba1c5edcbd07153e6f10a623922247b131426347,4,3396,0
2,ex2-s5-e1-a1-p08,96cea7ecfc65ba667160e3c4ba1c5edcbd07153e6f10a623922247b131426347,4,3397,100
2,ex2-s5-e1-a1-p08,96cea7ecfc65ba667160e3c4ba1c5edcbd07153e6f10a623922247b131426347,4,3398,100
2,ex2-s5-e1-a1-p08,96cea7ecfc65ba667160e3c4ba1c5edcbd07153e6f10a623922247b131426347,4,3399,200
2,ex2-s5-e1-a1-p08,96cea7ecfc65ba667160e3c4ba1c5edcbd07153e6f10a623922247b131426347,4,3400,100
2,ex2-s5-e1-a1-p08,96cea7ecfc65ba667160e3c4ba1c5edcbd07153e6f10a623922247b131426347,4,3401,0
2,ex2-s5-e1-a1-p08,96cea7ecfc65ba667160e3c4ba1c5edcbd07153e6f10a623922247b131426347,4,3402,100
2,ex2-s5-e1-a1-p08,96cea7ecfc65ba667160e3c4ba1c5edcbd07153e6f10a623922247b131426347,4,3403,100
2,ex2-s5-e1-a1-p08,96cea7ecfc65ba667160e3c4ba1c5edcbd07153e6f10a623922247b131426347,4,3404,100
2,ex2-s5-e1-a1-p08,96cea7ecfc65ba667160e3c4ba1c5edcbd07153e6f10a623922247b131426347,4,3405,100
2,ex2-s5-e1-a1-p08,96cea7ecfc65ba667160e3c4ba1c5edcbd07153e6f10a623922247b131426347,4,3406,100
2,ex2-s5-e1-a1-p08,96cea7ecfc65ba667160e3c4ba1c5edcbd07153e6f10a623922247b131426347,4,3407,0
2,ex2-s5-e1-a1-p08,96cea7ecfc65ba667160e3c4ba1c5edcbd07153e6f10a623922247b131426347,4,3408,100
2,ex2-s5-e1-a1-p08,96cea7ecfc65ba667160e3c4ba1c5edcbd07153e6f10a623922247b131426347,4,3409,100
2,ex2-s5-e1-a1-p08,96cea7ecfc65ba667160e3c4ba1c5edcbd07153e6f10a623922247b131426347,4,3410,100
2,ex2-s5-e1-a1-p08,96cea7ecfc65ba667160e3c4ba1c5edcbd07153e6f10a623922247b131426347,4,3411,100
2,ex2-s5-e1-a1-p08,96cea7ecfc65ba667160e3c4ba1c5edcbd07153e6f10a623922247b131426347,4,3412,100
2,ex2-s5-e1-a1-p08,96cea7ecfc65ba667160e3c4ba1c5edcbd07153e6f10a623922247b131426347,4,3413,0
2,ex2-s5-e1-a1-p08,96cea7ecfc65ba667160e3c4ba1c5edcbd07153e6f10a623922247b131426347,4,3414,100
2,ex2-s5-e1-a1-p08,96cea7ecfc65ba667160e3c4ba1c5edcbd07153e6f10a623922247b131426347,4,3415,100
2,ex2-s5-e1-a1-p08,96cea7ecfc65ba667160e3c4ba1c5edcbd07153e6f10a623922247b131426347,4,3416,100
2,ex2-s5-e1-a1-p08,96cea7ecfc65ba667160e3c4ba1c5edcbd07153e6f10a623922247b131426347,4,3417,100
2,ex2-s5-e1-a1-p08,96cea7ecfc65ba667160e3c4ba1c5edcbd07153e6f10a623922247b131426347,4,3418,0
2,ex2-s5-e1-a1-p08,96cea7ecfc65ba667160e3c4ba1c5edcbd07153e6f10a623922247b131426347,4,3419,100
2,ex2-s5-e1-a1-p08,96cea7ecfc65ba667160e3c4ba1c5edcbd07153e6f10a623922247b131426347,4,3420,100
2,ex2-s5-e1-a1-p08,96cea7ecfc65ba667160e3c4ba1c5edcbd07153e6f10a623922247b131426347,4,3421,100
2,ex2-s5-e1-a1-p08,96cea7ecfc65ba667160e3c4ba1c5edcbd07153e6f10a623922247b131426347,4,3422,100
2,ex2-s5-e1-a1-p08,96cea7ecfc65ba667160e3c4ba1c5edcbd07153e6f10a623922247b131426347,4,3423,100
2,ex2-s5-e1-a1-p08,96cea7ecfc65ba667160e3c4ba1c5edcbd07153e6f10a623922247b131426347,4,3424,0
2,ex2-s5-e1-a1-p08,96cea7ecfc65ba667160e3c4ba1c5edcbd07153e6f10a623922247b131426347,4,3425,100
2,ex2-s5-e1-a1-p08,96cea7ecfc65ba667160e3c4ba1c5edcbd07153e6f10a623922247b131426347,4,3426,100
2,ex2-s5-e1-a1-p08,96cea7ecfc65ba667160e3c4ba1c5edcbd07153e6f10a623922247b131426347,4,3427,100
2,ex2-s5-e1-a1-p08,96cea7ecfc65ba667160e3c4ba1c5edcbd07153e6f10a623922247b131426347,4,3428,100
2,ex2-s5-e1-a1-p08,96cea7ecfc65ba667160e3c4ba1c5edcbd07153e6f10a623922247b131426347,4,3429,0
2,ex2-s5-e1-a1-p08,96cea7ecfc65ba667160e3c4ba1c5edcbd07153e6f10a623922247b131426347,4,3430,100
2,ex2-s5-e1-a1-p08,96cea7ecfc65ba667160e3c4ba1c5edcbd07153e6f10a623922247b131426347,4,3431,100
2,ex2-s5-e1-a1-p08,96cea7ecfc65ba667160e3c4ba1c5edcbd07153e6f10a623922247b131426347,4,3432,100
2,ex2-s5-e1-a1-p08,96cea7ecfc65ba667160e3c4ba1c5edcbd07153e6f10a623922247b131426347,4,3433,100
2,ex2-s5-e1-a1-p08,96cea7ecfc65ba667160e3c4ba1c5edcbd07153e6f10a623922247b131426347,4,3434,100
2,ex2-s5-e1-a1-p08,96cea7ecfc65ba667160e3c4ba1c5edcbd07153e6f10a623922247b131426347,4,3435,0
2,ex2-s5-e1-a1-p08,96cea7ecfc65ba667160e3c4ba1c5edcbd07153e6f10a623922247b131426347,4,3436,100
2,ex2-s5-e1-a1-p08,96cea7ecfc65ba667160e3c4ba1c5edcbd07153e6f10a623922247b131426347,4,3437,100
2,ex2-s5-e1-a1-p08,96cea7ecfc65ba667160e3c4ba1c5edcbd07153e6f10a623922247b131426347,4,3438,100
2,ex2-s5-e1-a1-p08,96cea7ecfc65ba667160e3c4ba1c5edcbd07153e6f10a623922247b131426347,4,3439,100
2,ex2-s5-e1-a1-p08,96cea7ecfc65ba667160e3c4ba1c5edcbd07153e6f10a623922247b131426347,4,3440,0
2,ex2-s5-e1-a1-p08,96cea7ecfc65ba667160e3c4ba1c5edcbd07153e6f10a623922247b131426347,4,3441,100
2,ex2-s5-e1-a1-p08,96cea7ecfc65ba667160e3c4ba1c5edcbd07153e6f10a623922247b131426347,4,3442,100
2,ex2-s5-e1-a1-p08,96cea7ecfc65ba667160e3c4ba1c5edcbd07153e6f10a623922247b131426347,4,3443,100
2,ex2-s5-e1-a1-p08,96cea7ecfc65ba667160e3c4ba1c5edcbd07153e6f10a623922247b131426347,4,3444,100
2,ex2-s5-e1-a1-p08,96cea7ecfc65ba667160e3c4ba1c5edcbd07153e6f10a623922247b131426347,4,3445,100
2,ex2-s5-e1-a1-p08,96cea7ecfc65ba667160e3c4ba1c5edcbd07153e6f10a623922247b131426347,4,3446,0
2,ex2-s5-e1-a1-p08,96cea7ecfc65ba667160e3c4ba1c5edcbd07153e6f10a623922247b131426347,4,3447,100
2,ex2-s5-e1-a1-p08,96cea7ecfc65ba667160e3c4ba1c5edcbd07153e6f10a623922247b131426347,4,3448,100
2,ex2-s5-e1-a1-p08,96cea7ecfc65ba667160e3c4ba1c5edcbd07153e6f10a623922247b131426347,4,3449,100
2,ex2-s5-e1-a1-p08,96cea7ecfc65ba667160e3c4ba1c5edcbd07153e6f10a623922247b131426347,4,3450,100
2,ex2-s5-e1-a1-p08,96cea7ecfc65ba667160e3c4ba1c5edcbd07153e6f10a623922247b131426347,4,3451,0
2,ex2-s5-e1-a1-p08,96cea7ecfc65ba667160e3c4ba1c5edcbd07153e6f10a623922247b131426347,4,3452,100
2,ex2-s5-e1-a1-p08,96cea7ecfc65ba667160e3c4ba1c5edcbd07153e6f10a623922247b131426347,4,3453,100
2,ex2-s5-e1-a1-p08,96cea7ecfc65ba667160e3c4ba1c5edcbd07153e6f10a623922247b131426347,4,3454,100
2,ex2-s5-e1-a1-p08,96cea7ecfc65ba667160e3c4ba1c5edcbd07153e6f10a623922247b131426347,4,3455,100
2,ex2-s5-e1-a1-p08,96cea7ecfc65ba667160e3c4ba1c5edcbd07153e6f10a623922247b131426347,4,3456,100
2,ex2-s5-e1-a1-p08,96cea7ecfc65ba667160e3c4ba1c5edcbd07153e6f10a623922247b131426347,4,3457,0
2,ex2-s5-e1-a1-p08,96cea7ecfc65ba667160e3c4ba1c5edcbd07153e6f10a623922247b131426347,4,3458,100
2,ex2-s5-e1-a1-p08,96cea7ecfc65ba667160e3c4ba1c5edcbd07153e6f10a623922247b131426347,4,3459,100
2,ex2-s5-e1-a1-p08,96cea7ecfc65ba667160e3c4ba1c5edcbd07153e6f10a623922247b131426347,4,3460,100
2,ex2-s5-e1-a1-p08,96cea7ecfc65ba667160e3c4ba1c5edcbd07153e6f10a623922247b131426347,4,3461,100
2,ex2-s5-e1-a1-p08,96cea7ecfc65ba667160e3c4ba1c5edcbd07153e6f10a623922247b131426347,4,3462,0
2,ex2-s5-e1-a1-p08,96cea7ecfc65ba667160e3c4ba1c5edcbd07153e6f10a623922247b131426347,4,3463,100
2,ex2-s5-e1-a1-p08,96cea7ecfc65ba667160e3c4ba1c5edcbd07153e6f10a623922247b131426347,4,3464,100
2,ex2-s5-e1-a1-p08,96cea7ecfc65ba667160e3c4ba1c5edcbd07153e6f10a623922247b131426347,4,3465,100
2,ex2-s5-e1-a1-p08,96cea7ecfc65ba667160e3c4ba1c5edcbd07153e6f10a623922247b131426347,4,3466,100
2,ex2-s5-e1-a1-p08,96cea7ecfc65ba667160e3c4ba1c5edcbd07153e6f10a623922247b131426347,4,3467,100
2,ex2-s5-e1-a1-p08,96cea7ecfc65ba667160e3c4ba1c5edcbd07153e6f10a623922247b131426347,4,3468,0
2,ex2-s5-e1-a1-p08,96cea7ecfc65ba667160e3c4ba1c5edcbd07153e6f10a623922247b131426347,4,3469,100
2,ex2-s5-e1-a1-p08,96cea7ecfc65ba667160e3c4ba1c5edcbd07153e6f10a623922247b131426347,4,3470,100
2,ex2-s5-e1-a1-p08,96cea7ecfc65ba667160e3c4ba1c5edcbd07153e6f10a623922247b131426347,4,3471,100
2,ex2-s5-e1-a1-p08,96cea7ecfc65ba667160e3c4ba1c5edcbd07153e6f10a623922247b131426347,4,3472,100
2,ex2-s5-e1-a1-p08,96cea7ecfc65ba667160e3c4ba1c5edcbd07153e6f10a623922247b131426347,4,3473,0
2,ex2-s5-e1-a1-p08,96cea7ecfc65ba667160e3c4ba1c5edcbd07153e6f10a623922247b131426347,4,3474,100
2,ex2-s5-e1-a1-p08,96cea7ecfc65ba667160e3c4ba1c5edcbd07153e6f10a623922247b131426347,4,3475,100
2,ex2-s5-e1-a1-p08,96cea7ecfc65ba667160e3c4ba1c5edcbd07153e6f10a623922247b131426347,4,3476,100
2,ex2-s5-e1-a1-p08,96cea7ecfc65ba667160e3c4ba1c5edcbd07153e6f10a623922247b131426347,4,3477,100
2,ex2-s5-e1-a1-p08,96cea7ecfc65ba667160e3c4ba1c5edcbd07153e6f10a623922247b131426347,4,3478,100
2,ex2-s5-e1-a1-p08,96cea7ecfc65ba667160e3c4ba1c5edcbd07153e6f10a623922247b131426347,4,3479,0
2,ex2-s5-e1-a1-p08,96cea7ecfc65ba667160e3c4ba1c5edcbd07153e6f10a623922247b131426347,4,3480,100
2,ex2-s5-e1-a1-p08,96cea7ecfc65ba667160e3c4ba1c5edcbd07153e6f10a623922247b131426347,4,3481,100
2,ex2-s5-e1-a1-p08,96cea7ecfc65ba667160e3c4ba1c5edcbd07153e6f10a623922247b131426347,4,3482,100
2,ex2-s5-e1-a1-p08,96cea7ecfc65ba667160e3c4ba1c5edcbd07153e6f10a623922247b131426347,4,3483,100
2,ex2-s5-e1-a1-p08,96cea7ecfc65ba667160e3c4ba1c5edcbd07153e6f10a623922247b131426347,4,3484,0
2,ex2-s5-e1-a1-p08,96cea7ecfc65ba667160e3c4ba1c5edcbd07153e6f10a623922247b131426347,4,3485,100
2,ex2-s5-e1-a1-p08,96cea7ecfc65ba667160e3c4ba1c5edcbd07153e6f10a623922247b131426347,4,3486,100
2,ex2-s5-e1-a1-p08,96cea7ecfc65ba667160e3c4ba1c5edcbd07153e6f10a623922247b131426347,4,3487,100
2,ex2-s5-e1-a1-p08,96cea7ecfc65ba667160e3c4ba1c5edcbd07153e6f10a623922247b131426347,4,3488,100
2,ex2-s5-e1-a1-p08,96cea7ecfc65ba667160e3c4ba1c5edcbd07153e6f10a623922247b131426347,4,3489,100
2,ex2-s5-e1-a1-p08,96cea7ecfc65ba667160e3c4ba1c5edcbd07153e6f10a623922247b131426347,4,3490,0
2,ex2-s5-e1-a1-p08,96cea7ecfc65ba667160e3c4ba1c5edcbd07153e6f10a623922247b131426347,4,3491,100
2,ex2-s5-e1-a1-p08,96cea7ecfc65ba667160e3c4ba1c5edcbd07153e6f10a623922247b131426347,4,3492,100
2,ex2-s5-e1-a1-p08,96cea7ecfc65ba667160e3c4ba1c5edcbd07153e6f10a623922247b131426347,4,3493,100
2,ex2-s5-e1-a1-p08,96cea7ecfc65ba667160e3c4ba1c5edcbd07153e6f10a623922247b131426347,4,3494,100
2,ex2-s5-e1-a1-p08,96cea7ecfc65ba667160e3c4ba1c5edcbd07153e6f10a623922247b131426347,4,3495,0
2,ex2-s5-e1-a1-p08,96cea7ecfc65ba667160e3c4ba1c5edcbd07153e6f10a623922247b131426347,4,3496,100
2,ex2-s5-e1-a1-p08,96cea7ecfc65ba667160e3c4ba1c5edcbd07153e6f10a623922247b131426347,4,3497,100
2,ex2-s5-e1-a1-p08,96cea7ecfc65ba667160e3c4ba1c5edcbd07153e6f10a623922247b131426347,4,3498,100
2,ex2-s5-e1-a1-p08,96cea7ecfc65ba667160e3c4ba1c5edcbd07153e6f10a623922247b131426347,4,3499,100
2,ex2-s5-e1-a1-p08,96cea7ecfc65ba667160e3c4ba1c5edcbd07153e6f10a623922247b131426347,4,3500,100
2,ex2-s5-e1-a1-p08,96cea7ecfc65ba667160e3c4ba1c5edcbd07153e6f10a623922247b131426347,4,3501,0
2,ex2-s5-e1-a1-p08,96cea7ecfc65ba667160e3c4ba1c5edcbd07153e6f10a623922247b131426347,4,3502,100
2,ex2-s5-e1-a1-p08,96cea7ecfc65ba667160e3c4ba1c5edcbd07153e6f10a623922247b131426347,4,3503,100
2,ex2-s5-e1-a1-p08,96cea7ecfc65ba667160e3c4ba1c5edcbd07153e6f10a623922247b131426347,4,3504,100
2,ex2-s5-e1-a1-p08,96cea7ecfc65ba667160e3c4ba1c5edcbd07153e6f10a623922247b131426347,4,3505,100
2,ex2-s5-e1-a1-p08,96cea7ecfc65ba667160e3c4ba1c5edcbd07153e6f10a623922247b131426347,4,3506,0
2,ex2-s5-e1-a1-p08,96cea7ecfc65ba667160e3c4ba1c5edcbd07153e6f10a623922247b131426347,4,3507,100
2,ex2-s5-e1-a1-p08,96cea7ecfc65ba667160e3c4ba1c5edcbd07153e6f10a623922247b131426347,4,3508,100
2,ex2-s5-e1-a1-p08,96cea7ecfc65ba667160e3c4ba1c5edcbd07153e6f10a623922247b131426347,4,3509,100
2,ex2-s5-e1-a1-p08,96cea7ecfc65ba667160e3c4ba1c5edcbd07153e6f10a623922247b131426347,4,3510,100
2,ex2-s5-e1-a1-p08,96cea7ecfc65ba667160e3c4ba1c5edcbd07153e6f10a623922247b131426347,4,3511,100
2,ex2-s5-e1-a1-p08,96cea7ecfc65ba667160e3c4ba1c5edcbd07153e6f10a623922247b131426347,4,3512,0
2,ex2-s5-e1-a1-p08,96cea7ecfc65ba667160e3c4ba1c5edcbd07153e6f10a623922247b131426347,4,3513,100
2,ex2-s5-e1-a1-p08,96cea7ecfc65ba667160e3c4ba1c5edcbd07153e6f10a623922247b131426347,4,3514,100
2,ex2-s5-e1-a1-p08,96cea7ecfc65ba667160e3c4ba1c5edcbd07153e6f10a623922247b131426347,4,3515,100
2,ex2-s5-e1-a1-p08,96cea7ecfc65ba667160e3c4ba1c5edcbd07153e6f10a623922247b131426347,4,3516,100
2,ex2-s5-e1-a1-p08,96cea7ecfc65ba667160e3c4ba1c5edcbd07153e6f10a623922247b131426347,4,3517,100
2,ex2-s5-e1-a1-p08,96cea7ecfc65ba667160e3c4ba1c5edcbd07153e6f10a623922247b131426347,4,3518,0
2,ex2-s5-e1-a1-p08,96cea7ecfc65ba667160e3c4ba1c5edcbd07153e6f10a623922247b131426347,4,3519,100
2,ex2-s5-e1-a1-p08,96cea7ecfc65ba667160e3c4ba1c5edcbd07153e6f10a623922247b131426347,4,3520,100
2,ex2-s5-e1-a1-p08,96cea7ecfc65ba667160e3c4ba1c5edcbd07153e6f10a623922247b131426347,4,3521,100
2,ex2-s5-e1-a1-p08,96cea7ecfc65ba667160e3c4ba1c5edcbd07153e6f10a623922247b131426347,4,3522,100
2,ex2-s5-e1-a1-p08,96cea7ecfc65ba667160e3c4ba1c5edcbd07153e6f10a623922247b131426347,4,3523,0
2,ex2-s5-e1-a1-p08,96cea7ecfc65ba667160e3c4ba1c5edcbd07153e6f10a623922247b131426347,4,3524,100
2,ex2-s5-e1-a1-p08,96cea7ecfc65ba667160e3c4ba1c5edcbd07153e6f10a623922247b131426347,4,3525,100
2,ex2-s5-e1-a1-p08,96cea7ecfc65ba667160e3c4ba1c5edcbd07153e6f10a623922247b131426347,4,3526,100
2,ex2-s5-e1-a1-p08,96cea7ecfc65ba667160e3c4ba1c5edcbd07153e6f10a623922247b131426347,4,3527,100
2,ex2-s5-e1-a1-p08,96cea7ecfc65ba667160e3c4ba1c5edcbd07153e6f10a623922247b131426347,4,3528,100
2,ex2-s5-e1-a1-p08,96cea7ecfc65ba667160e3c4ba1c5edcbd07153e6f10a623922247b131426347,4,3529,0
2,ex2-s5-e1-a1-p08,96cea7ecfc65ba667160e3c4ba1c5edcbd07153e6f10a623922247b131426347,4,3530,100
2,ex2-s5-e1-a1-p08,96cea7ecfc65ba667160e3c4ba1c5edcbd07153e6f10a623922247b131426347,4,3531,100
2,ex2-s5-e1-a1-p08,96cea7ecfc65ba667160e3c4ba1c5edcbd07153e6f10a623922247b131426347,4,3532,100
2,ex2-s5-e1-a1-p08,96cea7ecfc65ba667160e3c4ba1c5edcbd07153e6f10a623922247b131426347,4,3533,100
2,ex2-s5-e1-a1-p08,96cea7ecfc65ba667160e3c4ba1c5edcbd07153e6f10a623922247b131426347,4,3534,0
2,ex2-s5-e1-a1-p08,96cea7ecfc65ba667160e3c4ba1c5edcbd07153e6f10a623922247b131426347,4,3535,100
2,ex2-s5-e1-a1-p08,96cea7ecfc65ba667160e3c4ba1c5edcbd07153e6f10a623922247b131426347,4,3536,100
2,ex2-s5-e1-a1-p08,96cea7ecfc65ba667160e3c4ba1c5edcbd07153e6f10a623922247b131426347,4,3537,100
2,ex2-s5-e1-a1-p08,96cea7ecfc65ba667160e3c4ba1c5edcbd07153e6f10a623922247b131426347,4,3538,100
2,ex2-s5-e1-a1-p08,96cea7ecfc65ba667160e3c4ba1c5edcbd07153e6f10a623922247b131426347,4,3539,100
2,ex2-s5-e1-a1-p08,96cea7ecfc65ba667160e3c4ba1c5edcbd07153e6f10a623922247b131426347,4,3540,0
2,ex2-s5-e1-a1-p08,96cea7ecfc65ba667160e3c4ba1c5edcbd07153e6f10a623922247b131426347,4,3541,100
2,ex2-s5-e1-a1-p08,96cea7ecfc65ba667160e3c4ba1c5edcbd07153e6f10a623922247b131426347,4,3542,100
2,ex2-s5-e1-a1-p08,96cea7ecfc65ba667160e3c4ba1c5edcbd07153e6f10a623922247b131426347,4,3543,100
2,ex2-s5-e1-a1-p08,96cea7ecfc65ba667160e3c4ba1c5edcbd07153e6f10a623922247b131426347,4,3544,100
2,ex2-s5-e1-a1-p08,96cea7ecfc65ba667160e3c4ba1c5edcbd07153e6f10a623922247b131426347,4,3545,100
2,ex2-s5-e1-a1-p08,96cea7ecfc65ba667160e3c4ba1c5edcbd07153e6f10a623922247b131426347,4,3546,0
2,ex2-s5-e1-a1-p08,96cea7ecfc65ba667160e3c4ba1c5edcbd07153e6f10a623922247b131426347,4,3547,100
2,ex2-s5-e1-a1-p08,96cea7ecfc65ba667160e3c4ba1c5edcbd07153e6f10a623922247b131426347,4,3548,100
2,ex2-s5-e1-a1-p08,96cea7ecfc65ba667160e3c4ba1c5edcbd07153e6f10a623922247b131426347,4,3549,100
2,ex2-s5-e1-a1-p08,96cea7ecfc65ba667160e3c4ba1c5edcbd07153e6f10a623922247b131426347,4,3550,100
2,ex2-s5-e1-a1-p08,96cea7ecfc65ba667160e3c4ba1c5edcbd07153e6f10a623922247b131426347,4,3551,0
2,ex2-s5-e1-a1-p08,96cea7ecfc65ba667160e3c4ba1c5edcbd07153e6f10a623922247b131426347,4,3552,100
2,ex2-s5-e1-a1-p08,96cea7ecfc65ba667160e3c4ba1c5edcbd07153e6f10a623922247b131426347,4,3553,100
2,ex2-s5-e1-a1-p08,96cea7ecfc65ba667160e3c4ba1c5edcbd07153e6f10a623922247b131426347,4,3554,100
2,ex2-s5-e1-a1-p08,96cea7ecfc65ba667160e3c4ba1c5edcbd07153e6f10a623922247b131426347,4,3555,100
2,ex2-s5-e1-a1-p08,96cea7ecfc65ba667160e3c4ba1c5edcbd07153e6f10a623922247b131426347,4,3556,100
2,ex2-s5-e1-a1-p08,96cea7ecfc65ba667160e3c4ba1c5edcbd07153e6f10a623922247b131426347,4,3557,0
2,ex2-s5-e1-a1-p08,96cea7ecfc65ba667160e3c4ba1c5edcbd07153e6f10a623922247b131426347,4,3558,100
2,ex2-s5-e1-a1-p08,96cea7ecfc65ba667160e3c4ba1c5edcbd07153e6f10a623922247b131426347,4,3559,100
2,ex2-s5-e1-a1-p08,96cea7ecfc65ba667160e3c4ba1c5edcbd07153e6f10a623922247b131426347,4,3560,100
2,ex2-s5-e1-a1-p08,96cea7ecfc65ba667160e3c4ba1c5edcbd07153e6f10a623922247b131426347,4,3561,100
2,ex2-s5-e1-a1-p08,96cea7ecfc65ba667160e3c4ba1c5edcbd07153e6f10a623922247b131426347,4,3562,0
2,ex2-s5-e1-a1-p08,96cea7ecfc65ba667160e3c4ba1c5edcbd07153e6f10a623922247b131426347,4,3563,100
2,ex2-s5-e1-a1-p08,96cea7ecfc65ba667160e3c4ba1c5edcbd07153e6f10a623922247b131426347,4,3564,100
2,ex2-s5-e1-a1-p08,96cea7ecfc65ba667160e3c4ba1c5edcbd07153e6f10a623922247b131426347,4,3565,100
2,ex2-s5-e1-a1-p08,96cea7ecfc65ba667160e3c4ba1c5edcbd07153e6f10a623922247b131426347,4,3566,100
2,ex2-s5-e1-a1-p08,96cea7ecfc65ba667160e3c4ba1c5edcbd07153e6f10a623922247b131426347,4,3567,100
2,ex2-s5-e1-a1-p08,96cea7ecfc65ba667160e3c4ba1c5edcbd07153e6f10a623922247b131426347,4,3568,0
2,ex2-s5-e1-a1-p08,96cea7ecfc65ba667160e3c4ba1c5edcbd07153e6f10a623922247b131426347,4,3569,100
2,ex2-s5-e1-a1-p08,96cea7ecfc65ba667160e3c4ba1c5edcbd07153e6f10a623922247b131426347,4,3570,100
2,ex2-s5-e1-a1-p08,96cea7ecfc65ba667160e3c4ba1c5edcbd07153e6f10a623922247b131426347,4,3571,100
2,ex2-s5-e1-a1-p08,96cea7ecfc65ba667160e3c4ba1c5edcbd07153e6f10a623922247b131426347,4,3572,100
2,ex2-s5-e1-a1-p08,96cea7ecfc65ba667160e3c4ba1c5edcbd07153e6f10a623922247b131426347,4,3573,0
2,ex2-s5-e1-a1-p08,96cea7ecfc65ba667160e3c4ba1c5edcbd07153e6f10a623922247b131426347,4,3574,100
2,ex2-s5-e1-a1-p08,96cea7ecfc65ba667160e3c4ba1c5edcbd07153e6f10a623922247b131426347,4,3575,100
2,ex2-s5-e1-a1-p08,96cea7ecfc65ba667160e3c4ba1c5edcbd07153e6f10a623922247b131426347,4,3576,100
2,ex2-s5-e1-a1-p08,96cea7ecfc65ba667160e3c4ba1c5edcbd07153e6f10a623922247b131426347,4,3577,100
2,ex2-s5-e1-a1-p08,96cea7ecfc65ba667160e3c4ba1c5edcbd07153e6f10a623922247b131426347,4,3578,100
2,ex2-s5-e1-a1-p08,96cea7ecfc65ba667160e3c4ba1c5edcbd07153e6f10a623922247b131426347,4,3579,0
2,ex2-s5-e1-a1-p08,96cea7ecfc65ba667160e3c4ba1c5edcbd07153e6f10a623922247b131426347,4,3580,100
2,ex2-s5-e1-a1-p08,96cea7ecfc65ba667160e3c4ba1c5edcbd07153e6f10a623922247b131426347,4,3581,100
2,ex2-s5-e1-a1-p08,96cea7ecfc65ba667160e3c4ba1c5edcbd07153e6f10a623922247b131426347,4,3582,100
2,ex2-s5-e1-a1-p08,96cea7ecfc65ba667160e3c4ba1c5edcbd07153e6f10a623922247b131426347,4,3583,100
2,ex2-s5-e1-a1-p08,96cea7ecfc65ba667160e3c4ba1c5edcbd07153e6f10a623922247b131426347,4,3584,100
2,ex2-s5-e1-a1-p08,96cea7ecfc65ba667160e3c4ba1c5edcbd07153e6f10a623922247b131426347,4,3585,0
2,ex2-s5-e1-a1-p08,96cea7ecfc65ba667160e3c4ba1c5edcbd07153e6f10a623922247b131426347,4,3586,100
2,ex2-s5-e1-a1-p08,96cea7ecfc65ba667160e3c4ba1c5edcbd07153e6f10a623922247b131426347,4,3587,100
2,ex2-s5-e1-a1-p08,96cea7ecfc65ba667160e3c4ba1c5edcbd07153e6f10a623922247b131426347,4,3588,100
2,ex2-s5-e1-a1-p08,96cea7ecfc65ba667160e3c4ba1c5edcbd07153e6f10a623922247b131426347,4,3589,100
2,ex2-s5-e1-a1-p08,96cea7ecfc65ba667160e3c4ba1c5edcbd07153e6f10a623922247b131426347,4,3590,0
2,ex2-s5-e1-a1-p08,96cea7ecfc65ba667160e3c4ba1c5edcbd07153e6f10a623922247b131426347,4,3591,100
2,ex2-s5-e1-a1-p08,96cea7ecfc65ba667160e3c4ba1c5edcbd07153e6f10a623922247b131426347,4,3592,100
2,ex2-s5-e1-a1-p08,96cea7ecfc65ba667160e3c4ba1c5edcbd07153e6f10a623922247b131426347,4,3593,100
2,ex2-s5-e1-a1-p08,96cea7ecfc65ba667160e3c4ba1c5edcbd07153e6f10a623922247b131426347,4,3594,100
2,ex2-s5-e1-a1-p08,96cea7ecfc65ba667160e3c4ba1c5edcbd07153e6f10a623922247b131426347,4,3595,100
2,ex2-s5-e1-a1-p08,96cea7ecfc65ba667160e3c4ba1c5edcbd07153e6f10a623922247b131426347,4,3596,0
2,ex2-s5-e1-a1-p08,96cea7ecfc65ba667160e3c4ba1c5edcbd07153e6f10a623922247b131426347,4,3597,100
2,ex2-s5-e1-a1-p08,96cea7ecfc65ba667160e3c4ba1c5edcbd07153e6f10a623922247b131426347,4,3598,100
2,ex2-s5-e1-a1-p08,96cea7ecfc65ba667160e3c4ba1c5edcbd07153e6f10a623922247b131426347,4,3599,100
2,ex2-s5-e1-a1-p08,96cea7ecfc65ba667160e3c4ba1c5edcbd07153e6f10a623922247b131426347,4,3600,100
2,ex2-s5-e1-a1-p08,96cea7ecfc65ba667160e3c4ba1c5edcbd07153e6f10a623922247b131426347,4,3601,100
2,ex2-s5-e1-a1-p08,96cea7ecfc65ba667160e3c4ba1c5edcbd07153e6f10a623922247b131426347,4,3602,0
2,ex2-s5-e1-a1-p08,96cea7ecfc65ba667160e3c4ba1c5edcbd07153e6f10a623922247b131426347,4,3603,100
2,ex2-s5-e1-a1-p08,96cea7ecfc65ba667160e3c4ba1c5edcbd07153e6f10a623922247b131426347,4,3604,100
2,ex2-s5-e1-a1-p08,96cea7ecfc65ba667160e3c4ba1c5edcbd07153e6f10a623922247b131426347,4,3605,100
2,ex2-s5-e1-a1-p08,96cea7ecfc65ba667160e3c4ba1c5edcbd07153e6f10a623922247b131426347,4,3606,100
2,ex2-s5-e1-a1-p08,96cea7ecfc65ba667160e3c4ba1c5edcbd07153e6f10a623922247b131426347,4,3607,0
2,ex2-s5-e1-a1-p08,96cea7ecfc65ba667160e3c4ba1c5edcbd07153e6f10a623922247b131426347,4,3608,100
2,ex2-s5-e1-a1-p08,96cea7ecfc65ba667160e3c4ba1c5edcbd07153e6f10a623922247b131426347,4,3609,100
2,ex2-s5-e1-a1-p08,96cea7ecfc65ba667160e3c4ba1c5edcbd07153e6f10a623922247b131426347,4,3610,100
2,ex2-s5-e1-a1-p08,96cea7ecfc65ba667160e3c4ba1c5edcbd07153e6f10a623922247b131426347,4,3611,100
2,ex2-s5-e1-a1-p08,96cea7ecfc65ba667160e3c4ba1c5edcbd07153e6f10a623922247b131426347,4,3612,100
2,ex2-s5-e1-a1-p08,96cea7ecfc65ba667160e3c4ba1c5edcbd07153e6f10a623922247b131426347,4,3613,0
2,ex2-s5-e1-a1-p08,96cea7ecfc65ba667160e3c4ba1c5edcbd07153e6f10a623922247b131426347,4,3614,100
2,ex2-s5-e1-a1-p08,96cea7ecfc65ba667160e3c4ba1c5edcbd07153e6f10a623922247b131426347,4,3615,100
2,ex2-s5-e1-a1-p08,96cea7ecfc65ba667160e3c4ba1c5edcbd07153e6f10a623922247b131426347,4,3616,100
2,ex2-s5-e1-a1-p08,96cea7ecfc65ba667160e3c4ba1c5edcbd07153e6f10a623922247b131426347,4,3617,100
2,ex2-s5-e1-a1-p08,96cea7ecfc65ba667160e3c4ba1c5edcbd07153e6f10a623922247b131426347,4,3618,0
2,ex2-s5-e1-a1-p08,96cea7ecfc65ba667160e3c4ba1c5edcbd07153e6f10a623922247b131426347,4,3619,100
2,ex2-s5-e1-a1-p08,96cea7ecfc65ba667160e3c4ba1c5edcbd07153e6f10a623922247b131426347,4,3620,100
2,ex2-s5-e1-a1-p08,96cea7ecfc65ba667160e3c4ba1c5edcbd07153e6f10a623922247b131426347,4,3621,100
2,ex2-s5-e1-a1-p08,96cea7ecfc65ba667160e3c4ba1c5edcbd07153e6f10a623922247b131426347,4,3622,100
2,ex2-s5-e1-a1-p08,96cea7ecfc65ba667160e3c4ba1c5edcbd07153e6f10a623922247b131426347,4,3623,100
2,ex2-s5-e1-a1-p08,96cea7ecfc65ba667160e3c4ba1c5edcbd07153e6f10a623922247b131426347,4,3624,0
2,ex2-s5-e1-a1-p08,96cea7ecfc65ba667160e3c4ba1c5edcbd07153e6f10a623922247b131426347,4,3625,100
2,ex2-s5-e1-a1-p08,96cea7ecfc65ba667160e3c4ba1c5edcbd07153e6f10a623922247b131426347,4,3626,100
2,ex2-s5-e1-a1-p08,96cea7ecfc65ba667160e3c4ba1c5edcbd07153e6f10a623922247b131426347,4,3627,100
2,ex2-s5-e1-a1-p08,96cea7ecfc65ba667160e3c4ba1c5edcbd07153e6f10a623922247b131426347,4,3628,100
2,ex2-s5-e1-a1-p08,96cea7ecfc65ba667160e3c4ba1c5edcbd07153e6f10a623922247b131426347,4,3629,100
2,ex2-s5-e1-a1-p08,96cea7ecfc65ba667160e3c4ba1c5edcbd07153e6f10a623922247b131426347,4,3630,0
2,ex2-s5-e1-a1-p08,96cea7ecfc65ba667160e3c4ba1c5edcbd07153e6f10a623922247b131426347,4,3631,100
2,ex2-s5-e1-a1-p08,96cea7ecfc65ba667160e3c4ba1c5edcbd07153e6f10a623922247b131426347,4,3632,100
2,ex2-s5-e1-a1-p08,96cea7ecfc65ba667160e3c4ba1c5edcbd07153e6f10a623922247b131426347,4,3633,100
2,ex2-s5-e1-a1-p08,96cea7ecfc65ba667160e3c4ba1c5edcbd07153e6f10a623922247b131426347,4,3634,100
2,ex2-s5-e1-a1-p08,96cea7ecfc65ba667160e3c4ba1c5edcbd07153e6f10a623922247b131426347,4,3635,0
2,ex2-s5-e1-a1-p08,96cea7ecfc65ba667160e3c4ba1c5edcbd07153e6f10a623922247b131426347,4,3636,100
2,ex2-s5-e1-a1-p08,96cea7ecfc65ba667160e3c4ba1c5edcbd07153e6f10a623922247b131426347,4,3637,100
2,ex2-s5-e1-a1-p08,96cea7ecfc65ba667160e3c4ba1c5edcbd07153e6f10a623922247b131426347,4,3638,100
2,ex2-s5-e1-a1-p08,96cea7ecfc65ba667160e3c4ba1c5edcbd07153e6f10a623922247b131426347,4,3639,100
2,ex2-s5-e1-a1-p08,96cea7ecfc65ba667160e3c4ba1c5edcbd07153e6f10a623922247b131426347,4,3640,100
2,ex2-s5-e1-a1-p08,96cea7ecfc65ba667160e3c4ba1c5edcbd07153e6f10a623922247b131426347,4,3641,0
2,ex2-s5-e1-a1-p08,96cea7ecfc65ba667160e3c4ba1c5edcbd07153e6f10a623922247b131426347,4,3642,100
2,ex2-s5-e1-a1-p08,96cea7ecfc65ba667160e3c4ba1c5edcbd07153e6f10a623922247b131426347,4,3643,100
2,ex2-s5-e1-a1-p08,96cea7ecfc65ba667160e3c4ba1c5edcbd07153e6f10a623922247b131426347,4,3644,100
2,ex2-s5-e1-a1-p08,96cea7ecfc65ba667160e3c4ba1c5edcbd07153e6f10a623922247b131426347,4,3645,100
2,ex2-s5-e1-a1-p08,96cea7ecfc65ba667160e3c4ba1c5edcbd07153e6f10a623922247b131426347,4,3646,0
2,ex2-s5-e1-a1-p08,96cea7ecfc65ba667160e3c4ba1c5edcbd07153e6f10a623922247b131426347,4,3647,100
2,ex2-s5-e1-a1-p08,96cea7ecfc65ba667160e3c4ba1c5edcbd07153e6f10a623922247b131426347,4,3648,100
2,ex2-s5-e1-a1-p08,96cea7ecfc65ba667160e3c4ba1c5edcbd07153e6f10a623922247b131426347,4,3649,100
2,ex2-s5-e1-a1-p08,96cea7ecfc65ba667160e3c4ba1c5edcbd07153e6f10a623922247b131426347,4,3650,100
2,ex2-s5-e1-a1-p08,96cea7ecfc65ba667160e3c4ba1c5edcbd07153e6f10a623922247b131426347,4,3651,100
2,ex2-s5-e1-a1-p08,96cea7ecfc65ba667160e3c4ba1c5edcbd07153e6f10a623922247b131426347,4,3652,0
2,ex2-s5-e1-a1-p08,96cea7ecfc65ba667160e3c4ba1c5edcbd07153e6f10a623922247b131426347,4,3653,100
2,ex2-s5-e1-a1-p08,96cea7ecfc65ba667160e3c4ba1c5edcbd07153e6f10a623922247b131426347,4,3654,100
2,ex2-s5-e1-a1-p08,96cea7ecfc65ba667160e3c4ba1c5edcbd07153e6f10a623922247b131426347,4,3655,100
2,ex2-s5-e1-a1-p08,96cea7ecfc65ba667160e3c4ba1c5edcbd07153e6f10a623922247b131426347,4,3656,100
2,ex2-s5-e1-a1-p08,96cea7ecfc65ba667160e3c4ba1c5edcbd07153e6f10a623922247b131426347,4,3657,100
2,ex2-s5-e1-a1-p08,96cea7ecfc65ba667160e3c4ba1c5edcbd07153e6f10a623922247b131426347,4,3658,100
2,ex2-s5-e1-a1-p08,96cea7ecfc65ba667160e3c4ba1c5edcbd07153e6f10a623922247b131426347,4,3659,100
2,ex2-s5-e1-a1-p08,96cea7ecfc65ba667160e3c4ba1c5edcbd07153e6f10a623922247b131426347,4,3660,0
2,ex2-s5-e1-a1-p08,96cea7ecfc65ba667160e3c4ba1c5edcbd07153e6f10a623922247b131426347,4,3661,100
2,ex2-s5-e1-a1-p08,96cea7ecfc65ba667160e3c4ba1c5edcbd07153e6f10a623922247b131426347,4,3662,100
2,ex2-s5-e1-a1-p08,96cea7ecfc65ba667160e3c4ba1c5edcbd07153e6f10a623922247b131426347,4,3663,100
2,ex2-s5-e1-a1-p08,96cea7ecfc65ba667160e3c4ba1c5edcbd07153e6f10a623922247b131426347,4,3664,100
2,ex2-s5-e1-a1-p08,96cea7ecfc65ba667160e3c4ba1c5edcbd07153e6f10a623922247b131426347,4,3665,100
2,ex2-s5-e1-a1-p08,96cea7ecfc65ba667160e3c4ba1c5edcbd07153e6f10a623922247b131426347,4,3666,0
2,ex2-s5-e1-a1-p08,96cea7ecfc65ba667160e3c4ba1c5edcbd07153e6f10a623922247b131426347,4,3667,100
2,ex2-s5-e1-a1-p08,96cea7ecfc65ba667160e3c4ba1c5edcbd07153e6f10a623922247b131426347,4,3668,100
2,ex2-s5-e1-a1-p08,96cea7ecfc65ba667160e3c4ba1c5edcbd07153e6f10a623922247b131426347,4,3669,100
2,ex2-s5-e1-a1-p08,96cea7ecfc65ba667160e3c4ba1c5edcbd07153e6f10a623922247b131426347,4,3670,100
2,ex2-s5-e1-a1-p08,96cea7ecfc65ba667160e3c4ba1c5edcbd07153e6f10a623922247b131426347,4,3671,0
2,ex2-s5-e1-a1-p08,96cea7ecfc65ba667160e3c4ba1c5edcbd07153e6f10a623922247b131426347,4,3672,100
2,ex2-s5-e1-a1-p08,96cea7ecfc65ba667160e3c4ba1c5edcbd07153e6f10a623922247b131426347,4,3673,100
2,ex2-s5-e1-a1-p08,96cea7ecfc65ba667160e3c4ba1c5edcbd07153e6f10a623922247b131426347,4,3674,100
2,ex2-s5-e1-a1-p08,96cea7ecfc65ba667160e3c4ba1c5edcbd07153e6f10a623922247b131426347,4,3675,100
2,ex2-s5-e1-a1-p08,96cea7ecfc65ba667160e3c4ba1c5edcbd07153e6f10a623922247b131426347,4,3676,0
2,ex2-s5-e1-a1-p08,96cea7ecfc65ba667160e3c4ba1c5edcbd07153e6f10a623922247b131426347,4,3677,100
2,ex2-s5-e1-a1-p08,96cea7ecfc65ba667160e3c4ba1c5edcbd07153e6f10a623922247b131426347,4,3678,100
2,ex2-s5-e1-a1-p08,96cea7ecfc65ba667160e3c4ba1c5edcbd07153e6f10a623922247b131426347,4,3679,100
2,ex2-s5-e1-a1-p08,96cea7ecfc65ba667160e3c4ba1c5edcbd07153e6f10a623922247b131426347,4,3680,100
2,ex2-s5-e1-a1-p08,96cea7ecfc65ba667160e3c4ba1c5edcbd07153e6f10a623922247b131426347,4,3681,100
2,ex2-s5-e1-a1-p08,96cea7ecfc65ba667160e3c4ba1c5edcbd07153e6f10a623922247b131426347,4,3682,0
2,ex2-s5-e1-a1-p08,96cea7ecfc65ba667160e3c4ba1c5edcbd07153e6f10a623922247b131426347,4,3683,100
2,ex2-s5-e1-a1-p08,96cea7ecfc65ba667160e3c4ba1c5edcbd07153e6f10a623922247b131426347,4,3684,100
2,ex2-s5-e1-a1-p08,96cea7ecfc65ba667160e3c4ba1c5edcbd07153e6f10a623922247b131426347,4,3685,100
2,ex2-s5-e1-a1-p08,96cea7ecfc65ba667160e3c4ba1c5edcbd07153e6f10a623922247b131426347,4,3686,100
2,ex2-s5-e1-a1-p08,96cea7ecfc65ba667160e3c4ba1c5edcbd07153e6f10a623922247b131426347,4,3687,100
2,ex2-s5-e1-a1-p08,96cea7ecfc65ba667160e3c4ba1c5edcbd07153e6f10a623922247b131426347,4,3688,0
2,ex2-s5-e1-a1-p08,96cea7ecfc65ba667160e3c4ba1c5edcbd07153e6f10a623922247b131426347,4,3689,100
2,ex2-s5-e1-a1-p08,96cea7ecfc65ba667160e3c4ba1c5edcbd07153e6f10a623922247b131426347,4,3690,100
2,ex2-s5-e1-a1-p08,96cea7ecfc65ba667160e3c4ba1c5edcbd07153e6f10a623922247b131426347,4,3691,100
2,ex2-s5-e1-a1-p08,96cea7ecfc65ba667160e3c4ba1c5edcbd07153e6f10a623922247b131426347,4,3692,100
2,ex2-s5-e1-a1-p08,96cea7ecfc65ba667160e3c4ba1c5edcbd07153e6f10a623922247b131426347,4,3693,0
2,ex2-s5-e1-a1-p08,96cea7ecfc65ba667160e3c4ba1c5edcbd07153e6f10a623922247b131426347,4,3694,100
2,ex2-s5-e1-a1-p08,96cea7ecfc65ba667160e3c4ba1c5edcbd07153e6f10a623922247b131426347,4,3695,100
2,ex2-s5-e1-a1-p08,96cea7ecfc65ba667160e3c4ba1c5edcbd07153e6f10a623922247b131426347,4,3696,100
2,ex2-s5-e1-a1-p08,96cea7ecfc65ba667160e3c4ba1c5edcbd07153e6f10a623922247b131426347,4,3697,100
2,ex2-s5-e1-a1-p08,96cea7ecfc65ba667160e3c4ba1c5edcbd07153e6f10a623922247b131426347,4,3698,100
2,ex2-s5-e1-a1-p08,96cea7ecfc65ba667160e3c4ba1c5edcbd07153e6f10a623922247b131426347,4,3699,0
2,ex2-s5-e1-a1-p08,96cea7ecfc65ba667160e3c4ba1c5edcbd07153e6f10a623922247b131426347,4,3700,100
2,ex2-s5-e1-a1-p08,96cea7ecfc65ba667160e3c4ba1c5edcbd07153e6f10a623922247b131426347,4,3701,100
2,ex2-s5-e1-a1-p08,96cea7ecfc65ba667160e3c4ba1c5edcbd07153e6f10a623922247b131426347,4,3702,100
2,ex2-s5-e1-a1-p08,96cea7ecfc65ba667160e3c4ba1c5edcbd07153e6f10a623922247b131426347,4,3703,100
2,ex2-s5-e1-a1-p08,96cea7ecfc65ba667160e3c4ba1c5edcbd07153e6f10a623922247b131426347,4,3704,100
2,ex2-s5-e1-a1-p08,96cea7ecfc65ba667160e3c4ba1c5edcbd07153e6f10a623922247b131426347,4,3705,0
2,ex2-s5-e1-a1-p08,96cea7ecfc65ba667160e3c4ba1c5edcbd07153e6f10a623922247b131426347,4,3706,100
2,ex2-s5-e1-a1-p08,96cea7ecfc65ba667160e3c4ba1c5edcbd07153e6f10a623922247b131426347,4,3707,100
2,ex2-s5-e1-a1-p08,96cea7ecfc65ba667160e3c4ba1c5edcbd07153e6f10a623922247b131426347,4,3708,100
2,ex2-s5-e1-a1-p08,96cea7ecfc65ba667160e3c4ba1c5edcbd07153e6f10a623922247b131426347,4,3709,100
2,ex2-s5-e1-a1-p08,96cea7ecfc65ba667160e3c4ba1c5edcbd07153e6f10a623922247b131426347,4,3710,0
2,ex2-s5-e1-a1-p08,96cea7ecfc65ba667160e3c4ba1c5edcbd07153e6f10a623922247b131426347,4,3711,100
2,ex2-s5-e1-a1-p08,96cea7ecfc65ba667160e3c4ba1c5edcbd07153e6f10a623922247b131426347,4,3712,100
2,ex2-s5-e1-a1-p08,96cea7ecfc65ba667160e3c4ba1c5edcbd07153e6f10a623922247b131426347,4,3713,100
2,ex2-s5-e1-a1-p08,96cea7ecfc65ba667160e3c4ba1c5edcbd07153e6f10a623922247b131426347,4,3714,100
2,ex2-s5-e1-a1-p08,96cea7ecfc65ba667160e3c4ba1c5edcbd07153e6f10a623922247b131426347,4,3715,100
2,ex2-s5-e1-a1-p08,96cea7ecfc65ba667160e3c4ba1c5edcbd07153e6f10a623922247b131426347,4,3716,0
2,ex2-s5-e1-a1-p08,96cea7ecfc65ba667160e3c4ba1c5edcbd07153e6f10a623922247b131426347,4,3717,100
2,ex2-s5-e1-a1-p08,96cea7ecfc65ba667160e3c4ba1c5edcbd07153e6f10a623922247b131426347,4,3718,100
2,ex2-s5-e1-a1-p08,96cea7ecfc65ba667160e3c4ba1c5edcbd07153e6f10a623922247b131426347,4,3719,100
2,ex2-s5-e1-a1-p08,96cea7ecfc65ba667160e3c4ba1c5edcbd07153e6f10a623922247b131426347,4,3720,100
2,ex2-s5-e1-a1-p08,96cea7ecfc65ba667160e3c4ba1c5edcbd07153e6f10a623922247b131426347,4,3721,0
2,ex2-s5-e1-a1-p08,96cea7ecfc65ba667160e3c4ba1c5edcbd07153e6f10a623922247b131426347,4,3722,100
2,ex2-s5-e1-a1-p08,96cea7ecfc65ba667160e3c4ba1c5edcbd07153e6f10a623922247b131426347,4,3723,100
2,ex2-s5-e1-a1-p08,96cea7ecfc65ba667160e3c4ba1c5edcbd07153e6f10a623922247b131426347,4,3724,100
2,ex2-s5-e1-a1-p08,96cea7ecfc65ba667160e3c4ba1c5edcbd07153e6f10a623922247b131426347,4,3725,100
2,ex2-s5-e1-a1-p08,96cea7ecfc65ba667160e3c4ba1c5edcbd07153e6f10a623922247b131426347,4,3726,100
2,ex2-s5-e1-a1-p08,96cea7ecfc65ba667160e3c4ba1c5edcbd07153e6f10a623922247b131426347,4,3727,0
2,ex2-s5-e1-a1-p08,96cea7ecfc65ba667160e3c4ba1c5edcbd07153e6f10a623922247b131426347,4,3728,100
2,ex2-s5-e1-a1-p08,96cea7ecfc65ba667160e3c4ba1c5edcbd07153e6f10a623922247b131426347,4,3729,100
2,ex2-s5-e1-a1-p08,96cea7ecfc65ba667160e3c4ba1c5edcbd07153e6f10a623922247b131426347,4,3730,100
2,ex2-s5-e1-a1-p08,96cea7ecfc65ba667160e3c4ba1c5edcbd07153e6f10a623922247b131426347,4,3731,100
2,ex2-s5-e1-a1-p08,96cea7ecfc65ba667160e3c4ba1c5edcbd07153e6f10a623922247b131426347,4,3732,0
2,ex2-s5-e1-a1-p08,96cea7ecfc65ba667160e3c4ba1c5edcbd07153e6f10a623922247b131426347,4,3733,100
2,ex2-s5-e1-a1-p08,96cea7ecfc65ba667160e3c4ba1c5edcbd07153e6f10a623922247b131426347,4,3734,100
2,ex2-s5-e1-a1-p08,96cea7ecfc65ba667160e3c4ba1c5edcbd07153e6f10a623922247b131426347,4,3735,100
2,ex2-s5-e1-a1-p08,96cea7ecfc65ba667160e3c4ba1c5edcbd07153e6f10a623922247b131426347,4,3736,100
2,ex2-s5-e1-a1-p08,96cea7ecfc65ba667160e3c4ba1c5edcbd07153e6f10a623922247b131426347,4,3737,100
2,ex2-s5-e1-a1-p08,96cea7ecfc65ba667160e3c4ba1c5edcbd07153e6f10a623922247b131426347,4,3738,0
2,ex2-s5-e1-a1-p08,96cea7ecfc65ba667160e3c4ba1c5edcbd07153e6f10a623922247b131426347,4,3739,100
2,ex2-s5-e1-a1-p08,96cea7ecfc65ba667160e3c4ba1c5edcbd07153e6f10a623922247b131426347,4,3740,100
2,ex2-s5-e1-a1-p08,96cea7ecfc65ba667160e3c4ba1c5edcbd07153e6f10a623922247b131426347,4,3741,100
2,ex2-s5-e1-a1-p08,96cea7ecfc65ba667160e3c4ba1c5edcbd07153e6f10a623922247b131426347,4,3742,100
2,ex2-s5-e1-a1-p08,96cea7ecfc65ba667160e3c4ba1c5edcbd07153e6f10a623922247b131426347,4,3743,100
2,ex2-s5-e1-a1-p08,96cea7ecfc65ba667160e3c4ba1c5edcbd07153e6f10a623922247b131426347,4,3744,0
2,ex2-s5-e1-a1-p08,96cea7ecfc65ba667160e3c4ba1c5edcbd07153e6f10a623922247b131426347,4,3745,100
2,ex2-s5-e1-a1-p08,96cea7ecfc65ba667160e3c4ba1c5edcbd07153e6f10a623922247b131426347,4,3746,100
2,ex2-s5-e1-a1-p08,96cea7ecfc65ba667160e3c4ba1c5edcbd07153e6f10a623922247b131426347,4,3747,100
2,ex2-s5-e1-a1-p08,96cea7ecfc65ba667160e3c4ba1c5edcbd07153e6f10a623922247b131426347,4,3748,100
2,ex2-s5-e1-a1-p08,96cea7ecfc65ba667160e3c4ba1c5edcbd07153e6f10a623922247b131426347,4,3749,0
2,ex2-s5-e1-a1-p08,96cea7ecfc65ba667160e3c4ba1c5edcbd07153e6f10a623922247b131426347,4,3750,100
2,ex2-s5-e1-a1-p08,96cea7ecfc65ba667160e3c4ba1c5edcbd07153e6f10a623922247b131426347,4,3751,100
2,ex2-s5-e1-a1-p08,96cea7ecfc65ba667160e3c4ba1c5edcbd07153e6f10a623922247b131426347,4,3752,100
2,ex2-s5-e1-a1-p08,96cea7ecfc65ba667160e3c4ba1c5edcbd07153e6f10a623922247b131426347,4,3753,100
2,ex2-s5-e1-a1-p08,96cea7ecfc65ba667160e3c4ba1c5edcbd07153e6f10a623922247b131426347,4,3754,100
2,ex2-s5-e1-a1-p08,96cea7ecfc65ba667160e3c4ba1c5edcbd07153e6f10a623922247b131426347,4,3755,0
2,ex2-s5-e1-a1-p08,96cea7ecfc65ba667160e3c4ba1c5edcbd07153e6f10a623922247b131426347,4,3756,100
2,ex2-s5-e1-a1-p08,96cea7ecfc65ba667160e3c4ba1c5edcbd07153e6f10a623922247b131426347,4,3757,100
2,ex2-s5-e1-a1-p08,96cea7ecfc65ba667160e3c4ba1c5edcbd07153e6f10a623922247b131426347,4,3758,100
2,ex2-s5-e1-a1-p08,96cea7ecfc65ba667160e3c4ba1c5edcbd07153e6f10a623922247b131426347,4,3759,100
2,ex2-s5-e1-a1-p08,96cea7ecfc65ba667160e3c4ba1c5edcbd07153e6f10a623922247b131426347,4,3760,0
2,ex2-s5-e1-a1-p08,96cea7ecfc65ba667160e3c4ba1c5edcbd07153e6f10a623922247b131426347,4,3761,100
2,ex2-s5-e1-a1-p08,96cea7ecfc65ba667160e3c4ba1c5edcbd07153e6f10a623922247b131426347,4,3762,100
2,ex2-s5-e1-a1-p08,96cea7ecfc65ba667160e3c4ba1c5edcbd07153e6f10a623922247b131426347,4,3763,100
2,ex2-s5-e1-a1-p08,96cea7ecfc65ba667160e3c4ba1c5edcbd07153e6f10a623922247b131426347,4,3764,100
2,ex2-s5-e1-a1-p08,96cea7ecfc65ba667160e3c4ba1c5edcbd07153e6f10a623922247b131426347,4,3765,100
2,ex2-s5-e1-a1-p08,96cea7ecfc65ba667160e3c4ba1c5edcbd07153e6f10a623922247b131426347,4,3766,0
2,ex2-s5-e1-a1-p08,96cea7ecfc65ba667160e3c4ba1c5edcbd07153e6f10a623922247b131426347,4,3767,100
2,ex2-s5-e1-a1-p08,96cea7ecfc65ba667160e3c4ba1c5edcbd07153e6f10a623922247b131426347,4,3768,100
2,ex2-s5-e1-a1-p08,96cea7ecfc65ba667160e3c4ba1c5edcbd07153e6f10a623922247b131426347,4,3769,100
2,ex2-s5-e1-a1-p08,96cea7ecfc65ba667160e3c4ba1c5edcbd07153e6f10a623922247b131426347,4,3770,100
2,ex2-s5-e1-a1-p08,96cea7ecfc65ba667160e3c4ba1c5edcbd07153e6f10a623922247b131426347,4,3771,0
2,ex2-s5-e1-a1-p08,96cea7ecfc65ba667160e3c4ba1c5edcbd07153e6f10a623922247b131426347,4,3772,100
2,ex2-s5-e1-a1-p08,96cea7ecfc65ba667160e3c4ba1c5edcbd07153e6f10a623922247b131426347,4,3773,100
2,ex2-s5-e1-a1-p08,96cea7ecfc65ba667160e3c4ba1c5edcbd07153e6f10a623922247b131426347,4,3774,100
2,ex2-s5-e1-a1-p08,96cea7ecfc65ba667160e3c4ba1c5edcbd07153e6f10a623922247b131426347,4,3775,100
2,ex2-s5-e1-a1-p08,96cea7ecfc65ba667160e3c4ba1c5edcbd07153e6f10a623922247b131426347,4,3776,100
2,ex2-s5-e1-a1-p08,96cea7ecfc65ba667160e3c4ba1c5edcbd07153e6f10a623922247b131426347,4,3777,0
2,ex2-s5-e1-a1-p08,96cea7ecfc65ba667160e3c4ba1c5edcbd07153e6f10a623922247b131426347,4,3778,100
2,ex2-s5-e1-a1-p08,96cea7ecfc65ba667160e3c4ba1c5edcbd07153e6f10a623922247b131426347,4,3779,100
2,ex2-s5-e1-a1-p08,96cea7ecfc65ba667160e3c4ba1c5edcbd07153e6f10a623922247b131426347,4,3780,100
2,ex2-s5-e1-a1-p08,96cea7ecfc65ba667160e3c4ba1c5edcbd07153e6f10a623922247b131426347,4,3781,100
2,ex2-s5-e1-a1-p08,96cea7ecfc65ba667160e3c4ba1c5edcbd07153e6f10a623922247b131426347,4,3782,100
2,ex2-s5-e1-a1-p08,96cea7ecfc65ba667160e3c4ba1c5edcbd07153e6f10a623922247b131426347,4,3783,0
2,ex2-s5-e1-a1-p08,96cea7ecfc65ba667160e3c4ba1c5edcbd07153e6f10a623922247b131426347,4,3784,100
2,ex2-s5-e1-a1-p08,96cea7ecfc65ba667160e3c4ba1c5edcbd07153e6f10a623922247b131426347,4,3785,100
2,ex2-s5-e1-a1-p08,96cea7ecfc65ba667160e3c4ba1c5edcbd07153e6f10a623922247b131426347,4,3786,100
2,ex2-s5-e1-a1-p08,96cea7ecfc65ba667160e3c4ba1c5edcbd07153e6f10a623922247b131426347,4,3787,100
2,ex2-s5-e1-a1-p08,96cea7ecfc65ba667160e3c4ba1c5edcbd07153e6f10a623922247b131426347,4,3788,0
2,ex2-s5-e1-a1-p08,96cea7ecfc65ba667160e3c4ba1c5edcbd07153e6f10a623922247b131426347,4,3789,100
2,ex2-s5-e1-a1-p08,96cea7ecfc65ba667160e3c4ba1c5edcbd07153e6f10a623922247b131426347,4,3790,100
2,ex2-s5-e1-a1-p08,96cea7ecfc65ba667160e3c4ba1c5edcbd07153e6f10a623922247b131426347,4,3791,100
2,ex2-s5-e1-a1-p08,96cea7ecfc65ba667160e3c4ba1c5edcbd07153e6f10a623922247b131426347,4,3792,100
2,ex2-s5-e1-a1-p08,96cea7ecfc65ba667160e3c4ba1c5edcbd07153e6f10a623922247b131426347,4,3793,100
2,ex2-s5-e1-a1-p08,96cea7ecfc65ba667160e3c4ba1c5edcbd07153e6f10a623922247b131426347,4,3794,0
2,ex2-s5-e1-a1-p08,96cea7ecfc65ba667160e3c4ba1c5edcbd07153e6f10a623922247b131426347,4,3795,100
2,ex2-s5-e1-a1-p08,96cea7ecfc65ba667160e3c4ba1c5edcbd07153e6f10a623922247b131426347,4,3796,100
2,ex2-s5-e1-a1-p08,96cea7ecfc65ba667160e3c4ba1c5edcbd07153e6f10a623922247b131426347,4,3797,100
2,ex2-s5-e1-a1-p08,96cea7ecfc65ba667160e3c4ba1c5edcbd07153e6f10a623922247b131426347,4,3798,100
2,ex2-s5-e1-a1-p08,96cea7ecfc65ba667160e3c4ba1c5edcbd07153e6f10a623922247b131426347,4,3799,0
2,ex2-s5-e1-a1-p08,96cea7ecfc65ba667160e3c4ba1c5edcbd07153e6f10a623922247b131426347,4,3800,100
2,ex2-s5-e1-a1-p08,96cea7ecfc65ba667160e3c4ba1c5edcbd07153e6f10a623922247b131426347,4,3801,100
2,ex2-s5-e1-a1-p08,96cea7ecfc65ba667160e3c4ba1c5edcbd07153e6f10a623922247b131426347,4,3802,100
2,ex2-s5-e1-a1-p08,96cea7ecfc65ba667160e3c4ba1c5edcbd07153e6f10a623922247b131426347,4,3803,100
2,ex2-s5-e1-a1-p08,96cea7ecfc65ba667160e3c4ba1c5edcbd07153e6f10a623922247b131426347,4,3804,100
2,ex2-s5-e1-a1-p08,96cea7ecfc65ba667160e3c4ba1c5edcbd07153e6f10a623922247b131426347,4,3805,0
2,ex2-s5-e1-a1-p08,96cea7ecfc65ba667160e3c4ba1c5edcbd07153e6f10a623922247b131426347,4,3806,100
2,ex2-s5-e1-a1-p08,96cea7ecfc65ba667160e3c4ba1c5edcbd07153e6f10a623922247b131426347,4,3807,100
2,ex2-s5-e1-a1-p08,96cea7ecfc65ba667160e3c4ba1c5edcbd07153e6f10a623922247b131426347,4,3808,100
2,ex2-s5-e1-a1-p08,96cea7ecfc65ba667160e3c4ba1c5edcbd07153e6f10a623922247b131426347,4,3809,100
2,ex2-s5-e1-a1-p08,96cea7ecfc65ba667160e3c4ba1c5edcbd07153e6f10a623922247b131426347,4,3810,0
2,ex2-s5-e1-a1-p08,96cea7ecfc65ba667160e3c4ba1c5edcbd07153e6f10a623922247b131426347,4,3811,100
2,ex2-s5-e1-a1-p08,96cea7ecfc65ba667160e3c4ba1c5edcbd07153e6f10a623922247b131426347,4,3812,100
2,ex2-s5-e1-a1-p08,96cea7ecfc65ba667160e3c4ba1c5edcbd07153e6f10a623922247b131426347,4,3813,100
2,ex2-s5-e1-a1-p08,96cea7ecfc65ba667160e3c4ba1c5edcbd07153e6f10a623922247b131426347,4,3814,100
2,ex2-s5-e1-a1-p08,96cea7ecfc65ba667160e3c4ba1c5edcbd07153e6f10a623922247b131426347,4,3815,100
2,ex2-s5-e1-a1-p08,96cea7ecfc65ba667160e3c4ba1c5edcbd07153e6f10a623922247b131426347,4,3816,0
2,ex2-s5-e1-a1-p08,96cea7ecfc65ba667160e3c4ba1c5edcbd07153e6f10a623922247b131426347,4,3817,100
2,ex2-s5-e1-a1-p08,96cea7ecfc65ba667160e3c4ba1c5edcbd07153e6f10a623922247b131426347,4,3818,100
2,ex2-s5-e1-a1-p08,96cea7ecfc65ba667160e3c4ba1c5edcbd07153e6f10a623922247b131426347,4,3819,100
2,ex2-s5-e1-a1-p08,96cea7ecfc65ba667160e3c4ba1c5edcbd07153e6f10a623922247b131426347,4,3820,100
2,ex2-s5-e1-a1-p08,96cea7ecfc65ba667160e3c4ba1c5edcbd07153e6f10a623922247b131426347,4,3821,0
2,ex2-s5-e1-a1-p08,96cea7ecfc65ba667160e3c4ba1c5edcbd07153e6f10a623922247b131426347,4,3822,100
2,ex2-s5-e1-a1-p08,96cea7ecfc65ba667160e3c4ba1c5edcbd07153e6f10a623922247b131426347,4,3823,100
2,ex2-s5-e1-a1-p08,96cea7ecfc65ba667160e3c4ba1c5edcbd07153e6f10a623922247b131426347,4,3824,100
2,ex2-s5-e1-a1-p08,96cea7ecfc65ba667160e3c4ba1c5edcbd07153e6f10a623922247b131426347,4,3825,100
2,ex2-s5-e1-a1-p08,96cea7ecfc65ba667160e3c4ba1c5edcbd07153e6f10a623922247b131426347,4,3826,100
2,ex2-s5-e1-a1-p08,96cea7ecfc65ba667160e3c4ba1c5edcbd07153e6f10a623922247b131426347,4,3827,0
2,ex2-s5-e1-a1-p08,96cea7ecfc65ba667160e3c4ba1c5edcbd07153e6f10a623922247b131426347,4,3828,100
2,ex2-s5-e1-a1-p08,96cea7ecfc65ba667160e3c4ba1c5edcbd07153e6f10a623922247b131426347,4,3829,100
2,ex2-s5-e1-a1-p08,96cea7ecfc65ba667160e3c4ba1c5edcbd07153e6f10a623922247b131426347,4,3830,100
2,ex2-s5-e1-a1-p08,96cea7ecfc65ba667160e3c4ba1c5edcbd07153e6f10a623922247b131426347,4,3831,100
2,ex2-s5-e1-a1-p08,96cea7ecfc65ba667160e3c4ba1c5edcbd07153e6f10a623922247b131426347,4,3832,0
2,ex2-s5-e1-a1-p08,96cea7ecfc65ba667160e3c4ba1c5edcbd07153e6f10a623922247b131426347,4,3833,100
2,ex2-s5-e1-a1-p08,96cea7ecfc65ba667160e3c4ba1c5edcbd07153e6f10a623922247b131426347,4,3834,100
2,ex2-s5-e1-a1-p08,96cea7ecfc65ba667160e3c4ba1c5edcbd07153e6f10a623922247b131426347,4,3835,100
2,ex2-s5-e1-a1-p08,96cea7ecfc65ba667160e3c4ba1c5edcbd07153e6f10a623922247b131426347,4,3836,100
2,ex2-s5-e1-a1-p08,96cea7ecfc65ba667160e3c4ba1c5edcbd07153e6f10a623922247b131426347,4,3837,100
2,ex2-s5-e1-a1-p08,96cea7ecfc65ba667160e3c4ba1c5edcbd07153e6f10a623922247b131426347,4,3838,0
2,ex2-s5-e1-a1-p08,96cea7ecfc65ba667160e3c4ba1c5edcbd07153e6f10a623922247b131426347,4,3839,100
2,ex2-s5-e1-a1-p08,96cea7ecfc65ba667160e3c4ba1c5edcbd07153e6f10a623922247b131426347,4,3840,100
2,ex2-s5-e1-a1-p08,96cea7ecfc65ba667160e3c4ba1c5edcbd07153e6f10a623922247b131426347,4,3841,100
2,ex2-s5-e1-a1-p08,96cea7ecfc65ba667160e3c4ba1c5edcbd07153e6f10a623922247b131426347,4,3842,100
2,ex2-s5-e1-a1-p08,96cea7ecfc65ba667160e3c4ba1c5edcbd07153e6f10a623922247b131426347,4,3843,0
2,ex2-s5-e1-a1-p08,96cea7ecfc65ba667160e3c4ba1c5edcbd07153e6f10a623922247b131426347,4,3844,100
2,ex2-s5-e1-a1-p08,96cea7ecfc65ba667160e3c4ba1c5edcbd07153e6f10a623922247b131426347,4,3845,100
2,ex2-s5-e1-a1-p08,96cea7ecfc65ba667160e3c4ba1c5edcbd07153e6f10a623922247b131426347,4,3846,100
2,ex2-s5-e1-a1-p08,96cea7ecfc65ba667160e3c4ba1c5edcbd07153e6f10a623922247b131426347,4,3847,100
2,ex2-s5-e1-a1-p08,96cea7ecfc65ba667160e3c4ba1c5edcbd07153e6f10a623922247b131426347,4,3848,100
2,ex2-s5-e1-a1-p08,96cea7ecfc65ba667160e3c4ba1c5edcbd07153e6f10a623922247b131426347,4,3849,0
2,ex2-s5-e1-a1-p08,96cea7ecfc65ba667160e3c4ba1c5edcbd07153e6f10a623922247b131426347,4,3850,100
2,ex2-s5-e1-a1-p08,96cea7ecfc65ba667160e3c4ba1c5edcbd07153e6f10a623922247b131426347,4,3851,100
2,ex2-s5-e1-a1-p08,96cea7ecfc65ba667160e3c4ba1c5edcbd07153e6f10a623922247b131426347,4,3852,100
2,ex2-s5-e1-a1-p08,96cea7ecfc65ba667160e3c4ba1c5edcbd07153e6f10a623922247b131426347,4,3853,100
2,ex2-s5-e1-a1-p08,96cea7ecfc65ba667160e3c4ba1c5edcbd07153e6f10a623922247b131426347,4,3854,0
2,ex2-s5-e1-a1-p08,96cea7ecfc65ba667160e3c4ba1c5edcbd07153e6f10a623922247b131426347,4,3855,100
2,ex2-s5-e1-a1-p08,96cea7ecfc65ba667160e3c4ba1c5edcbd07153e6f10a623922247b131426347,4,3856,100
2,ex2-s5-e1-a1-p08,96cea7ecfc65ba667160e3c4ba1c5edcbd07153e6f10a623922247b131426347,4,3857,100
2,ex2-s5-e1-a1-p08,96cea7ecfc65ba667160e3c4ba1c5edcbd07153e6f10a623922247b131426347,4,3858,100
2,ex2-s5-e1-a1-p08,96cea7ecfc65ba667160e3c4ba1c5edcbd07153e6f10a623922247b131426347,4,3859,100
2,ex2-s5-e1-a1-p08,96cea7ecfc65ba667160e3c4ba1c5edcbd07153e6f10a623922247b131426347,4,3860,0
2,ex2-s5-e1-a1-p08,96cea7ecfc65ba667160e3c4ba1c5edcbd07153e6f10a623922247b131426347,4,3861,100
2,ex2-s5-e1-a1-p08,96cea7ecfc65ba667160e3c4ba1c5edcbd07153e6f10a623922247b131426347,4,3862,100
2,ex2-s5-e1-a1-p08,96cea7ecfc65ba667160e3c4ba1c5edcbd07153e6f10a623922247b131426347,4,3863,100
2,ex2-s5-e1-a1-p08,96cea7ecfc65ba667160e3c4ba1c5edcbd07153e6f10a623922247b131426347,4,3864,100
2,ex2-s5-e1-a1-p08,96cea7ecfc65ba667160e3c4ba1c5edcbd07153e6f10a623922247b131426347,4,3865,0
2,ex2-s5-e1-a1-p08,96cea7ecfc65ba667160e3c4ba1c5edcbd07153e6f10a623922247b131426347,4,3866,100
2,ex2-s5-e1-a1-p08,96cea7ecfc65ba667160e3c4ba1c5edcbd07153e6f10a623922247b131426347,4,3867,100
2,ex2-s5-e1-a1-p08,96cea7ecfc65ba667160e3c4ba1c5edcbd07153e6f10a623922247b131426347,4,3868,100
2,ex2-s5-e1-a1-p08,96cea7ecfc65ba667160e3c4ba1c5edcbd07153e6f10a623922247b131426347,4,3869,100
2,ex2-s5-e1-a1-p08,96cea7ecfc65ba667160e3c4ba1c5edcbd07153e6f10a623922247b131426347,4,3870,100
2,ex2-s5-e1-a1-p08,96cea7ecfc65ba667160e3c4ba1c5edcbd07153e6f10a623922247b131426347,4,3871,0
2,ex2-s5-e1-a1-p08,96cea7ecfc65ba667160e3c4ba1c5edcbd07153e6f10a623922247b131426347,4,3872,100
2,ex2-s5-e1-a1-p08,96cea7ecfc65ba667160e3c4ba1c5edcbd07153e6f10a623922247b131426347,4,3873,100
2,ex2-s5-e1-a1-p08,96cea7ecfc65ba667160e3c4ba1c5edcbd07153e6f10a623922247b131426347,4,3874,100
2,ex2-s5-e1-a1-p08,96cea7ecfc65ba667160e3c4ba1c5edcbd07153e6f10a623922247b131426347,4,3875,100
2,ex2-s5-e1-a1-p08,96cea7ecfc65ba667160e3c4ba1c5edcbd07153e6f10a623922247b131426347,4,3876,0
2,ex2-s5-e1-a1-p08,96cea7ecfc65ba667160e3c4ba1c5edcbd07153e6f10a623922247b131426347,4,3877,100
2,ex2-s5-e1-a1-p08,96cea7ecfc65ba667160e3c4ba1c5edcbd07153e6f10a623922247b131426347,4,3878,100
2,ex2-s5-e1-a1-p08,96cea7ecfc65ba667160e3c4ba1c5edcbd07153e6f10a623922247b131426347,4,3879,100
2,ex2-s5-e1-a1-p08,96cea7ecfc65ba667160e3c4ba1c5edcbd07153e6f10a623922247b131426347,4,3880,100
2,ex2-s5-e1-a1-p08,96cea7ecfc65ba667160e3c4ba1c5edcbd07153e6f10a623922247b131426347,4,3881,100
2,ex2-s5-e1-a1-p08,96cea7ecfc65ba667160e3c4ba1c5edcbd07153e6f10a623922247b131426347,4,3882,0
2,ex2-s5-e1-a1-p08,96cea7ecfc65ba667160e3c4ba1c5edcbd07153e6f10a623922247b131426347,4,3883,100
2,ex2-s5-e1-a1-p08,96cea7ecfc65ba667160e3c4ba1c5edcbd07153e6f10a623922247b131426347,4,3884,100
2,ex2-s5-e1-a1-p08,96cea7ecfc65ba667160e3c4ba1c5edcbd07153e6f10a623922247b131426347,4,3885,100
2,ex2-s5-e1-a1-p08,96cea7ecfc65ba667160e3c4ba1c5edcbd07153e6f10a623922247b131426347,4,3886,100
2,ex2-s5-e1-a1-p08,96cea7ecfc65ba667160e3c4ba1c5edcbd07153e6f10a623922247b131426347,4,3887,100
2,ex2-s5-e1-a1-p08,96cea7ecfc65ba667160e3c4ba1c5edcbd07153e6f10a623922247b131426347,4,3888,0
2,ex2-s5-e1-a1-p08,96cea7ecfc65ba667160e3c4ba1c5edcbd07153e6f10a623922247b131426347,4,3889,100
2,ex2-s5-e1-a1-p08,96cea7ecfc65ba667160e3c4ba1c5edcbd07153e6f10a623922247b131426347,4,3890,100
2,ex2-s5-e1-a1-p08,96cea7ecfc65ba667160e3c4ba1c5edcbd07153e6f10a623922247b131426347,4,3891,100
2,ex2-s5-e1-a1-p08,96cea7ecfc65ba667160e3c4ba1c5edcbd07153e6f10a623922247b131426347,4,3892,100
2,ex2-s5-e1-a1-p08,96cea7ecfc65ba667160e3c4ba1c5edcbd07153e6f10a623922247b131426347,4,3893,0
2,ex2-s5-e1-a1-p08,96cea7ecfc65ba667160e3c4ba1c5edcbd07153e6f10a623922247b131426347,4,3894,100
2,ex2-s5-e1-a1-p08,96cea7ecfc65ba667160e3c4ba1c5edcbd07153e6f10a623922247b131426347,4,3895,100
2,ex2-s5-e1-a1-p08,96cea7ecfc65ba667160e3c4ba1c5edcbd07153e6f10a623922247b131426347,4,3896,100
2,ex2-s5-e1-a1-p08,96cea7ecfc65ba667160e3c4ba1c5edcbd07153e6f10a623922247b131426347,4,3897,100
2,ex2-s5-e1-a1-p08,96cea7ecfc65ba667160e3c4ba1c5edcbd07153e6f10a623922247b131426347,4,3898,100
2,ex2-s5-e1-a1-p08,96cea7ecfc65ba667160e3c4ba1c5edcbd07153e6f10a623922247b131426347,4,3899,0
2,ex2-s5-e1-a1-p08,96cea7ecfc65ba667160e3c4ba1c5edcbd07153e6f10a623922247b131426347,4,3900,100
2,ex2-s5-e1-a1-p08,96cea7ecfc65ba667160e3c4ba1c5edcbd07153e6f10a623922247b131426347,4,3901,100
2,ex2-s5-e1-a1-p08,96cea7ecfc65ba667160e3c4ba1c5edcbd07153e6f10a623922247b131426347,4,3902,100
2,ex2-s5-e1-a1-p08,96cea7ecfc65ba667160e3c4ba1c5edcbd07153e6f10a623922247b131426347,4,3903,100
2,ex2-s5-e1-a1-p08,96cea7ecfc65ba667160e3c4ba1c5edcbd07153e6f10a623922247b131426347,4,3904,0
2,ex2-s5-e1-a1-p08,96cea7ecfc65ba667160e3c4ba1c5edcbd07153e6f10a623922247b131426347,4,3905,100
2,ex2-s5-e1-a1-p08,96cea7ecfc65ba667160e3c4ba1c5edcbd07153e6f10a623922247b131426347,4,3906,100
2,ex2-s5-e1-a1-p08,96cea7ecfc65ba667160e3c4ba1c5edcbd07153e6f10a623922247b131426347,4,3907,100
2,ex2-s5-e1-a1-p08,96cea7ecfc65ba667160e3c4ba1c5edcbd07153e6f10a623922247b131426347,4,3908,100
2,ex2-s5-e1-a1-p08,96cea7ecfc65ba667160e3c4ba1c5edcbd07153e6f10a623922247b131426347,4,3909,100
2,ex2-s5-e1-a1-p08,96cea7ecfc65ba667160e3c4ba1c5edcbd07153e6f10a623922247b131426347,4,3910,0
2,ex2-s5-e1-a1-p08,96cea7ecfc65ba667160e3c4ba1c5edcbd07153e6f10a623922247b131426347,4,3911,200
2,ex2-s5-e1-a1-p08,96cea7ecfc65ba667160e3c4ba1c5edcbd07153e6f10a623922247b131426347,4,3912,0
2,ex2-s5-e1-a1-p08,96cea7ecfc65ba667160e3c4ba1c5edcbd07153e6f10a623922247b131426347,4,3913,100
2,ex2-s5-e1-a1-p08,96cea7ecfc65ba667160e3c4ba1c5edcbd07153e6f10a623922247b131426347,4,3914,100
2,ex2-s5-e1-a1-p08,96cea7ecfc65ba667160e3c4ba1c5edcbd07153e6f10a623922247b131426347,4,3915,100
2,ex2-s5-e1-a1-p08,96cea7ecfc65ba667160e3c4ba1c5edcbd07153e6f10a623922247b131426347,4,3916,100
2,ex2-s5-e1-a1-p08,96cea7ecfc65ba667160e3c4ba1c5edcbd07153e6f10a623922247b131426347,4,3917,0
2,ex2-s5-e1-a1-p08,96cea7ecfc65ba667160e3c4ba1c5edcbd07153e6f10a623922247b131426347,4,3918,100
2,ex2-s5-e1-a1-p08,96cea7ecfc65ba667160e3c4ba1c5edcbd07153e6f10a623922247b131426347,4,3919,100
2,ex2-s5-e1-a1-p08,96cea7ecfc65ba667160e3c4ba1c5edcbd07153e6f10a623922247b131426347,4,3920,100
2,ex2-s5-e1-a1-p08,96cea7ecfc65ba667160e3c4ba1c5edcbd07153e6f10a623922247b131426347,4,3921,100
2,ex2-s5-e1-a1-p08,96cea7ecfc65ba667160e3c4ba1c5edcbd07153e6f10a623922247b131426347,4,3922,100
2,ex2-s5-e1-a1-p08,96cea7ecfc65ba667160e3c4ba1c5edcbd07153e6f10a623922247b131426347,4,3923,0
2,ex2-s5-e1-a1-p08,96cea7ecfc65ba667160e3c4ba1c5edcbd07153e6f10a623922247b131426347,4,3924,100
2,ex2-s5-e1-a1-p08,96cea7ecfc65ba667160e3c4ba1c5edcbd07153e6f10a623922247b131426347,4,3925,100
2,ex2-s5-e1-a1-p08,96cea7ecfc65ba667160e3c4ba1c5edcbd07153e6f10a623922247b131426347,4,3926,100
2,ex2-s5-e1-a1-p08,96cea7ecfc65ba667160e3c4ba1c5edcbd07153e6f10a623922247b131426347,4,3927,100
2,ex2-s5-e1-a1-p08,96cea7ecfc65ba667160e3c4ba1c5edcbd07153e6f10a623922247b131426347,4,3928,0
2,ex2-s5-e1-a1-p08,96cea7ecfc65ba667160e3c4ba1c5edcbd07153e6f10a623922247b131426347,4,3929,100
2,ex2-s5-e1-a1-p08,96cea7ecfc65ba667160e3c4ba1c5edcbd07153e6f10a623922247b131426347,4,3930,100
2,ex2-s5-e1-a1-p08,96cea7ecfc65ba667160e3c4ba1c5edcbd07153e6f10a623922247b131426347,4,3931,100
2,ex2-s5-e1-a1-p08,96cea7ecfc65ba667160e3c4ba1c5edcbd07153e6f10a623922247b131426347,4,3932,100
2,ex2-s5-e1-a1-p08,96cea7ecfc65ba667160e3c4ba1c5edcbd07153e6f10a623922247b131426347,4,3933,100
2,ex2-s5-e1-a1-p08,96cea7ecfc65ba667160e3c4ba1c5edcbd07153e6f10a623922247b131426347,4,3934,0
2,ex2-s5-e1-a1-p08,96cea7ecfc65ba667160e3c4ba1c5edcbd07153e6f10a623922247b131426347,4,3935,100
2,ex2-s5-e1-a1-p08,96cea7ecfc65ba667160e3c4ba1c5edcbd07153e6f10a623922247b131426347,4,3936,100
2,ex2-s5-e1-a1-p08,96cea7ecfc65ba667160e3c4ba1c5edcbd07153e6f10a623922247b131426347,4,3937,100
2,ex2-s5-e1-a1-p08,96cea7ecfc65ba667160e3c4ba1c5edcbd07153e6f10a623922247b131426347,4,3938,100
2,ex2-s5-e1-a1-p08,96cea7ecfc65ba667160e3c4ba1c5edcbd07153e6f10a623922247b131426347,4,3939,100
2,ex2-s5-e1-a1-p08,96cea7ecfc65ba667160e3c4ba1c5edcbd07153e6f10a623922247b131426347,4,3940,0
2,ex2-s5-e1-a1-p08,96cea7ecfc65ba667160e3c4ba1c5edcbd07153e6f10a623922247b131426347,4,3941,100
2,ex2-s5-e1-a1-p08,96cea7ecfc65ba667160e3c4ba1c5edcbd07153e6f10a623922247b131426347,4,3942,100
2,ex2-s5-e1-a1-p08,96cea7ecfc65ba667160e3c4ba1c5edcbd07153e6f10a623922247b131426347,4,3943,100
2,ex2-s5-e1-a1-p08,96cea7ecfc65ba667160e3c4ba1c5edcbd07153e6f10a623922247b131426347,4,3944,100
2,ex2-s5-e1-a1-p08,96cea7ecfc65ba667160e3c4ba1c5edcbd07153e6f10a623922247b131426347,4,3945,0
2,ex2-s5-e1-a1-p08,96cea7ecfc65ba667160e3c4ba1c5edcbd07153e6f10a623922247b131426347,4,3946,100
2,ex2-s5-e1-a1-p08,96cea7ecfc65ba667160e3c4ba1c5edcbd07153e6f10a623922247b131426347,4,3947,100
2,ex2-s5-e1-a1-p08,96cea7ecfc65ba667160e3c4ba1c5edcbd07153e6f10a623922247b131426347,4,3948,100
2,ex2-s5-e1-a1-p08,96cea7ecfc65ba667160e3c4ba1c5edcbd07153e6f10a623922247b131426347,4,3949,100
2,ex2-s5-e1-a1-p08,96cea7ecfc65ba667160e3c4ba1c5edcbd07153e6f10a623922247b131426347,4,3950,100
2,ex2-s5-e1-a1-p08,96cea7ecfc65ba667160e3c4ba1c5edcbd07153e6f10a623922247b131426347,4,3951,0
2,ex2-s5-e1-a1-p08,96cea7ecfc65ba667160e3c4ba1c5edcbd07153e6f10a623922247b131426347,4,3952,100
2,ex2-s5-e1-a1-p08,96cea7ecfc65ba667160e3c4ba1c5edcbd07153e6f10a623922247b131426347,4,3953,200
2,ex2-s5-e1-a1-p08,96cea7ecfc65ba667160e3c4ba1c5edcbd07153e6f10a623922247b131426347,4,3954,100
2,ex2-s5-e1-a1-p08,96cea7ecfc65ba667160e3c4ba1c5edcbd07153e6f10a623922247b131426347,4,3955,100
2,ex2-s5-e1-a1-p08,96cea7ecfc65ba667160e3c4ba1c5edcbd07153e6f10a623922247b131426347,4,3956,100
2,ex2-s5-e1-a1-p08,96cea7ecfc65ba667160e3c4ba1c5edcbd07153e6f10a623922247b131426347,4,3957,100
2,ex2-s5-e1-a1-p08,96cea7ecfc65ba667160e3c4ba1c5edcbd07153e6f10a623922247b131426347,4,3958,0
2,ex2-s5-e1-a1-p08,96cea7ecfc65ba667160e3c4ba1c5edcbd07153e6f10a623922247b131426347,4,3959,100
2,ex2-s5-e1-a1-p08,96cea7ecfc65ba667160e3c4ba1c5edcbd07153e6f10a623922247b131426347,4,3960,100
2,ex2-s5-e1-a1-p08,96cea7ecfc65ba667160e3c4ba1c5edcbd07153e6f10a623922247b131426347,4,3961,100
2,ex2-s5-e1-a1-p08,96cea7ecfc65ba667160e3c4ba1c5edcbd07153e6f10a623922247b131426347,4,3962,100
2,ex2-s5-e1-a1-p08,96cea7ecfc65ba667160e3c4ba1c5edcbd07153e6f10a623922247b131426347,4,3963,100
2,ex2-s5-e1-a1-p08,96cea7ecfc65ba667160e3c4ba1c5edcbd07153e6f10a623922247b131426347,4,3964,0
2,ex2-s5-e1-a1-p08,96cea7ecfc65ba667160e3c4ba1c5edcbd07153e6f10a623922247b131426347,4,3965,100
2,ex2-s5-e1-a1-p08,96cea7ecfc65ba667160e3c4ba1c5edcbd07153e6f10a623922247b131426347,4,3966,100
2,ex2-s5-e1-a1-p08,96cea7ecfc65ba667160e3c4ba1c5edcbd07153e6f10a623922247b131426347,4,3967,100
2,ex2-s5-e1-a1-p08,96cea7ecfc65ba667160e3c4ba1c5edcbd07153e6f10a623922247b131426347,4,3968,100
2,ex2-s5-e1-a1-p08,96cea7ecfc65ba667160e3c4ba1c5edcbd07153e6f10a623922247b131426347,4,3969,100
2,ex2-s5-e1-a1-p08,96cea7ecfc65ba667160e3c4ba1c5edcbd07153e6f10a623922247b131426347,4,3970,0
2,ex2-s5-e1-a1-p08,96cea7ecfc65ba667160e3c4ba1c5edcbd07153e6f10a623922247b131426347,4,3971,100
2,ex2-s5-e1-a1-p08,96cea7ecfc65ba667160e3c4ba1c5edcbd07153e6f10a623922247b131426347,4,3972,100
2,ex2-s5-e1-a1-p08,96cea7ecfc65ba667160e3c4ba1c5edcbd07153e6f10a623922247b131426347,4,3973,100
2,ex2-s5-e1-a1-p08,96cea7ecfc65ba667160e3c4ba1c5edcbd07153e6f10a623922247b131426347,4,3974,100
2,ex2-s5-e1-a1-p08,96cea7ecfc65ba667160e3c4ba1c5edcbd07153e6f10a623922247b131426347,4,3975,0
2,ex2-s5-e1-a1-p08,96cea7ecfc65ba667160e3c4ba1c5edcbd07153e6f10a623922247b131426347,4,3976,100
2,ex2-s5-e1-a1-p08,96cea7ecfc65ba667160e3c4ba1c5edcbd07153e6f10a623922247b131426347,4,3977,100
2,ex2-s5-e1-a1-p08,96cea7ecfc65ba667160e3c4ba1c5edcbd07153e6f10a623922247b131426347,4,3978,100
2,ex2-s5-e1-a1-p08,96cea7ecfc65ba667160e3c4ba1c5edcbd07153e6f10a623922247b131426347,4,3979,100
2,ex2-s5-e1-a1-p08,96cea7ecfc65ba667160e3c4ba1c5edcbd07153e6f10a623922247b131426347,4,3980,100
2,ex2-s5-e1-a1-p08,96cea7ecfc65ba667160e3c4ba1c5edcbd07153e6f10a623922247b131426347,4,3981,0
2,ex2-s5-e1-a1-p08,96cea7ecfc65ba667160e3c4ba1c5edcbd07153e6f10a623922247b131426347,4,3982,100
2,ex2-s5-e1-a1-p08,96cea7ecfc65ba667160e3c4ba1c5edcbd07153e6f10a623922247b131426347,4,3983,100
2,ex2-s5-e1-a1-p08,96cea7ecfc65ba667160e3c4ba1c5edcbd07153e6f10a623922247b131426347,4,3984,100
2,ex2-s5-e1-a1-p08,96cea7ecfc65ba667160e3c4ba1c5edcbd07153e6f10a623922247b131426347,4,3985,100
2,ex2-s5-e1-a1-p08,96cea7ecfc65ba667160e3c4ba1c5edcbd07153e6f10a623922247b131426347,4,3986,100
2,ex2-s5-e1-a1-p08,96cea7ecfc65ba667160e3c4ba1c5edcbd07153e6f10a623922247b131426347,4,3987,0
2,ex2-s5-e1-a1-p08,96cea7ecfc65ba667160e3c4ba1c5edcbd07153e6f10a623922247b131426347,4,3988,100
2,ex2-s5-e1-a1-p08,96cea7ecfc65ba667160e3c4ba1c5edcbd07153e6f10a623922247b131426347,4,3989,100
2,ex2-s5-e1-a1-p08,96cea7ecfc65ba667160e3c4ba1c5edcbd07153e6f10a623922247b131426347,4,3990,100
2,ex2-s5-e1-a1-p08,96cea7ecfc65ba667160e3c4ba1c5edcbd07153e6f10a623922247b131426347,4,3991,100
2,ex2-s5-e1-a1-p08,96cea7ecfc65ba667160e3c4ba1c5edcbd07153e6f10a623922247b131426347,4,3992,0
2,ex2-s5-e1-a1-p08,96cea7ecfc65ba667160e3c4ba1c5edcbd07153e6f10a623922247b131426347,4,3993,100
2,ex2-s5-e1-a1-p08,96cea7ecfc65ba667160e3c4ba1c5edcbd07153e6f10a623922247b131426347,4,3994,100
2,ex2-s5-e1-a1-p08,96cea7ecfc65ba667160e3c4ba1c5edcbd07153e6f10a623922247b131426347,4,3995,100
2,ex2-s5-e1-a1-p08,96cea7ecfc65ba667160e3c4ba1c5edcbd07153e6f10a623922247b131426347,4,3996,100
2,ex2-s5-e1-a1-p08,96cea7ecfc65ba667160e3c4ba1c5edcbd07153e6f10a623922247b131426347,4,3997,100
2,ex2-s5-e1-a1-p08,96cea7ecfc65ba667160e3c4ba1c5edcbd07153e6f10a623922247b131426347,4,3998,0
2,ex2-s5-e1-a1-p08,96cea7ecfc65ba667160e3c4ba1c5edcbd07153e6f10a623922247b131426347,4,3999,100
2,ex2-s5-e1-a1-p08,96cea7ecfc65ba667160e3c4ba1c5edcbd07153e6f10a623922247b131426347,4,4000,100
2,ex2-s5-e1-a1-p08,96cea7ecfc65ba667160e3c4ba1c5edcbd07153e6f10a623922247b131426347,4,4001,100
2,ex2-s5-e1-a1-p08,96cea7ecfc65ba667160e3c4ba1c5edcbd07153e6f10a623922247b131426347,4,4002,100
2,ex2-s5-e1-a1-p08,96cea7ecfc65ba667160e3c4ba1c5edcbd07153e6f10a623922247b131426347,4,4003,0
2,ex2-s5-e1-a1-p08,96cea7ecfc65ba667160e3c4ba1c5edcbd07153e6f10a623922247b131426347,4,4004,100
2,ex2-s5-e1-a1-p08,96cea7ecfc65ba667160e3c4ba1c5edcbd07153e6f10a623922247b131426347,4,4005,100
2,ex2-s5-e1-a1-p08,96cea7ecfc65ba667160e3c4ba1c5edcbd07153e6f10a623922247b131426347,4,4006,100
2,ex2-s5-e1-a1-p08,96cea7ecfc65ba667160e3c4ba1c5edcbd07153e6f10a623922247b131426347,4,4007,100
2,ex2-s5-e1-a1-p08,96cea7ecfc65ba667160e3c4ba1c5edcbd07153e6f10a623922247b131426347,4,4008,100
2,ex2-s5-e1-a1-p08,96cea7ecfc65ba667160e3c4ba1c5edcbd07153e6f10a623922247b131426347,4,4009,0
2,ex2-s5-e1-a1-p08,96cea7ecfc65ba667160e3c4ba1c5edcbd07153e6f10a623922247b131426347,4,4010,100
2,ex2-s5-e1-a1-p08,96cea7ecfc65ba667160e3c4ba1c5edcbd07153e6f10a623922247b131426347,4,4011,100
2,ex2-s5-e1-a1-p08,96cea7ecfc65ba667160e3c4ba1c5edcbd07153e6f10a623922247b131426347,4,4012,100
2,ex2-s5-e1-a1-p08,96cea7ecfc65ba667160e3c4ba1c5edcbd07153e6f10a623922247b131426347,4,4013,100
2,ex2-s5-e1-a1-p08,96cea7ecfc65ba667160e3c4ba1c5edcbd07153e6f10a623922247b131426347,4,4014,100
2,ex2-s5-e1-a1-p08,96cea7ecfc65ba667160e3c4ba1c5edcbd07153e6f10a623922247b131426347,4,4015,0
2,ex2-s5-e1-a1-p08,96cea7ecfc65ba667160e3c4ba1c5edcbd07153e6f10a623922247b131426347,4,4016,100
2,ex2-s5-e1-a1-p08,96cea7ecfc65ba667160e3c4ba1c5edcbd07153e6f10a623922247b131426347,4,4017,100
2,ex2-s5-e1-a1-p08,96cea7ecfc65ba667160e3c4ba1c5edcbd07153e6f10a623922247b131426347,4,4018,100
2,ex2-s5-e1-a1-p08,96cea7ecfc65ba667160e3c4ba1c5edcbd07153e6f10a623922247b131426347,4,4019,100
2,ex2-s5-e1-a1-p08,96cea7ecfc65ba667160e3c4ba1c5edcbd07153e6f10a623922247b131426347,4,4020,0
2,ex2-s5-e1-a1-p08,96cea7ecfc65ba667160e3c4ba1c5edcbd07153e6f10a623922247b131426347,4,4021,100
2,ex2-s5-e1-a1-p08,96cea7ecfc65ba667160e3c4ba1c5edcbd07153e6f10a623922247b131426347,4,4022,100
2,ex2-s5-e1-a1-p08,96cea7ecfc65ba667160e3c4ba1c5edcbd07153e6f10a623922247b131426347,4,4023,100
2,ex2-s5-e1-a1-p08,96cea7ecfc65ba667160e3c4ba1c5edcbd07153e6f10a623922247b131426347,4,4024,100
2,ex2-s5-e1-a1-p08,96cea7ecfc65ba667160e3c4ba1c5edcbd07153e6f10a623922247b131426347,4,4025,100
2,ex2-s5-e1-a1-p08,96cea7ecfc65ba667160e3c4ba1c5edcbd07153e6f10a623922247b131426347,4,4026,0
2,ex2-s5-e1-a1-p08,96cea7ecfc65ba667160e3c4ba1c5edcbd07153e6f10a623922247b131426347,4,4027,100
2,ex2-s5-e1-a1-p08,96cea7ecfc65ba667160e3c4ba1c5edcbd07153e6f10a623922247b131426347,4,4028,100
2,ex2-s5-e1-a1-p08,96cea7ecfc65ba667160e3c4ba1c5edcbd07153e6f10a623922247b131426347,4,4029,100
2,ex2-s5-e1-a1-p08,96cea7ecfc65ba667160e3c4ba1c5edcbd07153e6f10a623922247b131426347,4,4030,100
2,ex2-s5-e1-a1-p08,96cea7ecfc65ba667160e3c4ba1c5edcbd07153e6f10a623922247b131426347,4,4031,100
2,ex2-s5-e1-a1-p08,96cea7ecfc65ba667160e3c4ba1c5edcbd07153e6f10a623922247b131426347,4,4032,0
2,ex2-s5-e1-a1-p08,96cea7ecfc65ba667160e3c4ba1c5edcbd07153e6f10a623922247b131426347,4,4033,100
2,ex2-s5-e1-a1-p08,96cea7ecfc65ba667160e3c4ba1c5edcbd07153e6f10a623922247b131426347,4,4034,100
2,ex2-s5-e1-a1-p08,96cea7ecfc65ba667160e3c4ba1c5edcbd07153e6f10a623922247b131426347,4,4035,100
2,ex2-s5-e1-a1-p08,96cea7ecfc65ba667160e3c4ba1c5edcbd07153e6f10a623922247b131426347,4,4036,100
2,ex2-s5-e1-a1-p08,96cea7ecfc65ba667160e3c4ba1c5edcbd07153e6f10a623922247b131426347,4,4037,0
2,ex2-s5-e1-a1-p08,96cea7ecfc65ba667160e3c4ba1c5edcbd07153e6f10a623922247b131426347,4,4038,100
2,ex2-s5-e1-a1-p08,96cea7ecfc65ba667160e3c4ba1c5edcbd07153e6f10a623922247b131426347,4,4039,100
2,ex2-s5-e1-a1-p08,96cea7ecfc65ba667160e3c4ba1c5edcbd07153e6f10a623922247b131426347,4,4040,100
2,ex2-s5-e1-a1-p08,96cea7ecfc65ba667160e3c4ba1c5edcbd07153e6f10a623922247b131426347,4,4041,100
2,ex2-s5-e1-a1-p08,96cea7ecfc65ba667160e3c4ba1c5edcbd07153e6f10a623922247b131426347,4,4042,100
2,ex2-s5-e1-a1-p08,96cea7ecfc65ba667160e3c4ba1c5edcbd07153e6f10a623922247b131426347,4,4043,0
2,ex2-s5-e1-a1-p08,96cea7ecfc65ba667160e3c4ba1c5edcbd07153e6f10a623922247b131426347,4,4044,100
2,ex2-s5-e1-a1-p08,96cea7ecfc65ba667160e3c4ba1c5edcbd07153e6f10a623922247b131426347,4,4045,100
2,ex2-s5-e1-a1-p08,96cea7ecfc65ba667160e3c4ba1c5edcbd07153e6f10a623922247b131426347,4,4046,100
2,ex2-s5-e1-a1-p08,96cea7ecfc65ba667160e3c4ba1c5edcbd07153e6f10a623922247b131426347,4,4047,100
2,ex2-s5-e1-a1-p08,96cea7ecfc65ba667160e3c4ba1c5edcbd07153e6f10a623922247b131426347,4,4048,0
2,ex2-s5-e1-a1-p08,96cea7ecfc65ba667160e3c4ba1c5edcbd07153e6f10a623922247b131426347,4,4049,100
2,ex2-s5-e1-a1-p08,96cea7ecfc65ba667160e3c4ba1c5edcbd07153e6f10a623922247b131426347,4,4050,100
2,ex2-s5-e1-a1-p08,96cea7ecfc65ba667160e3c4ba1c5edcbd07153e6f10a623922247b131426347,4,4051,100
2,ex2-s5-e1-a1-p08,96cea7ecfc65ba667160e3c4ba1c5edcbd07153e6f10a623922247b131426347,4,4052,100
2,ex2-s5-e1-a1-p08,96cea7ecfc65ba667160e3c4ba1c5edcbd07153e6f10a623922247b131426347,4,4053,100
2,ex2-s5-e1-a1-p08,96cea7ecfc65ba667160e3c4ba1c5edcbd07153e6f10a623922247b131426347,4,4054,0
2,ex2-s5-e1-a1-p08,96cea7ecfc65ba667160e3c4ba1c5edcbd07153e6f10a623922247b131426347,4,4055,100
2,ex2-s5-e1-a1-p08,96cea7ecfc65ba667160e3c4ba1c5edcbd07153e6f10a623922247b131426347,4,4056,100
2,ex2-s5-e1-a1-p08,96cea7ecfc65ba667160e3c4ba1c5edcbd07153e6f10a623922247b131426347,4,4057,100
2,ex2-s5-e1-a1-p08,96cea7ecfc65ba667160e3c4ba1c5edcbd07153e6f10a623922247b131426347,4,4058,100
2,ex2-s5-e1-a1-p08,96cea7ecfc65ba667160e3c4ba1c5edcbd07153e6f10a623922247b131426347,4,4059,100
2,ex2-s5-e1-a1-p08,96cea7ecfc65ba667160e3c4ba1c5edcbd07153e6f10a623922247b131426347,4,4060,0
2,ex2-s5-e1-a1-p08,96cea7ecfc65ba667160e3c4ba1c5edcbd07153e6f10a623922247b131426347,4,4061,100
2,ex2-s5-e1-a1-p08,96cea7ecfc65ba667160e3c4ba1c5edcbd07153e6f10a623922247b131426347,4,4062,100
2,ex2-s5-e1-a1-p08,96cea7ecfc65ba667160e3c4ba1c5edcbd07153e6f10a623922247b131426347,4,4063,100
2,ex2-s5-e1-a1-p08,96cea7ecfc65ba667160e3c4ba1c5edcbd07153e6f10a623922247b131426347,4,4064,100
2,ex2-s5-e1-a1-p08,96cea7ecfc65ba667160e3c4ba1c5edcbd07153e6f10a623922247b131426347,4,4065,0
2,ex2-s5-e1-a1-p08,96cea7ecfc65ba667160e3c4ba1c5edcbd07153e6f10a623922247b131426347,4,4066,100
2,ex2-s5-e1-a1-p08,96cea7ecfc65ba667160e3c4ba1c5edcbd07153e6f10a623922247b131426347,4,4067,100
2,ex2-s5-e1-a1-p08,96cea7ecfc65ba667160e3c4ba1c5edcbd07153e6f10a623922247b131426347,4,4068,100
2,ex2-s5-e1-a1-p08,96cea7ecfc65ba667160e3c4ba1c5edcbd07153e6f10a623922247b131426347,4,4069,100
2,ex2-s5-e1-a1-p08,96cea7ecfc65ba667160e3c4ba1c5edcbd07153e6f10a623922247b131426347,4,4070,100
2,ex2-s5-e1-a1-p08,96cea7ecfc65ba667160e3c4ba1c5edcbd07153e6f10a623922247b131426347,4,4071,0
2,ex2-s5-e1-a1-p08,96cea7ecfc65ba667160e3c4ba1c5edcbd07153e6f10a623922247b131426347,4,4072,100
2,ex2-s5-e1-a1-p08,96cea7ecfc65ba667160e3c4ba1c5edcbd07153e6f10a623922247b131426347,4,4073,100
2,ex2-s5-e1-a1-p08,96cea7ecfc65ba667160e3c4ba1c5edcbd07153e6f10a623922247b131426347,4,4074,100
2,ex2-s5-e1-a1-p08,96cea7ecfc65ba667160e3c4ba1c5edcbd07153e6f10a623922247b131426347,4,4075,100
2,ex2-s5-e1-a1-p08,96cea7ecfc65ba667160e3c4ba1c5edcbd07153e6f10a623922247b131426347,4,4076,0
2,ex2-s5-e1-a1-p08,96cea7ecfc65ba667160e3c4ba1c5edcbd07153e6f10a623922247b131426347,4,4077,100
2,ex2-s5-e1-a1-p08,96cea7ecfc65ba667160e3c4ba1c5edcbd07153e6f10a623922247b131426347,4,4078,100
2,ex2-s5-e1-a1-p08,96cea7ecfc65ba667160e3c4ba1c5edcbd07153e6f10a623922247b131426347,4,4079,100
2,ex2-s5-e1-a1-p08,96cea7ecfc65ba667160e3c4ba1c5edcbd07153e6f10a623922247b131426347,4,4080,100
2,ex2-s5-e1-a1-p08,96cea7ecfc65ba667160e3c4ba1c5edcbd07153e6f10a623922247b131426347,4,4081,100
2,ex2-s5-e1-a1-p08,96cea7ecfc65ba667160e3c4ba1c5edcbd07153e6f10a623922247b131426347,4,4082,0
2,ex2-s5-e1-a1-p08,96cea7ecfc65ba667160e3c4ba1c5edcbd07153e6f10a623922247b131426347,4,4083,100
2,ex2-s5-e1-a1-p08,96cea7ecfc65ba667160e3c4ba1c5edcbd07153e6f10a623922247b131426347,4,4084,100
2,ex2-s5-e1-a1-p08,96cea7ecfc65ba667160e3c4ba1c5edcbd07153e6f10a623922247b131426347,4,4085,100
2,ex2-s5-e1-a1-p08,96cea7ecfc65ba667160e3c4ba1c5edcbd07153e6f10a623922247b131426347,4,4086,100
2,ex2-s5-e1-a1-p08,96cea7ecfc65ba667160e3c4ba1c5edcbd07153e6f10a623922247b131426347,4,4087,100
2,ex2-s5-e1-a1-p08,96cea7ecfc65ba667160e3c4ba1c5edcbd07153e6f10a623922247b131426347,4,4088,0
2,ex2-s5-e1-a1-p08,96cea7ecfc65ba667160e3c4ba1c5edcbd07153e6f10a623922247b131426347,4,4089,100
2,ex2-s5-e1-a1-p08,96cea7ecfc65ba667160e3c4ba1c5edcbd07153e6f10a623922247b131426347,4,4090,100
2,ex2-s5-e1-a1-p08,96cea7ecfc65ba667160e3c4ba1c5edcbd07153e6f10a623922247b131426347,4,4091,100
2,ex2-s5-e1-a1-p08,96cea7ecfc65ba667160e3c4ba1c5edcbd07153e6f10a623922247b131426347,4,4092,100
2,ex2-s5-e1-a1-p08,96cea7ecfc65ba667160e3c4ba1c5edcbd07153e6f10a623922247b131426347,4,4093,0
2,ex2-s5-e1-a1-p08,96cea7ecfc65ba667160e3c4ba1c5edcbd07153e6f10a623922247b131426347,4,4094,100
