schema_version,run_id,series_id,process_index,sequence_index,delta_ns
2,ex2-s5-e1-a1-p09,15cacb7214da29f735fe74234e764297d31194371bcebd510dbee27b79d6d12c,4,0,0
2,ex2-s5-e1-a1-p09,15cacb7214da29f735fe74234e764297d31194371bcebd510dbee27b79d6d12c,4,1,0
2,ex2-s5-e1-a1-p09,15cacb7214da29f735fe74234e764297d31194371bcebd510dbee27b79d6d12c,4,2,0
2,ex2-s5-e1-a1-p09,15cacb7214da29f735fe74234e764297d31194371bcebd510dbee27b79d6d12c,4,3,100
2,ex2-s5-e1-a1-p09,15cacb7214da29f735fe74234e764297d31194371bcebd510dbee27b79d6d12c,4,4,0
2,ex2-s5-e1-a1-p09,15cacb7214da29f735fe74234e764297d31194371bcebd510dbee27b79d6d12c,4,5,0
2,ex2-s5-e1-a1-p09,15cacb7214da29f735fe74234e764297d31194371bcebd510dbee27b79d6d12c,4,6,0
2,ex2-s5-e1-a1-p09,15cacb7214da29f735fe74234e764297d31194371bcebd510dbee27b79d6d12c,4,7,0
2,ex2-s5-e1-a1-p09,15cacb7214da29f735fe74234e764297d31194371bcebd510dbee27b79d6d12c,4,8,0
2,ex2-s5-e1-a1-p09,15cacb7214da29f735fe74234e764297d31194371bcebd510dbee27b79d6d12c,4,9,100
2,ex2-s5-e1-a1-p09,15cacb7214da29f735fe74234e764297d31194371bcebd510dbee27b79d6d12c,4,10,0
2,ex2-s5-e1-a1-p09,15cacb7214da29f735fe74234e764297d31194371bcebd510dbee27b79d6d12c,4,11,0
2,ex2-s5-e1-a1-p09,15cacb7214da29f735fe74234e764297d31194371bcebd510dbee27b79d6d12c,4,12,0
2,ex2-s5-e1-a1-p09,15cacb7214da29f735fe74234e764297d31194371bcebd510dbee27b79d6d12c,4,13,0
2,ex2-s5-e1-a1-p09,15cacb7214da29f735fe74234e764297d31194371bcebd510dbee27b79d6d12c,4,14,0
2,ex2-s5-e1-a1-p09,15cacb7214da29f735fe74234e764297d31194371bcebd510dbee27b79d6d12c,4,15,0
2,ex2-s5-e1-a1-p09,15cacb7214da29f735fe74234e764297d31194371bcebd510dbee27b79d6d12c,4,16,100
2,ex2-s5-e1-a1-p09,15cacb7214da29f735fe74234e764297d31194371bcebd510dbee27b79d6d12c,4,17,0
2,ex2-s5-e1-a1-p09,15cacb7214da29f735fe74234e764297d31194371bcebd510dbee27b79d6d12c,4,18,0
2,ex2-s5-e1-a1-p09,15cacb7214da29f735fe74234e764297d31194371bcebd510dbee27b79d6d12c,4,19,0
2,ex2-s5-e1-a1-p09,15cacb7214da29f735fe74234e764297d31194371bcebd510dbee27b79d6d12c,4,20,0
2,ex2-s5-e1-a1-p09,15cacb7214da29f735fe74234e764297d31194371bcebd510dbee27b79d6d12c,4,21,0
2,ex2-s5-e1-a1-p09,15cacb7214da29f735fe74234e764297d31194371bcebd510dbee27b79d6d12c,4,22,100
2,ex2-s5-e1-a1-p09,15cacb7214da29f735fe74234e764297d31194371bcebd510dbee27b79d6d12c,4,23,0
2,ex2-s5-e1-a1-p09,15cacb7214da29f735fe74234e764297d31194371bcebd510dbee27b79d6d12c,4,24,0
2,ex2-s5-e1-a1-p09,15cacb7214da29f735fe74234e764297d31194371bcebd510dbee27b79d6d12c,4,25,0
2,ex2-s5-e1-a1-p09,15cacb7214da29f735fe74234e764297d31194371bcebd510dbee27b79d6d12c,4,26,0
2,ex2-s5-e1-a1-p09,15cacb7214da29f735fe74234e764297d31194371bcebd510dbee27b79d6d12c,4,27,0
2,ex2-s5-e1-a1-p09,15cacb7214da29f735fe74234e764297d31194371bcebd510dbee27b79d6d12c,4,28,0
2,ex2-s5-e1-a1-p09,15cacb7214da29f735fe74234e764297d31194371bcebd510dbee27b79d6d12c,4,29,100
2,ex2-s5-e1-a1-p09,15cacb7214da29f735fe74234e764297d31194371bcebd510dbee27b79d6d12c,4,30,0
2,ex2-s5-e1-a1-p09,15cacb7214da29f735fe74234e764297d31194371bcebd510dbee27b79d6d12c,4,31,0
2,ex2-s5-e1-a1-p09,15cacb7214da29f735fe74234e764297d31194371bcebd510dbee27b79d6d12c,4,32,0
2,ex2-s5-e1-a1-p09,15cacb7214da29f735fe74234e764297d31194371bcebd510dbee27b79d6d12c,4,33,0
2,ex2-s5-e1-a1-p09,15cacb7214da29f735fe74234e764297d31194371bcebd510dbee27b79d6d12c,4,34,0
2,ex2-s5-e1-a1-p09,15cacb7214da29f735fe74234e764297d31194371bcebd510dbee27b79d6d12c,4,35,100
2,ex2-s5-e1-a1-p09,15cacb7214da29f735fe74234e764297d31194371bcebd510dbee27b79d6d12c,4,36,0
2,ex2-s5-e1-a1-p09,15cacb7214da29f735fe74234e764297d31194371bcebd510dbee27b79d6d12c,4,37,0
2,ex2-s5-e1-a1-p09,15cacb7214da29f735fe74234e764297d31194371bcebd510dbee27b79d6d12c,4,38,0
2,ex2-s5-e1-a1-p09,15cacb7214da29f735fe74234e764297d31194371bcebd510dbee27b79d6d12c,4,39,0
2,ex2-s5-e1-a1-p09,15cacb7214da29f735fe74234e764297d31194371bcebd510dbee27b79d6d12c,4,40,0
2,ex2-s5-e1-a1-p09,15cacb7214da29f735fe74234e764297d31194371bcebd510dbee27b79d6d12c,4,41,0
2,ex2-s5-e1-a1-p09,15cacb7214da29f735fe74234e764297d31194371bcebd510dbee27b79d6d12c,4,42,100
2,ex2-s5-e1-a1-p09,15cacb7214da29f735fe74234e764297d31194371bcebd510dbee27b79d6d12c,4,43,0
2,ex2-s5-e1-a1-p09,15cacb7214da29f735fe74234e764297d31194371bcebd510dbee27b79d6d12c,4,44,0
2,ex2-s5-e1-a1-p09,15cacb7214da29f735fe74234e764297d31194371bcebd510dbee27b79d6d12c,4,45,0
2,ex2-s5-e1-a1-p09,15cacb7214da29f735fe74234e764297d31194371bcebd510dbee27b79d6d12c,4,46,0
2,ex2-s5-e1-a1-p09,15cacb7214da29f735fe74234e764297d31194371bcebd510dbee27b79d6d12c,4,47,0
2,ex2-s5-e1-a1-p09,15cacb7214da29f735fe74234e764297d31194371bcebd510dbee27b79d6d12c,4,48,100
2,ex2-s5-e1-a1-p09,15cacb7214da29f735fe74234e764297d31194371bcebd510dbee27b79d6d12c,4,49,0
2,ex2-s5-e1-a1-p09,15cacb7214da29f735fe74234e764297d31194371bcebd510dbee27b79d6d12c,4,50,0
2,ex2-s5-e1-a1-p09,15cacb7214da29f735fe74234e764297d31194371bcebd510dbee27b79d6d12c,4,51,0
2,ex2-s5-e1-a1-p09,15cacb7214da29f735fe74234e764297d31194371bcebd510dbee27b79d6d12c,4,52,0
2,ex2-s5-e1-a1-p09,15cacb7214da29f735fe74234e764297d31194371bcebd510dbee27b79d6d12c,4,53,0
2,ex2-s5-e1-a1-p09,15cacb7214da29f735fe74234e764297d31194371bcebd510dbee27b79d6d12c,4,54,0
2,ex2-s5-e1-a1-p09,15cacb7214da29f735fe74234e764297d31194371bcebd510dbee27b79d6d12c,4,55,100
2,ex2-s5-e1-a1-p09,15cacb7214da29f735fe74234e764297d31194371bcebd510dbee27b79d6d12c,4,56,0
2,ex2-s5-e1-a1-p09,15cacb7214da29f735fe74234e764297d31194371bcebd510dbee27b79d6d12c,4,57,0
2,ex2-s5-e1-a1-p09,15cacb7214da29f735fe74234e764297d31194371bcebd510dbee27b79d6d12c,4,58,0
2,ex2-s5-e1-a1-p09,15cacb7214da29f735fe74234e764297d31194371bcebd510dbee27b79d6d12c,4,59,0
2,ex2-s5-e1-a1-p09,15cacb7214da29f735fe74234e764297d31194371bcebd510dbee27b79d6d12c,4,60,0
2,ex2-s5-e1-a1-p09,15cacb7214da29f735fe74234e764297d31194371bcebd510dbee27b79d6d12c,4,61,0
2,ex2-s5-e1-a1-p09,15cacb7214da29f735fe74234e764297d31194371bcebd510dbee27b79d6d12c,4,62,100
2,ex2-s5-e1-a1-p09,15cacb7214da29f735fe74234e764297d31194371bcebd510dbee27b79d6d12c,4,63,0
2,ex2-s5-e1-a1-p09,15cacb7214da29f735fe74234e764297d31194371bcebd510dbee27b79d6d12c,4,64,0
2,ex2-s5-e1-a1-p09,15cacb7214da29f735fe74234e764297d31194371bcebd510dbee27b79d6d12c,4,65,0
2,ex2-s5-e1-a1-p09,15cacb7214da29f735fe74234e764297d31194371bcebd510dbee27b79d6d12c,4,66,0
2,ex2-s5-e1-a1-p09,15cacb7214da29f735fe74234e764297d31194371bcebd510dbee27b79d6d12c,4,67,0
2,ex2-s5-e1-a1-p09,15cacb7214da29f735fe74234e764297d31194371bcebd510dbee27b79d6d12c,4,68,100
2,ex2-s5-e1-a1-p09,15cacb7214da29f735fe74234e764297d31194371bcebd510dbee27b79d6d12c,4,69,0
2,ex2-s5-e1-a1-p09,15cacb7214da29f735fe74234e764297d31194371bcebd510dbee27b79d6d12c,4,70,0
2,ex2-s5-e1-a1-p09,15cacb7214da29f735fe74234e764297d31194371bcebd510dbee27b79d6d12c,4,71,0
2,ex2-s5-e1-a1-p09,15cacb7214da29f735fe74234e764297d31194371bcebd510dbee27b79d6d12c,4,72,0
2,ex2-s5-e1-a1-p09,15cacb7214da29f735fe74234e764297d31194371bcebd510dbee27b79d6d12c,4,73,0
2,ex2-s5-e1-a1-p09,15cacb7214da29f735fe74234e764297d31194371bcebd510dbee27b79d6d12c,4,74,0
2,ex2-s5-e1-a1-p09,15cacb7214da29f735fe74234e764297d31194371bcebd510dbee27b79d6d12c,4,75,100
2,ex2-s5-e1-a1-p09,15cacb7214da29f735fe74234e764297d31194371bcebd510dbee27b79d6d12c,4,76,0
2,ex2-s5-e1-a1-p09,15cacb7214da29f735fe74234e764297d31194371bcebd510dbee27b79d6d12c,4,77,0
2,ex2-s5-e1-a1-p09,15cacb7214da29f735fe74234e764297d31194371bcebd510dbee27b79d6d12c,4,78,0
2,ex2-s5-e1-a1-p09,15cacb7214da29f735fe74234e764297d31194371bcebd510dbee27b79d6d12c,4,79,0
2,ex2-s5-e1-a1-p09,15cacb7214da29f735fe74234e764297d31194371bcebd510dbee27b79d6d12c,4,80,0
2,ex2-s5-e1-a1-p09,15cacb7214da29f735fe74234e764297d31194371bcebd510dbee27b79d6d12c,4,81,100
2,ex2-s5-e1-a1-p09,15cacb7214da29f735fe74234e764297d31194371bcebd510dbee27b79d6d12c,4,82,0
2,ex2-s5-e1-a1-p09,15cacb7214da29f735fe74234e764297d31194371bcebd510dbee27b79d6d12c,4,83,0
2,ex2-s5-e1-a1-p09,15cacb7214da29f735fe74234e764297d31194371bcebd510dbee27b79d6d12c,4,84,0
2,ex2-s5-e1-a1-p09,15cacb7214da29f735fe74234e764297d31194371bcebd510dbee27b79d6d12c,4,85,0
2,ex2-s5-e1-a1-p09,15cacb7214da29f735fe74234e764297d31194371bcebd510dbee27b79d6d12c,4,86,0
2,ex2-s5-e1-a1-p09,15cacb7214da29f735fe74234e764297d31194371bcebd510dbee27b79d6d12c,4,87,0
2,ex2-s5-e1-a1-p09,15cacb7214da29f735fe74234e764297d31194371bcebd510dbee27b79d6d12c,4,88,100
2,ex2-s5-e1-a1-p09,15cacb7214da29f735fe74234e764297d31194371bcebd510dbee27b79d6d12c,4,89,0
2,ex2-s5-e1-a1-p09,15cacb7214da29f735fe74234e764297d31194371bcebd510dbee27b79d6d12c,4,90,0
2,ex2-s5-e1-a1-p09,15cacb7214da29f735fe74234e764297d31194371bcebd510dbee27b79d6d12c,4,91,0
2,ex2-s5-e1-a1-p09,15cacb7214da29f735fe74234e764297d31194371bcebd510dbee27b79d6d12c,4,92,0
2,ex2-s5-e1-a1-p09,15cacb7214da29f735fe74234e764297d31194371bcebd510dbee27b79d6d12c,4,93,0
2,ex2-s5-e1-a1-p09,15cacb7214da29f735fe74234e764297d31194371bcebd510dbee27b79d6d12c,4,94,0
2,ex2-s5-e1-a1-p09,15cacb7214da29f735fe74234e764297d31194371bcebd510dbee27b79d6d12c,4,95,100
2,ex2-s5-e1-a1-p09,15cacb7214da29f735fe74234e764297d31194371bcebd510dbee27b79d6d12c,4,96,0
2,ex2-s5-e1-a1-p09,15cacb7214da29f735fe74234e764297d31194371bcebd510dbee27b79d6d12c,4,97,0
2,ex2-s5-e1-a1-p09,15cacb7214da29f735fe74234e764297d31194371bcebd510dbee27b79d6d12c,4,98,0
2,ex2-s5-e1-a1-p09,15cacb7214da29f735fe74234e764297d31194371bcebd510dbee27b79d6d12c,4,99,0
2,ex2-s5-e1-a1-p09,15cacb7214da29f735fe74234e764297d31194371bcebd510dbee27b79d6d12c,4,100,0
2,ex2-s5-e1-a1-p09,15cacb7214da29f735fe74234e764297d31194371bcebd510dbee27b79d6d12c,4,101,100
2,ex2-s5-e1-a1-p09,15cacb7214da29f735fe74234e764297d31194371bcebd510dbee27b79d6d12c,4,102,0
2,ex2-s5-e1-a1-p09,15cacb7214da29f735fe74234e764297d31194371bcebd510dbee27b79d6d12c,4,103,0
2,ex2-s5-e1-a1-p09,15cacb7214da29f735fe74234e764297d31194371bcebd510dbee27b79d6d12c,4,104,0
2,ex2-s5-e1-a1-p09,15cacb7214da29f735fe74234e764297d31194371bcebd510dbee27b79d6d12c,4,105,0
2,ex2-s5-e1-a1-p09,15cacb7214da29f735fe74234e764297d31194371bcebd510dbee27b79d6d12c,4,106,0
2,ex2-s5-e1-a1-p09,15cacb7214da29f735fe74234e764297d31194371bcebd510dbee27b79d6d12c,4,107,0
2,ex2-s5-e1-a1-p09,15cacb7214da29f735fe74234e764297d31194371bcebd510dbee27b79d6d12c,4,108,100
2,ex2-s5-e1-a1-p09,15cacb7214da29f735fe74234e764297d31194371bcebd510dbee27b79d6d12c,4,109,0
2,ex2-s5-e1-a1-p09,15cacb7214da29f735fe74234e764297d31194371bcebd510dbee27b79d6d12c,4,110,0
2,ex2-s5-e1-a1-p09,15cacb7214da29f735fe74234e764297d31194371bcebd510dbee27b79d6d12c,4,111,0
2,ex2-s5-e1-a1-p09,15cacb7214da29f735fe74234e764297d31194371bcebd510dbee27b79d6d12c,4,112,0
2,ex2-s5-e1-a1-p09,15cacb7214da29f735fe74234e764297d31194371bcebd510dbee27b79d6d12c,4,113,0
2,ex2-s5-e1-a1-p09,15cacb7214da29f735fe74234e764297d31194371bcebd510dbee27b79d6d12c,4,114,100
2,ex2-s5-e1-a1-p09,15cacb7214da29f735fe74234e764297d31194371bcebd510dbee27b79d6d12c,4,115,0
2,ex2-s5-e1-a1-p09,15cacb7214da29f735fe74234e764297d31194371bcebd510dbee27b79d6d12c,4,116,0
2,ex2-s5-e1-a1-p09,15cacb7214da29f735fe74234e764297d31194371bcebd510dbee27b79d6d12c,4,117,0
2,ex2-s5-e1-a1-p09,15cacb7214da29f735fe74234e764297d31194371bcebd510dbee27b79d6d12c,4,118,0
2,ex2-s5-e1-a1-p09,15cacb7214da29f735fe74234e764297d31194371bcebd510dbee27b79d6d12c,4,119,0
2,ex2-s5-e1-a1-p09,15cacb7214da29f735fe74234e764297d31194371bcebd510dbee27b79d6d12c,4,120,0
2,ex2-s5-e1-a1-p09,15cacb7214da29f735fe74234e764297d31194371bcebd510dbee27b79d6d12c,4,121,100
2,ex2-s5-e1-a1-p09,15cacb7214da29f735fe74234e764297d31194371bcebd510dbee27b79d6d12c,4,122,0
2,ex2-s5-e1-a1-p09,15cacb7214da29f735fe74234e764297d31194371bcebd510dbee27b79d6d12c,4,123,0
2,ex2-s5-e1-a1-p09,15cacb7214da29f735fe74234e764297d31194371bcebd510dbee27b79d6d12c,4,124,0
2,ex2-s5-e1-a1-p09,15cacb7214da29f735fe74234e764297d31194371bcebd510dbee27b79d6d12c,4,125,0
2,ex2-s5-e1-a1-p09,15cacb7214da29f735fe74234e764297d31194371bcebd510dbee27b79d6d12c,4,126,0
2,ex2-s5-e1-a1-p09,15cacb7214da29f735fe74234e764297d31194371bcebd510dbee27b79d6d12c,4,127,0
2,ex2-s5-e1-a1-p09,15cacb7214da29f735fe74234e764297d31194371bcebd510dbee27b79d6d12c,4,128,100
2,ex2-s5-e1-a1-p09,15cacb7214da29f735fe74234e764297d31194371bcebd510dbee27b79d6d12c,4,129,0
2,ex2-s5-e1-a1-p09,15cacb7214da29f735fe74234e764297d31194371bcebd510dbee27b79d6d12c,4,130,0
2,ex2-s5-e1-a1-p09,15cacb7214da29f735fe74234e764297d31194371bcebd510dbee27b79d6d12c,4,131,0
2,ex2-s5-e1-a1-p09,15cacb7214da29f735fe74234e764297d31194371bcebd510dbee27b79d6d12c,4,132,0
2,ex2-s5-e1-a1-p09,15cacb7214da29f735fe74234e764297d31194371bcebd510dbee27b79d6d12c,4,133,0
2,ex2-s5-e1-a1-p09,15cacb7214da29f735fe74234e764297d31194371bcebd510dbee27b79d6d12c,4,134,100
2,ex2-s5-e1-a1-p09,15cacb7214da29f735fe74234e764297d31194371bcebd510dbee27b79d6d12c,4,135,0
2,ex2-s5-e1-a1-p09,15cacb7214da29f735fe74234e764297d31194371bcebd510dbee27b79d6d12c,4,136,0
2,ex2-s5-e1-a1-p09,15cacb7214da29f735fe74234e764297d31194371bcebd510dbee27b79d6d12c,4,137,0
2,ex2-s5-e1-a1-p09,15cacb7214da29f735fe74234e764297d31194371bcebd510dbee27b79d6d12c,4,138,0
2,ex2-s5-e1-a1-p09,15cacb7214da29f735fe74234e764297d31194371bcebd510dbee27b79d6d12c,4,139,0
2,ex2-s5-e1-a1-p09,15cacb7214da29f735fe74234e764297d31194371bcebd510dbee27b79d6d12c,4,140,0
2,ex2-s5-e1-a1-p09,15cacb7214da29f735fe74234e764297d31194371bcebd510dbee27b79d6d12c,4,141,100
2,ex2-s5-e1-a1-p09,15cacb7214da29f735fe74234e764297d31194371bcebd510dbee27b79d6d12c,4,142,0
2,ex2-s5-e1-a1-p09,15cacb7214da29f735fe74234e764297d31194371bcebd510dbee27b79d6d12c,4,143,0
2,ex2-s5-e1-a1-p09,15cacb7214da29f735fe74234e764297d31194371bcebd510dbee27b79d6d12c,4,144,0
2,ex2-s5-e1-a1-p09,15cacb7214da29f735fe74234e764297d31194371bcebd510dbee27b79d6d12c,4,145,0
2,ex2-s5-e1-a1-p09,15cacb7214da29f735fe74234e764297d31194371bcebd510dbee27b79d6d12c,4,146,0
2,ex2-s5-e1-a1-p09,15cacb7214da29f735fe74234e764297d31194371bcebd510dbee27b79d6d12c,4,147,100
2,ex2-s5-e1-a1-p09,15cacb7214da29f735fe74234e764297d31194371bcebd510dbee27b79d6d12c,4,148,0
2,ex2-s5-e1-a1-p09,15cacb7214da29f735fe74234e764297d31194371bcebd510dbee27b79d6d12c,4,149,0
2,ex2-s5-e1-a1-p09,15cacb7214da29f735fe74234e764297d31194371bcebd510dbee27b79d6d12c,4,150,0
2,ex2-s5-e1-a1-p09,15cacb7214da29f735fe74234e764297d31194371bcebd510dbee27b79d6d12c,4,151,0
2,ex2-s5-e1-a1-p09,15cacb7214da29f735fe74234e764297d31194371bcebd510dbee27b79d6d12c,4,152,0
2,ex2-s5-e1-a1-p09,15cacb7214da29f735fe74234e764297d31194371bcebd510dbee27b79d6d12c,4,153,0
2,ex2-s5-e1-a1-p09,15cacb7214da29f735fe74234e764297d31194371bcebd510dbee27b79d6d12c,4,154,100
2,ex2-s5-e1-a1-p09,15cacb7214da29f735fe74234e764297d31194371bcebd510dbee27b79d6d12c,4,155,0
2,ex2-s5-e1-a1-p09,15cacb7214da29f735fe74234e764297d31194371bcebd510dbee27b79d6d12c,4,156,0
2,ex2-s5-e1-a1-p09,15cacb7214da29f735fe74234e764297d31194371bcebd510dbee27b79d6d12c,4,157,0
2,ex2-s5-e1-a1-p09,15cacb7214da29f735fe74234e764297d31194371bcebd510dbee27b79d6d12c,4,158,0
2,ex2-s5-e1-a1-p09,15cacb7214da29f735fe74234e764297d31194371bcebd510dbee27b79d6d12c,4,159,0
2,ex2-s5-e1-a1-p09,15cacb7214da29f735fe74234e764297d31194371bcebd510dbee27b79d6d12c,4,160,0
2,ex2-s5-e1-a1-p09,15cacb7214da29f735fe74234e764297d31194371bcebd510dbee27b79d6d12c,4,161,100
2,ex2-s5-e1-a1-p09,15cacb7214da29f735fe74234e764297d31194371bcebd510dbee27b79d6d12c,4,162,0
2,ex2-s5-e1-a1-p09,15cacb7214da29f735fe74234e764297d31194371bcebd510dbee27b79d6d12c,4,163,0
2,ex2-s5-e1-a1-p09,15cacb7214da29f735fe74234e764297d31194371bcebd510dbee27b79d6d12c,4,164,0
2,ex2-s5-e1-a1-p09,15cacb7214da29f735fe74234e764297d31194371bcebd510dbee27b79d6d12c,4,165,0
2,ex2-s5-e1-a1-p09,15cacb7214da29f735fe74234e764297d31194371bcebd510dbee27b79d6d12c,4,166,0
2,ex2-s5-e1-a1-p09,15cacb7214da29f735fe74234e764297d31194371bcebd510dbee27b79d6d12c,4,167,100
2,ex2-s5-e1-a1-p09,15cacb7214da29f735fe74234e764297d31194371bcebd510dbee27b79d6d12c,4,168,0
2,ex2-s5-e1-a1-p09,15cacb7214da29f735fe74234e764297d31194371bcebd510dbee27b79d6d12c,4,169,0
2,ex2-s5-e1-a1-p09,15cacb7214da29f735fe74234e764297d31194371bcebd510dbee27b79d6d12c,4,170,0
2,ex2-s5-e1-a1-p09,15cacb7214da29f735fe74234e764297d31194371bcebd510dbee27b79d6d12c,4,171,0
2,ex2-s5-e1-a1-p09,15cacb7214da29f735fe74234e764297d31194371bcebd510dbee27b79d6d12c,4,172,0
2,ex2-s5-e1-a1-p09,15cacb7214da29f735fe74234e764297d31194371bcebd510dbee27b79d6d12c,4,173,0
2,ex2-s5-e1-a1-p09,15cacb7214da29f735fe74234e764297d31194371bcebd510dbee27b79d6d12c,4,174,100
2,ex2-s5-e1-a1-p09,15cacb7214da29f735fe74234e764297d31194371bcebd510dbee27b79d6d12c,4,175,0
2,ex2-s5-e1-a1-p09,15cacb7214da29f735fe74234e764297d31194371bcebd510dbee27b79d6d12c,4,176,0
2,ex2-s5-e1-a1-p09,15cacb7214da29f735fe74234e764297d31194371bcebd510dbee27b79d6d12c,4,177,0
2,ex2-s5-e1-a1-p09,15cacb7214da29f735fe74234e764297d31194371bcebd510dbee27b79d6d12c,4,178,0
2,ex2-s5-e1-a1-p09,15cacb7214da29f735fe74234e764297d31194371bcebd510dbee27b79d6d12c,4,179,0
2,ex2-s5-e1-a1-p09,15cacb7214da29f735fe74234e764297d31194371bcebd510dbee27b79d6d12c,4,180,100
2,ex2-s5-e1-a1-p09,15cacb7214da29f735fe74234e764297d31194371bcebd510dbee27b79d6d12c,4,181,0
2,ex2-s5-e1-a1-p09,15cacb7214da29f735fe74234e764297d31194371bcebd510dbee27b79d6d12c,4,182,0
2,ex2-s5-e1-a1-p09,15cacb7214da29f735fe74234e764297d31194371bcebd510dbee27b79d6d12c,4,183,0
2,ex2-s5-e1-a1-p09,15cacb7214da29f735fe74234e764297d31194371bcebd510dbee27b79d6d12c,4,184,0
2,ex2-s5-e1-a1-p09,15cacb7214da29f735fe74234e764297d31194371bcebd510dbee27b79d6d12c,4,185,0
2,ex2-s5-e1-a1-p09,15cacb7214da29f735fe74234e764297d31194371bcebd510dbee27b79d6d12c,4,186,0
2,ex2-s5-e1-a1-p09,15cacb7214da29f735fe74234e764297d31194371bcebd510dbee27b79d6d12c,4,187,100
2,ex2-s5-e1-a1-p09,15cacb7214da29f735fe74234e764297d31194371bcebd510dbee27b79d6d12c,4,188,0
2,ex2-s5-e1-a1-p09,15cacb7214da29f735fe74234e764297d31194371bcebd510dbee27b79d6d12c,4,189,0
2,ex2-s5-e1-a1-p09,15cacb7214da29f735fe74234e764297d31194371bcebd510dbee27b79d6d12c,4,190,0
2,ex2-s5-e1-a1-p09,15cacb7214da29f735fe74234e764297d31194371bcebd510dbee27b79d6d12c,4,191,0
2,ex2-s5-e1-a1-p09,15cacb7214da29f735fe74234e764297d31194371bcebd510dbee27b79d6d12c,4,192,0
2,ex2-s5-e1-a1-p09,15cacb7214da29f735fe74234e764297d31194371bcebd510dbee27b79d6d12c,4,193,0
2,ex2-s5-e1-a1-p09,15cacb7214da29f735fe74234e764297d31194371bcebd510dbee27b79d6d12c,4,194,100
2,ex2-s5-e1-a1-p09,15cacb7214da29f735fe74234e764297d31194371bcebd510dbee27b79d6d12c,4,195,0
2,ex2-s5-e1-a1-p09,15cacb7214da29f735fe74234e764297d31194371bcebd510dbee27b79d6d12c,4,196,0
2,ex2-s5-e1-a1-p09,15cacb7214da29f735fe74234e764297d31194371bcebd510dbee27b79d6d12c,4,197,0
2,ex2-s5-e1-a1-p09,15cacb7214da29f735fe74234e764297d31194371bcebd510dbee27b79d6d12c,4,198,0
2,ex2-s5-e1-a1-p09,15cacb7214da29f735fe74234e764297d31194371bcebd510dbee27b79d6d12c,4,199,0
2,ex2-s5-e1-a1-p09,15cacb7214da29f735fe74234e764297d31194371bcebd510dbee27b79d6d12c,4,200,100
2,ex2-s5-e1-a1-p09,15cacb7214da29f735fe74234e764297d31194371bcebd510dbee27b79d6d12c,4,201,0
2,ex2-s5-e1-a1-p09,15cacb7214da29f735fe74234e764297d31194371bcebd510dbee27b79d6d12c,4,202,0
2,ex2-s5-e1-a1-p09,15cacb7214da29f735fe74234e764297d31194371bcebd510dbee27b79d6d12c,4,203,0
2,ex2-s5-e1-a1-p09,15cacb7214da29f735fe74234e764297d31194371bcebd510dbee27b79d6d12c,4,204,0
2,ex2-s5-e1-a1-p09,15cacb7214da29f735fe74234e764297d31194371bcebd510dbee27b79d6d12c,4,205,0
2,ex2-s5-e1-a1-p09,15cacb7214da29f735fe74234e764297d31194371bcebd510dbee27b79d6d12c,4,206,0
2,ex2-s5-e1-a1-p09,15cacb7214da29f735fe74234e764297d31194371bcebd510dbee27b79d6d12c,4,207,100
2,ex2-s5-e1-a1-p09,15cacb7214da29f735fe74234e764297d31194371bcebd510dbee27b79d6d12c,4,208,0
2,ex2-s5-e1-a1-p09,15cacb7214da29f735fe74234e764297d31194371bcebd510dbee27b79d6d12c,4,209,0
2,ex2-s5-e1-a1-p09,15cacb7214da29f735fe74234e764297d31194371bcebd510dbee27b79d6d12c,4,210,0
2,ex2-s5-e1-a1-p09,15cacb7214da29f735fe74234e764297d31194371bcebd510dbee27b79d6d12c,4,211,0
2,ex2-s5-e1-a1-p09,15cacb7214da29f735fe74234e764297d31194371bcebd510dbee27b79d6d12c,4,212,0
2,ex2-s5-e1-a1-p09,15cacb7214da29f735fe74234e764297d31194371bcebd510dbee27b79d6d12c,4,213,100
2,ex2-s5-e1-a1-p09,15cacb7214da29f735fe74234e764297d31194371bcebd510dbee27b79d6d12c,4,214,0
2,ex2-s5-e1-a1-p09,15cacb7214da29f735fe74234e764297d31194371bcebd510dbee27b79d6d12c,4,215,0
2,ex2-s5-e1-a1-p09,15cacb7214da29f735fe74234e764297d31194371bcebd510dbee27b79d6d12c,4,216,0
2,ex2-s5-e1-a1-p09,15cacb7214da29f735fe74234e764297d31194371bcebd510dbee27b79d6d12c,4,217,0
2,ex2-s5-e1-a1-p09,15cacb7214da29f735fe74234e764297d31194371bcebd510dbee27b79d6d12c,4,218,0
2,ex2-s5-e1-a1-p09,15cacb7214da29f735fe74234e764297d31194371bcebd510dbee27b79d6d12c,4,219,0
2,ex2-s5-e1-a1-p09,15cacb7214da29f735fe74234e764297d31194371bcebd510dbee27b79d6d12c,4,220,100
2,ex2-s5-e1-a1-p09,15cacb7214da29f735fe74234e764297d31194371bcebd510dbee27b79d6d12c,4,221,0
2,ex2-s5-e1-a1-p09,15cacb7214da29f735fe74234e764297d31194371bcebd510dbee27b79d6d12c,4,222,0
2,ex2-s5-e1-a1-p09,15cacb7214da29f735fe74234e764297d31194371bcebd510dbee27b79d6d12c,4,223,0
2,ex2-s5-e1-a1-p09,15cacb7214da29f735fe74234e764297d31194371bcebd510dbee27b79d6d12c,4,224,0
2,ex2-s5-e1-a1-p09,15cacb7214da29f735fe74234e764297d31194371bcebd510dbee27b79d6d12c,4,225,0
2,ex2-s5-e1-a1-p09,15cacb7214da29f735fe74234e764297d31194371bcebd510dbee27b79d6d12c,4,226,0
2,ex2-s5-e1-a1-p09,15cacb7214da29f735fe74234e764297d31194371bcebd510dbee27b79d6d12c,4,227,100
2,ex2-s5-e1-a1-p09,15cacb7214da29f735fe74234e764297d31194371bcebd510dbee27b79d6d12c,4,228,0
2,ex2-s5-e1-a1-p09,15cacb7214da29f735fe74234e764297d31194371bcebd510dbee27b79d6d12c,4,229,0
2,ex2-s5-e1-a1-p09,15cacb7214da29f735fe74234e764297d31194371bcebd510dbee27b79d6d12c,4,230,0
2,ex2-s5-e1-a1-p09,15cacb7214da29f735fe74234e764297d31194371bcebd510dbee27b79d6d12c,4,231,0
2,ex2-s5-e1-a1-p09,15cacb7214da29f735fe74234e764297d31194371bcebd510dbee27b79d6d12c,4,232,0
2,ex2-s5-e1-a1-p09,15cacb7214da29f735fe74234e764297d31194371bcebd510dbee27b79d6d12c,4,233,100
2,ex2-s5-e1-a1-p09,15cacb7214da29f735fe74234e764297d31194371bcebd510dbee27b79d6d12c,4,234,0
2,ex2-s5-e1-a1-p09,15cacb7214da29f735fe74234e764297d31194371bcebd510dbee27b79d6d12c,4,235,0
2,ex2-s5-e1-a1-p09,15cacb7214da29f735fe74234e764297d31194371bcebd510dbee27b79d6d12c,4,236,0
2,ex2-s5-e1-a1-p09,15cacb7214da29f735fe74234e764297d31194371bcebd510dbee27b79d6d12c,4,237,0
2,ex2-s5-e1-a1-p09,15cacb7214da29f735fe74234e764297d31194371bcebd510dbee27b79d6d12c,4,238,0
2,ex2-s5-e1-a1-p09,15cacb7214da29f735fe74234e764297d31194371bcebd510dbee27b79d6d12c,4,239,0
2,ex2-s5-e1-a1-p09,15cacb7214da29f735fe74234e764297d31194371bcebd510dbee27b79d6d12c,4,240,100
2,ex2-s5-e1-a1-p09,15cacb7214da29f735fe74234e764297d31194371bcebd510dbee27b79d6d12c,4,241,0
2,ex2-s5-e1-a1-p09,15cacb7214da29f735fe74234e764297d31194371bcebd510dbee27b79d6d12c,4,242,0
2,ex2-s5-e1-a1-p09,15cacb7214da29f735fe74234e764297d31194371bcebd510dbee27b79d6d12c,4,243,0
2,ex2-s5-e1-a1-p09,15cacb7214da29f735fe74234e764297d31194371bcebd510dbee27b79d6d12c,4,244,0
2,ex2-s5-e1-a1-p09,15cacb7214da29f735fe74234e764297d31194371bcebd510dbee27b79d6d12c,4,245,0
2,ex2-s5-e1-a1-p09,15cacb7214da29f735fe74234e764297d31194371bcebd510dbee27b79d6d12c,4,246,100
2,ex2-s5-e1-a1-p09,15cacb7214da29f735fe74234e764297d31194371bcebd510dbee27b79d6d12c,4,247,0
2,ex2-s5-e1-a1-p09,15cacb7214da29f735fe74234e764297d31194371bcebd510dbee27b79d6d12c,4,248,0
2,ex2-s5-e1-a1-p09,15cacb7214da29f735fe74234e764297d31194371bcebd510dbee27b79d6d12c,4,249,0
2,ex2-s5-e1-a1-p09,15cacb7214da29f735fe74234e764297d31194371bcebd510dbee27b79d6d12c,4,250,0
2,ex2-s5-e1-a1-p09,15cacb7214da29f735fe74234e764297d31194371bcebd510dbee27b79d6d12c,4,251,0
2,ex2-s5-e1-a1-p09,15cacb7214da29f735fe74234e764297d31194371bcebd510dbee27b79d6d12c,4,252,0
2,ex2-s5-e1-a1-p09,15cacb7214da29f735fe74234e764297d31194371bcebd510dbee27b79d6d12c,4,253,100
2,ex2-s5-e1-a1-p09,15cacb7214da29f735fe74234e764297d31194371bcebd510dbee27b79d6d12c,4,254,0
2,ex2-s5-e1-a1-p09,15cacb7214da29f735fe74234e764297d31194371bcebd510dbee27b79d6d12c,4,255,0
2,ex2-s5-e1-a1-p09,15cacb7214da29f735fe74234e764297d31194371bcebd510dbee27b79d6d12c,4,256,0
2,ex2-s5-e1-a1-p09,15cacb7214da29f735fe74234e764297d31194371bcebd510dbee27b79d6d12c,4,257,0
2,ex2-s5-e1-a1-p09,15cacb7214da29f735fe74234e764297d31194371bcebd510dbee27b79d6d12c,4,258,0
2,ex2-s5-e1-a1-p09,15cacb7214da29f735fe74234e764297d31194371bcebd510dbee27b79d6d12c,4,259,0
2,ex2-s5-e1-a1-p09,15cacb7214da29f735fe74234e764297d31194371bcebd510dbee27b79d6d12c,4,260,100
2,ex2-s5-e1-a1-p09,15cacb7214da29f735fe74234e764297d31194371bcebd510dbee27b79d6d12c,4,261,0
2,ex2-s5-e1-a1-p09,15cacb7214da29f735fe74234e764297d31194371bcebd510dbee27b79d6d12c,4,262,0
2,ex2-s5-e1-a1-p09,15cacb7214da29f735fe74234e764297d31194371bcebd510dbee27b79d6d12c,4,263,0
2,ex2-s5-e1-a1-p09,15cacb7214da29f735fe74234e764297d31194371bcebd510dbee27b79d6d12c,4,264,0
2,ex2-s5-e1-a1-p09,15cacb7214da29f735fe74234e764297d31194371bcebd510dbee27b79d6d12c,4,265,0
2,ex2-s5-e1-a1-p09,15cacb7214da29f735fe74234e764297d31194371bcebd510dbee27b79d6d12c,4,266,100
2,ex2-s5-e1-a1-p09,15cacb7214da29f735fe74234e764297d31194371bcebd510dbee27b79d6d12c,4,267,0
2,ex2-s5-e1-a1-p09,15cacb7214da29f735fe74234e764297d31194371bcebd510dbee27b79d6d12c,4,268,0
2,ex2-s5-e1-a1-p09,15cacb7214da29f735fe74234e764297d31194371bcebd510dbee27b79d6d12c,4,269,0
2,ex2-s5-e1-a1-p09,15cacb7214da29f735fe74234e764297d31194371bcebd510dbee27b79d6d12c,4,270,0
2,ex2-s5-e1-a1-p09,15cacb7214da29f735fe74234e764297d31194371bcebd510dbee27b79d6d12c,4,271,0
2,ex2-s5-e1-a1-p09,15cacb7214da29f735fe74234e764297d31194371bcebd510dbee27b79d6d12c,4,272,0
2,ex2-s5-e1-a1-p09,15cacb7214da29f735fe74234e764297d31194371bcebd510dbee27b79d6d12c,4,273,100
2,ex2-s5-e1-a1-p09,15cacb7214da29f735fe74234e764297d31194371bcebd510dbee27b79d6d12c,4,274,0
2,ex2-s5-e1-a1-p09,15cacb7214da29f735fe74234e764297d31194371bcebd510dbee27b79d6d12c,4,275,0
2,ex2-s5-e1-a1-p09,15cacb7214da29f735fe74234e764297d31194371bcebd510dbee27b79d6d12c,4,276,0
2,ex2-s5-e1-a1-p09,15cacb7214da29f735fe74234e764297d31194371bcebd510dbee27b79d6d12c,4,277,0
2,ex2-s5-e1-a1-p09,15cacb7214da29f735fe74234e764297d31194371bcebd510dbee27b79d6d12c,4,278,0
2,ex2-s5-e1-a1-p09,15cacb7214da29f735fe74234e764297d31194371bcebd510dbee27b79d6d12c,4,279,100
2,ex2-s5-e1-a1-p09,15cacb7214da29f735fe74234e764297d31194371bcebd510dbee27b79d6d12c,4,280,0
2,ex2-s5-e1-a1-p09,15cacb7214da29f735fe74234e764297d31194371bcebd510dbee27b79d6d12c,4,281,0
2,ex2-s5-e1-a1-p09,15cacb7214da29f735fe74234e764297d31194371bcebd510dbee27b79d6d12c,4,282,0
2,ex2-s5-e1-a1-p09,15cacb7214da29f735fe74234e764297d31194371bcebd510dbee27b79d6d12c,4,283,0
2,ex2-s5-e1-a1-p09,15cacb7214da29f735fe74234e764297d31194371bcebd510dbee27b79d6d12c,4,284,0
2,ex2-s5-e1-a1-p09,15cacb7214da29f735fe74234e764297d31194371bcebd510dbee27b79d6d12c,4,285,0
2,ex2-s5-e1-a1-p09,15cacb7214da29f735fe74234e764297d31194371bcebd510dbee27b79d6d12c,4,286,100
2,ex2-s5-e1-a1-p09,15cacb7214da29f735fe74234e764297d31194371bcebd510dbee27b79d6d12c,4,287,0
2,ex2-s5-e1-a1-p09,15cacb7214da29f735fe74234e764297d31194371bcebd510dbee27b79d6d12c,4,288,0
2,ex2-s5-e1-a1-p09,15cacb7214da29f735fe74234e764297d31194371bcebd510dbee27b79d6d12c,4,289,0
2,ex2-s5-e1-a1-p09,15cacb7214da29f735fe74234e764297d31194371bcebd510dbee27b79d6d12c,4,290,0
2,ex2-s5-e1-a1-p09,15cacb7214da29f735fe74234e764297d31194371bcebd510dbee27b79d6d12c,4,291,0
2,ex2-s5-e1-a1-p09,15cacb7214da29f735fe74234e764297d31194371bcebd510dbee27b79d6d12c,4,292,0
2,ex2-s5-e1-a1-p09,15cacb7214da29f735fe74234e764297d31194371bcebd510dbee27b79d6d12c,4,293,100
2,ex2-s5-e1-a1-p09,15cacb7214da29f735fe74234e764297d31194371bcebd510dbee27b79d6d12c,4,294,0
2,ex2-s5-e1-a1-p09,15cacb7214da29f735fe74234e764297d31194371bcebd510dbee27b79d6d12c,4,295,0
2,ex2-s5-e1-a1-p09,15cacb7214da29f735fe74234e764297d31194371bcebd510dbee27b79d6d12c,4,296,0
2,ex2-s5-e1-a1-p09,15cacb7214da29f735fe74234e764297d31194371bcebd510dbee27b79d6d12c,4,297,0
2,ex2-s5-e1-a1-p09,15cacb7214da29f735fe74234e764297d31194371bcebd510dbee27b79d6d12c,4,298,0
2,ex2-s5-e1-a1-p09,15cacb7214da29f735fe74234e764297d31194371bcebd510dbee27b79d6d12c,4,299,100
2,ex2-s5-e1-a1-p09,15cacb7214da29f735fe74234e764297d31194371bcebd510dbee27b79d6d12c,4,300,0
2,ex2-s5-e1-a1-p09,15cacb7214da29f735fe74234e764297d31194371bcebd510dbee27b79d6d12c,4,301,0
2,ex2-s5-e1-a1-p09,15cacb7214da29f735fe74234e764297d31194371bcebd510dbee27b79d6d12c,4,302,0
2,ex2-s5-e1-a1-p09,15cacb7214da29f735fe74234e764297d31194371bcebd510dbee27b79d6d12c,4,303,0
2,ex2-s5-e1-a1-p09,15cacb7214da29f735fe74234e764297d31194371bcebd510dbee27b79d6d12c,4,304,0
2,ex2-s5-e1-a1-p09,15cacb7214da29f735fe74234e764297d31194371bcebd510dbee27b79d6d12c,4,305,0
2,ex2-s5-e1-a1-p09,15cacb7214da29f735fe74234e764297d31194371bcebd510dbee27b79d6d12c,4,306,100
2,ex2-s5-e1-a1-p09,15cacb7214da29f735fe74234e764297d31194371bcebd510dbee27b79d6d12c,4,307,0
2,ex2-s5-e1-a1-p09,15cacb7214da29f735fe74234e764297d31194371bcebd510dbee27b79d6d12c,4,308,0
2,ex2-s5-e1-a1-p09,15cacb7214da29f735fe74234e764297d31194371bcebd510dbee27b79d6d12c,4,309,0
2,ex2-s5-e1-a1-p09,15cacb7214da29f735fe74234e764297d31194371bcebd510dbee27b79d6d12c,4,310,0
2,ex2-s5-e1-a1-p09,15cacb7214da29f735fe74234e764297d31194371bcebd510dbee27b79d6d12c,4,311,0
2,ex2-s5-e1-a1-p09,15cacb7214da29f735fe74234e764297d31194371bcebd510dbee27b79d6d12c,4,312,100
2,ex2-s5-e1-a1-p09,15cacb7214da29f735fe74234e764297d31194371bcebd510dbee27b79d6d12c,4,313,0
2,ex2-s5-e1-a1-p09,15cacb7214da29f735fe74234e764297d31194371bcebd510dbee27b79d6d12c,4,314,0
2,ex2-s5-e1-a1-p09,15cacb7214da29f735fe74234e764297d31194371bcebd510dbee27b79d6d12c,4,315,0
2,ex2-s5-e1-a1-p09,15cacb7214da29f735fe74234e764297d31194371bcebd510dbee27b79d6d12c,4,316,0
2,ex2-s5-e1-a1-p09,15cacb7214da29f735fe74234e764297d31194371bcebd510dbee27b79d6d12c,4,317,0
2,ex2-s5-e1-a1-p09,15cacb7214da29f735fe74234e764297d31194371bcebd510dbee27b79d6d12c,4,318,0
2,ex2-s5-e1-a1-p09,15cacb7214da29f735fe74234e764297d31194371bcebd510dbee27b79d6d12c,4,319,100
2,ex2-s5-e1-a1-p09,15cacb7214da29f735fe74234e764297d31194371bcebd510dbee27b79d6d12c,4,320,0
2,ex2-s5-e1-a1-p09,15cacb7214da29f735fe74234e764297d31194371bcebd510dbee27b79d6d12c,4,321,0
2,ex2-s5-e1-a1-p09,15cacb7214da29f735fe74234e764297d31194371bcebd510dbee27b79d6d12c,4,322,0
2,ex2-s5-e1-a1-p09,15cacb7214da29f735fe74234e764297d31194371bcebd510dbee27b79d6d12c,4,323,0
2,ex2-s5-e1-a1-p09,15cacb7214da29f735fe74234e764297d31194371bcebd510dbee27b79d6d12c,4,324,0
2,ex2-s5-e1-a1-p09,15cacb7214da29f735fe74234e764297d31194371bcebd510dbee27b79d6d12c,4,325,0
2,ex2-s5-e1-a1-p09,15cacb7214da29f735fe74234e764297d31194371bcebd510dbee27b79d6d12c,4,326,100
2,ex2-s5-e1-a1-p09,15cacb7214da29f735fe74234e764297d31194371bcebd510dbee27b79d6d12c,4,327,0
2,ex2-s5-e1-a1-p09,15cacb7214da29f735fe74234e764297d31194371bcebd510dbee27b79d6d12c,4,328,0
2,ex2-s5-e1-a1-p09,15cacb7214da29f735fe74234e764297d31194371bcebd510dbee27b79d6d12c,4,329,0
2,ex2-s5-e1-a1-p09,15cacb7214da29f735fe74234e764297d31194371bcebd510dbee27b79d6d12c,4,330,0
2,ex2-s5-e1-a1-p09,15cacb7214da29f735fe74234e764297d31194371bcebd510dbee27b79d6d12c,4,331,0
2,ex2-s5-e1-a1-p09,15cacb7214da29f735fe74234e764297d31194371bcebd510dbee27b79d6d12c,4,332,100
2,ex2-s5-e1-a1-p09,15cacb7214da29f735fe74234e764297d31194371bcebd510dbee27b79d6d12c,4,333,0
2,ex2-s5-e1-a1-p09,15cacb7214da29f735fe74234e764297d31194371bcebd510dbee27b79d6d12c,4,334,0
2,ex2-s5-e1-a1-p09,15cacb7214da29f735fe74234e764297d31194371bcebd510dbee27b79d6d12c,4,335,0
2,ex2-s5-e1-a1-p09,15cacb7214da29f735fe74234e764297d31194371bcebd510dbee27b79d6d12c,4,336,0
2,ex2-s5-e1-a1-p09,15cacb7214da29f735fe74234e764297d31194371bcebd510dbee27b79d6d12c,4,337,0
2,ex2-s5-e1-a1-p09,15cacb7214da29f735fe74234e764297d31194371bcebd510dbee27b79d6d12c,4,338,0
2,ex2-s5-e1-a1-p09,15cacb7214da29f735fe74234e764297d31194371bcebd510dbee27b79d6d12c,4,339,100
2,ex2-s5-e1-a1-p09,15cacb7214da29f735fe74234e764297d31194371bcebd510dbee27b79d6d12c,4,340,0
2,ex2-s5-e1-a1-p09,15cacb7214da29f735fe74234e764297d31194371bcebd510dbee27b79d6d12c,4,341,0
2,ex2-s5-e1-a1-p09,15cacb7214da29f735fe74234e764297d31194371bcebd510dbee27b79d6d12c,4,342,0
2,ex2-s5-e1-a1-p09,15cacb7214da29f735fe74234e764297d31194371bcebd510dbee27b79d6d12c,4,343,0
2,ex2-s5-e1-a1-p09,15cacb7214da29f735fe74234e764297d31194371bcebd510dbee27b79d6d12c,4,344,0
2,ex2-s5-e1-a1-p09,15cacb7214da29f735fe74234e764297d31194371bcebd510dbee27b79d6d12c,4,345,100
2,ex2-s5-e1-a1-p09,15cacb7214da29f735fe74234e764297d31194371bcebd510dbee27b79d6d12c,4,346,0
2,ex2-s5-e1-a1-p09,15cacb7214da29f735fe74234e764297d31194371bcebd510dbee27b79d6d12c,4,347,0
2,ex2-s5-e1-a1-p09,15cacb7214da29f735fe74234e764297d31194371bcebd510dbee27b79d6d12c,4,348,0
2,ex2-s5-e1-a1-p09,15cacb7214da29f735fe74234e764297d31194371bcebd510dbee27b79d6d12c,4,349,0
2,ex2-s5-e1-a1-p09,15cacb7214da29f735fe74234e764297d31194371bcebd510dbee27b79d6d12c,4,350,0
2,ex2-s5-e1-a1-p09,15cacb7214da29f735fe74234e764297d31194371bcebd510dbee27b79d6d12c,4,351,0
2,ex2-s5-e1-a1-p09,15cacb7214da29f735fe74234e764297d31194371bcebd510dbee27b79d6d12c,4,352,100
2,ex2-s5-e1-a1-p09,15cacb7214da29f735fe74234e764297d31194371bcebd510dbee27b79d6d12c,4,353,0
2,ex2-s5-e1-a1-p09,15cacb7214da29f735fe74234e764297d31194371bcebd510dbee27b79d6d12c,4,354,0
2,ex2-s5-e1-a1-p09,15cacb7214da29f735fe74234e764297d31194371bcebd510dbee27b79d6d12c,4,355,0
2,ex2-s5-e1-a1-p09,15cacb7214da29f735fe74234e764297d31194371bcebd510dbee27b79d6d12c,4,356,0
2,ex2-s5-e1-a1-p09,15cacb7214da29f735fe74234e764297d31194371bcebd510dbee27b79d6d12c,4,357,0
2,ex2-s5-e1-a1-p09,15cacb7214da29f735fe74234e764297d31194371bcebd510dbee27b79d6d12c,4,358,100
2,ex2-s5-e1-a1-p09,15cacb7214da29f735fe74234e764297d31194371bcebd510dbee27b79d6d12c,4,359,0
2,ex2-s5-e1-a1-p09,15cacb7214da29f735fe74234e764297d31194371bcebd510dbee27b79d6d12c,4,360,0
2,ex2-s5-e1-a1-p09,15cacb7214da29f735fe74234e764297d31194371bcebd510dbee27b79d6d12c,4,361,0
2,ex2-s5-e1-a1-p09,15cacb7214da29f735fe74234e764297d31194371bcebd510dbee27b79d6d12c,4,362,0
2,ex2-s5-e1-a1-p09,15cacb7214da29f735fe74234e764297d31194371bcebd510dbee27b79d6d12c,4,363,0
2,ex2-s5-e1-a1-p09,15cacb7214da29f735fe74234e764297d31194371bcebd510dbee27b79d6d12c,4,364,0
2,ex2-s5-e1-a1-p09,15cacb7214da29f735fe74234e764297d31194371bcebd510dbee27b79d6d12c,4,365,100
2,ex2-s5-e1-a1-p09,15cacb7214da29f735fe74234e764297d31194371bcebd510dbee27b79d6d12c,4,366,0
2,ex2-s5-e1-a1-p09,15cacb7214da29f735fe74234e764297d31194371bcebd510dbee27b79d6d12c,4,367,0
2,ex2-s5-e1-a1-p09,15cacb7214da29f735fe74234e764297d31194371bcebd510dbee27b79d6d12c,4,368,0
2,ex2-s5-e1-a1-p09,15cacb7214da29f735fe74234e764297d31194371bcebd510dbee27b79d6d12c,4,369,0
2,ex2-s5-e1-a1-p09,15cacb7214da29f735fe74234e764297d31194371bcebd510dbee27b79d6d12c,4,370,0
2,ex2-s5-e1-a1-p09,15cacb7214da29f735fe74234e764297d31194371bcebd510dbee27b79d6d12c,4,371,100
2,ex2-s5-e1-a1-p09,15cacb7214da29f735fe74234e764297d31194371bcebd510dbee27b79d6d12c,4,372,0
2,ex2-s5-e1-a1-p09,15cacb7214da29f735fe74234e764297d31194371bcebd510dbee27b79d6d12c,4,373,0
2,ex2-s5-e1-a1-p09,15cacb7214da29f735fe74234e764297d31194371bcebd510dbee27b79d6d12c,4,374,0
2,ex2-s5-e1-a1-p09,15cacb7214da29f735fe74234e764297d31194371bcebd510dbee27b79d6d12c,4,375,0
2,ex2-s5-e1-a1-p09,15cacb7214da29f735fe74234e764297d31194371bcebd510dbee27b79d6d12c,4,376,0
2,ex2-s5-e1-a1-p09,15cacb7214da29f735fe74234e764297d31194371bcebd510dbee27b79d6d12c,4,377,0
2,ex2-s5-e1-a1-p09,15cacb7214da29f735fe74234e764297d31194371bcebd510dbee27b79d6d12c,4,378,100
2,ex2-s5-e1-a1-p09,15cacb7214da29f735fe74234e764297d31194371bcebd510dbee27b79d6d12c,4,379,0
2,ex2-s5-e1-a1-p09,15cacb7214da29f735fe74234e764297d31194371bcebd510dbee27b79d6d12c,4,380,0
2,ex2-s5-e1-a1-p09,15cacb7214da29f735fe74234e764297d31194371bcebd510dbee27b79d6d12c,4,381,0
2,ex2-s5-e1-a1-p09,15cacb7214da29f735fe74234e764297d31194371bcebd510dbee27b79d6d12c,4,382,0
2,ex2-s5-e1-a1-p09,15cacb7214da29f735fe74234e764297d31194371bcebd510dbee27b79d6d12c,4,383,0
2,ex2-s5-e1-a1-p09,15cacb7214da29f735fe74234e764297d31194371bcebd510dbee27b79d6d12c,4,384,0
2,ex2-s5-e1-a1-p09,15cacb7214da29f735fe74234e764297d31194371bcebd510dbee27b79d6d12c,4,385,100
2,ex2-s5-e1-a1-p09,15cacb7214da29f735fe74234e764297d31194371bcebd510dbee27b79d6d12c,4,386,0
2,ex2-s5-e1-a1-p09,15cacb7214da29f735fe74234e764297d31194371bcebd510dbee27b79d6d12c,4,387,0
2,ex2-s5-e1-a1-p09,15cacb7214da29f735fe74234e764297d31194371bcebd510dbee27b79d6d12c,4,388,0
2,ex2-s5-e1-a1-p09,15cacb7214da29f735fe74234e764297d31194371bcebd510dbee27b79d6d12c,4,389,0
2,ex2-s5-e1-a1-p09,15cacb7214da29f735fe74234e764297d31194371bcebd510dbee27b79d6d12c,4,390,0
2,ex2-s5-e1-a1-p09,15cacb7214da29f735fe74234e764297d31194371bcebd510dbee27b79d6d12c,4,391,100
2,ex2-s5-e1-a1-p09,15cacb7214da29f735fe74234e764297d31194371bcebd510dbee27b79d6d12c,4,392,0
2,ex2-s5-e1-a1-p09,15cacb7214da29f735fe74234e764297d31194371bcebd510dbee27b79d6d12c,4,393,0
2,ex2-s5-e1-a1-p09,15cacb7214da29f735fe74234e764297d31194371bcebd510dbee27b79d6d12c,4,394,0
2,ex2-s5-e1-a1-p09,15cacb7214da29f735fe74234e764297d31194371bcebd510dbee27b79d6d12c,4,395,0
2,ex2-s5-e1-a1-p09,15cacb7214da29f735fe74234e764297d31194371bcebd510dbee27b79d6d12c,4,396,0
2,ex2-s5-e1-a1-p09,15cacb7214da29f735fe74234e764297d31194371bcebd510dbee27b79d6d12c,4,397,0
2,ex2-s5-e1-a1-p09,15cacb7214da29f735fe74234e764297d31194371bcebd510dbee27b79d6d12c,4,398,100
2,ex2-s5-e1-a1-p09,15cacb7214da29f735fe74234e764297d31194371bcebd510dbee27b79d6d12c,4,399,0
2,ex2-s5-e1-a1-p09,15cacb7214da29f735fe74234e764297d31194371bcebd510dbee27b79d6d12c,4,400,0
2,ex2-s5-e1-a1-p09,15cacb7214da29f735fe74234e764297d31194371bcebd510dbee27b79d6d12c,4,401,0
2,ex2-s5-e1-a1-p09,15cacb7214da29f735fe74234e764297d31194371bcebd510dbee27b79d6d12c,4,402,0
2,ex2-s5-e1-a1-p09,15cacb7214da29f735fe74234e764297d31194371bcebd510dbee27b79d6d12c,4,403,0
2,ex2-s5-e1-a1-p09,15cacb7214da29f735fe74234e764297d31194371bcebd510dbee27b79d6d12c,4,404,100
2,ex2-s5-e1-a1-p09,15cacb7214da29f735fe74234e764297d31194371bcebd510dbee27b79d6d12c,4,405,0
2,ex2-s5-e1-a1-p09,15cacb7214da29f735fe74234e764297d31194371bcebd510dbee27b79d6d12c,4,406,0
2,ex2-s5-e1-a1-p09,15cacb7214da29f735fe74234e764297d31194371bcebd510dbee27b79d6d12c,4,407,0
2,ex2-s5-e1-a1-p09,15cacb7214da29f735fe74234e764297d31194371bcebd510dbee27b79d6d12c,4,408,0
2,ex2-s5-e1-a1-p09,15cacb7214da29f735fe74234e764297d31194371bcebd510dbee27b79d6d12c,4,409,0
2,ex2-s5-e1-a1-p09,15cacb7214da29f735fe74234e764297d31194371bcebd510dbee27b79d6d12c,4,410,0
2,ex2-s5-e1-a1-p09,15cacb7214da29f735fe74234e764297d31194371bcebd510dbee27b79d6d12c,4,411,100
2,ex2-s5-e1-a1-p09,15cacb7214da29f735fe74234e764297d31194371bcebd510dbee27b79d6d12c,4,412,0
2,ex2-s5-e1-a1-p09,15cacb7214da29f735fe74234e764297d31194371bcebd510dbee27b79d6d12c,4,413,0
2,ex2-s5-e1-a1-p09,15cacb7214da29f735fe74234e764297d31194371bcebd510dbee27b79d6d12c,4,414,0
2,ex2-s5-e1-a1-p09,15cacb7214da29f735fe74234e764297d31194371bcebd510dbee27b79d6d12c,4,415,0
2,ex2-s5-e1-a1-p09,15cacb7214da29f735fe74234e764297d31194371bcebd510dbee27b79d6d12c,4,416,0
2,ex2-s5-e1-a1-p09,15cacb7214da29f735fe74234e764297d31194371bcebd510dbee27b79d6d12c,4,417,0
2,ex2-s5-e1-a1-p09,15cacb7214da29f735fe74234e764297d31194371bcebd510dbee27b79d6d12c,4,418,100
2,ex2-s5-e1-a1-p09,15cacb7214da29f735fe74234e764297d31194371bcebd510dbee27b79d6d12c,4,419,0
2,ex2-s5-e1-a1-p09,15cacb7214da29f735fe74234e764297d31194371bcebd510dbee27b79d6d12c,4,420,0
2,ex2-s5-e1-a1-p09,15cacb7214da29f735fe74234e764297d31194371bcebd510dbee27b79d6d12c,4,421,0
2,ex2-s5-e1-a1-p09,15cacb7214da29f735fe74234e764297d31194371bcebd510dbee27b79d6d12c,4,422,0
2,ex2-s5-e1-a1-p09,15cacb7214da29f735fe74234e764297d31194371bcebd510dbee27b79d6d12c,4,423,0
2,ex2-s5-e1-a1-p09,15cacb7214da29f735fe74234e764297d31194371bcebd510dbee27b79d6d12c,4,424,100
2,ex2-s5-e1-a1-p09,15cacb7214da29f735fe74234e764297d31194371bcebd510dbee27b79d6d12c,4,425,0
2,ex2-s5-e1-a1-p09,15cacb7214da29f735fe74234e764297d31194371bcebd510dbee27b79d6d12c,4,426,0
2,ex2-s5-e1-a1-p09,15cacb7214da29f735fe74234e764297d31194371bcebd510dbee27b79d6d12c,4,427,0
2,ex2-s5-e1-a1-p09,15cacb7214da29f735fe74234e764297d31194371bcebd510dbee27b79d6d12c,4,428,0
2,ex2-s5-e1-a1-p09,15cacb7214da29f735fe74234e764297d31194371bcebd510dbee27b79d6d12c,4,429,0
2,ex2-s5-e1-a1-p09,15cacb7214da29f735fe74234e764297d31194371bcebd510dbee27b79d6d12c,4,430,0
2,ex2-s5-e1-a1-p09,15cacb7214da29f735fe74234e764297d31194371bcebd510dbee27b79d6d12c,4,431,100
2,ex2-s5-e1-a1-p09,15cacb7214da29f735fe74234e764297d31194371bcebd510dbee27b79d6d12c,4,432,0
2,ex2-s5-e1-a1-p09,15cacb7214da29f735fe74234e764297d31194371bcebd510dbee27b79d6d12c,4,433,0
2,ex2-s5-e1-a1-p09,15cacb7214da29f735fe74234e764297d31194371bcebd510dbee27b79d6d12c,4,434,0
2,ex2-s5-e1-a1-p09,15cacb7214da29f735fe74234e764297d31194371bcebd510dbee27b79d6d12c,4,435,0
2,ex2-s5-e1-a1-p09,15cacb7214da29f735fe74234e764297d31194371bcebd510dbee27b79d6d12c,4,436,0
2,ex2-s5-e1-a1-p09,15cacb7214da29f735fe74234e764297d31194371bcebd510dbee27b79d6d12c,4,437,100
2,ex2-s5-e1-a1-p09,15cacb7214da29f735fe74234e764297d31194371bcebd510dbee27b79d6d12c,4,438,0
2,ex2-s5-e1-a1-p09,15cacb7214da29f735fe74234e764297d31194371bcebd510dbee27b79d6d12c,4,439,0
2,ex2-s5-e1-a1-p09,15cacb7214da29f735fe74234e764297d31194371bcebd510dbee27b79d6d12c,4,440,0
2,ex2-s5-e1-a1-p09,15cacb7214da29f735fe74234e764297d31194371bcebd510dbee27b79d6d12c,4,441,0
2,ex2-s5-e1-a1-p09,15cacb7214da29f735fe74234e764297d31194371bcebd510dbee27b79d6d12c,4,442,0
2,ex2-s5-e1-a1-p09,15cacb7214da29f735fe74234e764297d31194371bcebd510dbee27b79d6d12c,4,443,0
2,ex2-s5-e1-a1-p09,15cacb7214da29f735fe74234e764297d31194371bcebd510dbee27b79d6d12c,4,444,100
2,ex2-s5-e1-a1-p09,15cacb7214da29f735fe74234e764297d31194371bcebd510dbee27b79d6d12c,4,445,0
2,ex2-s5-e1-a1-p09,15cacb7214da29f735fe74234e764297d31194371bcebd510dbee27b79d6d12c,4,446,0
2,ex2-s5-e1-a1-p09,15cacb7214da29f735fe74234e764297d31194371bcebd510dbee27b79d6d12c,4,447,0
2,ex2-s5-e1-a1-p09,15cacb7214da29f735fe74234e764297d31194371bcebd510dbee27b79d6d12c,4,448,0
2,ex2-s5-e1-a1-p09,15cacb7214da29f735fe74234e764297d31194371bcebd510dbee27b79d6d12c,4,449,0
2,ex2-s5-e1-a1-p09,15cacb7214da29f735fe74234e764297d31194371bcebd510dbee27b79d6d12c,4,450,0
2,ex2-s5-e1-a1-p09,15cacb7214da29f735fe74234e764297d31194371bcebd510dbee27b79d6d12c,4,451,100
2,ex2-s5-e1-a1-p09,15cacb7214da29f735fe74234e764297d31194371bcebd510dbee27b79d6d12c,4,452,0
2,ex2-s5-e1-a1-p09,15cacb7214da29f735fe74234e764297d31194371bcebd510dbee27b79d6d12c,4,453,0
2,ex2-s5-e1-a1-p09,15cacb7214da29f735fe74234e764297d31194371bcebd510dbee27b79d6d12c,4,454,0
2,ex2-s5-e1-a1-p09,15cacb7214da29f735fe74234e764297d31194371bcebd510dbee27b79d6d12c,4,455,0
2,ex2-s5-e1-a1-p09,15cacb7214da29f735fe74234e764297d31194371bcebd510dbee27b79d6d12c,4,456,0
2,ex2-s5-e1-a1-p09,15cacb7214da29f735fe74234e764297d31194371bcebd510dbee27b79d6d12c,4,457,100
2,ex2-s5-e1-a1-p09,15cacb7214da29f735fe74234e764297d31194371bcebd510dbee27b79d6d12c,4,458,0
2,ex2-s5-e1-a1-p09,15cacb7214da29f735fe74234e764297d31194371bcebd510dbee27b79d6d12c,4,459,0
2,ex2-s5-e1-a1-p09,15cacb7214da29f735fe74234e764297d31194371bcebd510dbee27b79d6d12c,4,460,0
2,ex2-s5-e1-a1-p09,15cacb7214da29f735fe74234e764297d31194371bcebd510dbee27b79d6d12c,4,461,0
2,ex2-s5-e1-a1-p09,15cacb7214da29f735fe74234e764297d31194371bcebd510dbee27b79d6d12c,4,462,0
2,ex2-s5-e1-a1-p09,15cacb7214da29f735fe74234e764297d31194371bcebd510dbee27b79d6d12c,4,463,0
2,ex2-s5-e1-a1-p09,15cacb7214da29f735fe74234e764297d31194371bcebd510dbee27b79d6d12c,4,464,100
2,ex2-s5-e1-a1-p09,15cacb7214da29f735fe74234e764297d31194371bcebd510dbee27b79d6d12c,4,465,0
2,ex2-s5-e1-a1-p09,15cacb7214da29f735fe74234e764297d31194371bcebd510dbee27b79d6d12c,4,466,0
2,ex2-s5-e1-a1-p09,15cacb7214da29f735fe74234e764297d31194371bcebd510dbee27b79d6d12c,4,467,0
2,ex2-s5-e1-a1-p09,15cacb7214da29f735fe74234e764297d31194371bcebd510dbee27b79d6d12c,4,468,0
2,ex2-s5-e1-a1-p09,15cacb7214da29f735fe74234e764297d31194371bcebd510dbee27b79d6d12c,4,469,0
2,ex2-s5-e1-a1-p09,15cacb7214da29f735fe74234e764297d31194371bcebd510dbee27b79d6d12c,4,470,100
2,ex2-s5-e1-a1-p09,15cacb7214da29f735fe74234e764297d31194371bcebd510dbee27b79d6d12c,4,471,0
2,ex2-s5-e1-a1-p09,15cacb7214da29f735fe74234e764297d31194371bcebd510dbee27b79d6d12c,4,472,0
2,ex2-s5-e1-a1-p09,15cacb7214da29f735fe74234e764297d31194371bcebd510dbee27b79d6d12c,4,473,0
2,ex2-s5-e1-a1-p09,15cacb7214da29f735fe74234e764297d31194371bcebd510dbee27b79d6d12c,4,474,0
2,ex2-s5-e1-a1-p09,15cacb7214da29f735fe74234e764297d31194371bcebd510dbee27b79d6d12c,4,475,0
2,ex2-s5-e1-a1-p09,15cacb7214da29f735fe74234e764297d31194371bcebd510dbee27b79d6d12c,4,476,0
2,ex2-s5-e1-a1-p09,15cacb7214da29f735fe74234e764297d31194371bcebd510dbee27b79d6d12c,4,477,100
2,ex2-s5-e1-a1-p09,15cacb7214da29f735fe74234e764297d31194371bcebd510dbee27b79d6d12c,4,478,0
2,ex2-s5-e1-a1-p09,15cacb7214da29f735fe74234e764297d31194371bcebd510dbee27b79d6d12c,4,479,0
2,ex2-s5-e1-a1-p09,15cacb7214da29f735fe74234e764297d31194371bcebd510dbee27b79d6d12c,4,480,0
2,ex2-s5-e1-a1-p09,15cacb7214da29f735fe74234e764297d31194371bcebd510dbee27b79d6d12c,4,481,0
2,ex2-s5-e1-a1-p09,15cacb7214da29f735fe74234e764297d31194371bcebd510dbee27b79d6d12c,4,482,0
2,ex2-s5-e1-a1-p09,15cacb7214da29f735fe74234e764297d31194371bcebd510dbee27b79d6d12c,4,483,0
2,ex2-s5-e1-a1-p09,15cacb7214da29f735fe74234e764297d31194371bcebd510dbee27b79d6d12c,4,484,100
2,ex2-s5-e1-a1-p09,15cacb7214da29f735fe74234e764297d31194371bcebd510dbee27b79d6d12c,4,485,0
2,ex2-s5-e1-a1-p09,15cacb7214da29f735fe74234e764297d31194371bcebd510dbee27b79d6d12c,4,486,0
2,ex2-s5-e1-a1-p09,15cacb7214da29f735fe74234e764297d31194371bcebd510dbee27b79d6d12c,4,487,0
2,ex2-s5-e1-a1-p09,15cacb7214da29f735fe74234e764297d31194371bcebd510dbee27b79d6d12c,4,488,0
2,ex2-s5-e1-a1-p09,15cacb7214da29f735fe74234e764297d31194371bcebd510dbee27b79d6d12c,4,489,0
2,ex2-s5-e1-a1-p09,15cacb7214da29f735fe74234e764297d31194371bcebd510dbee27b79d6d12c,4,490,100
2,ex2-s5-e1-a1-p09,15cacb7214da29f735fe74234e764297d31194371bcebd510dbee27b79d6d12c,4,491,0
2,ex2-s5-e1-a1-p09,15cacb7214da29f735fe74234e764297d31194371bcebd510dbee27b79d6d12c,4,492,0
2,ex2-s5-e1-a1-p09,15cacb7214da29f735fe74234e764297d31194371bcebd510dbee27b79d6d12c,4,493,0
2,ex2-s5-e1-a1-p09,15cacb7214da29f735fe74234e764297d31194371bcebd510dbee27b79d6d12c,4,494,0
2,ex2-s5-e1-a1-p09,15cacb7214da29f735fe74234e764297d31194371bcebd510dbee27b79d6d12c,4,495,0
2,ex2-s5-e1-a1-p09,15cacb7214da29f735fe74234e764297d31194371bcebd510dbee27b79d6d12c,4,496,0
2,ex2-s5-e1-a1-p09,15cacb7214da29f735fe74234e764297d31194371bcebd510dbee27b79d6d12c,4,497,100
2,ex2-s5-e1-a1-p09,15cacb7214da29f735fe74234e764297d31194371bcebd510dbee27b79d6d12c,4,498,0
2,ex2-s5-e1-a1-p09,15cacb7214da29f735fe74234e764297d31194371bcebd510dbee27b79d6d12c,4,499,0
2,ex2-s5-e1-a1-p09,15cacb7214da29f735fe74234e764297d31194371bcebd510dbee27b79d6d12c,4,500,0
2,ex2-s5-e1-a1-p09,15cacb7214da29f735fe74234e764297d31194371bcebd510dbee27b79d6d12c,4,501,0
2,ex2-s5-e1-a1-p09,15cacb7214da29f735fe74234e764297d31194371bcebd510dbee27b79d6d12c,4,502,0
2,ex2-s5-e1-a1-p09,15cacb7214da29f735fe74234e764297d31194371bcebd510dbee27b79d6d12c,4,503,100
2,ex2-s5-e1-a1-p09,15cacb7214da29f735fe74234e764297d31194371bcebd510dbee27b79d6d12c,4,504,0
2,ex2-s5-e1-a1-p09,15cacb7214da29f735fe74234e764297d31194371bcebd510dbee27b79d6d12c,4,505,0
2,ex2-s5-e1-a1-p09,15cacb7214da29f735fe74234e764297d31194371bcebd510dbee27b79d6d12c,4,506,0
2,ex2-s5-e1-a1-p09,15cacb7214da29f735fe74234e764297d31194371bcebd510dbee27b79d6d12c,4,507,0
2,ex2-s5-e1-a1-p09,15cacb7214da29f735fe74234e764297d31194371bcebd510dbee27b79d6d12c,4,508,0
2,ex2-s5-e1-a1-p09,15cacb7214da29f735fe74234e764297d31194371bcebd510dbee27b79d6d12c,4,509,0
2,ex2-s5-e1-a1-p09,15cacb7214da29f735fe74234e764297d31194371bcebd510dbee27b79d6d12c,4,510,100
2,ex2-s5-e1-a1-p09,15cacb7214da29f735fe74234e764297d31194371bcebd510dbee27b79d6d12c,4,511,0
2,ex2-s5-e1-a1-p09,15cacb7214da29f735fe74234e764297d31194371bcebd510dbee27b79d6d12c,4,512,0
2,ex2-s5-e1-a1-p09,15cacb7214da29f735fe74234e764297d31194371bcebd510dbee27b79d6d12c,4,513,0
2,ex2-s5-e1-a1-p09,15cacb7214da29f735fe74234e764297d31194371bcebd510dbee27b79d6d12c,4,514,0
2,ex2-s5-e1-a1-p09,15cacb7214da29f735fe74234e764297d31194371bcebd510dbee27b79d6d12c,4,515,0
2,ex2-s5-e1-a1-p09,15cacb7214da29f735fe74234e764297d31194371bcebd510dbee27b79d6d12c,4,516,100
2,ex2-s5-e1-a1-p09,15cacb7214da29f735fe74234e764297d31194371bcebd510dbee27b79d6d12c,4,517,0
2,ex2-s5-e1-a1-p09,15cacb7214da29f735fe74234e764297d31194371bcebd510dbee27b79d6d12c,4,518,0
2,ex2-s5-e1-a1-p09,15cacb7214da29f735fe74234e764297d31194371bcebd510dbee27b79d6d12c,4,519,0
2,ex2-s5-e1-a1-p09,15cacb7214da29f735fe74234e764297d31194371bcebd510dbee27b79d6d12c,4,520,0
2,ex2-s5-e1-a1-p09,15cacb7214da29f735fe74234e764297d31194371bcebd510dbee27b79d6d12c,4,521,0
2,ex2-s5-e1-a1-p09,15cacb7214da29f735fe74234e764297d31194371bcebd510dbee27b79d6d12c,4,522,0
2,ex2-s5-e1-a1-p09,15cacb7214da29f735fe74234e764297d31194371bcebd510dbee27b79d6d12c,4,523,100
2,ex2-s5-e1-a1-p09,15cacb7214da29f735fe74234e764297d31194371bcebd510dbee27b79d6d12c,4,524,0
2,ex2-s5-e1-a1-p09,15cacb7214da29f735fe74234e764297d31194371bcebd510dbee27b79d6d12c,4,525,0
2,ex2-s5-e1-a1-p09,15cacb7214da29f735fe74234e764297d31194371bcebd510dbee27b79d6d12c,4,526,0
2,ex2-s5-e1-a1-p09,15cacb7214da29f735fe74234e764297d31194371bcebd510dbee27b79d6d12c,4,527,0
2,ex2-s5-e1-a1-p09,15cacb7214da29f735fe74234e764297d31194371bcebd510dbee27b79d6d12c,4,528,0
2,ex2-s5-e1-a1-p09,15cacb7214da29f735fe74234e764297d31194371bcebd510dbee27b79d6d12c,4,529,0
2,ex2-s5-e1-a1-p09,15cacb7214da29f735fe74234e764297d31194371bcebd510dbee27b79d6d12c,4,530,100
2,ex2-s5-e1-a1-p09,15cacb7214da29f735fe74234e764297d31194371bcebd510dbee27b79d6d12c,4,531,0
2,ex2-s5-e1-a1-p09,15cacb7214da29f735fe74234e764297d31194371bcebd510dbee27b79d6d12c,4,532,0
2,ex2-s5-e1-a1-p09,15cacb7214da29f735fe74234e764297d31194371bcebd510dbee27b79d6d12c,4,533,0
2,ex2-s5-e1-a1-p09,15cacb7214da29f735fe74234e764297d31194371bcebd510dbee27b79d6d12c,4,534,0
2,ex2-s5-e1-a1-p09,15cacb7214da29f735fe74234e764297d31194371bcebd510dbee27b79d6d12c,4,535,0
2,ex2-s5-e1-a1-p09,15cacb7214da29f735fe74234e764297d31194371bcebd510dbee27b79d6d12c,4,536,100
2,ex2-s5-e1-a1-p09,15cacb7214da29f735fe74234e764297d31194371bcebd510dbee27b79d6d12c,4,537,0
2,ex2-s5-e1-a1-p09,15cacb7214da29f735fe74234e764297d31194371bcebd510dbee27b79d6d12c,4,538,0
2,ex2-s5-e1-a1-p09,15cacb7214da29f735fe74234e764297d31194371bcebd510dbee27b79d6d12c,4,539,0
2,ex2-s5-e1-a1-p09,15cacb7214da29f735fe74234e764297d31194371bcebd510dbee27b79d6d12c,4,540,0
2,ex2-s5-e1-a1-p09,15cacb7214da29f735fe74234e764297d31194371bcebd510dbee27b79d6d12c,4,541,0
2,ex2-s5-e1-a1-p09,15cacb7214da29f735fe74234e764297d31194371bcebd510dbee27b79d6d12c,4,542,0
2,ex2-s5-e1-a1-p09,15cacb7214da29f735fe74234e764297d31194371bcebd510dbee27b79d6d12c,4,543,100
2,ex2-s5-e1-a1-p09,15cacb7214da29f735fe74234e764297d31194371bcebd510dbee27b79d6d12c,4,544,0
2,ex2-s5-e1-a1-p09,15cacb7214da29f735fe74234e764297d31194371bcebd510dbee27b79d6d12c,4,545,0
2,ex2-s5-e1-a1-p09,15cacb7214da29f735fe74234e764297d31194371bcebd510dbee27b79d6d12c,4,546,0
2,ex2-s5-e1-a1-p09,15cacb7214da29f735fe74234e764297d31194371bcebd510dbee27b79d6d12c,4,547,0
2,ex2-s5-e1-a1-p09,15cacb7214da29f735fe74234e764297d31194371bcebd510dbee27b79d6d12c,4,548,0
2,ex2-s5-e1-a1-p09,15cacb7214da29f735fe74234e764297d31194371bcebd510dbee27b79d6d12c,4,549,100
2,ex2-s5-e1-a1-p09,15cacb7214da29f735fe74234e764297d31194371bcebd510dbee27b79d6d12c,4,550,0
2,ex2-s5-e1-a1-p09,15cacb7214da29f735fe74234e764297d31194371bcebd510dbee27b79d6d12c,4,551,0
2,ex2-s5-e1-a1-p09,15cacb7214da29f735fe74234e764297d31194371bcebd510dbee27b79d6d12c,4,552,0
2,ex2-s5-e1-a1-p09,15cacb7214da29f735fe74234e764297d31194371bcebd510dbee27b79d6d12c,4,553,0
2,ex2-s5-e1-a1-p09,15cacb7214da29f735fe74234e764297d31194371bcebd510dbee27b79d6d12c,4,554,0
2,ex2-s5-e1-a1-p09,15cacb7214da29f735fe74234e764297d31194371bcebd510dbee27b79d6d12c,4,555,0
2,ex2-s5-e1-a1-p09,15cacb7214da29f735fe74234e764297d31194371bcebd510dbee27b79d6d12c,4,556,100
2,ex2-s5-e1-a1-p09,15cacb7214da29f735fe74234e764297d31194371bcebd510dbee27b79d6d12c,4,557,0
2,ex2-s5-e1-a1-p09,15cacb7214da29f735fe74234e764297d31194371bcebd510dbee27b79d6d12c,4,558,0
2,ex2-s5-e1-a1-p09,15cacb7214da29f735fe74234e764297d31194371bcebd510dbee27b79d6d12c,4,559,0
2,ex2-s5-e1-a1-p09,15cacb7214da29f735fe74234e764297d31194371bcebd510dbee27b79d6d12c,4,560,0
2,ex2-s5-e1-a1-p09,15cacb7214da29f735fe74234e764297d31194371bcebd510dbee27b79d6d12c,4,561,0
2,ex2-s5-e1-a1-p09,15cacb7214da29f735fe74234e764297d31194371bcebd510dbee27b79d6d12c,4,562,100
2,ex2-s5-e1-a1-p09,15cacb7214da29f735fe74234e764297d31194371bcebd510dbee27b79d6d12c,4,563,0
2,ex2-s5-e1-a1-p09,15cacb7214da29f735fe74234e764297d31194371bcebd510dbee27b79d6d12c,4,564,0
2,ex2-s5-e1-a1-p09,15cacb7214da29f735fe74234e764297d31194371bcebd510dbee27b79d6d12c,4,565,0
2,ex2-s5-e1-a1-p09,15cacb7214da29f735fe74234e764297d31194371bcebd510dbee27b79d6d12c,4,566,0
2,ex2-s5-e1-a1-p09,15cacb7214da29f735fe74234e764297d31194371bcebd510dbee27b79d6d12c,4,567,0
2,ex2-s5-e1-a1-p09,15cacb7214da29f735fe74234e764297d31194371bcebd510dbee27b79d6d12c,4,568,0
2,ex2-s5-e1-a1-p09,15cacb7214da29f735fe74234e764297d31194371bcebd510dbee27b79d6d12c,4,569,100
2,ex2-s5-e1-a1-p09,15cacb7214da29f735fe74234e764297d31194371bcebd510dbee27b79d6d12c,4,570,0
2,ex2-s5-e1-a1-p09,15cacb7214da29f735fe74234e764297d31194371bcebd510dbee27b79d6d12c,4,571,0
2,ex2-s5-e1-a1-p09,15cacb7214da29f735fe74234e764297d31194371bcebd510dbee27b79d6d12c,4,572,0
2,ex2-s5-e1-a1-p09,15cacb7214da29f735fe74234e764297d31194371bcebd510dbee27b79d6d12c,4,573,0
2,ex2-s5-e1-a1-p09,15cacb7214da29f735fe74234e764297d31194371bcebd510dbee27b79d6d12c,4,574,0
2,ex2-s5-e1-a1-p09,15cacb7214da29f735fe74234e764297d31194371bcebd510dbee27b79d6d12c,4,575,100
2,ex2-s5-e1-a1-p09,15cacb7214da29f735fe74234e764297d31194371bcebd510dbee27b79d6d12c,4,576,0
2,ex2-s5-e1-a1-p09,15cacb7214da29f735fe74234e764297d31194371bcebd510dbee27b79d6d12c,4,577,0
2,ex2-s5-e1-a1-p09,15cacb7214da29f735fe74234e764297d31194371bcebd510dbee27b79d6d12c,4,578,0
2,ex2-s5-e1-a1-p09,15cacb7214da29f735fe74234e764297d31194371bcebd510dbee27b79d6d12c,4,579,0
2,ex2-s5-e1-a1-p09,15cacb7214da29f735fe74234e764297d31194371bcebd510dbee27b79d6d12c,4,580,0
2,ex2-s5-e1-a1-p09,15cacb7214da29f735fe74234e764297d31194371bcebd510dbee27b79d6d12c,4,581,0
2,ex2-s5-e1-a1-p09,15cacb7214da29f735fe74234e764297d31194371bcebd510dbee27b79d6d12c,4,582,100
2,ex2-s5-e1-a1-p09,15cacb7214da29f735fe74234e764297d31194371bcebd510dbee27b79d6d12c,4,583,0
2,ex2-s5-e1-a1-p09,15cacb7214da29f735fe74234e764297d31194371bcebd510dbee27b79d6d12c,4,584,0
2,ex2-s5-e1-a1-p09,15cacb7214da29f735fe74234e764297d31194371bcebd510dbee27b79d6d12c,4,585,0
2,ex2-s5-e1-a1-p09,15cacb7214da29f735fe74234e764297d31194371bcebd510dbee27b79d6d12c,4,586,0
2,ex2-s5-e1-a1-p09,15cacb7214da29f735fe74234e764297d31194371bcebd510dbee27b79d6d12c,4,587,0
2,ex2-s5-e1-a1-p09,15cacb7214da29f735fe74234e764297d31194371bcebd510dbee27b79d6d12c,4,588,100
2,ex2-s5-e1-a1-p09,15cacb7214da29f735fe74234e764297d31194371bcebd510dbee27b79d6d12c,4,589,0
2,ex2-s5-e1-a1-p09,15cacb7214da29f735fe74234e764297d31194371bcebd510dbee27b79d6d12c,4,590,0
2,ex2-s5-e1-a1-p09,15cacb7214da29f735fe74234e764297d31194371bcebd510dbee27b79d6d12c,4,591,0
2,ex2-s5-e1-a1-p09,15cacb7214da29f735fe74234e764297d31194371bcebd510dbee27b79d6d12c,4,592,0
2,ex2-s5-e1-a1-p09,15cacb7214da29f735fe74234e764297d31194371bcebd510dbee27b79d6d12c,4,593,0
2,ex2-s5-e1-a1-p09,15cacb7214da29f735fe74234e764297d31194371bcebd510dbee27b79d6d12c,4,594,0
2,ex2-s5-e1-a1-p09,15cacb7214da29f735fe74234e764297d31194371bcebd510dbee27b79d6d12c,4,595,100
2,ex2-s5-e1-a1-p09,15cacb7214da29f735fe74234e764297d31194371bcebd510dbee27b79d6d12c,4,596,0
2,ex2-s5-e1-a1-p09,15cacb7214da29f735fe74234e764297d31194371bcebd510dbee27b79d6d12c,4,597,0
2,ex2-s5-e1-a1-p09,15cacb7214da29f735fe74234e764297d31194371bcebd510dbee27b79d6d12c,4,598,0
2,ex2-s5-e1-a1-p09,15cacb7214da29f735fe74234e764297d31194371bcebd510dbee27b79d6d12c,4,599,0
2,ex2-s5-e1-a1-p09,15cacb7214da29f735fe74234e764297d31194371bcebd510dbee27b79d6d12c,4,600,0
2,ex2-s5-e1-a1-p09,15cacb7214da29f735fe74234e764297d31194371bcebd510dbee27b79d6d12c,4,601,100
2,ex2-s5-e1-a1-p09,15cacb7214da29f735fe74234e764297d31194371bcebd510dbee27b79d6d12c,4,602,0
2,ex2-s5-e1-a1-p09,15cacb7214da29f735fe74234e764297d31194371bcebd510dbee27b79d6d12c,4,603,0
2,ex2-s5-e1-a1-p09,15cacb7214da29f735fe74234e764297d31194371bcebd510dbee27b79d6d12c,4,604,0
2,ex2-s5-e1-a1-p09,15cacb7214da29f735fe74234e764297d31194371bcebd510dbee27b79d6d12c,4,605,0
2,ex2-s5-e1-a1-p09,15cacb7214da29f735fe74234e764297d31194371bcebd510dbee27b79d6d12c,4,606,0
2,ex2-s5-e1-a1-p09,15cacb7214da29f735fe74234e764297d31194371bcebd510dbee27b79d6d12c,4,607,100
2,ex2-s5-e1-a1-p09,15cacb7214da29f735fe74234e764297d31194371bcebd510dbee27b79d6d12c,4,608,0
2,ex2-s5-e1-a1-p09,15cacb7214da29f735fe74234e764297d31194371bcebd510dbee27b79d6d12c,4,609,0
2,ex2-s5-e1-a1-p09,15cacb7214da29f735fe74234e764297d31194371bcebd510dbee27b79d6d12c,4,610,0
2,ex2-s5-e1-a1-p09,15cacb7214da29f735fe74234e764297d31194371bcebd510dbee27b79d6d12c,4,611,0
2,ex2-s5-e1-a1-p09,15cacb7214da29f735fe74234e764297d31194371bcebd510dbee27b79d6d12c,4,612,0
2,ex2-s5-e1-a1-p09,15cacb7214da29f735fe74234e764297d31194371bcebd510dbee27b79d6d12c,4,613,0
2,ex2-s5-e1-a1-p09,15cacb7214da29f735fe74234e764297d31194371bcebd510dbee27b79d6d12c,4,614,100
2,ex2-s5-e1-a1-p09,15cacb7214da29f735fe74234e764297d31194371bcebd510dbee27b79d6d12c,4,615,0
2,ex2-s5-e1-a1-p09,15cacb7214da29f735fe74234e764297d31194371bcebd510dbee27b79d6d12c,4,616,0
2,ex2-s5-e1-a1-p09,15cacb7214da29f735fe74234e764297d31194371bcebd510dbee27b79d6d12c,4,617,0
2,ex2-s5-e1-a1-p09,15cacb7214da29f735fe74234e764297d31194371bcebd510dbee27b79d6d12c,4,618,0
2,ex2-s5-e1-a1-p09,15cacb7214da29f735fe74234e764297d31194371bcebd510dbee27b79d6d12c,4,619,0
2,ex2-s5-e1-a1-p09,15cacb7214da29f735fe74234e764297d31194371bcebd510dbee27b79d6d12c,4,620,100
2,ex2-s5-e1-a1-p09,15cacb7214da29f735fe74234e764297d31194371bcebd510dbee27b79d6d12c,4,621,0
2,ex2-s5-e1-a1-p09,15cacb7214da29f735fe74234e764297d31194371bcebd510dbee27b79d6d12c,4,622,0
2,ex2-s5-e1-a1-p09,15cacb7214da29f735fe74234e764297d31194371bcebd510dbee27b79d6d12c,4,623,0
2,ex2-s5-e1-a1-p09,15cacb7214da29f735fe74234e764297d31194371bcebd510dbee27b79d6d12c,4,624,0
2,ex2-s5-e1-a1-p09,15cacb7214da29f735fe74234e764297d31194371bcebd510dbee27b79d6d12c,4,625,0
2,ex2-s5-e1-a1-p09,15cacb7214da29f735fe74234e764297d31194371bcebd510dbee27b79d6d12c,4,626,0
2,ex2-s5-e1-a1-p09,15cacb7214da29f735fe74234e764297d31194371bcebd510dbee27b79d6d12c,4,627,100
2,ex2-s5-e1-a1-p09,15cacb7214da29f735fe74234e764297d31194371bcebd510dbee27b79d6d12c,4,628,0
2,ex2-s5-e1-a1-p09,15cacb7214da29f735fe74234e764297d31194371bcebd510dbee27b79d6d12c,4,629,0
2,ex2-s5-e1-a1-p09,15cacb7214da29f735fe74234e764297d31194371bcebd510dbee27b79d6d12c,4,630,0
2,ex2-s5-e1-a1-p09,15cacb7214da29f735fe74234e764297d31194371bcebd510dbee27b79d6d12c,4,631,0
2,ex2-s5-e1-a1-p09,15cacb7214da29f735fe74234e764297d31194371bcebd510dbee27b79d6d12c,4,632,0
2,ex2-s5-e1-a1-p09,15cacb7214da29f735fe74234e764297d31194371bcebd510dbee27b79d6d12c,4,633,100
2,ex2-s5-e1-a1-p09,15cacb7214da29f735fe74234e764297d31194371bcebd510dbee27b79d6d12c,4,634,0
2,ex2-s5-e1-a1-p09,15cacb7214da29f735fe74234e764297d31194371bcebd510dbee27b79d6d12c,4,635,0
2,ex2-s5-e1-a1-p09,15cacb7214da29f735fe74234e764297d31194371bcebd510dbee27b79d6d12c,4,636,0
2,ex2-s5-e1-a1-p09,15cacb7214da29f735fe74234e764297d31194371bcebd510dbee27b79d6d12c,4,637,0
2,ex2-s5-e1-a1-p09,15cacb7214da29f735fe74234e764297d31194371bcebd510dbee27b79d6d12c,4,638,0
2,ex2-s5-e1-a1-p09,15cacb7214da29f735fe74234e764297d31194371bcebd510dbee27b79d6d12c,4,639,0
2,ex2-s5-e1-a1-p09,15cacb7214da29f735fe74234e764297d31194371bcebd510dbee27b79d6d12c,4,640,100
2,ex2-s5-e1-a1-p09,15cacb7214da29f735fe74234e764297d31194371bcebd510dbee27b79d6d12c,4,641,0
2,ex2-s5-e1-a1-p09,15cacb7214da29f735fe74234e764297d31194371bcebd510dbee27b79d6d12c,4,642,0
2,ex2-s5-e1-a1-p09,15cacb7214da29f735fe74234e764297d31194371bcebd510dbee27b79d6d12c,4,643,0
2,ex2-s5-e1-a1-p09,15cacb7214da29f735fe74234e764297d31194371bcebd510dbee27b79d6d12c,4,644,0
2,ex2-s5-e1-a1-p09,15cacb7214da29f735fe74234e764297d31194371bcebd510dbee27b79d6d12c,4,645,0
2,ex2-s5-e1-a1-p09,15cacb7214da29f735fe74234e764297d31194371bcebd510dbee27b79d6d12c,4,646,100
2,ex2-s5-e1-a1-p09,15cacb7214da29f735fe74234e764297d31194371bcebd510dbee27b79d6d12c,4,647,0
2,ex2-s5-e1-a1-p09,15cacb7214da29f735fe74234e764297d31194371bcebd510dbee27b79d6d12c,4,648,0
2,ex2-s5-e1-a1-p09,15cacb7214da29f735fe74234e764297d31194371bcebd510dbee27b79d6d12c,4,649,0
2,ex2-s5-e1-a1-p09,15cacb7214da29f735fe74234e764297d31194371bcebd510dbee27b79d6d12c,4,650,0
2,ex2-s5-e1-a1-p09,15cacb7214da29f735fe74234e764297d31194371bcebd510dbee27b79d6d12c,4,651,0
2,ex2-s5-e1-a1-p09,15cacb7214da29f735fe74234e764297d31194371bcebd510dbee27b79d6d12c,4,652,0
2,ex2-s5-e1-a1-p09,15cacb7214da29f735fe74234e764297d31194371bcebd510dbee27b79d6d12c,4,653,100
2,ex2-s5-e1-a1-p09,15cacb7214da29f735fe74234e764297d31194371bcebd510dbee27b79d6d12c,4,654,0
2,ex2-s5-e1-a1-p09,15cacb7214da29f735fe74234e764297d31194371bcebd510dbee27b79d6d12c,4,655,0
2,ex2-s5-e1-a1-p09,15cacb7214da29f735fe74234e764297d31194371bcebd510dbee27b79d6d12c,4,656,0
2,ex2-s5-e1-a1-p09,15cacb7214da29f735fe74234e764297d31194371bcebd510dbee27b79d6d12c,4,657,0
2,ex2-s5-e1-a1-p09,15cacb7214da29f735fe74234e764297d31194371bcebd510dbee27b79d6d12c,4,658,0
2,ex2-s5-e1-a1-p09,15cacb7214da29f735fe74234e764297d31194371bcebd510dbee27b79d6d12c,4,659,100
2,ex2-s5-e1-a1-p09,15cacb7214da29f735fe74234e764297d31194371bcebd510dbee27b79d6d12c,4,660,0
2,ex2-s5-e1-a1-p09,15cacb7214da29f735fe74234e764297d31194371bcebd510dbee27b79d6d12c,4,661,0
2,ex2-s5-e1-a1-p09,15cacb7214da29f735fe74234e764297d31194371bcebd510dbee27b79d6d12c,4,662,0
2,ex2-s5-e1-a1-p09,15cacb7214da29f735fe74234e764297d31194371bcebd510dbee27b79d6d12c,4,663,0
2,ex2-s5-e1-a1-p09,15cacb7214da29f735fe74234e764297d31194371bcebd510dbee27b79d6d12c,4,664,0
2,ex2-s5-e1-a1-p09,15cacb7214da29f735fe74234e764297d31194371bcebd510dbee27b79d6d12c,4,665,0
2,ex2-s5-e1-a1-p09,15cacb7214da29f735fe74234e764297d31194371bcebd510dbee27b79d6d12c,4,666,100
2,ex2-s5-e1-a1-p09,15cacb7214da29f735fe74234e764297d31194371bcebd510dbee27b79d6d12c,4,667,0
2,ex2-s5-e1-a1-p09,15cacb7214da29f735fe74234e764297d31194371bcebd510dbee27b79d6d12c,4,668,0
2,ex2-s5-e1-a1-p09,15cacb7214da29f735fe74234e764297d31194371bcebd510dbee27b79d6d12c,4,669,0
2,ex2-s5-e1-a1-p09,15cacb7214da29f735fe74234e764297d31194371bcebd510dbee27b79d6d12c,4,670,0
2,ex2-s5-e1-a1-p09,15cacb7214da29f735fe74234e764297d31194371bcebd510dbee27b79d6d12c,4,671,0
2,ex2-s5-e1-a1-p09,15cacb7214da29f735fe74234e764297d31194371bcebd510dbee27b79d6d12c,4,672,100
2,ex2-s5-e1-a1-p09,15cacb7214da29f735fe74234e764297d31194371bcebd510dbee27b79d6d12c,4,673,0
2,ex2-s5-e1-a1-p09,15cacb7214da29f735fe74234e764297d31194371bcebd510dbee27b79d6d12c,4,674,0
2,ex2-s5-e1-a1-p09,15cacb7214da29f735fe74234e764297d31194371bcebd510dbee27b79d6d12c,4,675,0
2,ex2-s5-e1-a1-p09,15cacb7214da29f735fe74234e764297d31194371bcebd510dbee27b79d6d12c,4,676,0
2,ex2-s5-e1-a1-p09,15cacb7214da29f735fe74234e764297d31194371bcebd510dbee27b79d6d12c,4,677,0
2,ex2-s5-e1-a1-p09,15cacb7214da29f735fe74234e764297d31194371bcebd510dbee27b79d6d12c,4,678,0
2,ex2-s5-e1-a1-p09,15cacb7214da29f735fe74234e764297d31194371bcebd510dbee27b79d6d12c,4,679,100
2,ex2-s5-e1-a1-p09,15cacb7214da29f735fe74234e764297d31194371bcebd510dbee27b79d6d12c,4,680,0
2,ex2-s5-e1-a1-p09,15cacb7214da29f735fe74234e764297d31194371bcebd510dbee27b79d6d12c,4,681,0
2,ex2-s5-e1-a1-p09,15cacb7214da29f735fe74234e764297d31194371bcebd510dbee27b79d6d12c,4,682,0
2,ex2-s5-e1-a1-p09,15cacb7214da29f735fe74234e764297d31194371bcebd510dbee27b79d6d12c,4,683,0
2,ex2-s5-e1-a1-p09,15cacb7214da29f735fe74234e764297d31194371bcebd510dbee27b79d6d12c,4,684,0
2,ex2-s5-e1-a1-p09,15cacb7214da29f735fe74234e764297d31194371bcebd510dbee27b79d6d12c,4,685,100
2,ex2-s5-e1-a1-p09,15cacb7214da29f735fe74234e764297d31194371bcebd510dbee27b79d6d12c,4,686,0
2,ex2-s5-e1-a1-p09,15cacb7214da29f735fe74234e764297d31194371bcebd510dbee27b79d6d12c,4,687,0
2,ex2-s5-e1-a1-p09,15cacb7214da29f735fe74234e764297d31194371bcebd510dbee27b79d6d12c,4,688,0
2,ex2-s5-e1-a1-p09,15cacb7214da29f735fe74234e764297d31194371bcebd510dbee27b79d6d12c,4,689,0
2,ex2-s5-e1-a1-p09,15cacb7214da29f735fe74234e764297d31194371bcebd510dbee27b79d6d12c,4,690,0
2,ex2-s5-e1-a1-p09,15cacb7214da29f735fe74234e764297d31194371bcebd510dbee27b79d6d12c,4,691,0
2,ex2-s5-e1-a1-p09,15cacb7214da29f735fe74234e764297d31194371bcebd510dbee27b79d6d12c,4,692,100
2,ex2-s5-e1-a1-p09,15cacb7214da29f735fe74234e764297d31194371bcebd510dbee27b79d6d12c,4,693,0
2,ex2-s5-e1-a1-p09,15cacb7214da29f735fe74234e764297d31194371bcebd510dbee27b79d6d12c,4,694,0
2,ex2-s5-e1-a1-p09,15cacb7214da29f735fe74234e764297d31194371bcebd510dbee27b79d6d12c,4,695,0
2,ex2-s5-e1-a1-p09,15cacb7214da29f735fe74234e764297d31194371bcebd510dbee27b79d6d12c,4,696,0
2,ex2-s5-e1-a1-p09,15cacb7214da29f735fe74234e764297d31194371bcebd510dbee27b79d6d12c,4,697,0
2,ex2-s5-e1-a1-p09,15cacb7214da29f735fe74234e764297d31194371bcebd510dbee27b79d6d12c,4,698,100
2,ex2-s5-e1-a1-p09,15cacb7214da29f735fe74234e764297d31194371bcebd510dbee27b79d6d12c,4,699,0
2,ex2-s5-e1-a1-p09,15cacb7214da29f735fe74234e764297d31194371bcebd510dbee27b79d6d12c,4,700,0
2,ex2-s5-e1-a1-p09,15cacb7214da29f735fe74234e764297d31194371bcebd510dbee27b79d6d12c,4,701,0
2,ex2-s5-e1-a1-p09,15cacb7214da29f735fe74234e764297d31194371bcebd510dbee27b79d6d12c,4,702,0
2,ex2-s5-e1-a1-p09,15cacb7214da29f735fe74234e764297d31194371bcebd510dbee27b79d6d12c,4,703,0
2,ex2-s5-e1-a1-p09,15cacb7214da29f735fe74234e764297d31194371bcebd510dbee27b79d6d12c,4,704,0
2,ex2-s5-e1-a1-p09,15cacb7214da29f735fe74234e764297d31194371bcebd510dbee27b79d6d12c,4,705,100
2,ex2-s5-e1-a1-p09,15cacb7214da29f735fe74234e764297d31194371bcebd510dbee27b79d6d12c,4,706,0
2,ex2-s5-e1-a1-p09,15cacb7214da29f735fe74234e764297d31194371bcebd510dbee27b79d6d12c,4,707,0
2,ex2-s5-e1-a1-p09,15cacb7214da29f735fe74234e764297d31194371bcebd510dbee27b79d6d12c,4,708,0
2,ex2-s5-e1-a1-p09,15cacb7214da29f735fe74234e764297d31194371bcebd510dbee27b79d6d12c,4,709,0
2,ex2-s5-e1-a1-p09,15cacb7214da29f735fe74234e764297d31194371bcebd510dbee27b79d6d12c,4,710,0
2,ex2-s5-e1-a1-p09,15cacb7214da29f735fe74234e764297d31194371bcebd510dbee27b79d6d12c,4,711,100
2,ex2-s5-e1-a1-p09,15cacb7214da29f735fe74234e764297d31194371bcebd510dbee27b79d6d12c,4,712,0
2,ex2-s5-e1-a1-p09,15cacb7214da29f735fe74234e764297d31194371bcebd510dbee27b79d6d12c,4,713,0
2,ex2-s5-e1-a1-p09,15cacb7214da29f735fe74234e764297d31194371bcebd510dbee27b79d6d12c,4,714,0
2,ex2-s5-e1-a1-p09,15cacb7214da29f735fe74234e764297d31194371bcebd510dbee27b79d6d12c,4,715,0
2,ex2-s5-e1-a1-p09,15cacb7214da29f735fe74234e764297d31194371bcebd510dbee27b79d6d12c,4,716,0
2,ex2-s5-e1-a1-p09,15cacb7214da29f735fe74234e764297d31194371bcebd510dbee27b79d6d12c,4,717,0
2,ex2-s5-e1-a1-p09,15cacb7214da29f735fe74234e764297d31194371bcebd510dbee27b79d6d12c,4,718,100
2,ex2-s5-e1-a1-p09,15cacb7214da29f735fe74234e764297d31194371bcebd510dbee27b79d6d12c,4,719,0
2,ex2-s5-e1-a1-p09,15cacb7214da29f735fe74234e764297d31194371bcebd510dbee27b79d6d12c,4,720,0
2,ex2-s5-e1-a1-p09,15cacb7214da29f735fe74234e764297d31194371bcebd510dbee27b79d6d12c,4,721,0
2,ex2-s5-e1-a1-p09,15cacb7214da29f735fe74234e764297d31194371bcebd510dbee27b79d6d12c,4,722,0
2,ex2-s5-e1-a1-p09,15cacb7214da29f735fe74234e764297d31194371bcebd510dbee27b79d6d12c,4,723,0
2,ex2-s5-e1-a1-p09,15cacb7214da29f735fe74234e764297d31194371bcebd510dbee27b79d6d12c,4,724,100
2,ex2-s5-e1-a1-p09,15cacb7214da29f735fe74234e764297d31194371bcebd510dbee27b79d6d12c,4,725,0
2,ex2-s5-e1-a1-p09,15cacb7214da29f735fe74234e764297d31194371bcebd510dbee27b79d6d12c,4,726,0
2,ex2-s5-e1-a1-p09,15cacb7214da29f735fe74234e764297d31194371bcebd510dbee27b79d6d12c,4,727,0
2,ex2-s5-e1-a1-p09,15cacb7214da29f735fe74234e764297d31194371bcebd510dbee27b79d6d12c,4,728,0
2,ex2-s5-e1-a1-p09,15cacb7214da29f735fe74234e764297d31194371bcebd510dbee27b79d6d12c,4,729,0
2,ex2-s5-e1-a1-p09,15cacb7214da29f735fe74234e764297d31194371bcebd510dbee27b79d6d12c,4,730,0
2,ex2-s5-e1-a1-p09,15cacb7214da29f735fe74234e764297d31194371bcebd510dbee27b79d6d12c,4,731,100
2,ex2-s5-e1-a1-p09,15cacb7214da29f735fe74234e764297d31194371bcebd510dbee27b79d6d12c,4,732,0
2,ex2-s5-e1-a1-p09,15cacb7214da29f735fe74234e764297d31194371bcebd510dbee27b79d6d12c,4,733,0
2,ex2-s5-e1-a1-p09,15cacb7214da29f735fe74234e764297d31194371bcebd510dbee27b79d6d12c,4,734,0
2,ex2-s5-e1-a1-p09,15cacb7214da29f735fe74234e764297d31194371bcebd510dbee27b79d6d12c,4,735,0
2,ex2-s5-e1-a1-p09,15cacb7214da29f735fe74234e764297d31194371bcebd510dbee27b79d6d12c,4,736,0
2,ex2-s5-e1-a1-p09,15cacb7214da29f735fe74234e764297d31194371bcebd510dbee27b79d6d12c,4,737,100
2,ex2-s5-e1-a1-p09,15cacb7214da29f735fe74234e764297d31194371bcebd510dbee27b79d6d12c,4,738,0
2,ex2-s5-e1-a1-p09,15cacb7214da29f735fe74234e764297d31194371bcebd510dbee27b79d6d12c,4,739,0
2,ex2-s5-e1-a1-p09,15cacb7214da29f735fe74234e764297d31194371bcebd510dbee27b79d6d12c,4,740,0
2,ex2-s5-e1-a1-p09,15cacb7214da29f735fe74234e764297d31194371bcebd510dbee27b79d6d12c,4,741,0
2,ex2-s5-e1-a1-p09,15cacb7214da29f735fe74234e764297d31194371bcebd510dbee27b79d6d12c,4,742,0
2,ex2-s5-e1-a1-p09,15cacb7214da29f735fe74234e764297d31194371bcebd510dbee27b79d6d12c,4,743,0
2,ex2-s5-e1-a1-p09,15cacb7214da29f735fe74234e764297d31194371bcebd510dbee27b79d6d12c,4,744,100
2,ex2-s5-e1-a1-p09,15cacb7214da29f735fe74234e764297d31194371bcebd510dbee27b79d6d12c,4,745,0
2,ex2-s5-e1-a1-p09,15cacb7214da29f735fe74234e764297d31194371bcebd510dbee27b79d6d12c,4,746,0
2,ex2-s5-e1-a1-p09,15cacb7214da29f735fe74234e764297d31194371bcebd510dbee27b79d6d12c,4,747,0
2,ex2-s5-e1-a1-p09,15cacb7214da29f735fe74234e764297d31194371bcebd510dbee27b79d6d12c,4,748,0
2,ex2-s5-e1-a1-p09,15cacb7214da29f735fe74234e764297d31194371bcebd510dbee27b79d6d12c,4,749,0
2,ex2-s5-e1-a1-p09,15cacb7214da29f735fe74234e764297d31194371bcebd510dbee27b79d6d12c,4,750,100
2,ex2-s5-e1-a1-p09,15cacb7214da29f735fe74234e764297d31194371bcebd510dbee27b79d6d12c,4,751,0
2,ex2-s5-e1-a1-p09,15cacb7214da29f735fe74234e764297d31194371bcebd510dbee27b79d6d12c,4,752,0
2,ex2-s5-e1-a1-p09,15cacb7214da29f735fe74234e764297d31194371bcebd510dbee27b79d6d12c,4,753,0
2,ex2-s5-e1-a1-p09,15cacb7214da29f735fe74234e764297d31194371bcebd510dbee27b79d6d12c,4,754,0
2,ex2-s5-e1-a1-p09,15cacb7214da29f735fe74234e764297d31194371bcebd510dbee27b79d6d12c,4,755,0
2,ex2-s5-e1-a1-p09,15cacb7214da29f735fe74234e764297d31194371bcebd510dbee27b79d6d12c,4,756,0
2,ex2-s5-e1-a1-p09,15cacb7214da29f735fe74234e764297d31194371bcebd510dbee27b79d6d12c,4,757,100
2,ex2-s5-e1-a1-p09,15cacb7214da29f735fe74234e764297d31194371bcebd510dbee27b79d6d12c,4,758,0
2,ex2-s5-e1-a1-p09,15cacb7214da29f735fe74234e764297d31194371bcebd510dbee27b79d6d12c,4,759,0
2,ex2-s5-e1-a1-p09,15cacb7214da29f735fe74234e764297d31194371bcebd510dbee27b79d6d12c,4,760,0
2,ex2-s5-e1-a1-p09,15cacb7214da29f735fe74234e764297d31194371bcebd510dbee27b79d6d12c,4,761,0
2,ex2-s5-e1-a1-p09,15cacb7214da29f735fe74234e764297d31194371bcebd510dbee27b79d6d12c,4,762,0
2,ex2-s5-e1-a1-p09,15cacb7214da29f735fe74234e764297d31194371bcebd510dbee27b79d6d12c,4,763,100
2,ex2-s5-e1-a1-p09,15cacb7214da29f735fe74234e764297d31194371bcebd510dbee27b79d6d12c,4,764,0
2,ex2-s5-e1-a1-p09,15cacb7214da29f735fe74234e764297d31194371bcebd510dbee27b79d6d12c,4,765,0
2,ex2-s5-e1-a1-p09,15cacb7214da29f735fe74234e764297d31194371bcebd510dbee27b79d6d12c,4,766,0
2,ex2-s5-e1-a1-p09,15cacb7214da29f735fe74234e764297d31194371bcebd510dbee27b79d6d12c,4,767,0
2,ex2-s5-e1-a1-p09,15cacb7214da29f735fe74234e764297d31194371bcebd510dbee27b79d6d12c,4,768,0
2,ex2-s5-e1-a1-p09,15cacb7214da29f735fe74234e764297d31194371bcebd510dbee27b79d6d12c,4,769,0
2,ex2-s5-e1-a1-p09,15cacb7214da29f735fe74234e764297d31194371bcebd510dbee27b79d6d12c,4,770,100
2,ex2-s5-e1-a1-p09,15cacb7214da29f735fe74234e764297d31194371bcebd510dbee27b79d6d12c,4,771,0
2,ex2-s5-e1-a1-p09,15cacb7214da29f735fe74234e764297d31194371bcebd510dbee27b79d6d12c,4,772,0
2,ex2-s5-e1-a1-p09,15cacb7214da29f735fe74234e764297d31194371bcebd510dbee27b79d6d12c,4,773,0
2,ex2-s5-e1-a1-p09,15cacb7214da29f735fe74234e764297d31194371bcebd510dbee27b79d6d12c,4,774,0
2,ex2-s5-e1-a1-p09,15cacb7214da29f735fe74234e764297d31194371bcebd510dbee27b79d6d12c,4,775,0
2,ex2-s5-e1-a1-p09,15cacb7214da29f735fe74234e764297d31194371bcebd510dbee27b79d6d12c,4,776,100
2,ex2-s5-e1-a1-p09,15cacb7214da29f735fe74234e764297d31194371bcebd510dbee27b79d6d12c,4,777,0
2,ex2-s5-e1-a1-p09,15cacb7214da29f735fe74234e764297d31194371bcebd510dbee27b79d6d12c,4,778,0
2,ex2-s5-e1-a1-p09,15cacb7214da29f735fe74234e764297d31194371bcebd510dbee27b79d6d12c,4,779,0
2,ex2-s5-e1-a1-p09,15cacb7214da29f735fe74234e764297d31194371bcebd510dbee27b79d6d12c,4,780,0
2,ex2-s5-e1-a1-p09,15cacb7214da29f735fe74234e764297d31194371bcebd510dbee27b79d6d12c,4,781,0
2,ex2-s5-e1-a1-p09,15cacb7214da29f735fe74234e764297d31194371bcebd510dbee27b79d6d12c,4,782,0
2,ex2-s5-e1-a1-p09,15cacb7214da29f735fe74234e764297d31194371bcebd510dbee27b79d6d12c,4,783,100
2,ex2-s5-e1-a1-p09,15cacb7214da29f735fe74234e764297d31194371bcebd510dbee27b79d6d12c,4,784,0
2,ex2-s5-e1-a1-p09,15cacb7214da29f735fe74234e764297d31194371bcebd510dbee27b79d6d12c,4,785,0
2,ex2-s5-e1-a1-p09,15cacb7214da29f735fe74234e764297d31194371bcebd510dbee27b79d6d12c,4,786,0
2,ex2-s5-e1-a1-p09,15cacb7214da29f735fe74234e764297d31194371bcebd510dbee27b79d6d12c,4,787,0
2,ex2-s5-e1-a1-p09,15cacb7214da29f735fe74234e764297d31194371bcebd510dbee27b79d6d12c,4,788,0
2,ex2-s5-e1-a1-p09,15cacb7214da29f735fe74234e764297d31194371bcebd510dbee27b79d6d12c,4,789,100
2,ex2-s5-e1-a1-p09,15cacb7214da29f735fe74234e764297d31194371bcebd510dbee27b79d6d12c,4,790,0
2,ex2-s5-e1-a1-p09,15cacb7214da29f735fe74234e764297d31194371bcebd510dbee27b79d6d12c,4,791,0
2,ex2-s5-e1-a1-p09,15cacb7214da29f735fe74234e764297d31194371bcebd510dbee27b79d6d12c,4,792,0
2,ex2-s5-e1-a1-p09,15cacb7214da29f735fe74234e764297d31194371bcebd510dbee27b79d6d12c,4,793,0
2,ex2-s5-e1-a1-p09,15cacb7214da29f735fe74234e764297d31194371bcebd510dbee27b79d6d12c,4,794,0
2,ex2-s5-e1-a1-p09,15cacb7214da29f735fe74234e764297d31194371bcebd510dbee27b79d6d12c,4,795,0
2,ex2-s5-e1-a1-p09,15cacb7214da29f735fe74234e764297d31194371bcebd510dbee27b79d6d12c,4,796,100
2,ex2-s5-e1-a1-p09,15cacb7214da29f735fe74234e764297d31194371bcebd510dbee27b79d6d12c,4,797,0
2,ex2-s5-e1-a1-p09,15cacb7214da29f735fe74234e764297d31194371bcebd510dbee27b79d6d12c,4,798,0
2,ex2-s5-e1-a1-p09,15cacb7214da29f735fe74234e764297d31194371bcebd510dbee27b79d6d12c,4,799,0
2,ex2-s5-e1-a1-p09,15cacb7214da29f735fe74234e764297d31194371bcebd510dbee27b79d6d12c,4,800,0
2,ex2-s5-e1-a1-p09,15cacb7214da29f735fe74234e764297d31194371bcebd510dbee27b79d6d12c,4,801,0
2,ex2-s5-e1-a1-p09,15cacb7214da29f735fe74234e764297d31194371bcebd510dbee27b79d6d12c,4,802,100
2,ex2-s5-e1-a1-p09,15cacb7214da29f735fe74234e764297d31194371bcebd510dbee27b79d6d12c,4,803,0
2,ex2-s5-e1-a1-p09,15cacb7214da29f735fe74234e764297d31194371bcebd510dbee27b79d6d12c,4,804,0
2,ex2-s5-e1-a1-p09,15cacb7214da29f735fe74234e764297d31194371bcebd510dbee27b79d6d12c,4,805,0
2,ex2-s5-e1-a1-p09,15cacb7214da29f735fe74234e764297d31194371bcebd510dbee27b79d6d12c,4,806,0
2,ex2-s5-e1-a1-p09,15cacb7214da29f735fe74234e764297d31194371bcebd510dbee27b79d6d12c,4,807,0
2,ex2-s5-e1-a1-p09,15cacb7214da29f735fe74234e764297d31194371bcebd510dbee27b79d6d12c,4,808,100
2,ex2-s5-e1-a1-p09,15cacb7214da29f735fe74234e764297d31194371bcebd510dbee27b79d6d12c,4,809,0
2,ex2-s5-e1-a1-p09,15cacb7214da29f735fe74234e764297d31194371bcebd510dbee27b79d6d12c,4,810,0
2,ex2-s5-e1-a1-p09,15cacb7214da29f735fe74234e764297d31194371bcebd510dbee27b79d6d12c,4,811,0
2,ex2-s5-e1-a1-p09,15cacb7214da29f735fe74234e764297d31194371bcebd510dbee27b79d6d12c,4,812,0
2,ex2-s5-e1-a1-p09,15cacb7214da29f735fe74234e764297d31194371bcebd510dbee27b79d6d12c,4,813,0
2,ex2-s5-e1-a1-p09,15cacb7214da29f735fe74234e764297d31194371bcebd510dbee27b79d6d12c,4,814,0
2,ex2-s5-e1-a1-p09,15cacb7214da29f735fe74234e764297d31194371bcebd510dbee27b79d6d12c,4,815,100
2,ex2-s5-e1-a1-p09,15cacb7214da29f735fe74234e764297d31194371bcebd510dbee27b79d6d12c,4,816,0
2,ex2-s5-e1-a1-p09,15cacb7214da29f735fe74234e764297d31194371bcebd510dbee27b79d6d12c,4,817,0
2,ex2-s5-e1-a1-p09,15cacb7214da29f735fe74234e764297d31194371bcebd510dbee27b79d6d12c,4,818,0
2,ex2-s5-e1-a1-p09,15cacb7214da29f735fe74234e764297d31194371bcebd510dbee27b79d6d12c,4,819,0
2,ex2-s5-e1-a1-p09,15cacb7214da29f735fe74234e764297d31194371bcebd510dbee27b79d6d12c,4,820,0
2,ex2-s5-e1-a1-p09,15cacb7214da29f735fe74234e764297d31194371bcebd510dbee27b79d6d12c,4,821,100
2,ex2-s5-e1-a1-p09,15cacb7214da29f735fe74234e764297d31194371bcebd510dbee27b79d6d12c,4,822,0
2,ex2-s5-e1-a1-p09,15cacb7214da29f735fe74234e764297d31194371bcebd510dbee27b79d6d12c,4,823,0
2,ex2-s5-e1-a1-p09,15cacb7214da29f735fe74234e764297d31194371bcebd510dbee27b79d6d12c,4,824,0
2,ex2-s5-e1-a1-p09,15cacb7214da29f735fe74234e764297d31194371bcebd510dbee27b79d6d12c,4,825,0
2,ex2-s5-e1-a1-p09,15cacb7214da29f735fe74234e764297d31194371bcebd510dbee27b79d6d12c,4,826,0
2,ex2-s5-e1-a1-p09,15cacb7214da29f735fe74234e764297d31194371bcebd510dbee27b79d6d12c,4,827,0
2,ex2-s5-e1-a1-p09,15cacb7214da29f735fe74234e764297d31194371bcebd510dbee27b79d6d12c,4,828,100
2,ex2-s5-e1-a1-p09,15cacb7214da29f735fe74234e764297d31194371bcebd510dbee27b79d6d12c,4,829,0
2,ex2-s5-e1-a1-p09,15cacb7214da29f735fe74234e764297d31194371bcebd510dbee27b79d6d12c,4,830,0
2,ex2-s5-e1-a1-p09,15cacb7214da29f735fe74234e764297d31194371bcebd510dbee27b79d6d12c,4,831,0
2,ex2-s5-e1-a1-p09,15cacb7214da29f735fe74234e764297d31194371bcebd510dbee27b79d6d12c,4,832,0
2,ex2-s5-e1-a1-p09,15cacb7214da29f735fe74234e764297d31194371bcebd510dbee27b79d6d12c,4,833,0
2,ex2-s5-e1-a1-p09,15cacb7214da29f735fe74234e764297d31194371bcebd510dbee27b79d6d12c,4,834,100
2,ex2-s5-e1-a1-p09,15cacb7214da29f735fe74234e764297d31194371bcebd510dbee27b79d6d12c,4,835,0
2,ex2-s5-e1-a1-p09,15cacb7214da29f735fe74234e764297d31194371bcebd510dbee27b79d6d12c,4,836,0
2,ex2-s5-e1-a1-p09,15cacb7214da29f735fe74234e764297d31194371bcebd510dbee27b79d6d12c,4,837,0
2,ex2-s5-e1-a1-p09,15cacb7214da29f735fe74234e764297d31194371bcebd510dbee27b79d6d12c,4,838,0
2,ex2-s5-e1-a1-p09,15cacb7214da29f735fe74234e764297d31194371bcebd510dbee27b79d6d12c,4,839,0
2,ex2-s5-e1-a1-p09,15cacb7214da29f735fe74234e764297d31194371bcebd510dbee27b79d6d12c,4,840,0
2,ex2-s5-e1-a1-p09,15cacb7214da29f735fe74234e764297d31194371bcebd510dbee27b79d6d12c,4,841,100
2,ex2-s5-e1-a1-p09,15cacb7214da29f735fe74234e764297d31194371bcebd510dbee27b79d6d12c,4,842,0
2,ex2-s5-e1-a1-p09,15cacb7214da29f735fe74234e764297d31194371bcebd510dbee27b79d6d12c,4,843,0
2,ex2-s5-e1-a1-p09,15cacb7214da29f735fe74234e764297d31194371bcebd510dbee27b79d6d12c,4,844,0
2,ex2-s5-e1-a1-p09,15cacb7214da29f735fe74234e764297d31194371bcebd510dbee27b79d6d12c,4,845,0
2,ex2-s5-e1-a1-p09,15cacb7214da29f735fe74234e764297d31194371bcebd510dbee27b79d6d12c,4,846,0
2,ex2-s5-e1-a1-p09,15cacb7214da29f735fe74234e764297d31194371bcebd510dbee27b79d6d12c,4,847,100
2,ex2-s5-e1-a1-p09,15cacb7214da29f735fe74234e764297d31194371bcebd510dbee27b79d6d12c,4,848,0
2,ex2-s5-e1-a1-p09,15cacb7214da29f735fe74234e764297d31194371bcebd510dbee27b79d6d12c,4,849,0
2,ex2-s5-e1-a1-p09,15cacb7214da29f735fe74234e764297d31194371bcebd510dbee27b79d6d12c,4,850,0
2,ex2-s5-e1-a1-p09,15cacb7214da29f735fe74234e764297d31194371bcebd510dbee27b79d6d12c,4,851,0
2,ex2-s5-e1-a1-p09,15cacb7214da29f735fe74234e764297d31194371bcebd510dbee27b79d6d12c,4,852,0
2,ex2-s5-e1-a1-p09,15cacb7214da29f735fe74234e764297d31194371bcebd510dbee27b79d6d12c,4,853,0
2,ex2-s5-e1-a1-p09,15cacb7214da29f735fe74234e764297d31194371bcebd510dbee27b79d6d12c,4,854,100
2,ex2-s5-e1-a1-p09,15cacb7214da29f735fe74234e764297d31194371bcebd510dbee27b79d6d12c,4,855,0
2,ex2-s5-e1-a1-p09,15cacb7214da29f735fe74234e764297d31194371bcebd510dbee27b79d6d12c,4,856,100
2,ex2-s5-e1-a1-p09,15cacb7214da29f735fe74234e764297d31194371bcebd510dbee27b79d6d12c,4,857,0
2,ex2-s5-e1-a1-p09,15cacb7214da29f735fe74234e764297d31194371bcebd510dbee27b79d6d12c,4,858,0
2,ex2-s5-e1-a1-p09,15cacb7214da29f735fe74234e764297d31194371bcebd510dbee27b79d6d12c,4,859,0
2,ex2-s5-e1-a1-p09,15cacb7214da29f735fe74234e764297d31194371bcebd510dbee27b79d6d12c,4,860,0
2,ex2-s5-e1-a1-p09,15cacb7214da29f735fe74234e764297d31194371bcebd510dbee27b79d6d12c,4,861,0
2,ex2-s5-e1-a1-p09,15cacb7214da29f735fe74234e764297d31194371bcebd510dbee27b79d6d12c,4,862,100
2,ex2-s5-e1-a1-p09,15cacb7214da29f735fe74234e764297d31194371bcebd510dbee27b79d6d12c,4,863,0
2,ex2-s5-e1-a1-p09,15cacb7214da29f735fe74234e764297d31194371bcebd510dbee27b79d6d12c,4,864,0
2,ex2-s5-e1-a1-p09,15cacb7214da29f735fe74234e764297d31194371bcebd510dbee27b79d6d12c,4,865,0
2,ex2-s5-e1-a1-p09,15cacb7214da29f735fe74234e764297d31194371bcebd510dbee27b79d6d12c,4,866,0
2,ex2-s5-e1-a1-p09,15cacb7214da29f735fe74234e764297d31194371bcebd510dbee27b79d6d12c,4,867,0
2,ex2-s5-e1-a1-p09,15cacb7214da29f735fe74234e764297d31194371bcebd510dbee27b79d6d12c,4,868,0
2,ex2-s5-e1-a1-p09,15cacb7214da29f735fe74234e764297d31194371bcebd510dbee27b79d6d12c,4,869,100
2,ex2-s5-e1-a1-p09,15cacb7214da29f735fe74234e764297d31194371bcebd510dbee27b79d6d12c,4,870,0
2,ex2-s5-e1-a1-p09,15cacb7214da29f735fe74234e764297d31194371bcebd510dbee27b79d6d12c,4,871,0
2,ex2-s5-e1-a1-p09,15cacb7214da29f735fe74234e764297d31194371bcebd510dbee27b79d6d12c,4,872,0
2,ex2-s5-e1-a1-p09,15cacb7214da29f735fe74234e764297d31194371bcebd510dbee27b79d6d12c,4,873,0
2,ex2-s5-e1-a1-p09,15cacb7214da29f735fe74234e764297d31194371bcebd510dbee27b79d6d12c,4,874,0
2,ex2-s5-e1-a1-p09,15cacb7214da29f735fe74234e764297d31194371bcebd510dbee27b79d6d12c,4,875,100
2,ex2-s5-e1-a1-p09,15cacb7214da29f735fe74234e764297d31194371bcebd510dbee27b79d6d12c,4,876,0
2,ex2-s5-e1-a1-p09,15cacb7214da29f735fe74234e764297d31194371bcebd510dbee27b79d6d12c,4,877,0
2,ex2-s5-e1-a1-p09,15cacb7214da29f735fe74234e764297d31194371bcebd510dbee27b79d6d12c,4,878,0
2,ex2-s5-e1-a1-p09,15cacb7214da29f735fe74234e764297d31194371bcebd510dbee27b79d6d12c,4,879,0
2,ex2-s5-e1-a1-p09,15cacb7214da29f735fe74234e764297d31194371bcebd510dbee27b79d6d12c,4,880,0
2,ex2-s5-e1-a1-p09,15cacb7214da29f735fe74234e764297d31194371bcebd510dbee27b79d6d12c,4,881,0
2,ex2-s5-e1-a1-p09,15cacb7214da29f735fe74234e764297d31194371bcebd510dbee27b79d6d12c,4,882,100
2,ex2-s5-e1-a1-p09,15cacb7214da29f735fe74234e764297d31194371bcebd510dbee27b79d6d12c,4,883,0
2,ex2-s5-e1-a1-p09,15cacb7214da29f735fe74234e764297d31194371bcebd510dbee27b79d6d12c,4,884,0
2,ex2-s5-e1-a1-p09,15cacb7214da29f735fe74234e764297d31194371bcebd510dbee27b79d6d12c,4,885,0
2,ex2-s5-e1-a1-p09,15cacb7214da29f735fe74234e764297d31194371bcebd510dbee27b79d6d12c,4,886,0
2,ex2-s5-e1-a1-p09,15cacb7214da29f735fe74234e764297d31194371bcebd510dbee27b79d6d12c,4,887,0
2,ex2-s5-e1-a1-p09,15cacb7214da29f735fe74234e764297d31194371bcebd510dbee27b79d6d12c,4,888,100
2,ex2-s5-e1-a1-p09,15cacb7214da29f735fe74234e764297d31194371bcebd510dbee27b79d6d12c,4,889,0
2,ex2-s5-e1-a1-p09,15cacb7214da29f735fe74234e764297d31194371bcebd510dbee27b79d6d12c,4,890,0
2,ex2-s5-e1-a1-p09,15cacb7214da29f735fe74234e764297d31194371bcebd510dbee27b79d6d12c,4,891,0
2,ex2-s5-e1-a1-p09,15cacb7214da29f735fe74234e764297d31194371bcebd510dbee27b79d6d12c,4,892,0
2,ex2-s5-e1-a1-p09,15cacb7214da29f735fe74234e764297d31194371bcebd510dbee27b79d6d12c,4,893,0
2,ex2-s5-e1-a1-p09,15cacb7214da29f735fe74234e764297d31194371bcebd510dbee27b79d6d12c,4,894,0
2,ex2-s5-e1-a1-p09,15cacb7214da29f735fe74234e764297d31194371bcebd510dbee27b79d6d12c,4,895,100
2,ex2-s5-e1-a1-p09,15cacb7214da29f735fe74234e764297d31194371bcebd510dbee27b79d6d12c,4,896,0
2,ex2-s5-e1-a1-p09,15cacb7214da29f735fe74234e764297d31194371bcebd510dbee27b79d6d12c,4,897,0
2,ex2-s5-e1-a1-p09,15cacb7214da29f735fe74234e764297d31194371bcebd510dbee27b79d6d12c,4,898,0
2,ex2-s5-e1-a1-p09,15cacb7214da29f735fe74234e764297d31194371bcebd510dbee27b79d6d12c,4,899,0
2,ex2-s5-e1-a1-p09,15cacb7214da29f735fe74234e764297d31194371bcebd510dbee27b79d6d12c,4,900,0
2,ex2-s5-e1-a1-p09,15cacb7214da29f735fe74234e764297d31194371bcebd510dbee27b79d6d12c,4,901,100
2,ex2-s5-e1-a1-p09,15cacb7214da29f735fe74234e764297d31194371bcebd510dbee27b79d6d12c,4,902,0
2,ex2-s5-e1-a1-p09,15cacb7214da29f735fe74234e764297d31194371bcebd510dbee27b79d6d12c,4,903,0
2,ex2-s5-e1-a1-p09,15cacb7214da29f735fe74234e764297d31194371bcebd510dbee27b79d6d12c,4,904,0
2,ex2-s5-e1-a1-p09,15cacb7214da29f735fe74234e764297d31194371bcebd510dbee27b79d6d12c,4,905,0
2,ex2-s5-e1-a1-p09,15cacb7214da29f735fe74234e764297d31194371bcebd510dbee27b79d6d12c,4,906,0
2,ex2-s5-e1-a1-p09,15cacb7214da29f735fe74234e764297d31194371bcebd510dbee27b79d6d12c,4,907,0
2,ex2-s5-e1-a1-p09,15cacb7214da29f735fe74234e764297d31194371bcebd510dbee27b79d6d12c,4,908,100
2,ex2-s5-e1-a1-p09,15cacb7214da29f735fe74234e764297d31194371bcebd510dbee27b79d6d12c,4,909,0
2,ex2-s5-e1-a1-p09,15cacb7214da29f735fe74234e764297d31194371bcebd510dbee27b79d6d12c,4,910,0
2,ex2-s5-e1-a1-p09,15cacb7214da29f735fe74234e764297d31194371bcebd510dbee27b79d6d12c,4,911,0
2,ex2-s5-e1-a1-p09,15cacb7214da29f735fe74234e764297d31194371bcebd510dbee27b79d6d12c,4,912,0
2,ex2-s5-e1-a1-p09,15cacb7214da29f735fe74234e764297d31194371bcebd510dbee27b79d6d12c,4,913,0
2,ex2-s5-e1-a1-p09,15cacb7214da29f735fe74234e764297d31194371bcebd510dbee27b79d6d12c,4,914,100
2,ex2-s5-e1-a1-p09,15cacb7214da29f735fe74234e764297d31194371bcebd510dbee27b79d6d12c,4,915,0
2,ex2-s5-e1-a1-p09,15cacb7214da29f735fe74234e764297d31194371bcebd510dbee27b79d6d12c,4,916,0
2,ex2-s5-e1-a1-p09,15cacb7214da29f735fe74234e764297d31194371bcebd510dbee27b79d6d12c,4,917,0
2,ex2-s5-e1-a1-p09,15cacb7214da29f735fe74234e764297d31194371bcebd510dbee27b79d6d12c,4,918,0
2,ex2-s5-e1-a1-p09,15cacb7214da29f735fe74234e764297d31194371bcebd510dbee27b79d6d12c,4,919,0
2,ex2-s5-e1-a1-p09,15cacb7214da29f735fe74234e764297d31194371bcebd510dbee27b79d6d12c,4,920,0
2,ex2-s5-e1-a1-p09,15cacb7214da29f735fe74234e764297d31194371bcebd510dbee27b79d6d12c,4,921,100
2,ex2-s5-e1-a1-p09,15cacb7214da29f735fe74234e764297d31194371bcebd510dbee27b79d6d12c,4,922,0
2,ex2-s5-e1-a1-p09,15cacb7214da29f735fe74234e764297d31194371bcebd510dbee27b79d6d12c,4,923,0
2,ex2-s5-e1-a1-p09,15cacb7214da29f735fe74234e764297d31194371bcebd510dbee27b79d6d12c,4,924,0
2,ex2-s5-e1-a1-p09,15cacb7214da29f735fe74234e764297d31194371bcebd510dbee27b79d6d12c,4,925,0
2,ex2-s5-e1-a1-p09,15cacb7214da29f735fe74234e764297d31194371bcebd510dbee27b79d6d12c,4,926,0
2,ex2-s5-e1-a1-p09,15cacb7214da29f735fe74234e764297d31194371bcebd510dbee27b79d6d12c,4,927,100
2,ex2-s5-e1-a1-p09,15cacb7214da29f735fe74234e764297d31194371bcebd510dbee27b79d6d12c,4,928,0
2,ex2-s5-e1-a1-p09,15cacb7214da29f735fe74234e764297d31194371bcebd510dbee27b79d6d12c,4,929,0
2,ex2-s5-e1-a1-p09,15cacb7214da29f735fe74234e764297d31194371bcebd510dbee27b79d6d12c,4,930,0
2,ex2-s5-e1-a1-p09,15cacb7214da29f735fe74234e764297d31194371bcebd510dbee27b79d6d12c,4,931,0
2,ex2-s5-e1-a1-p09,15cacb7214da29f735fe74234e764297d31194371bcebd510dbee27b79d6d12c,4,932,0
2,ex2-s5-e1-a1-p09,15cacb7214da29f735fe74234e764297d31194371bcebd510dbee27b79d6d12c,4,933,0
2,ex2-s5-e1-a1-p09,15cacb7214da29f735fe74234e764297d31194371bcebd510dbee27b79d6d12c,4,934,100
2,ex2-s5-e1-a1-p09,15cacb7214da29f735fe74234e764297d31194371bcebd510dbee27b79d6d12c,4,935,0
2,ex2-s5-e1-a1-p09,15cacb7214da29f735fe74234e764297d31194371bcebd510dbee27b79d6d12c,4,936,0
2,ex2-s5-e1-a1-p09,15cacb7214da29f735fe74234e764297d31194371bcebd510dbee27b79d6d12c,4,937,0
2,ex2-s5-e1-a1-p09,15cacb7214da29f735fe74234e764297d31194371bcebd510dbee27b79d6d12c,4,938,0
2,ex2-s5-e1-a1-p09,15cacb7214da29f735fe74234e764297d31194371bcebd510dbee27b79d6d12c,4,939,0
2,ex2-s5-e1-a1-p09,15cacb7214da29f735fe74234e764297d31194371bcebd510dbee27b79d6d12c,4,940,100
2,ex2-s5-e1-a1-p09,15cacb7214da29f735fe74234e764297d31194371bcebd510dbee27b79d6d12c,4,941,0
2,ex2-s5-e1-a1-p09,15cacb7214da29f735fe74234e764297d31194371bcebd510dbee27b79d6d12c,4,942,0
2,ex2-s5-e1-a1-p09,15cacb7214da29f735fe74234e764297d31194371bcebd510dbee27b79d6d12c,4,943,0
2,ex2-s5-e1-a1-p09,15cacb7214da29f735fe74234e764297d31194371bcebd510dbee27b79d6d12c,4,944,0
2,ex2-s5-e1-a1-p09,15cacb7214da29f735fe74234e764297d31194371bcebd510dbee27b79d6d12c,4,945,0
2,ex2-s5-e1-a1-p09,15cacb7214da29f735fe74234e764297d31194371bcebd510dbee27b79d6d12c,4,946,0
2,ex2-s5-e1-a1-p09,15cacb7214da29f735fe74234e764297d31194371bcebd510dbee27b79d6d12c,4,947,100
2,ex2-s5-e1-a1-p09,15cacb7214da29f735fe74234e764297d31194371bcebd510dbee27b79d6d12c,4,948,0
2,ex2-s5-e1-a1-p09,15cacb7214da29f735fe74234e764297d31194371bcebd510dbee27b79d6d12c,4,949,0
2,ex2-s5-e1-a1-p09,15cacb7214da29f735fe74234e764297d31194371bcebd510dbee27b79d6d12c,4,950,0
2,ex2-s5-e1-a1-p09,15cacb7214da29f735fe74234e764297d31194371bcebd510dbee27b79d6d12c,4,951,0
2,ex2-s5-e1-a1-p09,15cacb7214da29f735fe74234e764297d31194371bcebd510dbee27b79d6d12c,4,952,0
2,ex2-s5-e1-a1-p09,15cacb7214da29f735fe74234e764297d31194371bcebd510dbee27b79d6d12c,4,953,100
2,ex2-s5-e1-a1-p09,15cacb7214da29f735fe74234e764297d31194371bcebd510dbee27b79d6d12c,4,954,0
2,ex2-s5-e1-a1-p09,15cacb7214da29f735fe74234e764297d31194371bcebd510dbee27b79d6d12c,4,955,0
2,ex2-s5-e1-a1-p09,15cacb7214da29f735fe74234e764297d31194371bcebd510dbee27b79d6d12c,4,956,0
2,ex2-s5-e1-a1-p09,15cacb7214da29f735fe74234e764297d31194371bcebd510dbee27b79d6d12c,4,957,0
2,ex2-s5-e1-a1-p09,15cacb7214da29f735fe74234e764297d31194371bcebd510dbee27b79d6d12c,4,958,0
2,ex2-s5-e1-a1-p09,15cacb7214da29f735fe74234e764297d31194371bcebd510dbee27b79d6d12c,4,959,0
2,ex2-s5-e1-a1-p09,15cacb7214da29f735fe74234e764297d31194371bcebd510dbee27b79d6d12c,4,960,100
2,ex2-s5-e1-a1-p09,15cacb7214da29f735fe74234e764297d31194371bcebd510dbee27b79d6d12c,4,961,0
2,ex2-s5-e1-a1-p09,15cacb7214da29f735fe74234e764297d31194371bcebd510dbee27b79d6d12c,4,962,0
2,ex2-s5-e1-a1-p09,15cacb7214da29f735fe74234e764297d31194371bcebd510dbee27b79d6d12c,4,963,0
2,ex2-s5-e1-a1-p09,15cacb7214da29f735fe74234e764297d31194371bcebd510dbee27b79d6d12c,4,964,0
2,ex2-s5-e1-a1-p09,15cacb7214da29f735fe74234e764297d31194371bcebd510dbee27b79d6d12c,4,965,0
2,ex2-s5-e1-a1-p09,15cacb7214da29f735fe74234e764297d31194371bcebd510dbee27b79d6d12c,4,966,100
2,ex2-s5-e1-a1-p09,15cacb7214da29f735fe74234e764297d31194371bcebd510dbee27b79d6d12c,4,967,0
2,ex2-s5-e1-a1-p09,15cacb7214da29f735fe74234e764297d31194371bcebd510dbee27b79d6d12c,4,968,0
2,ex2-s5-e1-a1-p09,15cacb7214da29f735fe74234e764297d31194371bcebd510dbee27b79d6d12c,4,969,0
2,ex2-s5-e1-a1-p09,15cacb7214da29f735fe74234e764297d31194371bcebd510dbee27b79d6d12c,4,970,0
2,ex2-s5-e1-a1-p09,15cacb7214da29f735fe74234e764297d31194371bcebd510dbee27b79d6d12c,4,971,0
2,ex2-s5-e1-a1-p09,15cacb7214da29f735fe74234e764297d31194371bcebd510dbee27b79d6d12c,4,972,0
2,ex2-s5-e1-a1-p09,15cacb7214da29f735fe74234e764297d31194371bcebd510dbee27b79d6d12c,4,973,100
2,ex2-s5-e1-a1-p09,15cacb7214da29f735fe74234e764297d31194371bcebd510dbee27b79d6d12c,4,974,0
2,ex2-s5-e1-a1-p09,15cacb7214da29f735fe74234e764297d31194371bcebd510dbee27b79d6d12c,4,975,0
2,ex2-s5-e1-a1-p09,15cacb7214da29f735fe74234e764297d31194371bcebd510dbee27b79d6d12c,4,976,0
2,ex2-s5-e1-a1-p09,15cacb7214da29f735fe74234e764297d31194371bcebd510dbee27b79d6d12c,4,977,0
2,ex2-s5-e1-a1-p09,15cacb7214da29f735fe74234e764297d31194371bcebd510dbee27b79d6d12c,4,978,0
2,ex2-s5-e1-a1-p09,15cacb7214da29f735fe74234e764297d31194371bcebd510dbee27b79d6d12c,4,979,100
2,ex2-s5-e1-a1-p09,15cacb7214da29f735fe74234e764297d31194371bcebd510dbee27b79d6d12c,4,980,0
2,ex2-s5-e1-a1-p09,15cacb7214da29f735fe74234e764297d31194371bcebd510dbee27b79d6d12c,4,981,0
2,ex2-s5-e1-a1-p09,15cacb7214da29f735fe74234e764297d31194371bcebd510dbee27b79d6d12c,4,982,0
2,ex2-s5-e1-a1-p09,15cacb7214da29f735fe74234e764297d31194371bcebd510dbee27b79d6d12c,4,983,0
2,ex2-s5-e1-a1-p09,15cacb7214da29f735fe74234e764297d31194371bcebd510dbee27b79d6d12c,4,984,0
2,ex2-s5-e1-a1-p09,15cacb7214da29f735fe74234e764297d31194371bcebd510dbee27b79d6d12c,4,985,0
2,ex2-s5-e1-a1-p09,15cacb7214da29f735fe74234e764297d31194371bcebd510dbee27b79d6d12c,4,986,100
2,ex2-s5-e1-a1-p09,15cacb7214da29f735fe74234e764297d31194371bcebd510dbee27b79d6d12c,4,987,0
2,ex2-s5-e1-a1-p09,15cacb7214da29f735fe74234e764297d31194371bcebd510dbee27b79d6d12c,4,988,0
2,ex2-s5-e1-a1-p09,15cacb7214da29f735fe74234e764297d31194371bcebd510dbee27b79d6d12c,4,989,0
2,ex2-s5-e1-a1-p09,15cacb7214da29f735fe74234e764297d31194371bcebd510dbee27b79d6d12c,4,990,0
2,ex2-s5-e1-a1-p09,15cacb7214da29f735fe74234e764297d31194371bcebd510dbee27b79d6d12c,4,991,0
2,ex2-s5-e1-a1-p09,15cacb7214da29f735fe74234e764297d31194371bcebd510dbee27b79d6d12c,4,992,100
2,ex2-s5-e1-a1-p09,15cacb7214da29f735fe74234e764297d31194371bcebd510dbee27b79d6d12c,4,993,0
2,ex2-s5-e1-a1-p09,15cacb7214da29f735fe74234e764297d31194371bcebd510dbee27b79d6d12c,4,994,0
2,ex2-s5-e1-a1-p09,15cacb7214da29f735fe74234e764297d31194371bcebd510dbee27b79d6d12c,4,995,0
2,ex2-s5-e1-a1-p09,15cacb7214da29f735fe74234e764297d31194371bcebd510dbee27b79d6d12c,4,996,0
2,ex2-s5-e1-a1-p09,15cacb7214da29f735fe74234e764297d31194371bcebd510dbee27b79d6d12c,4,997,0
2,ex2-s5-e1-a1-p09,15cacb7214da29f735fe74234e764297d31194371bcebd510dbee27b79d6d12c,4,998,0
2,ex2-s5-e1-a1-p09,15cacb7214da29f735fe74234e764297d31194371bcebd510dbee27b79d6d12c,4,999,100
2,ex2-s5-e1-a1-p09,15cacb7214da29f735fe74234e764297d31194371bcebd510dbee27b79d6d12c,4,1000,0
2,ex2-s5-e1-a1-p09,15cacb7214da29f735fe74234e764297d31194371bcebd510dbee27b79d6d12c,4,1001,0
2,ex2-s5-e1-a1-p09,15cacb7214da29f735fe74234e764297d31194371bcebd510dbee27b79d6d12c,4,1002,0
2,ex2-s5-e1-a1-p09,15cacb7214da29f735fe74234e764297d31194371bcebd510dbee27b79d6d12c,4,1003,0
2,ex2-s5-e1-a1-p09,15cacb7214da29f735fe74234e764297d31194371bcebd510dbee27b79d6d12c,4,1004,0
2,ex2-s5-e1-a1-p09,15cacb7214da29f735fe74234e764297d31194371bcebd510dbee27b79d6d12c,4,1005,100
2,ex2-s5-e1-a1-p09,15cacb7214da29f735fe74234e764297d31194371bcebd510dbee27b79d6d12c,4,1006,0
2,ex2-s5-e1-a1-p09,15cacb7214da29f735fe74234e764297d31194371bcebd510dbee27b79d6d12c,4,1007,0
2,ex2-s5-e1-a1-p09,15cacb7214da29f735fe74234e764297d31194371bcebd510dbee27b79d6d12c,4,1008,0
2,ex2-s5-e1-a1-p09,15cacb7214da29f735fe74234e764297d31194371bcebd510dbee27b79d6d12c,4,1009,0
2,ex2-s5-e1-a1-p09,15cacb7214da29f735fe74234e764297d31194371bcebd510dbee27b79d6d12c,4,1010,0
2,ex2-s5-e1-a1-p09,15cacb7214da29f735fe74234e764297d31194371bcebd510dbee27b79d6d12c,4,1011,0
2,ex2-s5-e1-a1-p09,15cacb7214da29f735fe74234e764297d31194371bcebd510dbee27b79d6d12c,4,1012,100
2,ex2-s5-e1-a1-p09,15cacb7214da29f735fe74234e764297d31194371bcebd510dbee27b79d6d12c,4,1013,0
2,ex2-s5-e1-a1-p09,15cacb7214da29f735fe74234e764297d31194371bcebd510dbee27b79d6d12c,4,1014,0
2,ex2-s5-e1-a1-p09,15cacb7214da29f735fe74234e764297d31194371bcebd510dbee27b79d6d12c,4,1015,0
2,ex2-s5-e1-a1-p09,15cacb7214da29f735fe74234e764297d31194371bcebd510dbee27b79d6d12c,4,1016,0
2,ex2-s5-e1-a1-p09,15cacb7214da29f735fe74234e764297d31194371bcebd510dbee27b79d6d12c,4,1017,0
2,ex2-s5-e1-a1-p09,15cacb7214da29f735fe74234e764297d31194371bcebd510dbee27b79d6d12c,4,1018,100
2,ex2-s5-e1-a1-p09,15cacb7214da29f735fe74234e764297d31194371bcebd510dbee27b79d6d12c,4,1019,0
2,ex2-s5-e1-a1-p09,15cacb7214da29f735fe74234e764297d31194371bcebd510dbee27b79d6d12c,4,1020,0
2,ex2-s5-e1-a1-p09,15cacb7214da29f735fe74234e764297d31194371bcebd510dbee27b79d6d12c,4,1021,0
2,ex2-s5-e1-a1-p09,15cacb7214da29f735fe74234e764297d31194371bcebd510dbee27b79d6d12c,4,1022,0
2,ex2-s5-e1-a1-p09,15cacb7214da29f735fe74234e764297d31194371bcebd510dbee27b79d6d12c,4,1023,0
2,ex2-s5-e1-a1-p09,15cacb7214da29f735fe74234e764297d31194371bcebd510dbee27b79d6d12c,4,1024,0
2,ex2-s5-e1-a1-p09,15cacb7214da29f735fe74234e764297d31194371bcebd510dbee27b79d6d12c,4,1025,100
2,ex2-s5-e1-a1-p09,15cacb7214da29f735fe74234e764297d31194371bcebd510dbee27b79d6d12c,4,1026,0
2,ex2-s5-e1-a1-p09,15cacb7214da29f735fe74234e764297d31194371bcebd510dbee27b79d6d12c,4,1027,0
2,ex2-s5-e1-a1-p09,15cacb7214da29f735fe74234e764297d31194371bcebd510dbee27b79d6d12c,4,1028,0
2,ex2-s5-e1-a1-p09,15cacb7214da29f735fe74234e764297d31194371bcebd510dbee27b79d6d12c,4,1029,0
2,ex2-s5-e1-a1-p09,15cacb7214da29f735fe74234e764297d31194371bcebd510dbee27b79d6d12c,4,1030,0
2,ex2-s5-e1-a1-p09,15cacb7214da29f735fe74234e764297d31194371bcebd510dbee27b79d6d12c,4,1031,100
2,ex2-s5-e1-a1-p09,15cacb7214da29f735fe74234e764297d31194371bcebd510dbee27b79d6d12c,4,1032,0
2,ex2-s5-e1-a1-p09,15cacb7214da29f735fe74234e764297d31194371bcebd510dbee27b79d6d12c,4,1033,0
2,ex2-s5-e1-a1-p09,15cacb7214da29f735fe74234e764297d31194371bcebd510dbee27b79d6d12c,4,1034,0
2,ex2-s5-e1-a1-p09,15cacb7214da29f735fe74234e764297d31194371bcebd510dbee27b79d6d12c,4,1035,0
2,ex2-s5-e1-a1-p09,15cacb7214da29f735fe74234e764297d31194371bcebd510dbee27b79d6d12c,4,1036,0
2,ex2-s5-e1-a1-p09,15cacb7214da29f735fe74234e764297d31194371bcebd510dbee27b79d6d12c,4,1037,0
2,ex2-s5-e1-a1-p09,15cacb7214da29f735fe74234e764297d31194371bcebd510dbee27b79d6d12c,4,1038,100
2,ex2-s5-e1-a1-p09,15cacb7214da29f735fe74234e764297d31194371bcebd510dbee27b79d6d12c,4,1039,0
2,ex2-s5-e1-a1-p09,15cacb7214da29f735fe74234e764297d31194371bcebd510dbee27b79d6d12c,4,1040,0
2,ex2-s5-e1-a1-p09,15cacb7214da29f735fe74234e764297d31194371bcebd510dbee27b79d6d12c,4,1041,0
2,ex2-s5-e1-a1-p09,15cacb7214da29f735fe74234e764297d31194371bcebd510dbee27b79d6d12c,4,1042,0
2,ex2-s5-e1-a1-p09,15cacb7214da29f735fe74234e764297d31194371bcebd510dbee27b79d6d12c,4,1043,0
2,ex2-s5-e1-a1-p09,15cacb7214da29f735fe74234e764297d31194371bcebd510dbee27b79d6d12c,4,1044,100
2,ex2-s5-e1-a1-p09,15cacb7214da29f735fe74234e764297d31194371bcebd510dbee27b79d6d12c,4,1045,0
2,ex2-s5-e1-a1-p09,15cacb7214da29f735fe74234e764297d31194371bcebd510dbee27b79d6d12c,4,1046,0
2,ex2-s5-e1-a1-p09,15cacb7214da29f735fe74234e764297d31194371bcebd510dbee27b79d6d12c,4,1047,0
2,ex2-s5-e1-a1-p09,15cacb7214da29f735fe74234e764297d31194371bcebd510dbee27b79d6d12c,4,1048,0
2,ex2-s5-e1-a1-p09,15cacb7214da29f735fe74234e764297d31194371bcebd510dbee27b79d6d12c,4,1049,0
2,ex2-s5-e1-a1-p09,15cacb7214da29f735fe74234e764297d31194371bcebd510dbee27b79d6d12c,4,1050,0
2,ex2-s5-e1-a1-p09,15cacb7214da29f735fe74234e764297d31194371bcebd510dbee27b79d6d12c,4,1051,100
2,ex2-s5-e1-a1-p09,15cacb7214da29f735fe74234e764297d31194371bcebd510dbee27b79d6d12c,4,1052,0
2,ex2-s5-e1-a1-p09,15cacb7214da29f735fe74234e764297d31194371bcebd510dbee27b79d6d12c,4,1053,0
2,ex2-s5-e1-a1-p09,15cacb7214da29f735fe74234e764297d31194371bcebd510dbee27b79d6d12c,4,1054,0
2,ex2-s5-e1-a1-p09,15cacb7214da29f735fe74234e764297d31194371bcebd510dbee27b79d6d12c,4,1055,0
2,ex2-s5-e1-a1-p09,15cacb7214da29f735fe74234e764297d31194371bcebd510dbee27b79d6d12c,4,1056,0
2,ex2-s5-e1-a1-p09,15cacb7214da29f735fe74234e764297d31194371bcebd510dbee27b79d6d12c,4,1057,100
2,ex2-s5-e1-a1-p09,15cacb7214da29f735fe74234e764297d31194371bcebd510dbee27b79d6d12c,4,1058,0
2,ex2-s5-e1-a1-p09,15cacb7214da29f735fe74234e764297d31194371bcebd510dbee27b79d6d12c,4,1059,0
2,ex2-s5-e1-a1-p09,15cacb7214da29f735fe74234e764297d31194371bcebd510dbee27b79d6d12c,4,1060,0
2,ex2-s5-e1-a1-p09,15cacb7214da29f735fe74234e764297d31194371bcebd510dbee27b79d6d12c,4,1061,0
2,ex2-s5-e1-a1-p09,15cacb7214da29f735fe74234e764297d31194371bcebd510dbee27b79d6d12c,4,1062,0
2,ex2-s5-e1-a1-p09,15cacb7214da29f735fe74234e764297d31194371bcebd510dbee27b79d6d12c,4,1063,0
2,ex2-s5-e1-a1-p09,15cacb7214da29f735fe74234e764297d31194371bcebd510dbee27b79d6d12c,4,1064,100
2,ex2-s5-e1-a1-p09,15cacb7214da29f735fe74234e764297d31194371bcebd510dbee27b79d6d12c,4,1065,0
2,ex2-s5-e1-a1-p09,15cacb7214da29f735fe74234e764297d31194371bcebd510dbee27b79d6d12c,4,1066,0
2,ex2-s5-e1-a1-p09,15cacb7214da29f735fe74234e764297d31194371bcebd510dbee27b79d6d12c,4,1067,0
2,ex2-s5-e1-a1-p09,15cacb7214da29f735fe74234e764297d31194371bcebd510dbee27b79d6d12c,4,1068,0
2,ex2-s5-e1-a1-p09,15cacb7214da29f735fe74234e764297d31194371bcebd510dbee27b79d6d12c,4,1069,0
2,ex2-s5-e1-a1-p09,15cacb7214da29f735fe74234e764297d31194371bcebd510dbee27b79d6d12c,4,1070,100
2,ex2-s5-e1-a1-p09,15cacb7214da29f735fe74234e764297d31194371bcebd510dbee27b79d6d12c,4,1071,0
2,ex2-s5-e1-a1-p09,15cacb7214da29f735fe74234e764297d31194371bcebd510dbee27b79d6d12c,4,1072,0
2,ex2-s5-e1-a1-p09,15cacb7214da29f735fe74234e764297d31194371bcebd510dbee27b79d6d12c,4,1073,0
2,ex2-s5-e1-a1-p09,15cacb7214da29f735fe74234e764297d31194371bcebd510dbee27b79d6d12c,4,1074,0
2,ex2-s5-e1-a1-p09,15cacb7214da29f735fe74234e764297d31194371bcebd510dbee27b79d6d12c,4,1075,0
2,ex2-s5-e1-a1-p09,15cacb7214da29f735fe74234e764297d31194371bcebd510dbee27b79d6d12c,4,1076,0
2,ex2-s5-e1-a1-p09,15cacb7214da29f735fe74234e764297d31194371bcebd510dbee27b79d6d12c,4,1077,100
2,ex2-s5-e1-a1-p09,15cacb7214da29f735fe74234e764297d31194371bcebd510dbee27b79d6d12c,4,1078,0
2,ex2-s5-e1-a1-p09,15cacb7214da29f735fe74234e764297d31194371bcebd510dbee27b79d6d12c,4,1079,0
2,ex2-s5-e1-a1-p09,15cacb7214da29f735fe74234e764297d31194371bcebd510dbee27b79d6d12c,4,1080,0
2,ex2-s5-e1-a1-p09,15cacb7214da29f735fe74234e764297d31194371bcebd510dbee27b79d6d12c,4,1081,0
2,ex2-s5-e1-a1-p09,15cacb7214da29f735fe74234e764297d31194371bcebd510dbee27b79d6d12c,4,1082,0
2,ex2-s5-e1-a1-p09,15cacb7214da29f735fe74234e764297d31194371bcebd510dbee27b79d6d12c,4,1083,100
2,ex2-s5-e1-a1-p09,15cacb7214da29f735fe74234e764297d31194371bcebd510dbee27b79d6d12c,4,1084,0
2,ex2-s5-e1-a1-p09,15cacb7214da29f735fe74234e764297d31194371bcebd510dbee27b79d6d12c,4,1085,0
2,ex2-s5-e1-a1-p09,15cacb7214da29f735fe74234e764297d31194371bcebd510dbee27b79d6d12c,4,1086,0
2,ex2-s5-e1-a1-p09,15cacb7214da29f735fe74234e764297d31194371bcebd510dbee27b79d6d12c,4,1087,0
2,ex2-s5-e1-a1-p09,15cacb7214da29f735fe74234e764297d31194371bcebd510dbee27b79d6d12c,4,1088,0
2,ex2-s5-e1-a1-p09,15cacb7214da29f735fe74234e764297d31194371bcebd510dbee27b79d6d12c,4,1089,0
2,ex2-s5-e1-a1-p09,15cacb7214da29f735fe74234e764297d31194371bcebd510dbee27b79d6d12c,4,1090,100
2,ex2-s5-e1-a1-p09,15cacb7214da29f735fe74234e764297d31194371bcebd510dbee27b79d6d12c,4,1091,0
2,ex2-s5-e1-a1-p09,15cacb7214da29f735fe74234e764297d31194371bcebd510dbee27b79d6d12c,4,1092,0
2,ex2-s5-e1-a1-p09,15cacb7214da29f735fe74234e764297d31194371bcebd510dbee27b79d6d12c,4,1093,0
2,ex2-s5-e1-a1-p09,15cacb7214da29f735fe74234e764297d31194371bcebd510dbee27b79d6d12c,4,1094,0
2,ex2-s5-e1-a1-p09,15cacb7214da29f735fe74234e764297d31194371bcebd510dbee27b79d6d12c,4,1095,0
2,ex2-s5-e1-a1-p09,15cacb7214da29f735fe74234e764297d31194371bcebd510dbee27b79d6d12c,4,1096,100
2,ex2-s5-e1-a1-p09,15cacb7214da29f735fe74234e764297d31194371bcebd510dbee27b79d6d12c,4,1097,0
2,ex2-s5-e1-a1-p09,15cacb7214da29f735fe74234e764297d31194371bcebd510dbee27b79d6d12c,4,1098,0
2,ex2-s5-e1-a1-p09,15cacb7214da29f735fe74234e764297d31194371bcebd510dbee27b79d6d12c,4,1099,0
2,ex2-s5-e1-a1-p09,15cacb7214da29f735fe74234e764297d31194371bcebd510dbee27b79d6d12c,4,1100,0
2,ex2-s5-e1-a1-p09,15cacb7214da29f735fe74234e764297d31194371bcebd510dbee27b79d6d12c,4,1101,0
2,ex2-s5-e1-a1-p09,15cacb7214da29f735fe74234e764297d31194371bcebd510dbee27b79d6d12c,4,1102,0
2,ex2-s5-e1-a1-p09,15cacb7214da29f735fe74234e764297d31194371bcebd510dbee27b79d6d12c,4,1103,100
2,ex2-s5-e1-a1-p09,15cacb7214da29f735fe74234e764297d31194371bcebd510dbee27b79d6d12c,4,1104,0
2,ex2-s5-e1-a1-p09,15cacb7214da29f735fe74234e764297d31194371bcebd510dbee27b79d6d12c,4,1105,0
2,ex2-s5-e1-a1-p09,15cacb7214da29f735fe74234e764297d31194371bcebd510dbee27b79d6d12c,4,1106,0
2,ex2-s5-e1-a1-p09,15cacb7214da29f735fe74234e764297d31194371bcebd510dbee27b79d6d12c,4,1107,0
2,ex2-s5-e1-a1-p09,15cacb7214da29f735fe74234e764297d31194371bcebd510dbee27b79d6d12c,4,1108,0
2,ex2-s5-e1-a1-p09,15cacb7214da29f735fe74234e764297d31194371bcebd510dbee27b79d6d12c,4,1109,100
2,ex2-s5-e1-a1-p09,15cacb7214da29f735fe74234e764297d31194371bcebd510dbee27b79d6d12c,4,1110,0
2,ex2-s5-e1-a1-p09,15cacb7214da29f735fe74234e764297d31194371bcebd510dbee27b79d6d12c,4,1111,0
2,ex2-s5-e1-a1-p09,15cacb7214da29f735fe74234e764297d31194371bcebd510dbee27b79d6d12c,4,1112,0
2,ex2-s5-e1-a1-p09,15cacb7214da29f735fe74234e764297d31194371bcebd510dbee27b79d6d12c,4,1113,0
2,ex2-s5-e1-a1-p09,15cacb7214da29f735fe74234e764297d31194371bcebd510dbee27b79d6d12c,4,1114,0
2,ex2-s5-e1-a1-p09,15cacb7214da29f735fe74234e764297d31194371bcebd510dbee27b79d6d12c,4,1115,0
2,ex2-s5-e1-a1-p09,15cacb7214da29f735fe74234e764297d31194371bcebd510dbee27b79d6d12c,4,1116,100
2,ex2-s5-e1-a1-p09,15cacb7214da29f735fe74234e764297d31194371bcebd510dbee27b79d6d12c,4,1117,0
2,ex2-s5-e1-a1-p09,15cacb7214da29f735fe74234e764297d31194371bcebd510dbee27b79d6d12c,4,1118,0
2,ex2-s5-e1-a1-p09,15cacb7214da29f735fe74234e764297d31194371bcebd510dbee27b79d6d12c,4,1119,0
2,ex2-s5-e1-a1-p09,15cacb7214da29f735fe74234e764297d31194371bcebd510dbee27b79d6d12c,4,1120,0
2,ex2-s5-e1-a1-p09,15cacb7214da29f735fe74234e764297d31194371bcebd510dbee27b79d6d12c,4,1121,0
2,ex2-s5-e1-a1-p09,15cacb7214da29f735fe74234e764297d31194371bcebd510dbee27b79d6d12c,4,1122,100
2,ex2-s5-e1-a1-p09,15cacb7214da29f735fe74234e764297d31194371bcebd510dbee27b79d6d12c,4,1123,0
2,ex2-s5-e1-a1-p09,15cacb7214da29f735fe74234e764297d31194371bcebd510dbee27b79d6d12c,4,1124,0
2,ex2-s5-e1-a1-p09,15cacb7214da29f735fe74234e764297d31194371bcebd510dbee27b79d6d12c,4,1125,0
2,ex2-s5-e1-a1-p09,15cacb7214da29f735fe74234e764297d31194371bcebd510dbee27b79d6d12c,4,1126,0
2,ex2-s5-e1-a1-p09,15cacb7214da29f735fe74234e764297d31194371bcebd510dbee27b79d6d12c,4,1127,0
2,ex2-s5-e1-a1-p09,15cacb7214da29f735fe74234e764297d31194371bcebd510dbee27b79d6d12c,4,1128,0
2,ex2-s5-e1-a1-p09,15cacb7214da29f735fe74234e764297d31194371bcebd510dbee27b79d6d12c,4,1129,100
2,ex2-s5-e1-a1-p09,15cacb7214da29f735fe74234e764297d31194371bcebd510dbee27b79d6d12c,4,1130,0
2,ex2-s5-e1-a1-p09,15cacb7214da29f735fe74234e764297d31194371bcebd510dbee27b79d6d12c,4,1131,0
2,ex2-s5-e1-a1-p09,15cacb7214da29f735fe74234e764297d31194371bcebd510dbee27b79d6d12c,4,1132,0
2,ex2-s5-e1-a1-p09,15cacb7214da29f735fe74234e764297d31194371bcebd510dbee27b79d6d12c,4,1133,0
2,ex2-s5-e1-a1-p09,15cacb7214da29f735fe74234e764297d31194371bcebd510dbee27b79d6d12c,4,1134,0
2,ex2-s5-e1-a1-p09,15cacb7214da29f735fe74234e764297d31194371bcebd510dbee27b79d6d12c,4,1135,100
2,ex2-s5-e1-a1-p09,15cacb7214da29f735fe74234e764297d31194371bcebd510dbee27b79d6d12c,4,1136,0
2,ex2-s5-e1-a1-p09,15cacb7214da29f735fe74234e764297d31194371bcebd510dbee27b79d6d12c,4,1137,0
2,ex2-s5-e1-a1-p09,15cacb7214da29f735fe74234e764297d31194371bcebd510dbee27b79d6d12c,4,1138,0
2,ex2-s5-e1-a1-p09,15cacb7214da29f735fe74234e764297d31194371bcebd510dbee27b79d6d12c,4,1139,0
2,ex2-s5-e1-a1-p09,15cacb7214da29f735fe74234e764297d31194371bcebd510dbee27b79d6d12c,4,1140,0
2,ex2-s5-e1-a1-p09,15cacb7214da29f735fe74234e764297d31194371bcebd510dbee27b79d6d12c,4,1141,0
2,ex2-s5-e1-a1-p09,15cacb7214da29f735fe74234e764297d31194371bcebd510dbee27b79d6d12c,4,1142,100
2,ex2-s5-e1-a1-p09,15cacb7214da29f735fe74234e764297d31194371bcebd510dbee27b79d6d12c,4,1143,0
2,ex2-s5-e1-a1-p09,15cacb7214da29f735fe74234e764297d31194371bcebd510dbee27b79d6d12c,4,1144,0
2,ex2-s5-e1-a1-p09,15cacb7214da29f735fe74234e764297d31194371bcebd510dbee27b79d6d12c,4,1145,0
2,ex2-s5-e1-a1-p09,15cacb7214da29f735fe74234e764297d31194371bcebd510dbee27b79d6d12c,4,1146,0
2,ex2-s5-e1-a1-p09,15cacb7214da29f735fe74234e764297d31194371bcebd510dbee27b79d6d12c,4,1147,0
2,ex2-s5-e1-a1-p09,15cacb7214da29f735fe74234e764297d31194371bcebd510dbee27b79d6d12c,4,1148,100
2,ex2-s5-e1-a1-p09,15cacb7214da29f735fe74234e764297d31194371bcebd510dbee27b79d6d12c,4,1149,0
2,ex2-s5-e1-a1-p09,15cacb7214da29f735fe74234e764297d31194371bcebd510dbee27b79d6d12c,4,1150,0
2,ex2-s5-e1-a1-p09,15cacb7214da29f735fe74234e764297d31194371bcebd510dbee27b79d6d12c,4,1151,0
2,ex2-s5-e1-a1-p09,15cacb7214da29f735fe74234e764297d31194371bcebd510dbee27b79d6d12c,4,1152,0
2,ex2-s5-e1-a1-p09,15cacb7214da29f735fe74234e764297d31194371bcebd510dbee27b79d6d12c,4,1153,0
2,ex2-s5-e1-a1-p09,15cacb7214da29f735fe74234e764297d31194371bcebd510dbee27b79d6d12c,4,1154,0
2,ex2-s5-e1-a1-p09,15cacb7214da29f735fe74234e764297d31194371bcebd510dbee27b79d6d12c,4,1155,100
2,ex2-s5-e1-a1-p09,15cacb7214da29f735fe74234e764297d31194371bcebd510dbee27b79d6d12c,4,1156,0
2,ex2-s5-e1-a1-p09,15cacb7214da29f735fe74234e764297d31194371bcebd510dbee27b79d6d12c,4,1157,0
2,ex2-s5-e1-a1-p09,15cacb7214da29f735fe74234e764297d31194371bcebd510dbee27b79d6d12c,4,1158,0
2,ex2-s5-e1-a1-p09,15cacb7214da29f735fe74234e764297d31194371bcebd510dbee27b79d6d12c,4,1159,0
2,ex2-s5-e1-a1-p09,15cacb7214da29f735fe74234e764297d31194371bcebd510dbee27b79d6d12c,4,1160,0
2,ex2-s5-e1-a1-p09,15cacb7214da29f735fe74234e764297d31194371bcebd510dbee27b79d6d12c,4,1161,100
2,ex2-s5-e1-a1-p09,15cacb7214da29f735fe74234e764297d31194371bcebd510dbee27b79d6d12c,4,1162,0
2,ex2-s5-e1-a1-p09,15cacb7214da29f735fe74234e764297d31194371bcebd510dbee27b79d6d12c,4,1163,0
2,ex2-s5-e1-a1-p09,15cacb7214da29f735fe74234e764297d31194371bcebd510dbee27b79d6d12c,4,1164,0
2,ex2-s5-e1-a1-p09,15cacb7214da29f735fe74234e764297d31194371bcebd510dbee27b79d6d12c,4,1165,0
2,ex2-s5-e1-a1-p09,15cacb7214da29f735fe74234e764297d31194371bcebd510dbee27b79d6d12c,4,1166,0
2,ex2-s5-e1-a1-p09,15cacb7214da29f735fe74234e764297d31194371bcebd510dbee27b79d6d12c,4,1167,0
2,ex2-s5-e1-a1-p09,15cacb7214da29f735fe74234e764297d31194371bcebd510dbee27b79d6d12c,4,1168,100
2,ex2-s5-e1-a1-p09,15cacb7214da29f735fe74234e764297d31194371bcebd510dbee27b79d6d12c,4,1169,0
2,ex2-s5-e1-a1-p09,15cacb7214da29f735fe74234e764297d31194371bcebd510dbee27b79d6d12c,4,1170,0
2,ex2-s5-e1-a1-p09,15cacb7214da29f735fe74234e764297d31194371bcebd510dbee27b79d6d12c,4,1171,0
2,ex2-s5-e1-a1-p09,15cacb7214da29f735fe74234e764297d31194371bcebd510dbee27b79d6d12c,4,1172,0
2,ex2-s5-e1-a1-p09,15cacb7214da29f735fe74234e764297d31194371bcebd510dbee27b79d6d12c,4,1173,0
2,ex2-s5-e1-a1-p09,15cacb7214da29f735fe74234e764297d31194371bcebd510dbee27b79d6d12c,4,1174,100
2,ex2-s5-e1-a1-p09,15cacb7214da29f735fe74234e764297d31194371bcebd510dbee27b79d6d12c,4,1175,0
2,ex2-s5-e1-a1-p09,15cacb7214da29f735fe74234e764297d31194371bcebd510dbee27b79d6d12c,4,1176,0
2,ex2-s5-e1-a1-p09,15cacb7214da29f735fe74234e764297d31194371bcebd510dbee27b79d6d12c,4,1177,0
2,ex2-s5-e1-a1-p09,15cacb7214da29f735fe74234e764297d31194371bcebd510dbee27b79d6d12c,4,1178,0
2,ex2-s5-e1-a1-p09,15cacb7214da29f735fe74234e764297d31194371bcebd510dbee27b79d6d12c,4,1179,0
2,ex2-s5-e1-a1-p09,15cacb7214da29f735fe74234e764297d31194371bcebd510dbee27b79d6d12c,4,1180,0
2,ex2-s5-e1-a1-p09,15cacb7214da29f735fe74234e764297d31194371bcebd510dbee27b79d6d12c,4,1181,100
2,ex2-s5-e1-a1-p09,15cacb7214da29f735fe74234e764297d31194371bcebd510dbee27b79d6d12c,4,1182,0
2,ex2-s5-e1-a1-p09,15cacb7214da29f735fe74234e764297d31194371bcebd510dbee27b79d6d12c,4,1183,0
2,ex2-s5-e1-a1-p09,15cacb7214da29f735fe74234e764297d31194371bcebd510dbee27b79d6d12c,4,1184,0
2,ex2-s5-e1-a1-p09,15cacb7214da29f735fe74234e764297d31194371bcebd510dbee27b79d6d12c,4,1185,0
2,ex2-s5-e1-a1-p09,15cacb7214da29f735fe74234e764297d31194371bcebd510dbee27b79d6d12c,4,1186,0
2,ex2-s5-e1-a1-p09,15cacb7214da29f735fe74234e764297d31194371bcebd510dbee27b79d6d12c,4,1187,100
2,ex2-s5-e1-a1-p09,15cacb7214da29f735fe74234e764297d31194371bcebd510dbee27b79d6d12c,4,1188,0
2,ex2-s5-e1-a1-p09,15cacb7214da29f735fe74234e764297d31194371bcebd510dbee27b79d6d12c,4,1189,0
2,ex2-s5-e1-a1-p09,15cacb7214da29f735fe74234e764297d31194371bcebd510dbee27b79d6d12c,4,1190,0
2,ex2-s5-e1-a1-p09,15cacb7214da29f735fe74234e764297d31194371bcebd510dbee27b79d6d12c,4,1191,0
2,ex2-s5-e1-a1-p09,15cacb7214da29f735fe74234e764297d31194371bcebd510dbee27b79d6d12c,4,1192,0
2,ex2-s5-e1-a1-p09,15cacb7214da29f735fe74234e764297d31194371bcebd510dbee27b79d6d12c,4,1193,0
2,ex2-s5-e1-a1-p09,15cacb7214da29f735fe74234e764297d31194371bcebd510dbee27b79d6d12c,4,1194,100
2,ex2-s5-e1-a1-p09,15cacb7214da29f735fe74234e764297d31194371bcebd510dbee27b79d6d12c,4,1195,0
2,ex2-s5-e1-a1-p09,15cacb7214da29f735fe74234e764297d31194371bcebd510dbee27b79d6d12c,4,1196,0
2,ex2-s5-e1-a1-p09,15cacb7214da29f735fe74234e764297d31194371bcebd510dbee27b79d6d12c,4,1197,0
2,ex2-s5-e1-a1-p09,15cacb7214da29f735fe74234e764297d31194371bcebd510dbee27b79d6d12c,4,1198,0
2,ex2-s5-e1-a1-p09,15cacb7214da29f735fe74234e764297d31194371bcebd510dbee27b79d6d12c,4,1199,0
2,ex2-s5-e1-a1-p09,15cacb7214da29f735fe74234e764297d31194371bcebd510dbee27b79d6d12c,4,1200,100
2,ex2-s5-e1-a1-p09,15cacb7214da29f735fe74234e764297d31194371bcebd510dbee27b79d6d12c,4,1201,0
2,ex2-s5-e1-a1-p09,15cacb7214da29f735fe74234e764297d31194371bcebd510dbee27b79d6d12c,4,1202,0
2,ex2-s5-e1-a1-p09,15cacb7214da29f735fe74234e764297d31194371bcebd510dbee27b79d6d12c,4,1203,0
2,ex2-s5-e1-a1-p09,15cacb7214da29f735fe74234e764297d31194371bcebd510dbee27b79d6d12c,4,1204,0
2,ex2-s5-e1-a1-p09,15cacb7214da29f735fe74234e764297d31194371bcebd510dbee27b79d6d12c,4,1205,0
2,ex2-s5-e1-a1-p09,15cacb7214da29f735fe74234e764297d31194371bcebd510dbee27b79d6d12c,4,1206,0
2,ex2-s5-e1-a1-p09,15cacb7214da29f735fe74234e764297d31194371bcebd510dbee27b79d6d12c,4,1207,100
2,ex2-s5-e1-a1-p09,15cacb7214da29f735fe74234e764297d31194371bcebd510dbee27b79d6d12c,4,1208,0
2,ex2-s5-e1-a1-p09,15cacb7214da29f735fe74234e764297d31194371bcebd510dbee27b79d6d12c,4,1209,0
2,ex2-s5-e1-a1-p09,15cacb7214da29f735fe74234e764297d31194371bcebd510dbee27b79d6d12c,4,1210,0
2,ex2-s5-e1-a1-p09,15cacb7214da29f735fe74234e764297d31194371bcebd510dbee27b79d6d12c,4,1211,0
2,ex2-s5-e1-a1-p09,15cacb7214da29f735fe74234e764297d31194371bcebd510dbee27b79d6d12c,4,1212,0
2,ex2-s5-e1-a1-p09,15cacb7214da29f735fe74234e764297d31194371bcebd510dbee27b79d6d12c,4,1213,100
2,ex2-s5-e1-a1-p09,15cacb7214da29f735fe74234e764297d31194371bcebd510dbee27b79d6d12c,4,1214,0
2,ex2-s5-e1-a1-p09,15cacb7214da29f735fe74234e764297d31194371bcebd510dbee27b79d6d12c,4,1215,0
2,ex2-s5-e1-a1-p09,15cacb7214da29f735fe74234e764297d31194371bcebd510dbee27b79d6d12c,4,1216,0
2,ex2-s5-e1-a1-p09,15cacb7214da29f735fe74234e764297d31194371bcebd510dbee27b79d6d12c,4,1217,0
2,ex2-s5-e1-a1-p09,15cacb7214da29f735fe74234e764297d31194371bcebd510dbee27b79d6d12c,4,1218,0
2,ex2-s5-e1-a1-p09,15cacb7214da29f735fe74234e764297d31194371bcebd510dbee27b79d6d12c,4,1219,0
2,ex2-s5-e1-a1-p09,15cacb7214da29f735fe74234e764297d31194371bcebd510dbee27b79d6d12c,4,1220,100
2,ex2-s5-e1-a1-p09,15cacb7214da29f735fe74234e764297d31194371bcebd510dbee27b79d6d12c,4,1221,0
2,ex2-s5-e1-a1-p09,15cacb7214da29f735fe74234e764297d31194371bcebd510dbee27b79d6d12c,4,1222,0
2,ex2-s5-e1-a1-p09,15cacb7214da29f735fe74234e764297d31194371bcebd510dbee27b79d6d12c,4,1223,0
2,ex2-s5-e1-a1-p09,15cacb7214da29f735fe74234e764297d31194371bcebd510dbee27b79d6d12c,4,1224,0
2,ex2-s5-e1-a1-p09,15cacb7214da29f735fe74234e764297d31194371bcebd510dbee27b79d6d12c,4,1225,0
2,ex2-s5-e1-a1-p09,15cacb7214da29f735fe74234e764297d31194371bcebd510dbee27b79d6d12c,4,1226,100
2,ex2-s5-e1-a1-p09,15cacb7214da29f735fe74234e764297d31194371bcebd510dbee27b79d6d12c,4,1227,0
2,ex2-s5-e1-a1-p09,15cacb7214da29f735fe74234e764297d31194371bcebd510dbee27b79d6d12c,4,1228,0
2,ex2-s5-e1-a1-p09,15cacb7214da29f735fe74234e764297d31194371bcebd510dbee27b79d6d12c,4,1229,0
2,ex2-s5-e1-a1-p09,15cacb7214da29f735fe74234e764297d31194371bcebd510dbee27b79d6d12c,4,1230,0
2,ex2-s5-e1-a1-p09,15cacb7214da29f735fe74234e764297d31194371bcebd510dbee27b79d6d12c,4,1231,0
2,ex2-s5-e1-a1-p09,15cacb7214da29f735fe74234e764297d31194371bcebd510dbee27b79d6d12c,4,1232,0
2,ex2-s5-e1-a1-p09,15cacb7214da29f735fe74234e764297d31194371bcebd510dbee27b79d6d12c,4,1233,100
2,ex2-s5-e1-a1-p09,15cacb7214da29f735fe74234e764297d31194371bcebd510dbee27b79d6d12c,4,1234,0
2,ex2-s5-e1-a1-p09,15cacb7214da29f735fe74234e764297d31194371bcebd510dbee27b79d6d12c,4,1235,0
2,ex2-s5-e1-a1-p09,15cacb7214da29f735fe74234e764297d31194371bcebd510dbee27b79d6d12c,4,1236,0
2,ex2-s5-e1-a1-p09,15cacb7214da29f735fe74234e764297d31194371bcebd510dbee27b79d6d12c,4,1237,0
2,ex2-s5-e1-a1-p09,15cacb7214da29f735fe74234e764297d31194371bcebd510dbee27b79d6d12c,4,1238,0
2,ex2-s5-e1-a1-p09,15cacb7214da29f735fe74234e764297d31194371bcebd510dbee27b79d6d12c,4,1239,100
2,ex2-s5-e1-a1-p09,15cacb7214da29f735fe74234e764297d31194371bcebd510dbee27b79d6d12c,4,1240,0
2,ex2-s5-e1-a1-p09,15cacb7214da29f735fe74234e764297d31194371bcebd510dbee27b79d6d12c,4,1241,0
2,ex2-s5-e1-a1-p09,15cacb7214da29f735fe74234e764297d31194371bcebd510dbee27b79d6d12c,4,1242,0
2,ex2-s5-e1-a1-p09,15cacb7214da29f735fe74234e764297d31194371bcebd510dbee27b79d6d12c,4,1243,0
2,ex2-s5-e1-a1-p09,15cacb7214da29f735fe74234e764297d31194371bcebd510dbee27b79d6d12c,4,1244,0
2,ex2-s5-e1-a1-p09,15cacb7214da29f735fe74234e764297d31194371bcebd510dbee27b79d6d12c,4,1245,0
2,ex2-s5-e1-a1-p09,15cacb7214da29f735fe74234e764297d31194371bcebd510dbee27b79d6d12c,4,1246,100
2,ex2-s5-e1-a1-p09,15cacb7214da29f735fe74234e764297d31194371bcebd510dbee27b79d6d12c,4,1247,0
2,ex2-s5-e1-a1-p09,15cacb7214da29f735fe74234e764297d31194371bcebd510dbee27b79d6d12c,4,1248,0
2,ex2-s5-e1-a1-p09,15cacb7214da29f735fe74234e764297d31194371bcebd510dbee27b79d6d12c,4,1249,0
2,ex2-s5-e1-a1-p09,15cacb7214da29f735fe74234e764297d31194371bcebd510dbee27b79d6d12c,4,1250,0
2,ex2-s5-e1-a1-p09,15cacb7214da29f735fe74234e764297d31194371bcebd510dbee27b79d6d12c,4,1251,0
2,ex2-s5-e1-a1-p09,15cacb7214da29f735fe74234e764297d31194371bcebd510dbee27b79d6d12c,4,1252,100
2,ex2-s5-e1-a1-p09,15cacb7214da29f735fe74234e764297d31194371bcebd510dbee27b79d6d12c,4,1253,0
2,ex2-s5-e1-a1-p09,15cacb7214da29f735fe74234e764297d31194371bcebd510dbee27b79d6d12c,4,1254,0
2,ex2-s5-e1-a1-p09,15cacb7214da29f735fe74234e764297d31194371bcebd510dbee27b79d6d12c,4,1255,0
2,ex2-s5-e1-a1-p09,15cacb7214da29f735fe74234e764297d31194371bcebd510dbee27b79d6d12c,4,1256,0
2,ex2-s5-e1-a1-p09,15cacb7214da29f735fe74234e764297d31194371bcebd510dbee27b79d6d12c,4,1257,0
2,ex2-s5-e1-a1-p09,15cacb7214da29f735fe74234e764297d31194371bcebd510dbee27b79d6d12c,4,1258,0
2,ex2-s5-e1-a1-p09,15cacb7214da29f735fe74234e764297d31194371bcebd510dbee27b79d6d12c,4,1259,100
2,ex2-s5-e1-a1-p09,15cacb7214da29f735fe74234e764297d31194371bcebd510dbee27b79d6d12c,4,1260,0
2,ex2-s5-e1-a1-p09,15cacb7214da29f735fe74234e764297d31194371bcebd510dbee27b79d6d12c,4,1261,0
2,ex2-s5-e1-a1-p09,15cacb7214da29f735fe74234e764297d31194371bcebd510dbee27b79d6d12c,4,1262,0
2,ex2-s5-e1-a1-p09,15cacb7214da29f735fe74234e764297d31194371bcebd510dbee27b79d6d12c,4,1263,0
2,ex2-s5-e1-a1-p09,15cacb7214da29f735fe74234e764297d31194371bcebd510dbee27b79d6d12c,4,1264,0
2,ex2-s5-e1-a1-p09,15cacb7214da29f735fe74234e764297d31194371bcebd510dbee27b79d6d12c,4,1265,100
2,ex2-s5-e1-a1-p09,15cacb7214da29f735fe74234e764297d31194371bcebd510dbee27b79d6d12c,4,1266,0
2,ex2-s5-e1-a1-p09,15cacb7214da29f735fe74234e764297d31194371bcebd510dbee27b79d6d12c,4,1267,0
2,ex2-s5-e1-a1-p09,15cacb7214da29f735fe74234e764297d31194371bcebd510dbee27b79d6d12c,4,1268,0
2,ex2-s5-e1-a1-p09,15cacb7214da29f735fe74234e764297d31194371bcebd510dbee27b79d6d12c,4,1269,0
2,ex2-s5-e1-a1-p09,15cacb7214da29f735fe74234e764297d31194371bcebd510dbee27b79d6d12c,4,1270,0
2,ex2-s5-e1-a1-p09,15cacb7214da29f735fe74234e764297d31194371bcebd510dbee27b79d6d12c,4,1271,0
2,ex2-s5-e1-a1-p09,15cacb7214da29f735fe74234e764297d31194371bcebd510dbee27b79d6d12c,4,1272,100
2,ex2-s5-e1-a1-p09,15cacb7214da29f735fe74234e764297d31194371bcebd510dbee27b79d6d12c,4,1273,0
2,ex2-s5-e1-a1-p09,15cacb7214da29f735fe74234e764297d31194371bcebd510dbee27b79d6d12c,4,1274,0
2,ex2-s5-e1-a1-p09,15cacb7214da29f735fe74234e764297d31194371bcebd510dbee27b79d6d12c,4,1275,0
2,ex2-s5-e1-a1-p09,15cacb7214da29f735fe74234e764297d31194371bcebd510dbee27b79d6d12c,4,1276,0
2,ex2-s5-e1-a1-p09,15cacb7214da29f735fe74234e764297d31194371bcebd510dbee27b79d6d12c,4,1277,0
2,ex2-s5-e1-a1-p09,15cacb7214da29f735fe74234e764297d31194371bcebd510dbee27b79d6d12c,4,1278,100
2,ex2-s5-e1-a1-p09,15cacb7214da29f735fe74234e764297d31194371bcebd510dbee27b79d6d12c,4,1279,0
2,ex2-s5-e1-a1-p09,15cacb7214da29f735fe74234e764297d31194371bcebd510dbee27b79d6d12c,4,1280,0
2,ex2-s5-e1-a1-p09,15cacb7214da29f735fe74234e764297d31194371bcebd510dbee27b79d6d12c,4,1281,0
2,ex2-s5-e1-a1-p09,15cacb7214da29f735fe74234e764297d31194371bcebd510dbee27b79d6d12c,4,1282,0
2,ex2-s5-e1-a1-p09,15cacb7214da29f735fe74234e764297d31194371bcebd510dbee27b79d6d12c,4,1283,0
2,ex2-s5-e1-a1-p09,15cacb7214da29f735fe74234e764297d31194371bcebd510dbee27b79d6d12c,4,1284,0
2,ex2-s5-e1-a1-p09,15cacb7214da29f735fe74234e764297d31194371bcebd510dbee27b79d6d12c,4,1285,100
2,ex2-s5-e1-a1-p09,15cacb7214da29f735fe74234e764297d31194371bcebd510dbee27b79d6d12c,4,1286,0
2,ex2-s5-e1-a1-p09,15cacb7214da29f735fe74234e764297d31194371bcebd510dbee27b79d6d12c,4,1287,0
2,ex2-s5-e1-a1-p09,15cacb7214da29f735fe74234e764297d31194371bcebd510dbee27b79d6d12c,4,1288,0
2,ex2-s5-e1-a1-p09,15cacb7214da29f735fe74234e764297d31194371bcebd510dbee27b79d6d12c,4,1289,0
2,ex2-s5-e1-a1-p09,15cacb7214da29f735fe74234e764297d31194371bcebd510dbee27b79d6d12c,4,1290,0
2,ex2-s5-e1-a1-p09,15cacb7214da29f735fe74234e764297d31194371bcebd510dbee27b79d6d12c,4,1291,100
2,ex2-s5-e1-a1-p09,15cacb7214da29f735fe74234e764297d31194371bcebd510dbee27b79d6d12c,4,1292,0
2,ex2-s5-e1-a1-p09,15cacb7214da29f735fe74234e764297d31194371bcebd510dbee27b79d6d12c,4,1293,0
2,ex2-s5-e1-a1-p09,15cacb7214da29f735fe74234e764297d31194371bcebd510dbee27b79d6d12c,4,1294,0
2,ex2-s5-e1-a1-p09,15cacb7214da29f735fe74234e764297d31194371bcebd510dbee27b79d6d12c,4,1295,0
2,ex2-s5-e1-a1-p09,15cacb7214da29f735fe74234e764297d31194371bcebd510dbee27b79d6d12c,4,1296,0
2,ex2-s5-e1-a1-p09,15cacb7214da29f735fe74234e764297d31194371bcebd510dbee27b79d6d12c,4,1297,0
2,ex2-s5-e1-a1-p09,15cacb7214da29f735fe74234e764297d31194371bcebd510dbee27b79d6d12c,4,1298,100
2,ex2-s5-e1-a1-p09,15cacb7214da29f735fe74234e764297d31194371bcebd510dbee27b79d6d12c,4,1299,0
2,ex2-s5-e1-a1-p09,15cacb7214da29f735fe74234e764297d31194371bcebd510dbee27b79d6d12c,4,1300,0
2,ex2-s5-e1-a1-p09,15cacb7214da29f735fe74234e764297d31194371bcebd510dbee27b79d6d12c,4,1301,0
2,ex2-s5-e1-a1-p09,15cacb7214da29f735fe74234e764297d31194371bcebd510dbee27b79d6d12c,4,1302,0
2,ex2-s5-e1-a1-p09,15cacb7214da29f735fe74234e764297d31194371bcebd510dbee27b79d6d12c,4,1303,0
2,ex2-s5-e1-a1-p09,15cacb7214da29f735fe74234e764297d31194371bcebd510dbee27b79d6d12c,4,1304,100
2,ex2-s5-e1-a1-p09,15cacb7214da29f735fe74234e764297d31194371bcebd510dbee27b79d6d12c,4,1305,0
2,ex2-s5-e1-a1-p09,15cacb7214da29f735fe74234e764297d31194371bcebd510dbee27b79d6d12c,4,1306,0
2,ex2-s5-e1-a1-p09,15cacb7214da29f735fe74234e764297d31194371bcebd510dbee27b79d6d12c,4,1307,0
2,ex2-s5-e1-a1-p09,15cacb7214da29f735fe74234e764297d31194371bcebd510dbee27b79d6d12c,4,1308,0
2,ex2-s5-e1-a1-p09,15cacb7214da29f735fe74234e764297d31194371bcebd510dbee27b79d6d12c,4,1309,0
2,ex2-s5-e1-a1-p09,15cacb7214da29f735fe74234e764297d31194371bcebd510dbee27b79d6d12c,4,1310,0
2,ex2-s5-e1-a1-p09,15cacb7214da29f735fe74234e764297d31194371bcebd510dbee27b79d6d12c,4,1311,100
2,ex2-s5-e1-a1-p09,15cacb7214da29f735fe74234e764297d31194371bcebd510dbee27b79d6d12c,4,1312,0
2,ex2-s5-e1-a1-p09,15cacb7214da29f735fe74234e764297d31194371bcebd510dbee27b79d6d12c,4,1313,0
2,ex2-s5-e1-a1-p09,15cacb7214da29f735fe74234e764297d31194371bcebd510dbee27b79d6d12c,4,1314,0
2,ex2-s5-e1-a1-p09,15cacb7214da29f735fe74234e764297d31194371bcebd510dbee27b79d6d12c,4,1315,0
2,ex2-s5-e1-a1-p09,15cacb7214da29f735fe74234e764297d31194371bcebd510dbee27b79d6d12c,4,1316,0
2,ex2-s5-e1-a1-p09,15cacb7214da29f735fe74234e764297d31194371bcebd510dbee27b79d6d12c,4,1317,100
2,ex2-s5-e1-a1-p09,15cacb7214da29f735fe74234e764297d31194371bcebd510dbee27b79d6d12c,4,1318,0
2,ex2-s5-e1-a1-p09,15cacb7214da29f735fe74234e764297d31194371bcebd510dbee27b79d6d12c,4,1319,0
2,ex2-s5-e1-a1-p09,15cacb7214da29f735fe74234e764297d31194371bcebd510dbee27b79d6d12c,4,1320,0
2,ex2-s5-e1-a1-p09,15cacb7214da29f735fe74234e764297d31194371bcebd510dbee27b79d6d12c,4,1321,0
2,ex2-s5-e1-a1-p09,15cacb7214da29f735fe74234e764297d31194371bcebd510dbee27b79d6d12c,4,1322,0
2,ex2-s5-e1-a1-p09,15cacb7214da29f735fe74234e764297d31194371bcebd510dbee27b79d6d12c,4,1323,0
2,ex2-s5-e1-a1-p09,15cacb7214da29f735fe74234e764297d31194371bcebd510dbee27b79d6d12c,4,1324,100
2,ex2-s5-e1-a1-p09,15cacb7214da29f735fe74234e764297d31194371bcebd510dbee27b79d6d12c,4,1325,0
2,ex2-s5-e1-a1-p09,15cacb7214da29f735fe74234e764297d31194371bcebd510dbee27b79d6d12c,4,1326,0
2,ex2-s5-e1-a1-p09,15cacb7214da29f735fe74234e764297d31194371bcebd510dbee27b79d6d12c,4,1327,0
2,ex2-s5-e1-a1-p09,15cacb7214da29f735fe74234e764297d31194371bcebd510dbee27b79d6d12c,4,1328,0
2,ex2-s5-e1-a1-p09,15cacb7214da29f735fe74234e764297d31194371bcebd510dbee27b79d6d12c,4,1329,0
2,ex2-s5-e1-a1-p09,15cacb7214da29f735fe74234e764297d31194371bcebd510dbee27b79d6d12c,4,1330,100
2,ex2-s5-e1-a1-p09,15cacb7214da29f735fe74234e764297d31194371bcebd510dbee27b79d6d12c,4,1331,0
2,ex2-s5-e1-a1-p09,15cacb7214da29f735fe74234e764297d31194371bcebd510dbee27b79d6d12c,4,1332,0
2,ex2-s5-e1-a1-p09,15cacb7214da29f735fe74234e764297d31194371bcebd510dbee27b79d6d12c,4,1333,0
2,ex2-s5-e1-a1-p09,15cacb7214da29f735fe74234e764297d31194371bcebd510dbee27b79d6d12c,4,1334,0
2,ex2-s5-e1-a1-p09,15cacb7214da29f735fe74234e764297d31194371bcebd510dbee27b79d6d12c,4,1335,0
2,ex2-s5-e1-a1-p09,15cacb7214da29f735fe74234e764297d31194371bcebd510dbee27b79d6d12c,4,1336,0
2,ex2-s5-e1-a1-p09,15cacb7214da29f735fe74234e764297d31194371bcebd510dbee27b79d6d12c,4,1337,100
2,ex2-s5-e1-a1-p09,15cacb7214da29f735fe74234e764297d31194371bcebd510dbee27b79d6d12c,4,1338,0
2,ex2-s5-e1-a1-p09,15cacb7214da29f735fe74234e764297d31194371bcebd510dbee27b79d6d12c,4,1339,0
2,ex2-s5-e1-a1-p09,15cacb7214da29f735fe74234e764297d31194371bcebd510dbee27b79d6d12c,4,1340,0
2,ex2-s5-e1-a1-p09,15cacb7214da29f735fe74234e764297d31194371bcebd510dbee27b79d6d12c,4,1341,0
2,ex2-s5-e1-a1-p09,15cacb7214da29f735fe74234e764297d31194371bcebd510dbee27b79d6d12c,4,1342,0
2,ex2-s5-e1-a1-p09,15cacb7214da29f735fe74234e764297d31194371bcebd510dbee27b79d6d12c,4,1343,100
2,ex2-s5-e1-a1-p09,15cacb7214da29f735fe74234e764297d31194371bcebd510dbee27b79d6d12c,4,1344,0
2,ex2-s5-e1-a1-p09,15cacb7214da29f735fe74234e764297d31194371bcebd510dbee27b79d6d12c,4,1345,0
2,ex2-s5-e1-a1-p09,15cacb7214da29f735fe74234e764297d31194371bcebd510dbee27b79d6d12c,4,1346,0
2,ex2-s5-e1-a1-p09,15cacb7214da29f735fe74234e764297d31194371bcebd510dbee27b79d6d12c,4,1347,0
2,ex2-s5-e1-a1-p09,15cacb7214da29f735fe74234e764297d31194371bcebd510dbee27b79d6d12c,4,1348,0
2,ex2-s5-e1-a1-p09,15cacb7214da29f735fe74234e764297d31194371bcebd510dbee27b79d6d12c,4,1349,0
2,ex2-s5-e1-a1-p09,15cacb7214da29f735fe74234e764297d31194371bcebd510dbee27b79d6d12c,4,1350,100
2,ex2-s5-e1-a1-p09,15cacb7214da29f735fe74234e764297d31194371bcebd510dbee27b79d6d12c,4,1351,0
2,ex2-s5-e1-a1-p09,15cacb7214da29f735fe74234e764297d31194371bcebd510dbee27b79d6d12c,4,1352,0
2,ex2-s5-e1-a1-p09,15cacb7214da29f735fe74234e764297d31194371bcebd510dbee27b79d6d12c,4,1353,0
2,ex2-s5-e1-a1-p09,15cacb7214da29f735fe74234e764297d31194371bcebd510dbee27b79d6d12c,4,1354,0
2,ex2-s5-e1-a1-p09,15cacb7214da29f735fe74234e764297d31194371bcebd510dbee27b79d6d12c,4,1355,0
2,ex2-s5-e1-a1-p09,15cacb7214da29f735fe74234e764297d31194371bcebd510dbee27b79d6d12c,4,1356,100
2,ex2-s5-e1-a1-p09,15cacb7214da29f735fe74234e764297d31194371bcebd510dbee27b79d6d12c,4,1357,0
2,ex2-s5-e1-a1-p09,15cacb7214da29f735fe74234e764297d31194371bcebd510dbee27b79d6d12c,4,1358,0
2,ex2-s5-e1-a1-p09,15cacb7214da29f735fe74234e764297d31194371bcebd510dbee27b79d6d12c,4,1359,0
2,ex2-s5-e1-a1-p09,15cacb7214da29f735fe74234e764297d31194371bcebd510dbee27b79d6d12c,4,1360,0
2,ex2-s5-e1-a1-p09,15cacb7214da29f735fe74234e764297d31194371bcebd510dbee27b79d6d12c,4,1361,0
2,ex2-s5-e1-a1-p09,15cacb7214da29f735fe74234e764297d31194371bcebd510dbee27b79d6d12c,4,1362,0
2,ex2-s5-e1-a1-p09,15cacb7214da29f735fe74234e764297d31194371bcebd510dbee27b79d6d12c,4,1363,100
2,ex2-s5-e1-a1-p09,15cacb7214da29f735fe74234e764297d31194371bcebd510dbee27b79d6d12c,4,1364,0
2,ex2-s5-e1-a1-p09,15cacb7214da29f735fe74234e764297d31194371bcebd510dbee27b79d6d12c,4,1365,0
2,ex2-s5-e1-a1-p09,15cacb7214da29f735fe74234e764297d31194371bcebd510dbee27b79d6d12c,4,1366,0
2,ex2-s5-e1-a1-p09,15cacb7214da29f735fe74234e764297d31194371bcebd510dbee27b79d6d12c,4,1367,0
2,ex2-s5-e1-a1-p09,15cacb7214da29f735fe74234e764297d31194371bcebd510dbee27b79d6d12c,4,1368,0
2,ex2-s5-e1-a1-p09,15cacb7214da29f735fe74234e764297d31194371bcebd510dbee27b79d6d12c,4,1369,100
2,ex2-s5-e1-a1-p09,15cacb7214da29f735fe74234e764297d31194371bcebd510dbee27b79d6d12c,4,1370,0
2,ex2-s5-e1-a1-p09,15cacb7214da29f735fe74234e764297d31194371bcebd510dbee27b79d6d12c,4,1371,0
2,ex2-s5-e1-a1-p09,15cacb7214da29f735fe74234e764297d31194371bcebd510dbee27b79d6d12c,4,1372,0
2,ex2-s5-e1-a1-p09,15cacb7214da29f735fe74234e764297d31194371bcebd510dbee27b79d6d12c,4,1373,0
2,ex2-s5-e1-a1-p09,15cacb7214da29f735fe74234e764297d31194371bcebd510dbee27b79d6d12c,4,1374,0
2,ex2-s5-e1-a1-p09,15cacb7214da29f735fe74234e764297d31194371bcebd510dbee27b79d6d12c,4,1375,0
2,ex2-s5-e1-a1-p09,15cacb7214da29f735fe74234e764297d31194371bcebd510dbee27b79d6d12c,4,1376,100
2,ex2-s5-e1-a1-p09,15cacb7214da29f735fe74234e764297d31194371bcebd510dbee27b79d6d12c,4,1377,0
2,ex2-s5-e1-a1-p09,15cacb7214da29f735fe74234e764297d31194371bcebd510dbee27b79d6d12c,4,1378,0
2,ex2-s5-e1-a1-p09,15cacb7214da29f735fe74234e764297d31194371bcebd510dbee27b79d6d12c,4,1379,0
2,ex2-s5-e1-a1-p09,15cacb7214da29f735fe74234e764297d31194371bcebd510dbee27b79d6d12c,4,1380,0
2,ex2-s5-e1-a1-p09,15cacb7214da29f735fe74234e764297d31194371bcebd510dbee27b79d6d12c,4,1381,0
2,ex2-s5-e1-a1-p09,15cacb7214da29f735fe74234e764297d31194371bcebd510dbee27b79d6d12c,4,1382,100
2,ex2-s5-e1-a1-p09,15cacb7214da29f735fe74234e764297d31194371bcebd510dbee27b79d6d12c,4,1383,0
2,ex2-s5-e1-a1-p09,15cacb7214da29f735fe74234e764297d31194371bcebd510dbee27b79d6d12c,4,1384,0
2,ex2-s5-e1-a1-p09,15cacb7214da29f735fe74234e764297d31194371bcebd510dbee27b79d6d12c,4,1385,0
2,ex2-s5-e1-a1-p09,15cacb7214da29f735fe74234e764297d31194371bcebd510dbee27b79d6d12c,4,1386,0
2,ex2-s5-e1-a1-p09,15cacb7214da29f735fe74234e764297d31194371bcebd510dbee27b79d6d12c,4,1387,0
2,ex2-s5-e1-a1-p09,15cacb7214da29f735fe74234e764297d31194371bcebd510dbee27b79d6d12c,4,1388,0
2,ex2-s5-e1-a1-p09,15cacb7214da29f735fe74234e764297d31194371bcebd510dbee27b79d6d12c,4,1389,100
2,ex2-s5-e1-a1-p09,15cacb7214da29f735fe74234e764297d31194371bcebd510dbee27b79d6d12c,4,1390,0
2,ex2-s5-e1-a1-p09,15cacb7214da29f735fe74234e764297d31194371bcebd510dbee27b79d6d12c,4,1391,0
2,ex2-s5-e1-a1-p09,15cacb7214da29f735fe74234e764297d31194371bcebd510dbee27b79d6d12c,4,1392,0
2,ex2-s5-e1-a1-p09,15cacb7214da29f735fe74234e764297d31194371bcebd510dbee27b79d6d12c,4,1393,0
2,ex2-s5-e1-a1-p09,15cacb7214da29f735fe74234e764297d31194371bcebd510dbee27b79d6d12c,4,1394,0
2,ex2-s5-e1-a1-p09,15cacb7214da29f735fe74234e764297d31194371bcebd510dbee27b79d6d12c,4,1395,100
2,ex2-s5-e1-a1-p09,15cacb7214da29f735fe74234e764297d31194371bcebd510dbee27b79d6d12c,4,1396,0
2,ex2-s5-e1-a1-p09,15cacb7214da29f735fe74234e764297d31194371bcebd510dbee27b79d6d12c,4,1397,0
2,ex2-s5-e1-a1-p09,15cacb7214da29f735fe74234e764297d31194371bcebd510dbee27b79d6d12c,4,1398,0
2,ex2-s5-e1-a1-p09,15cacb7214da29f735fe74234e764297d31194371bcebd510dbee27b79d6d12c,4,1399,0
2,ex2-s5-e1-a1-p09,15cacb7214da29f735fe74234e764297d31194371bcebd510dbee27b79d6d12c,4,1400,0
2,ex2-s5-e1-a1-p09,15cacb7214da29f735fe74234e764297d31194371bcebd510dbee27b79d6d12c,4,1401,0
2,ex2-s5-e1-a1-p09,15cacb7214da29f735fe74234e764297d31194371bcebd510dbee27b79d6d12c,4,1402,100
2,ex2-s5-e1-a1-p09,15cacb7214da29f735fe74234e764297d31194371bcebd510dbee27b79d6d12c,4,1403,0
2,ex2-s5-e1-a1-p09,15cacb7214da29f735fe74234e764297d31194371bcebd510dbee27b79d6d12c,4,1404,0
2,ex2-s5-e1-a1-p09,15cacb7214da29f735fe74234e764297d31194371bcebd510dbee27b79d6d12c,4,1405,0
2,ex2-s5-e1-a1-p09,15cacb7214da29f735fe74234e764297d31194371bcebd510dbee27b79d6d12c,4,1406,0
2,ex2-s5-e1-a1-p09,15cacb7214da29f735fe74234e764297d31194371bcebd510dbee27b79d6d12c,4,1407,0
2,ex2-s5-e1-a1-p09,15cacb7214da29f735fe74234e764297d31194371bcebd510dbee27b79d6d12c,4,1408,100
2,ex2-s5-e1-a1-p09,15cacb7214da29f735fe74234e764297d31194371bcebd510dbee27b79d6d12c,4,1409,0
2,ex2-s5-e1-a1-p09,15cacb7214da29f735fe74234e764297d31194371bcebd510dbee27b79d6d12c,4,1410,0
2,ex2-s5-e1-a1-p09,15cacb7214da29f735fe74234e764297d31194371bcebd510dbee27b79d6d12c,4,1411,0
2,ex2-s5-e1-a1-p09,15cacb7214da29f735fe74234e764297d31194371bcebd510dbee27b79d6d12c,4,1412,0
2,ex2-s5-e1-a1-p09,15cacb7214da29f735fe74234e764297d31194371bcebd510dbee27b79d6d12c,4,1413,0
2,ex2-s5-e1-a1-p09,15cacb7214da29f735fe74234e764297d31194371bcebd510dbee27b79d6d12c,4,1414,0
2,ex2-s5-e1-a1-p09,15cacb7214da29f735fe74234e764297d31194371bcebd510dbee27b79d6d12c,4,1415,100
2,ex2-s5-e1-a1-p09,15cacb7214da29f735fe74234e764297d31194371bcebd510dbee27b79d6d12c,4,1416,0
2,ex2-s5-e1-a1-p09,15cacb7214da29f735fe74234e764297d31194371bcebd510dbee27b79d6d12c,4,1417,0
2,ex2-s5-e1-a1-p09,15cacb7214da29f735fe74234e764297d31194371bcebd510dbee27b79d6d12c,4,1418,0
2,ex2-s5-e1-a1-p09,15cacb7214da29f735fe74234e764297d31194371bcebd510dbee27b79d6d12c,4,1419,0
2,ex2-s5-e1-a1-p09,15cacb7214da29f735fe74234e764297d31194371bcebd510dbee27b79d6d12c,4,1420,0
2,ex2-s5-e1-a1-p09,15cacb7214da29f735fe74234e764297d31194371bcebd510dbee27b79d6d12c,4,1421,100
2,ex2-s5-e1-a1-p09,15cacb7214da29f735fe74234e764297d31194371bcebd510dbee27b79d6d12c,4,1422,0
2,ex2-s5-e1-a1-p09,15cacb7214da29f735fe74234e764297d31194371bcebd510dbee27b79d6d12c,4,1423,0
2,ex2-s5-e1-a1-p09,15cacb7214da29f735fe74234e764297d31194371bcebd510dbee27b79d6d12c,4,1424,0
2,ex2-s5-e1-a1-p09,15cacb7214da29f735fe74234e764297d31194371bcebd510dbee27b79d6d12c,4,1425,0
2,ex2-s5-e1-a1-p09,15cacb7214da29f735fe74234e764297d31194371bcebd510dbee27b79d6d12c,4,1426,0
2,ex2-s5-e1-a1-p09,15cacb7214da29f735fe74234e764297d31194371bcebd510dbee27b79d6d12c,4,1427,0
2,ex2-s5-e1-a1-p09,15cacb7214da29f735fe74234e764297d31194371bcebd510dbee27b79d6d12c,4,1428,100
2,ex2-s5-e1-a1-p09,15cacb7214da29f735fe74234e764297d31194371bcebd510dbee27b79d6d12c,4,1429,0
2,ex2-s5-e1-a1-p09,15cacb7214da29f735fe74234e764297d31194371bcebd510dbee27b79d6d12c,4,1430,0
2,ex2-s5-e1-a1-p09,15cacb7214da29f735fe74234e764297d31194371bcebd510dbee27b79d6d12c,4,1431,0
2,ex2-s5-e1-a1-p09,15cacb7214da29f735fe74234e764297d31194371bcebd510dbee27b79d6d12c,4,1432,0
2,ex2-s5-e1-a1-p09,15cacb7214da29f735fe74234e764297d31194371bcebd510dbee27b79d6d12c,4,1433,0
2,ex2-s5-e1-a1-p09,15cacb7214da29f735fe74234e764297d31194371bcebd510dbee27b79d6d12c,4,1434,100
2,ex2-s5-e1-a1-p09,15cacb7214da29f735fe74234e764297d31194371bcebd510dbee27b79d6d12c,4,1435,0
2,ex2-s5-e1-a1-p09,15cacb7214da29f735fe74234e764297d31194371bcebd510dbee27b79d6d12c,4,1436,0
2,ex2-s5-e1-a1-p09,15cacb7214da29f735fe74234e764297d31194371bcebd510dbee27b79d6d12c,4,1437,0
2,ex2-s5-e1-a1-p09,15cacb7214da29f735fe74234e764297d31194371bcebd510dbee27b79d6d12c,4,1438,0
2,ex2-s5-e1-a1-p09,15cacb7214da29f735fe74234e764297d31194371bcebd510dbee27b79d6d12c,4,1439,0
2,ex2-s5-e1-a1-p09,15cacb7214da29f735fe74234e764297d31194371bcebd510dbee27b79d6d12c,4,1440,0
2,ex2-s5-e1-a1-p09,15cacb7214da29f735fe74234e764297d31194371bcebd510dbee27b79d6d12c,4,1441,100
2,ex2-s5-e1-a1-p09,15cacb7214da29f735fe74234e764297d31194371bcebd510dbee27b79d6d12c,4,1442,0
2,ex2-s5-e1-a1-p09,15cacb7214da29f735fe74234e764297d31194371bcebd510dbee27b79d6d12c,4,1443,0
2,ex2-s5-e1-a1-p09,15cacb7214da29f735fe74234e764297d31194371bcebd510dbee27b79d6d12c,4,1444,0
2,ex2-s5-e1-a1-p09,15cacb7214da29f735fe74234e764297d31194371bcebd510dbee27b79d6d12c,4,1445,0
2,ex2-s5-e1-a1-p09,15cacb7214da29f735fe74234e764297d31194371bcebd510dbee27b79d6d12c,4,1446,0
2,ex2-s5-e1-a1-p09,15cacb7214da29f735fe74234e764297d31194371bcebd510dbee27b79d6d12c,4,1447,100
2,ex2-s5-e1-a1-p09,15cacb7214da29f735fe74234e764297d31194371bcebd510dbee27b79d6d12c,4,1448,0
2,ex2-s5-e1-a1-p09,15cacb7214da29f735fe74234e764297d31194371bcebd510dbee27b79d6d12c,4,1449,0
2,ex2-s5-e1-a1-p09,15cacb7214da29f735fe74234e764297d31194371bcebd510dbee27b79d6d12c,4,1450,0
2,ex2-s5-e1-a1-p09,15cacb7214da29f735fe74234e764297d31194371bcebd510dbee27b79d6d12c,4,1451,0
2,ex2-s5-e1-a1-p09,15cacb7214da29f735fe74234e764297d31194371bcebd510dbee27b79d6d12c,4,1452,0
2,ex2-s5-e1-a1-p09,15cacb7214da29f735fe74234e764297d31194371bcebd510dbee27b79d6d12c,4,1453,0
2,ex2-s5-e1-a1-p09,15cacb7214da29f735fe74234e764297d31194371bcebd510dbee27b79d6d12c,4,1454,100
2,ex2-s5-e1-a1-p09,15cacb7214da29f735fe74234e764297d31194371bcebd510dbee27b79d6d12c,4,1455,0
2,ex2-s5-e1-a1-p09,15cacb7214da29f735fe74234e764297d31194371bcebd510dbee27b79d6d12c,4,1456,0
2,ex2-s5-e1-a1-p09,15cacb7214da29f735fe74234e764297d31194371bcebd510dbee27b79d6d12c,4,1457,0
2,ex2-s5-e1-a1-p09,15cacb7214da29f735fe74234e764297d31194371bcebd510dbee27b79d6d12c,4,1458,0
2,ex2-s5-e1-a1-p09,15cacb7214da29f735fe74234e764297d31194371bcebd510dbee27b79d6d12c,4,1459,0
2,ex2-s5-e1-a1-p09,15cacb7214da29f735fe74234e764297d31194371bcebd510dbee27b79d6d12c,4,1460,100
2,ex2-s5-e1-a1-p09,15cacb7214da29f735fe74234e764297d31194371bcebd510dbee27b79d6d12c,4,1461,0
2,ex2-s5-e1-a1-p09,15cacb7214da29f735fe74234e764297d31194371bcebd510dbee27b79d6d12c,4,1462,0
2,ex2-s5-e1-a1-p09,15cacb7214da29f735fe74234e764297d31194371bcebd510dbee27b79d6d12c,4,1463,0
2,ex2-s5-e1-a1-p09,15cacb7214da29f735fe74234e764297d31194371bcebd510dbee27b79d6d12c,4,1464,0
2,ex2-s5-e1-a1-p09,15cacb7214da29f735fe74234e764297d31194371bcebd510dbee27b79d6d12c,4,1465,0
2,ex2-s5-e1-a1-p09,15cacb7214da29f735fe74234e764297d31194371bcebd510dbee27b79d6d12c,4,1466,0
2,ex2-s5-e1-a1-p09,15cacb7214da29f735fe74234e764297d31194371bcebd510dbee27b79d6d12c,4,1467,100
2,ex2-s5-e1-a1-p09,15cacb7214da29f735fe74234e764297d31194371bcebd510dbee27b79d6d12c,4,1468,0
2,ex2-s5-e1-a1-p09,15cacb7214da29f735fe74234e764297d31194371bcebd510dbee27b79d6d12c,4,1469,0
2,ex2-s5-e1-a1-p09,15cacb7214da29f735fe74234e764297d31194371bcebd510dbee27b79d6d12c,4,1470,0
2,ex2-s5-e1-a1-p09,15cacb7214da29f735fe74234e764297d31194371bcebd510dbee27b79d6d12c,4,1471,0
2,ex2-s5-e1-a1-p09,15cacb7214da29f735fe74234e764297d31194371bcebd510dbee27b79d6d12c,4,1472,0
2,ex2-s5-e1-a1-p09,15cacb7214da29f735fe74234e764297d31194371bcebd510dbee27b79d6d12c,4,1473,100
2,ex2-s5-e1-a1-p09,15cacb7214da29f735fe74234e764297d31194371bcebd510dbee27b79d6d12c,4,1474,0
2,ex2-s5-e1-a1-p09,15cacb7214da29f735fe74234e764297d31194371bcebd510dbee27b79d6d12c,4,1475,0
2,ex2-s5-e1-a1-p09,15cacb7214da29f735fe74234e764297d31194371bcebd510dbee27b79d6d12c,4,1476,0
2,ex2-s5-e1-a1-p09,15cacb7214da29f735fe74234e764297d31194371bcebd510dbee27b79d6d12c,4,1477,0
2,ex2-s5-e1-a1-p09,15cacb7214da29f735fe74234e764297d31194371bcebd510dbee27b79d6d12c,4,1478,0
2,ex2-s5-e1-a1-p09,15cacb7214da29f735fe74234e764297d31194371bcebd510dbee27b79d6d12c,4,1479,0
2,ex2-s5-e1-a1-p09,15cacb7214da29f735fe74234e764297d31194371bcebd510dbee27b79d6d12c,4,1480,100
2,ex2-s5-e1-a1-p09,15cacb7214da29f735fe74234e764297d31194371bcebd510dbee27b79d6d12c,4,1481,0
2,ex2-s5-e1-a1-p09,15cacb7214da29f735fe74234e764297d31194371bcebd510dbee27b79d6d12c,4,1482,0
2,ex2-s5-e1-a1-p09,15cacb7214da29f735fe74234e764297d31194371bcebd510dbee27b79d6d12c,4,1483,0
2,ex2-s5-e1-a1-p09,15cacb7214da29f735fe74234e764297d31194371bcebd510dbee27b79d6d12c,4,1484,0
2,ex2-s5-e1-a1-p09,15cacb7214da29f735fe74234e764297d31194371bcebd510dbee27b79d6d12c,4,1485,0
2,ex2-s5-e1-a1-p09,15cacb7214da29f735fe74234e764297d31194371bcebd510dbee27b79d6d12c,4,1486,100
2,ex2-s5-e1-a1-p09,15cacb7214da29f735fe74234e764297d31194371bcebd510dbee27b79d6d12c,4,1487,0
2,ex2-s5-e1-a1-p09,15cacb7214da29f735fe74234e764297d31194371bcebd510dbee27b79d6d12c,4,1488,0
2,ex2-s5-e1-a1-p09,15cacb7214da29f735fe74234e764297d31194371bcebd510dbee27b79d6d12c,4,1489,0
2,ex2-s5-e1-a1-p09,15cacb7214da29f735fe74234e764297d31194371bcebd510dbee27b79d6d12c,4,1490,0
2,ex2-s5-e1-a1-p09,15cacb7214da29f735fe74234e764297d31194371bcebd510dbee27b79d6d12c,4,1491,0
2,ex2-s5-e1-a1-p09,15cacb7214da29f735fe74234e764297d31194371bcebd510dbee27b79d6d12c,4,1492,0
2,ex2-s5-e1-a1-p09,15cacb7214da29f735fe74234e764297d31194371bcebd510dbee27b79d6d12c,4,1493,100
2,ex2-s5-e1-a1-p09,15cacb7214da29f735fe74234e764297d31194371bcebd510dbee27b79d6d12c,4,1494,0
2,ex2-s5-e1-a1-p09,15cacb7214da29f735fe74234e764297d31194371bcebd510dbee27b79d6d12c,4,1495,0
2,ex2-s5-e1-a1-p09,15cacb7214da29f735fe74234e764297d31194371bcebd510dbee27b79d6d12c,4,1496,0
2,ex2-s5-e1-a1-p09,15cacb7214da29f735fe74234e764297d31194371bcebd510dbee27b79d6d12c,4,1497,0
2,ex2-s5-e1-a1-p09,15cacb7214da29f735fe74234e764297d31194371bcebd510dbee27b79d6d12c,4,1498,0
2,ex2-s5-e1-a1-p09,15cacb7214da29f735fe74234e764297d31194371bcebd510dbee27b79d6d12c,4,1499,100
2,ex2-s5-e1-a1-p09,15cacb7214da29f735fe74234e764297d31194371bcebd510dbee27b79d6d12c,4,1500,0
2,ex2-s5-e1-a1-p09,15cacb7214da29f735fe74234e764297d31194371bcebd510dbee27b79d6d12c,4,1501,0
2,ex2-s5-e1-a1-p09,15cacb7214da29f735fe74234e764297d31194371bcebd510dbee27b79d6d12c,4,1502,0
2,ex2-s5-e1-a1-p09,15cacb7214da29f735fe74234e764297d31194371bcebd510dbee27b79d6d12c,4,1503,0
2,ex2-s5-e1-a1-p09,15cacb7214da29f735fe74234e764297d31194371bcebd510dbee27b79d6d12c,4,1504,0
2,ex2-s5-e1-a1-p09,15cacb7214da29f735fe74234e764297d31194371bcebd510dbee27b79d6d12c,4,1505,0
2,ex2-s5-e1-a1-p09,15cacb7214da29f735fe74234e764297d31194371bcebd510dbee27b79d6d12c,4,1506,100
2,ex2-s5-e1-a1-p09,15cacb7214da29f735fe74234e764297d31194371bcebd510dbee27b79d6d12c,4,1507,0
2,ex2-s5-e1-a1-p09,15cacb7214da29f735fe74234e764297d31194371bcebd510dbee27b79d6d12c,4,1508,0
2,ex2-s5-e1-a1-p09,15cacb7214da29f735fe74234e764297d31194371bcebd510dbee27b79d6d12c,4,1509,0
2,ex2-s5-e1-a1-p09,15cacb7214da29f735fe74234e764297d31194371bcebd510dbee27b79d6d12c,4,1510,0
2,ex2-s5-e1-a1-p09,15cacb7214da29f735fe74234e764297d31194371bcebd510dbee27b79d6d12c,4,1511,0
2,ex2-s5-e1-a1-p09,15cacb7214da29f735fe74234e764297d31194371bcebd510dbee27b79d6d12c,4,1512,100
2,ex2-s5-e1-a1-p09,15cacb7214da29f735fe74234e764297d31194371bcebd510dbee27b79d6d12c,4,1513,0
2,ex2-s5-e1-a1-p09,15cacb7214da29f735fe74234e764297d31194371bcebd510dbee27b79d6d12c,4,1514,0
2,ex2-s5-e1-a1-p09,15cacb7214da29f735fe74234e764297d31194371bcebd510dbee27b79d6d12c,4,1515,0
2,ex2-s5-e1-a1-p09,15cacb7214da29f735fe74234e764297d31194371bcebd510dbee27b79d6d12c,4,1516,0
2,ex2-s5-e1-a1-p09,15cacb7214da29f735fe74234e764297d31194371bcebd510dbee27b79d6d12c,4,1517,0
2,ex2-s5-e1-a1-p09,15cacb7214da29f735fe74234e764297d31194371bcebd510dbee27b79d6d12c,4,1518,0
2,ex2-s5-e1-a1-p09,15cacb7214da29f735fe74234e764297d31194371bcebd510dbee27b79d6d12c,4,1519,100
2,ex2-s5-e1-a1-p09,15cacb7214da29f735fe74234e764297d31194371bcebd510dbee27b79d6d12c,4,1520,0
2,ex2-s5-e1-a1-p09,15cacb7214da29f735fe74234e764297d31194371bcebd510dbee27b79d6d12c,4,1521,0
2,ex2-s5-e1-a1-p09,15cacb7214da29f735fe74234e764297d31194371bcebd510dbee27b79d6d12c,4,1522,0
2,ex2-s5-e1-a1-p09,15cacb7214da29f735fe74234e764297d31194371bcebd510dbee27b79d6d12c,4,1523,0
2,ex2-s5-e1-a1-p09,15cacb7214da29f735fe74234e764297d31194371bcebd510dbee27b79d6d12c,4,1524,0
2,ex2-s5-e1-a1-p09,15cacb7214da29f735fe74234e764297d31194371bcebd510dbee27b79d6d12c,4,1525,100
2,ex2-s5-e1-a1-p09,15cacb7214da29f735fe74234e764297d31194371bcebd510dbee27b79d6d12c,4,1526,0
2,ex2-s5-e1-a1-p09,15cacb7214da29f735fe74234e764297d31194371bcebd510dbee27b79d6d12c,4,1527,0
2,ex2-s5-e1-a1-p09,15cacb7214da29f735fe74234e764297d31194371bcebd510dbee27b79d6d12c,4,1528,0
2,ex2-s5-e1-a1-p09,15cacb7214da29f735fe74234e764297d31194371bcebd510dbee27b79d6d12c,4,1529,0
2,ex2-s5-e1-a1-p09,15cacb7214da29f735fe74234e764297d31194371bcebd510dbee27b79d6d12c,4,1530,0
2,ex2-s5-e1-a1-p09,15cacb7214da29f735fe74234e764297d31194371bcebd510dbee27b79d6d12c,4,1531,0
2,ex2-s5-e1-a1-p09,15cacb7214da29f735fe74234e764297d31194371bcebd510dbee27b79d6d12c,4,1532,100
2,ex2-s5-e1-a1-p09,15cacb7214da29f735fe74234e764297d31194371bcebd510dbee27b79d6d12c,4,1533,0
2,ex2-s5-e1-a1-p09,15cacb7214da29f735fe74234e764297d31194371bcebd510dbee27b79d6d12c,4,1534,0
2,ex2-s5-e1-a1-p09,15cacb7214da29f735fe74234e764297d31194371bcebd510dbee27b79d6d12c,4,1535,0
2,ex2-s5-e1-a1-p09,15cacb7214da29f735fe74234e764297d31194371bcebd510dbee27b79d6d12c,4,1536,0
2,ex2-s5-e1-a1-p09,15cacb7214da29f735fe74234e764297d31194371bcebd510dbee27b79d6d12c,4,1537,0
2,ex2-s5-e1-a1-p09,15cacb7214da29f735fe74234e764297d31194371bcebd510dbee27b79d6d12c,4,1538,100
2,ex2-s5-e1-a1-p09,15cacb7214da29f735fe74234e764297d31194371bcebd510dbee27b79d6d12c,4,1539,0
2,ex2-s5-e1-a1-p09,15cacb7214da29f735fe74234e764297d31194371bcebd510dbee27b79d6d12c,4,1540,0
2,ex2-s5-e1-a1-p09,15cacb7214da29f735fe74234e764297d31194371bcebd510dbee27b79d6d12c,4,1541,0
2,ex2-s5-e1-a1-p09,15cacb7214da29f735fe74234e764297d31194371bcebd510dbee27b79d6d12c,4,1542,0
2,ex2-s5-e1-a1-p09,15cacb7214da29f735fe74234e764297d31194371bcebd510dbee27b79d6d12c,4,1543,0
2,ex2-s5-e1-a1-p09,15cacb7214da29f735fe74234e764297d31194371bcebd510dbee27b79d6d12c,4,1544,0
2,ex2-s5-e1-a1-p09,15cacb7214da29f735fe74234e764297d31194371bcebd510dbee27b79d6d12c,4,1545,100
2,ex2-s5-e1-a1-p09,15cacb7214da29f735fe74234e764297d31194371bcebd510dbee27b79d6d12c,4,1546,0
2,ex2-s5-e1-a1-p09,15cacb7214da29f735fe74234e764297d31194371bcebd510dbee27b79d6d12c,4,1547,0
2,ex2-s5-e1-a1-p09,15cacb7214da29f735fe74234e764297d31194371bcebd510dbee27b79d6d12c,4,1548,0
2,ex2-s5-e1-a1-p09,15cacb7214da29f735fe74234e764297d31194371bcebd510dbee27b79d6d12c,4,1549,0
2,ex2-s5-e1-a1-p09,15cacb7214da29f735fe74234e764297d31194371bcebd510dbee27b79d6d12c,4,1550,0
2,ex2-s5-e1-a1-p09,15cacb7214da29f735fe74234e764297d31194371bcebd510dbee27b79d6d12c,4,1551,100
2,ex2-s5-e1-a1-p09,15cacb7214da29f735fe74234e764297d31194371bcebd510dbee27b79d6d12c,4,1552,0
2,ex2-s5-e1-a1-p09,15cacb7214da29f735fe74234e764297d31194371bcebd510dbee27b79d6d12c,4,1553,0
2,ex2-s5-e1-a1-p09,15cacb7214da29f735fe74234e764297d31194371bcebd510dbee27b79d6d12c,4,1554,0
2,ex2-s5-e1-a1-p09,15cacb7214da29f735fe74234e764297d31194371bcebd510dbee27b79d6d12c,4,1555,0
2,ex2-s5-e1-a1-p09,15cacb7214da29f735fe74234e764297d31194371bcebd510dbee27b79d6d12c,4,1556,0
2,ex2-s5-e1-a1-p09,15cacb7214da29f735fe74234e764297d31194371bcebd510dbee27b79d6d12c,4,1557,0
2,ex2-s5-e1-a1-p09,15cacb7214da29f735fe74234e764297d31194371bcebd510dbee27b79d6d12c,4,1558,100
2,ex2-s5-e1-a1-p09,15cacb7214da29f735fe74234e764297d31194371bcebd510dbee27b79d6d12c,4,1559,0
2,ex2-s5-e1-a1-p09,15cacb7214da29f735fe74234e764297d31194371bcebd510dbee27b79d6d12c,4,1560,0
2,ex2-s5-e1-a1-p09,15cacb7214da29f735fe74234e764297d31194371bcebd510dbee27b79d6d12c,4,1561,0
2,ex2-s5-e1-a1-p09,15cacb7214da29f735fe74234e764297d31194371bcebd510dbee27b79d6d12c,4,1562,0
2,ex2-s5-e1-a1-p09,15cacb7214da29f735fe74234e764297d31194371bcebd510dbee27b79d6d12c,4,1563,0
2,ex2-s5-e1-a1-p09,15cacb7214da29f735fe74234e764297d31194371bcebd510dbee27b79d6d12c,4,1564,100
2,ex2-s5-e1-a1-p09,15cacb7214da29f735fe74234e764297d31194371bcebd510dbee27b79d6d12c,4,1565,0
2,ex2-s5-e1-a1-p09,15cacb7214da29f735fe74234e764297d31194371bcebd510dbee27b79d6d12c,4,1566,0
2,ex2-s5-e1-a1-p09,15cacb7214da29f735fe74234e764297d31194371bcebd510dbee27b79d6d12c,4,1567,0
2,ex2-s5-e1-a1-p09,15cacb7214da29f735fe74234e764297d31194371bcebd510dbee27b79d6d12c,4,1568,0
2,ex2-s5-e1-a1-p09,15cacb7214da29f735fe74234e764297d31194371bcebd510dbee27b79d6d12c,4,1569,0
2,ex2-s5-e1-a1-p09,15cacb7214da29f735fe74234e764297d31194371bcebd510dbee27b79d6d12c,4,1570,0
2,ex2-s5-e1-a1-p09,15cacb7214da29f735fe74234e764297d31194371bcebd510dbee27b79d6d12c,4,1571,100
2,ex2-s5-e1-a1-p09,15cacb7214da29f735fe74234e764297d31194371bcebd510dbee27b79d6d12c,4,1572,0
2,ex2-s5-e1-a1-p09,15cacb7214da29f735fe74234e764297d31194371bcebd510dbee27b79d6d12c,4,1573,0
2,ex2-s5-e1-a1-p09,15cacb7214da29f735fe74234e764297d31194371bcebd510dbee27b79d6d12c,4,1574,0
2,ex2-s5-e1-a1-p09,15cacb7214da29f735fe74234e764297d31194371bcebd510dbee27b79d6d12c,4,1575,0
2,ex2-s5-e1-a1-p09,15cacb7214da29f735fe74234e764297d31194371bcebd510dbee27b79d6d12c,4,1576,0
2,ex2-s5-e1-a1-p09,15cacb7214da29f735fe74234e764297d31194371bcebd510dbee27b79d6d12c,4,1577,0
2,ex2-s5-e1-a1-p09,15cacb7214da29f735fe74234e764297d31194371bcebd510dbee27b79d6d12c,4,1578,100
2,ex2-s5-e1-a1-p09,15cacb7214da29f735fe74234e764297d31194371bcebd510dbee27b79d6d12c,4,1579,0
2,ex2-s5-e1-a1-p09,15cacb7214da29f735fe74234e764297d31194371bcebd510dbee27b79d6d12c,4,1580,0
2,ex2-s5-e1-a1-p09,15cacb7214da29f735fe74234e764297d31194371bcebd510dbee27b79d6d12c,4,1581,0
2,ex2-s5-e1-a1-p09,15cacb7214da29f735fe74234e764297d31194371bcebd510dbee27b79d6d12c,4,1582,0
2,ex2-s5-e1-a1-p09,15cacb7214da29f735fe74234e764297d31194371bcebd510dbee27b79d6d12c,4,1583,0
2,ex2-s5-e1-a1-p09,15cacb7214da29f735fe74234e764297d31194371bcebd510dbee27b79d6d12c,4,1584,100
2,ex2-s5-e1-a1-p09,15cacb7214da29f735fe74234e764297d31194371bcebd510dbee27b79d6d12c,4,1585,0
2,ex2-s5-e1-a1-p09,15cacb7214da29f735fe74234e764297d31194371bcebd510dbee27b79d6d12c,4,1586,0
2,ex2-s5-e1-a1-p09,15cacb7214da29f735fe74234e764297d31194371bcebd510dbee27b79d6d12c,4,1587,0
2,ex2-s5-e1-a1-p09,15cacb7214da29f735fe74234e764297d31194371bcebd510dbee27b79d6d12c,4,1588,0
2,ex2-s5-e1-a1-p09,15cacb7214da29f735fe74234e764297d31194371bcebd510dbee27b79d6d12c,4,1589,0
2,ex2-s5-e1-a1-p09,15cacb7214da29f735fe74234e764297d31194371bcebd510dbee27b79d6d12c,4,1590,0
2,ex2-s5-e1-a1-p09,15cacb7214da29f735fe74234e764297d31194371bcebd510dbee27b79d6d12c,4,1591,100
2,ex2-s5-e1-a1-p09,15cacb7214da29f735fe74234e764297d31194371bcebd510dbee27b79d6d12c,4,1592,0
2,ex2-s5-e1-a1-p09,15cacb7214da29f735fe74234e764297d31194371bcebd510dbee27b79d6d12c,4,1593,0
2,ex2-s5-e1-a1-p09,15cacb7214da29f735fe74234e764297d31194371bcebd510dbee27b79d6d12c,4,1594,0
2,ex2-s5-e1-a1-p09,15cacb7214da29f735fe74234e764297d31194371bcebd510dbee27b79d6d12c,4,1595,0
2,ex2-s5-e1-a1-p09,15cacb7214da29f735fe74234e764297d31194371bcebd510dbee27b79d6d12c,4,1596,0
2,ex2-s5-e1-a1-p09,15cacb7214da29f735fe74234e764297d31194371bcebd510dbee27b79d6d12c,4,1597,100
2,ex2-s5-e1-a1-p09,15cacb7214da29f735fe74234e764297d31194371bcebd510dbee27b79d6d12c,4,1598,0
2,ex2-s5-e1-a1-p09,15cacb7214da29f735fe74234e764297d31194371bcebd510dbee27b79d6d12c,4,1599,0
2,ex2-s5-e1-a1-p09,15cacb7214da29f735fe74234e764297d31194371bcebd510dbee27b79d6d12c,4,1600,0
2,ex2-s5-e1-a1-p09,15cacb7214da29f735fe74234e764297d31194371bcebd510dbee27b79d6d12c,4,1601,0
2,ex2-s5-e1-a1-p09,15cacb7214da29f735fe74234e764297d31194371bcebd510dbee27b79d6d12c,4,1602,0
2,ex2-s5-e1-a1-p09,15cacb7214da29f735fe74234e764297d31194371bcebd510dbee27b79d6d12c,4,1603,0
2,ex2-s5-e1-a1-p09,15cacb7214da29f735fe74234e764297d31194371bcebd510dbee27b79d6d12c,4,1604,100
2,ex2-s5-e1-a1-p09,15cacb7214da29f735fe74234e764297d31194371bcebd510dbee27b79d6d12c,4,1605,0
2,ex2-s5-e1-a1-p09,15cacb7214da29f735fe74234e764297d31194371bcebd510dbee27b79d6d12c,4,1606,0
2,ex2-s5-e1-a1-p09,15cacb7214da29f735fe74234e764297d31194371bcebd510dbee27b79d6d12c,4,1607,0
2,ex2-s5-e1-a1-p09,15cacb7214da29f735fe74234e764297d31194371bcebd510dbee27b79d6d12c,4,1608,0
2,ex2-s5-e1-a1-p09,15cacb7214da29f735fe74234e764297d31194371bcebd510dbee27b79d6d12c,4,1609,0
2,ex2-s5-e1-a1-p09,15cacb7214da29f735fe74234e764297d31194371bcebd510dbee27b79d6d12c,4,1610,100
2,ex2-s5-e1-a1-p09,15cacb7214da29f735fe74234e764297d31194371bcebd510dbee27b79d6d12c,4,1611,0
2,ex2-s5-e1-a1-p09,15cacb7214da29f735fe74234e764297d31194371bcebd510dbee27b79d6d12c,4,1612,0
2,ex2-s5-e1-a1-p09,15cacb7214da29f735fe74234e764297d31194371bcebd510dbee27b79d6d12c,4,1613,0
2,ex2-s5-e1-a1-p09,15cacb7214da29f735fe74234e764297d31194371bcebd510dbee27b79d6d12c,4,1614,0
2,ex2-s5-e1-a1-p09,15cacb7214da29f735fe74234e764297d31194371bcebd510dbee27b79d6d12c,4,1615,0
2,ex2-s5-e1-a1-p09,15cacb7214da29f735fe74234e764297d31194371bcebd510dbee27b79d6d12c,4,1616,0
2,ex2-s5-e1-a1-p09,15cacb7214da29f735fe74234e764297d31194371bcebd510dbee27b79d6d12c,4,1617,100
2,ex2-s5-e1-a1-p09,15cacb7214da29f735fe74234e764297d31194371bcebd510dbee27b79d6d12c,4,1618,0
2,ex2-s5-e1-a1-p09,15cacb7214da29f735fe74234e764297d31194371bcebd510dbee27b79d6d12c,4,1619,0
2,ex2-s5-e1-a1-p09,15cacb7214da29f735fe74234e764297d31194371bcebd510dbee27b79d6d12c,4,1620,0
2,ex2-s5-e1-a1-p09,15cacb7214da29f735fe74234e764297d31194371bcebd510dbee27b79d6d12c,4,1621,0
2,ex2-s5-e1-a1-p09,15cacb7214da29f735fe74234e764297d31194371bcebd510dbee27b79d6d12c,4,1622,0
2,ex2-s5-e1-a1-p09,15cacb7214da29f735fe74234e764297d31194371bcebd510dbee27b79d6d12c,4,1623,100
2,ex2-s5-e1-a1-p09,15cacb7214da29f735fe74234e764297d31194371bcebd510dbee27b79d6d12c,4,1624,0
2,ex2-s5-e1-a1-p09,15cacb7214da29f735fe74234e764297d31194371bcebd510dbee27b79d6d12c,4,1625,0
2,ex2-s5-e1-a1-p09,15cacb7214da29f735fe74234e764297d31194371bcebd510dbee27b79d6d12c,4,1626,0
2,ex2-s5-e1-a1-p09,15cacb7214da29f735fe74234e764297d31194371bcebd510dbee27b79d6d12c,4,1627,0
2,ex2-s5-e1-a1-p09,15cacb7214da29f735fe74234e764297d31194371bcebd510dbee27b79d6d12c,4,1628,0
2,ex2-s5-e1-a1-p09,15cacb7214da29f735fe74234e764297d31194371bcebd510dbee27b79d6d12c,4,1629,0
2,ex2-s5-e1-a1-p09,15cacb7214da29f735fe74234e764297d31194371bcebd510dbee27b79d6d12c,4,1630,100
2,ex2-s5-e1-a1-p09,15cacb7214da29f735fe74234e764297d31194371bcebd510dbee27b79d6d12c,4,1631,0
2,ex2-s5-e1-a1-p09,15cacb7214da29f735fe74234e764297d31194371bcebd510dbee27b79d6d12c,4,1632,0
2,ex2-s5-e1-a1-p09,15cacb7214da29f735fe74234e764297d31194371bcebd510dbee27b79d6d12c,4,1633,0
2,ex2-s5-e1-a1-p09,15cacb7214da29f735fe74234e764297d31194371bcebd510dbee27b79d6d12c,4,1634,0
2,ex2-s5-e1-a1-p09,15cacb7214da29f735fe74234e764297d31194371bcebd510dbee27b79d6d12c,4,1635,0
2,ex2-s5-e1-a1-p09,15cacb7214da29f735fe74234e764297d31194371bcebd510dbee27b79d6d12c,4,1636,100
2,ex2-s5-e1-a1-p09,15cacb7214da29f735fe74234e764297d31194371bcebd510dbee27b79d6d12c,4,1637,0
2,ex2-s5-e1-a1-p09,15cacb7214da29f735fe74234e764297d31194371bcebd510dbee27b79d6d12c,4,1638,0
2,ex2-s5-e1-a1-p09,15cacb7214da29f735fe74234e764297d31194371bcebd510dbee27b79d6d12c,4,1639,0
2,ex2-s5-e1-a1-p09,15cacb7214da29f735fe74234e764297d31194371bcebd510dbee27b79d6d12c,4,1640,0
2,ex2-s5-e1-a1-p09,15cacb7214da29f735fe74234e764297d31194371bcebd510dbee27b79d6d12c,4,1641,0
2,ex2-s5-e1-a1-p09,15cacb7214da29f735fe74234e764297d31194371bcebd510dbee27b79d6d12c,4,1642,0
2,ex2-s5-e1-a1-p09,15cacb7214da29f735fe74234e764297d31194371bcebd510dbee27b79d6d12c,4,1643,100
2,ex2-s5-e1-a1-p09,15cacb7214da29f735fe74234e764297d31194371bcebd510dbee27b79d6d12c,4,1644,0
2,ex2-s5-e1-a1-p09,15cacb7214da29f735fe74234e764297d31194371bcebd510dbee27b79d6d12c,4,1645,0
2,ex2-s5-e1-a1-p09,15cacb7214da29f735fe74234e764297d31194371bcebd510dbee27b79d6d12c,4,1646,0
2,ex2-s5-e1-a1-p09,15cacb7214da29f735fe74234e764297d31194371bcebd510dbee27b79d6d12c,4,1647,0
2,ex2-s5-e1-a1-p09,15cacb7214da29f735fe74234e764297d31194371bcebd510dbee27b79d6d12c,4,1648,0
2,ex2-s5-e1-a1-p09,15cacb7214da29f735fe74234e764297d31194371bcebd510dbee27b79d6d12c,4,1649,100
2,ex2-s5-e1-a1-p09,15cacb7214da29f735fe74234e764297d31194371bcebd510dbee27b79d6d12c,4,1650,0
2,ex2-s5-e1-a1-p09,15cacb7214da29f735fe74234e764297d31194371bcebd510dbee27b79d6d12c,4,1651,0
2,ex2-s5-e1-a1-p09,15cacb7214da29f735fe74234e764297d31194371bcebd510dbee27b79d6d12c,4,1652,0
2,ex2-s5-e1-a1-p09,15cacb7214da29f735fe74234e764297d31194371bcebd510dbee27b79d6d12c,4,1653,0
2,ex2-s5-e1-a1-p09,15cacb7214da29f735fe74234e764297d31194371bcebd510dbee27b79d6d12c,4,1654,0
2,ex2-s5-e1-a1-p09,15cacb7214da29f735fe74234e764297d31194371bcebd510dbee27b79d6d12c,4,1655,0
2,ex2-s5-e1-a1-p09,15cacb7214da29f735fe74234e764297d31194371bcebd510dbee27b79d6d12c,4,1656,100
2,ex2-s5-e1-a1-p09,15cacb7214da29f735fe74234e764297d31194371bcebd510dbee27b79d6d12c,4,1657,0
2,ex2-s5-e1-a1-p09,15cacb7214da29f735fe74234e764297d31194371bcebd510dbee27b79d6d12c,4,1658,0
2,ex2-s5-e1-a1-p09,15cacb7214da29f735fe74234e764297d31194371bcebd510dbee27b79d6d12c,4,1659,0
2,ex2-s5-e1-a1-p09,15cacb7214da29f735fe74234e764297d31194371bcebd510dbee27b79d6d12c,4,1660,0
2,ex2-s5-e1-a1-p09,15cacb7214da29f735fe74234e764297d31194371bcebd510dbee27b79d6d12c,4,1661,0
2,ex2-s5-e1-a1-p09,15cacb7214da29f735fe74234e764297d31194371bcebd510dbee27b79d6d12c,4,1662,100
2,ex2-s5-e1-a1-p09,15cacb7214da29f735fe74234e764297d31194371bcebd510dbee27b79d6d12c,4,1663,0
2,ex2-s5-e1-a1-p09,15cacb7214da29f735fe74234e764297d31194371bcebd510dbee27b79d6d12c,4,1664,0
2,ex2-s5-e1-a1-p09,15cacb7214da29f735fe74234e764297d31194371bcebd510dbee27b79d6d12c,4,1665,0
2,ex2-s5-e1-a1-p09,15cacb7214da29f735fe74234e764297d31194371bcebd510dbee27b79d6d12c,4,1666,0
2,ex2-s5-e1-a1-p09,15cacb7214da29f735fe74234e764297d31194371bcebd510dbee27b79d6d12c,4,1667,0
2,ex2-s5-e1-a1-p09,15cacb7214da29f735fe74234e764297d31194371bcebd510dbee27b79d6d12c,4,1668,0
2,ex2-s5-e1-a1-p09,15cacb7214da29f735fe74234e764297d31194371bcebd510dbee27b79d6d12c,4,1669,100
2,ex2-s5-e1-a1-p09,15cacb7214da29f735fe74234e764297d31194371bcebd510dbee27b79d6d12c,4,1670,0
2,ex2-s5-e1-a1-p09,15cacb7214da29f735fe74234e764297d31194371bcebd510dbee27b79d6d12c,4,1671,0
2,ex2-s5-e1-a1-p09,15cacb7214da29f735fe74234e764297d31194371bcebd510dbee27b79d6d12c,4,1672,0
2,ex2-s5-e1-a1-p09,15cacb7214da29f735fe74234e764297d31194371bcebd510dbee27b79d6d12c,4,1673,0
2,ex2-s5-e1-a1-p09,15cacb7214da29f735fe74234e764297d31194371bcebd510dbee27b79d6d12c,4,1674,0
2,ex2-s5-e1-a1-p09,15cacb7214da29f735fe74234e764297d31194371bcebd510dbee27b79d6d12c,4,1675,100
2,ex2-s5-e1-a1-p09,15cacb7214da29f735fe74234e764297d31194371bcebd510dbee27b79d6d12c,4,1676,0
2,ex2-s5-e1-a1-p09,15cacb7214da29f735fe74234e764297d31194371bcebd510dbee27b79d6d12c,4,1677,0
2,ex2-s5-e1-a1-p09,15cacb7214da29f735fe74234e764297d31194371bcebd510dbee27b79d6d12c,4,1678,0
2,ex2-s5-e1-a1-p09,15cacb7214da29f735fe74234e764297d31194371bcebd510dbee27b79d6d12c,4,1679,0
2,ex2-s5-e1-a1-p09,15cacb7214da29f735fe74234e764297d31194371bcebd510dbee27b79d6d12c,4,1680,0
2,ex2-s5-e1-a1-p09,15cacb7214da29f735fe74234e764297d31194371bcebd510dbee27b79d6d12c,4,1681,0
2,ex2-s5-e1-a1-p09,15cacb7214da29f735fe74234e764297d31194371bcebd510dbee27b79d6d12c,4,1682,100
2,ex2-s5-e1-a1-p09,15cacb7214da29f735fe74234e764297d31194371bcebd510dbee27b79d6d12c,4,1683,0
2,ex2-s5-e1-a1-p09,15cacb7214da29f735fe74234e764297d31194371bcebd510dbee27b79d6d12c,4,1684,0
2,ex2-s5-e1-a1-p09,15cacb7214da29f735fe74234e764297d31194371bcebd510dbee27b79d6d12c,4,1685,0
2,ex2-s5-e1-a1-p09,15cacb7214da29f735fe74234e764297d31194371bcebd510dbee27b79d6d12c,4,1686,0
2,ex2-s5-e1-a1-p09,15cacb7214da29f735fe74234e764297d31194371bcebd510dbee27b79d6d12c,4,1687,0
2,ex2-s5-e1-a1-p09,15cacb7214da29f735fe74234e764297d31194371bcebd510dbee27b79d6d12c,4,1688,100
2,ex2-s5-e1-a1-p09,15cacb7214da29f735fe74234e764297d31194371bcebd510dbee27b79d6d12c,4,1689,0
2,ex2-s5-e1-a1-p09,15cacb7214da29f735fe74234e764297d31194371bcebd510dbee27b79d6d12c,4,1690,0
2,ex2-s5-e1-a1-p09,15cacb7214da29f735fe74234e764297d31194371bcebd510dbee27b79d6d12c,4,1691,0
2,ex2-s5-e1-a1-p09,15cacb7214da29f735fe74234e764297d31194371bcebd510dbee27b79d6d12c,4,1692,0
2,ex2-s5-e1-a1-p09,15cacb7214da29f735fe74234e764297d31194371bcebd510dbee27b79d6d12c,4,1693,0
2,ex2-s5-e1-a1-p09,15cacb7214da29f735fe74234e764297d31194371bcebd510dbee27b79d6d12c,4,1694,0
2,ex2-s5-e1-a1-p09,15cacb7214da29f735fe74234e764297d31194371bcebd510dbee27b79d6d12c,4,1695,100
2,ex2-s5-e1-a1-p09,15cacb7214da29f735fe74234e764297d31194371bcebd510dbee27b79d6d12c,4,1696,0
2,ex2-s5-e1-a1-p09,15cacb7214da29f735fe74234e764297d31194371bcebd510dbee27b79d6d12c,4,1697,0
2,ex2-s5-e1-a1-p09,15cacb7214da29f735fe74234e764297d31194371bcebd510dbee27b79d6d12c,4,1698,0
2,ex2-s5-e1-a1-p09,15cacb7214da29f735fe74234e764297d31194371bcebd510dbee27b79d6d12c,4,1699,0
2,ex2-s5-e1-a1-p09,15cacb7214da29f735fe74234e764297d31194371bcebd510dbee27b79d6d12c,4,1700,0
2,ex2-s5-e1-a1-p09,15cacb7214da29f735fe74234e764297d31194371bcebd510dbee27b79d6d12c,4,1701,100
2,ex2-s5-e1-a1-p09,15cacb7214da29f735fe74234e764297d31194371bcebd510dbee27b79d6d12c,4,1702,0
2,ex2-s5-e1-a1-p09,15cacb7214da29f735fe74234e764297d31194371bcebd510dbee27b79d6d12c,4,1703,0
2,ex2-s5-e1-a1-p09,15cacb7214da29f735fe74234e764297d31194371bcebd510dbee27b79d6d12c,4,1704,0
2,ex2-s5-e1-a1-p09,15cacb7214da29f735fe74234e764297d31194371bcebd510dbee27b79d6d12c,4,1705,0
2,ex2-s5-e1-a1-p09,15cacb7214da29f735fe74234e764297d31194371bcebd510dbee27b79d6d12c,4,1706,0
2,ex2-s5-e1-a1-p09,15cacb7214da29f735fe74234e764297d31194371bcebd510dbee27b79d6d12c,4,1707,0
2,ex2-s5-e1-a1-p09,15cacb7214da29f735fe74234e764297d31194371bcebd510dbee27b79d6d12c,4,1708,100
2,ex2-s5-e1-a1-p09,15cacb7214da29f735fe74234e764297d31194371bcebd510dbee27b79d6d12c,4,1709,0
2,ex2-s5-e1-a1-p09,15cacb7214da29f735fe74234e764297d31194371bcebd510dbee27b79d6d12c,4,1710,0
2,ex2-s5-e1-a1-p09,15cacb7214da29f735fe74234e764297d31194371bcebd510dbee27b79d6d12c,4,1711,0
2,ex2-s5-e1-a1-p09,15cacb7214da29f735fe74234e764297d31194371bcebd510dbee27b79d6d12c,4,1712,0
2,ex2-s5-e1-a1-p09,15cacb7214da29f735fe74234e764297d31194371bcebd510dbee27b79d6d12c,4,1713,0
2,ex2-s5-e1-a1-p09,15cacb7214da29f735fe74234e764297d31194371bcebd510dbee27b79d6d12c,4,1714,100
2,ex2-s5-e1-a1-p09,15cacb7214da29f735fe74234e764297d31194371bcebd510dbee27b79d6d12c,4,1715,0
2,ex2-s5-e1-a1-p09,15cacb7214da29f735fe74234e764297d31194371bcebd510dbee27b79d6d12c,4,1716,0
2,ex2-s5-e1-a1-p09,15cacb7214da29f735fe74234e764297d31194371bcebd510dbee27b79d6d12c,4,1717,0
2,ex2-s5-e1-a1-p09,15cacb7214da29f735fe74234e764297d31194371bcebd510dbee27b79d6d12c,4,1718,0
2,ex2-s5-e1-a1-p09,15cacb7214da29f735fe74234e764297d31194371bcebd510dbee27b79d6d12c,4,1719,0
2,ex2-s5-e1-a1-p09,15cacb7214da29f735fe74234e764297d31194371bcebd510dbee27b79d6d12c,4,1720,0
2,ex2-s5-e1-a1-p09,15cacb7214da29f735fe74234e764297d31194371bcebd510dbee27b79d6d12c,4,1721,100
2,ex2-s5-e1-a1-p09,15cacb7214da29f735fe74234e764297d31194371bcebd510dbee27b79d6d12c,4,1722,0
2,ex2-s5-e1-a1-p09,15cacb7214da29f735fe74234e764297d31194371bcebd510dbee27b79d6d12c,4,1723,0
2,ex2-s5-e1-a1-p09,15cacb7214da29f735fe74234e764297d31194371bcebd510dbee27b79d6d12c,4,1724,0
2,ex2-s5-e1-a1-p09,15cacb7214da29f735fe74234e764297d31194371bcebd510dbee27b79d6d12c,4,1725,0
2,ex2-s5-e1-a1-p09,15cacb7214da29f735fe74234e764297d31194371bcebd510dbee27b79d6d12c,4,1726,0
2,ex2-s5-e1-a1-p09,15cacb7214da29f735fe74234e764297d31194371bcebd510dbee27b79d6d12c,4,1727,100
2,ex2-s5-e1-a1-p09,15cacb7214da29f735fe74234e764297d31194371bcebd510dbee27b79d6d12c,4,1728,0
2,ex2-s5-e1-a1-p09,15cacb7214da29f735fe74234e764297d31194371bcebd510dbee27b79d6d12c,4,1729,0
2,ex2-s5-e1-a1-p09,15cacb7214da29f735fe74234e764297d31194371bcebd510dbee27b79d6d12c,4,1730,0
2,ex2-s5-e1-a1-p09,15cacb7214da29f735fe74234e764297d31194371bcebd510dbee27b79d6d12c,4,1731,0
2,ex2-s5-e1-a1-p09,15cacb7214da29f735fe74234e764297d31194371bcebd510dbee27b79d6d12c,4,1732,0
2,ex2-s5-e1-a1-p09,15cacb7214da29f735fe74234e764297d31194371bcebd510dbee27b79d6d12c,4,1733,0
2,ex2-s5-e1-a1-p09,15cacb7214da29f735fe74234e764297d31194371bcebd510dbee27b79d6d12c,4,1734,100
2,ex2-s5-e1-a1-p09,15cacb7214da29f735fe74234e764297d31194371bcebd510dbee27b79d6d12c,4,1735,0
2,ex2-s5-e1-a1-p09,15cacb7214da29f735fe74234e764297d31194371bcebd510dbee27b79d6d12c,4,1736,0
2,ex2-s5-e1-a1-p09,15cacb7214da29f735fe74234e764297d31194371bcebd510dbee27b79d6d12c,4,1737,0
2,ex2-s5-e1-a1-p09,15cacb7214da29f735fe74234e764297d31194371bcebd510dbee27b79d6d12c,4,1738,0
2,ex2-s5-e1-a1-p09,15cacb7214da29f735fe74234e764297d31194371bcebd510dbee27b79d6d12c,4,1739,0
2,ex2-s5-e1-a1-p09,15cacb7214da29f735fe74234e764297d31194371bcebd510dbee27b79d6d12c,4,1740,100
2,ex2-s5-e1-a1-p09,15cacb7214da29f735fe74234e764297d31194371bcebd510dbee27b79d6d12c,4,1741,0
2,ex2-s5-e1-a1-p09,15cacb7214da29f735fe74234e764297d31194371bcebd510dbee27b79d6d12c,4,1742,0
2,ex2-s5-e1-a1-p09,15cacb7214da29f735fe74234e764297d31194371bcebd510dbee27b79d6d12c,4,1743,0
2,ex2-s5-e1-a1-p09,15cacb7214da29f735fe74234e764297d31194371bcebd510dbee27b79d6d12c,4,1744,0
2,ex2-s5-e1-a1-p09,15cacb7214da29f735fe74234e764297d31194371bcebd510dbee27b79d6d12c,4,1745,0
2,ex2-s5-e1-a1-p09,15cacb7214da29f735fe74234e764297d31194371bcebd510dbee27b79d6d12c,4,1746,0
2,ex2-s5-e1-a1-p09,15cacb7214da29f735fe74234e764297d31194371bcebd510dbee27b79d6d12c,4,1747,100
2,ex2-s5-e1-a1-p09,15cacb7214da29f735fe74234e764297d31194371bcebd510dbee27b79d6d12c,4,1748,0
2,ex2-s5-e1-a1-p09,15cacb7214da29f735fe74234e764297d31194371bcebd510dbee27b79d6d12c,4,1749,0
2,ex2-s5-e1-a1-p09,15cacb7214da29f735fe74234e764297d31194371bcebd510dbee27b79d6d12c,4,1750,0
2,ex2-s5-e1-a1-p09,15cacb7214da29f735fe74234e764297d31194371bcebd510dbee27b79d6d12c,4,1751,0
2,ex2-s5-e1-a1-p09,15cacb7214da29f735fe74234e764297d31194371bcebd510dbee27b79d6d12c,4,1752,0
2,ex2-s5-e1-a1-p09,15cacb7214da29f735fe74234e764297d31194371bcebd510dbee27b79d6d12c,4,1753,100
2,ex2-s5-e1-a1-p09,15cacb7214da29f735fe74234e764297d31194371bcebd510dbee27b79d6d12c,4,1754,0
2,ex2-s5-e1-a1-p09,15cacb7214da29f735fe74234e764297d31194371bcebd510dbee27b79d6d12c,4,1755,0
2,ex2-s5-e1-a1-p09,15cacb7214da29f735fe74234e764297d31194371bcebd510dbee27b79d6d12c,4,1756,0
2,ex2-s5-e1-a1-p09,15cacb7214da29f735fe74234e764297d31194371bcebd510dbee27b79d6d12c,4,1757,0
2,ex2-s5-e1-a1-p09,15cacb7214da29f735fe74234e764297d31194371bcebd510dbee27b79d6d12c,4,1758,0
2,ex2-s5-e1-a1-p09,15cacb7214da29f735fe74234e764297d31194371bcebd510dbee27b79d6d12c,4,1759,0
2,ex2-s5-e1-a1-p09,15cacb7214da29f735fe74234e764297d31194371bcebd510dbee27b79d6d12c,4,1760,100
2,ex2-s5-e1-a1-p09,15cacb7214da29f735fe74234e764297d31194371bcebd510dbee27b79d6d12c,4,1761,0
2,ex2-s5-e1-a1-p09,15cacb7214da29f735fe74234e764297d31194371bcebd510dbee27b79d6d12c,4,1762,0
2,ex2-s5-e1-a1-p09,15cacb7214da29f735fe74234e764297d31194371bcebd510dbee27b79d6d12c,4,1763,0
2,ex2-s5-e1-a1-p09,15cacb7214da29f735fe74234e764297d31194371bcebd510dbee27b79d6d12c,4,1764,0
2,ex2-s5-e1-a1-p09,15cacb7214da29f735fe74234e764297d31194371bcebd510dbee27b79d6d12c,4,1765,0
2,ex2-s5-e1-a1-p09,15cacb7214da29f735fe74234e764297d31194371bcebd510dbee27b79d6d12c,4,1766,100
2,ex2-s5-e1-a1-p09,15cacb7214da29f735fe74234e764297d31194371bcebd510dbee27b79d6d12c,4,1767,0
2,ex2-s5-e1-a1-p09,15cacb7214da29f735fe74234e764297d31194371bcebd510dbee27b79d6d12c,4,1768,0
2,ex2-s5-e1-a1-p09,15cacb7214da29f735fe74234e764297d31194371bcebd510dbee27b79d6d12c,4,1769,0
2,ex2-s5-e1-a1-p09,15cacb7214da29f735fe74234e764297d31194371bcebd510dbee27b79d6d12c,4,1770,0
2,ex2-s5-e1-a1-p09,15cacb7214da29f735fe74234e764297d31194371bcebd510dbee27b79d6d12c,4,1771,0
2,ex2-s5-e1-a1-p09,15cacb7214da29f735fe74234e764297d31194371bcebd510dbee27b79d6d12c,4,1772,0
2,ex2-s5-e1-a1-p09,15cacb7214da29f735fe74234e764297d31194371bcebd510dbee27b79d6d12c,4,1773,100
2,ex2-s5-e1-a1-p09,15cacb7214da29f735fe74234e764297d31194371bcebd510dbee27b79d6d12c,4,1774,0
2,ex2-s5-e1-a1-p09,15cacb7214da29f735fe74234e764297d31194371bcebd510dbee27b79d6d12c,4,1775,0
2,ex2-s5-e1-a1-p09,15cacb7214da29f735fe74234e764297d31194371bcebd510dbee27b79d6d12c,4,1776,0
2,ex2-s5-e1-a1-p09,15cacb7214da29f735fe74234e764297d31194371bcebd510dbee27b79d6d12c,4,1777,0
2,ex2-s5-e1-a1-p09,15cacb7214da29f735fe74234e764297d31194371bcebd510dbee27b79d6d12c,4,1778,0
2,ex2-s5-e1-a1-p09,15cacb7214da29f735fe74234e764297d31194371bcebd510dbee27b79d6d12c,4,1779,0
2,ex2-s5-e1-a1-p09,15cacb7214da29f735fe74234e764297d31194371bcebd510dbee27b79d6d12c,4,1780,100
2,ex2-s5-e1-a1-p09,15cacb7214da29f735fe74234e764297d31194371bcebd510dbee27b79d6d12c,4,1781,0
2,ex2-s5-e1-a1-p09,15cacb7214da29f735fe74234e764297d31194371bcebd510dbee27b79d6d12c,4,1782,0
2,ex2-s5-e1-a1-p09,15cacb7214da29f735fe74234e764297d31194371bcebd510dbee27b79d6d12c,4,1783,0
2,ex2-s5-e1-a1-p09,15cacb7214da29f735fe74234e764297d31194371bcebd510dbee27b79d6d12c,4,1784,0
2,ex2-s5-e1-a1-p09,15cacb7214da29f735fe74234e764297d31194371bcebd510dbee27b79d6d12c,4,1785,0
2,ex2-s5-e1-a1-p09,15cacb7214da29f735fe74234e764297d31194371bcebd510dbee27b79d6d12c,4,1786,100
2,ex2-s5-e1-a1-p09,15cacb7214da29f735fe74234e764297d31194371bcebd510dbee27b79d6d12c,4,1787,0
2,ex2-s5-e1-a1-p09,15cacb7214da29f735fe74234e764297d31194371bcebd510dbee27b79d6d12c,4,1788,0
2,ex2-s5-e1-a1-p09,15cacb7214da29f735fe74234e764297d31194371bcebd510dbee27b79d6d12c,4,1789,0
2,ex2-s5-e1-a1-p09,15cacb7214da29f735fe74234e764297d31194371bcebd510dbee27b79d6d12c,4,1790,0
2,ex2-s5-e1-a1-p09,15cacb7214da29f735fe74234e764297d31194371bcebd510dbee27b79d6d12c,4,1791,0
2,ex2-s5-e1-a1-p09,15cacb7214da29f735fe74234e764297d31194371bcebd510dbee27b79d6d12c,4,1792,0
2,ex2-s5-e1-a1-p09,15cacb7214da29f735fe74234e764297d31194371bcebd510dbee27b79d6d12c,4,1793,100
2,ex2-s5-e1-a1-p09,15cacb7214da29f735fe74234e764297d31194371bcebd510dbee27b79d6d12c,4,1794,0
2,ex2-s5-e1-a1-p09,15cacb7214da29f735fe74234e764297d31194371bcebd510dbee27b79d6d12c,4,1795,0
2,ex2-s5-e1-a1-p09,15cacb7214da29f735fe74234e764297d31194371bcebd510dbee27b79d6d12c,4,1796,0
2,ex2-s5-e1-a1-p09,15cacb7214da29f735fe74234e764297d31194371bcebd510dbee27b79d6d12c,4,1797,0
2,ex2-s5-e1-a1-p09,15cacb7214da29f735fe74234e764297d31194371bcebd510dbee27b79d6d12c,4,1798,0
2,ex2-s5-e1-a1-p09,15cacb7214da29f735fe74234e764297d31194371bcebd510dbee27b79d6d12c,4,1799,100
2,ex2-s5-e1-a1-p09,15cacb7214da29f735fe74234e764297d31194371bcebd510dbee27b79d6d12c,4,1800,0
2,ex2-s5-e1-a1-p09,15cacb7214da29f735fe74234e764297d31194371bcebd510dbee27b79d6d12c,4,1801,0
2,ex2-s5-e1-a1-p09,15cacb7214da29f735fe74234e764297d31194371bcebd510dbee27b79d6d12c,4,1802,0
2,ex2-s5-e1-a1-p09,15cacb7214da29f735fe74234e764297d31194371bcebd510dbee27b79d6d12c,4,1803,0
2,ex2-s5-e1-a1-p09,15cacb7214da29f735fe74234e764297d31194371bcebd510dbee27b79d6d12c,4,1804,0
2,ex2-s5-e1-a1-p09,15cacb7214da29f735fe74234e764297d31194371bcebd510dbee27b79d6d12c,4,1805,0
2,ex2-s5-e1-a1-p09,15cacb7214da29f735fe74234e764297d31194371bcebd510dbee27b79d6d12c,4,1806,100
2,ex2-s5-e1-a1-p09,15cacb7214da29f735fe74234e764297d31194371bcebd510dbee27b79d6d12c,4,1807,0
2,ex2-s5-e1-a1-p09,15cacb7214da29f735fe74234e764297d31194371bcebd510dbee27b79d6d12c,4,1808,0
2,ex2-s5-e1-a1-p09,15cacb7214da29f735fe74234e764297d31194371bcebd510dbee27b79d6d12c,4,1809,0
2,ex2-s5-e1-a1-p09,15cacb7214da29f735fe74234e764297d31194371bcebd510dbee27b79d6d12c,4,1810,0
2,ex2-s5-e1-a1-p09,15cacb7214da29f735fe74234e764297d31194371bcebd510dbee27b79d6d12c,4,1811,0
2,ex2-s5-e1-a1-p09,15cacb7214da29f735fe74234e764297d31194371bcebd510dbee27b79d6d12c,4,1812,100
2,ex2-s5-e1-a1-p09,15cacb7214da29f735fe74234e764297d31194371bcebd510dbee27b79d6d12c,4,1813,0
2,ex2-s5-e1-a1-p09,15cacb7214da29f735fe74234e764297d31194371bcebd510dbee27b79d6d12c,4,1814,0
2,ex2-s5-e1-a1-p09,15cacb7214da29f735fe74234e764297d31194371bcebd510dbee27b79d6d12c,4,1815,0
2,ex2-s5-e1-a1-p09,15cacb7214da29f735fe74234e764297d31194371bcebd510dbee27b79d6d12c,4,1816,0
2,ex2-s5-e1-a1-p09,15cacb7214da29f735fe74234e764297d31194371bcebd510dbee27b79d6d12c,4,1817,0
2,ex2-s5-e1-a1-p09,15cacb7214da29f735fe74234e764297d31194371bcebd510dbee27b79d6d12c,4,1818,0
2,ex2-s5-e1-a1-p09,15cacb7214da29f735fe74234e764297d31194371bcebd510dbee27b79d6d12c,4,1819,100
2,ex2-s5-e1-a1-p09,15cacb7214da29f735fe74234e764297d31194371bcebd510dbee27b79d6d12c,4,1820,0
2,ex2-s5-e1-a1-p09,15cacb7214da29f735fe74234e764297d31194371bcebd510dbee27b79d6d12c,4,1821,0
2,ex2-s5-e1-a1-p09,15cacb7214da29f735fe74234e764297d31194371bcebd510dbee27b79d6d12c,4,1822,0
2,ex2-s5-e1-a1-p09,15cacb7214da29f735fe74234e764297d31194371bcebd510dbee27b79d6d12c,4,1823,0
2,ex2-s5-e1-a1-p09,15cacb7214da29f735fe74234e764297d31194371bcebd510dbee27b79d6d12c,4,1824,0
2,ex2-s5-e1-a1-p09,15cacb7214da29f735fe74234e764297d31194371bcebd510dbee27b79d6d12c,4,1825,100
2,ex2-s5-e1-a1-p09,15cacb7214da29f735fe74234e764297d31194371bcebd510dbee27b79d6d12c,4,1826,0
2,ex2-s5-e1-a1-p09,15cacb7214da29f735fe74234e764297d31194371bcebd510dbee27b79d6d12c,4,1827,0
2,ex2-s5-e1-a1-p09,15cacb7214da29f735fe74234e764297d31194371bcebd510dbee27b79d6d12c,4,1828,0
2,ex2-s5-e1-a1-p09,15cacb7214da29f735fe74234e764297d31194371bcebd510dbee27b79d6d12c,4,1829,0
2,ex2-s5-e1-a1-p09,15cacb7214da29f735fe74234e764297d31194371bcebd510dbee27b79d6d12c,4,1830,0
2,ex2-s5-e1-a1-p09,15cacb7214da29f735fe74234e764297d31194371bcebd510dbee27b79d6d12c,4,1831,0
2,ex2-s5-e1-a1-p09,15cacb7214da29f735fe74234e764297d31194371bcebd510dbee27b79d6d12c,4,1832,100
2,ex2-s5-e1-a1-p09,15cacb7214da29f735fe74234e764297d31194371bcebd510dbee27b79d6d12c,4,1833,0
2,ex2-s5-e1-a1-p09,15cacb7214da29f735fe74234e764297d31194371bcebd510dbee27b79d6d12c,4,1834,0
2,ex2-s5-e1-a1-p09,15cacb7214da29f735fe74234e764297d31194371bcebd510dbee27b79d6d12c,4,1835,0
2,ex2-s5-e1-a1-p09,15cacb7214da29f735fe74234e764297d31194371bcebd510dbee27b79d6d12c,4,1836,0
2,ex2-s5-e1-a1-p09,15cacb7214da29f735fe74234e764297d31194371bcebd510dbee27b79d6d12c,4,1837,0
2,ex2-s5-e1-a1-p09,15cacb7214da29f735fe74234e764297d31194371bcebd510dbee27b79d6d12c,4,1838,100
2,ex2-s5-e1-a1-p09,15cacb7214da29f735fe74234e764297d31194371bcebd510dbee27b79d6d12c,4,1839,0
2,ex2-s5-e1-a1-p09,15cacb7214da29f735fe74234e764297d31194371bcebd510dbee27b79d6d12c,4,1840,0
2,ex2-s5-e1-a1-p09,15cacb7214da29f735fe74234e764297d31194371bcebd510dbee27b79d6d12c,4,1841,0
2,ex2-s5-e1-a1-p09,15cacb7214da29f735fe74234e764297d31194371bcebd510dbee27b79d6d12c,4,1842,0
2,ex2-s5-e1-a1-p09,15cacb7214da29f735fe74234e764297d31194371bcebd510dbee27b79d6d12c,4,1843,0
2,ex2-s5-e1-a1-p09,15cacb7214da29f735fe74234e764297d31194371bcebd510dbee27b79d6d12c,4,1844,0
2,ex2-s5-e1-a1-p09,15cacb7214da29f735fe74234e764297d31194371bcebd510dbee27b79d6d12c,4,1845,100
2,ex2-s5-e1-a1-p09,15cacb7214da29f735fe74234e764297d31194371bcebd510dbee27b79d6d12c,4,1846,0
2,ex2-s5-e1-a1-p09,15cacb7214da29f735fe74234e764297d31194371bcebd510dbee27b79d6d12c,4,1847,0
2,ex2-s5-e1-a1-p09,15cacb7214da29f735fe74234e764297d31194371bcebd510dbee27b79d6d12c,4,1848,0
2,ex2-s5-e1-a1-p09,15cacb7214da29f735fe74234e764297d31194371bcebd510dbee27b79d6d12c,4,1849,0
2,ex2-s5-e1-a1-p09,15cacb7214da29f735fe74234e764297d31194371bcebd510dbee27b79d6d12c,4,1850,0
2,ex2-s5-e1-a1-p09,15cacb7214da29f735fe74234e764297d31194371bcebd510dbee27b79d6d12c,4,1851,100
2,ex2-s5-e1-a1-p09,15cacb7214da29f735fe74234e764297d31194371bcebd510dbee27b79d6d12c,4,1852,0
2,ex2-s5-e1-a1-p09,15cacb7214da29f735fe74234e764297d31194371bcebd510dbee27b79d6d12c,4,1853,0
2,ex2-s5-e1-a1-p09,15cacb7214da29f735fe74234e764297d31194371bcebd510dbee27b79d6d12c,4,1854,0
2,ex2-s5-e1-a1-p09,15cacb7214da29f735fe74234e764297d31194371bcebd510dbee27b79d6d12c,4,1855,0
2,ex2-s5-e1-a1-p09,15cacb7214da29f735fe74234e764297d31194371bcebd510dbee27b79d6d12c,4,1856,0
2,ex2-s5-e1-a1-p09,15cacb7214da29f735fe74234e764297d31194371bcebd510dbee27b79d6d12c,4,1857,0
2,ex2-s5-e1-a1-p09,15cacb7214da29f735fe74234e764297d31194371bcebd510dbee27b79d6d12c,4,1858,100
2,ex2-s5-e1-a1-p09,15cacb7214da29f735fe74234e764297d31194371bcebd510dbee27b79d6d12c,4,1859,0
2,ex2-s5-e1-a1-p09,15cacb7214da29f735fe74234e764297d31194371bcebd510dbee27b79d6d12c,4,1860,0
2,ex2-s5-e1-a1-p09,15cacb7214da29f735fe74234e764297d31194371bcebd510dbee27b79d6d12c,4,1861,0
2,ex2-s5-e1-a1-p09,15cacb7214da29f735fe74234e764297d31194371bcebd510dbee27b79d6d12c,4,1862,0
2,ex2-s5-e1-a1-p09,15cacb7214da29f735fe74234e764297d31194371bcebd510dbee27b79d6d12c,4,1863,0
2,ex2-s5-e1-a1-p09,15cacb7214da29f735fe74234e764297d31194371bcebd510dbee27b79d6d12c,4,1864,100
2,ex2-s5-e1-a1-p09,15cacb7214da29f735fe74234e764297d31194371bcebd510dbee27b79d6d12c,4,1865,0
2,ex2-s5-e1-a1-p09,15cacb7214da29f735fe74234e764297d31194371bcebd510dbee27b79d6d12c,4,1866,0
2,ex2-s5-e1-a1-p09,15cacb7214da29f735fe74234e764297d31194371bcebd510dbee27b79d6d12c,4,1867,0
2,ex2-s5-e1-a1-p09,15cacb7214da29f735fe74234e764297d31194371bcebd510dbee27b79d6d12c,4,1868,0
2,ex2-s5-e1-a1-p09,15cacb7214da29f735fe74234e764297d31194371bcebd510dbee27b79d6d12c,4,1869,0
2,ex2-s5-e1-a1-p09,15cacb7214da29f735fe74234e764297d31194371bcebd510dbee27b79d6d12c,4,1870,0
2,ex2-s5-e1-a1-p09,15cacb7214da29f735fe74234e764297d31194371bcebd510dbee27b79d6d12c,4,1871,100
2,ex2-s5-e1-a1-p09,15cacb7214da29f735fe74234e764297d31194371bcebd510dbee27b79d6d12c,4,1872,0
2,ex2-s5-e1-a1-p09,15cacb7214da29f735fe74234e764297d31194371bcebd510dbee27b79d6d12c,4,1873,0
2,ex2-s5-e1-a1-p09,15cacb7214da29f735fe74234e764297d31194371bcebd510dbee27b79d6d12c,4,1874,0
2,ex2-s5-e1-a1-p09,15cacb7214da29f735fe74234e764297d31194371bcebd510dbee27b79d6d12c,4,1875,0
2,ex2-s5-e1-a1-p09,15cacb7214da29f735fe74234e764297d31194371bcebd510dbee27b79d6d12c,4,1876,0
2,ex2-s5-e1-a1-p09,15cacb7214da29f735fe74234e764297d31194371bcebd510dbee27b79d6d12c,4,1877,100
2,ex2-s5-e1-a1-p09,15cacb7214da29f735fe74234e764297d31194371bcebd510dbee27b79d6d12c,4,1878,0
2,ex2-s5-e1-a1-p09,15cacb7214da29f735fe74234e764297d31194371bcebd510dbee27b79d6d12c,4,1879,0
2,ex2-s5-e1-a1-p09,15cacb7214da29f735fe74234e764297d31194371bcebd510dbee27b79d6d12c,4,1880,0
2,ex2-s5-e1-a1-p09,15cacb7214da29f735fe74234e764297d31194371bcebd510dbee27b79d6d12c,4,1881,0
2,ex2-s5-e1-a1-p09,15cacb7214da29f735fe74234e764297d31194371bcebd510dbee27b79d6d12c,4,1882,0
2,ex2-s5-e1-a1-p09,15cacb7214da29f735fe74234e764297d31194371bcebd510dbee27b79d6d12c,4,1883,100
2,ex2-s5-e1-a1-p09,15cacb7214da29f735fe74234e764297d31194371bcebd510dbee27b79d6d12c,4,1884,0
2,ex2-s5-e1-a1-p09,15cacb7214da29f735fe74234e764297d31194371bcebd510dbee27b79d6d12c,4,1885,0
2,ex2-s5-e1-a1-p09,15cacb7214da29f735fe74234e764297d31194371bcebd510dbee27b79d6d12c,4,1886,0
2,ex2-s5-e1-a1-p09,15cacb7214da29f735fe74234e764297d31194371bcebd510dbee27b79d6d12c,4,1887,0
2,ex2-s5-e1-a1-p09,15cacb7214da29f735fe74234e764297d31194371bcebd510dbee27b79d6d12c,4,1888,0
2,ex2-s5-e1-a1-p09,15cacb7214da29f735fe74234e764297d31194371bcebd510dbee27b79d6d12c,4,1889,0
2,ex2-s5-e1-a1-p09,15cacb7214da29f735fe74234e764297d31194371bcebd510dbee27b79d6d12c,4,1890,100
2,ex2-s5-e1-a1-p09,15cacb7214da29f735fe74234e764297d31194371bcebd510dbee27b79d6d12c,4,1891,0
2,ex2-s5-e1-a1-p09,15cacb7214da29f735fe74234e764297d31194371bcebd510dbee27b79d6d12c,4,1892,0
2,ex2-s5-e1-a1-p09,15cacb7214da29f735fe74234e764297d31194371bcebd510dbee27b79d6d12c,4,1893,0
2,ex2-s5-e1-a1-p09,15cacb7214da29f735fe74234e764297d31194371bcebd510dbee27b79d6d12c,4,1894,0
2,ex2-s5-e1-a1-p09,15cacb7214da29f735fe74234e764297d31194371bcebd510dbee27b79d6d12c,4,1895,0
2,ex2-s5-e1-a1-p09,15cacb7214da29f735fe74234e764297d31194371bcebd510dbee27b79d6d12c,4,1896,100
2,ex2-s5-e1-a1-p09,15cacb7214da29f735fe74234e764297d31194371bcebd510dbee27b79d6d12c,4,1897,0
2,ex2-s5-e1-a1-p09,15cacb7214da29f735fe74234e764297d31194371bcebd510dbee27b79d6d12c,4,1898,0
2,ex2-s5-e1-a1-p09,15cacb7214da29f735fe74234e764297d31194371bcebd510dbee27b79d6d12c,4,1899,0
2,ex2-s5-e1-a1-p09,15cacb7214da29f735fe74234e764297d31194371bcebd510dbee27b79d6d12c,4,1900,0
2,ex2-s5-e1-a1-p09,15cacb7214da29f735fe74234e764297d31194371bcebd510dbee27b79d6d12c,4,1901,0
2,ex2-s5-e1-a1-p09,15cacb7214da29f735fe74234e764297d31194371bcebd510dbee27b79d6d12c,4,1902,0
2,ex2-s5-e1-a1-p09,15cacb7214da29f735fe74234e764297d31194371bcebd510dbee27b79d6d12c,4,1903,100
2,ex2-s5-e1-a1-p09,15cacb7214da29f735fe74234e764297d31194371bcebd510dbee27b79d6d12c,4,1904,0
2,ex2-s5-e1-a1-p09,15cacb7214da29f735fe74234e764297d31194371bcebd510dbee27b79d6d12c,4,1905,0
2,ex2-s5-e1-a1-p09,15cacb7214da29f735fe74234e764297d31194371bcebd510dbee27b79d6d12c,4,1906,0
2,ex2-s5-e1-a1-p09,15cacb7214da29f735fe74234e764297d31194371bcebd510dbee27b79d6d12c,4,1907,0
2,ex2-s5-e1-a1-p09,15cacb7214da29f735fe74234e764297d31194371bcebd510dbee27b79d6d12c,4,1908,0
2,ex2-s5-e1-a1-p09,15cacb7214da29f735fe74234e764297d31194371bcebd510dbee27b79d6d12c,4,1909,100
2,ex2-s5-e1-a1-p09,15cacb7214da29f735fe74234e764297d31194371bcebd510dbee27b79d6d12c,4,1910,0
2,ex2-s5-e1-a1-p09,15cacb7214da29f735fe74234e764297d31194371bcebd510dbee27b79d6d12c,4,1911,0
2,ex2-s5-e1-a1-p09,15cacb7214da29f735fe74234e764297d31194371bcebd510dbee27b79d6d12c,4,1912,0
2,ex2-s5-e1-a1-p09,15cacb7214da29f735fe74234e764297d31194371bcebd510dbee27b79d6d12c,4,1913,0
2,ex2-s5-e1-a1-p09,15cacb7214da29f735fe74234e764297d31194371bcebd510dbee27b79d6d12c,4,1914,0
2,ex2-s5-e1-a1-p09,15cacb7214da29f735fe74234e764297d31194371bcebd510dbee27b79d6d12c,4,1915,0
2,ex2-s5-e1-a1-p09,15cacb7214da29f735fe74234e764297d31194371bcebd510dbee27b79d6d12c,4,1916,100
2,ex2-s5-e1-a1-p09,15cacb7214da29f735fe74234e764297d31194371bcebd510dbee27b79d6d12c,4,1917,0
2,ex2-s5-e1-a1-p09,15cacb7214da29f735fe74234e764297d31194371bcebd510dbee27b79d6d12c,4,1918,0
2,ex2-s5-e1-a1-p09,15cacb7214da29f735fe74234e764297d31194371bcebd510dbee27b79d6d12c,4,1919,0
2,ex2-s5-e1-a1-p09,15cacb7214da29f735fe74234e764297d31194371bcebd510dbee27b79d6d12c,4,1920,0
2,ex2-s5-e1-a1-p09,15cacb7214da29f735fe74234e764297d31194371bcebd510dbee27b79d6d12c,4,1921,0
2,ex2-s5-e1-a1-p09,15cacb7214da29f735fe74234e764297d31194371bcebd510dbee27b79d6d12c,4,1922,100
2,ex2-s5-e1-a1-p09,15cacb7214da29f735fe74234e764297d31194371bcebd510dbee27b79d6d12c,4,1923,0
2,ex2-s5-e1-a1-p09,15cacb7214da29f735fe74234e764297d31194371bcebd510dbee27b79d6d12c,4,1924,0
2,ex2-s5-e1-a1-p09,15cacb7214da29f735fe74234e764297d31194371bcebd510dbee27b79d6d12c,4,1925,0
2,ex2-s5-e1-a1-p09,15cacb7214da29f735fe74234e764297d31194371bcebd510dbee27b79d6d12c,4,1926,0
2,ex2-s5-e1-a1-p09,15cacb7214da29f735fe74234e764297d31194371bcebd510dbee27b79d6d12c,4,1927,0
2,ex2-s5-e1-a1-p09,15cacb7214da29f735fe74234e764297d31194371bcebd510dbee27b79d6d12c,4,1928,0
2,ex2-s5-e1-a1-p09,15cacb7214da29f735fe74234e764297d31194371bcebd510dbee27b79d6d12c,4,1929,100
2,ex2-s5-e1-a1-p09,15cacb7214da29f735fe74234e764297d31194371bcebd510dbee27b79d6d12c,4,1930,0
2,ex2-s5-e1-a1-p09,15cacb7214da29f735fe74234e764297d31194371bcebd510dbee27b79d6d12c,4,1931,0
2,ex2-s5-e1-a1-p09,15cacb7214da29f735fe74234e764297d31194371bcebd510dbee27b79d6d12c,4,1932,0
2,ex2-s5-e1-a1-p09,15cacb7214da29f735fe74234e764297d31194371bcebd510dbee27b79d6d12c,4,1933,0
2,ex2-s5-e1-a1-p09,15cacb7214da29f735fe74234e764297d31194371bcebd510dbee27b79d6d12c,4,1934,0
2,ex2-s5-e1-a1-p09,15cacb7214da29f735fe74234e764297d31194371bcebd510dbee27b79d6d12c,4,1935,100
2,ex2-s5-e1-a1-p09,15cacb7214da29f735fe74234e764297d31194371bcebd510dbee27b79d6d12c,4,1936,0
2,ex2-s5-e1-a1-p09,15cacb7214da29f735fe74234e764297d31194371bcebd510dbee27b79d6d12c,4,1937,0
2,ex2-s5-e1-a1-p09,15cacb7214da29f735fe74234e764297d31194371bcebd510dbee27b79d6d12c,4,1938,0
2,ex2-s5-e1-a1-p09,15cacb7214da29f735fe74234e764297d31194371bcebd510dbee27b79d6d12c,4,1939,0
2,ex2-s5-e1-a1-p09,15cacb7214da29f735fe74234e764297d31194371bcebd510dbee27b79d6d12c,4,1940,0
2,ex2-s5-e1-a1-p09,15cacb7214da29f735fe74234e764297d31194371bcebd510dbee27b79d6d12c,4,1941,0
2,ex2-s5-e1-a1-p09,15cacb7214da29f735fe74234e764297d31194371bcebd510dbee27b79d6d12c,4,1942,100
2,ex2-s5-e1-a1-p09,15cacb7214da29f735fe74234e764297d31194371bcebd510dbee27b79d6d12c,4,1943,0
2,ex2-s5-e1-a1-p09,15cacb7214da29f735fe74234e764297d31194371bcebd510dbee27b79d6d12c,4,1944,0
2,ex2-s5-e1-a1-p09,15cacb7214da29f735fe74234e764297d31194371bcebd510dbee27b79d6d12c,4,1945,0
2,ex2-s5-e1-a1-p09,15cacb7214da29f735fe74234e764297d31194371bcebd510dbee27b79d6d12c,4,1946,0
2,ex2-s5-e1-a1-p09,15cacb7214da29f735fe74234e764297d31194371bcebd510dbee27b79d6d12c,4,1947,0
2,ex2-s5-e1-a1-p09,15cacb7214da29f735fe74234e764297d31194371bcebd510dbee27b79d6d12c,4,1948,100
2,ex2-s5-e1-a1-p09,15cacb7214da29f735fe74234e764297d31194371bcebd510dbee27b79d6d12c,4,1949,0
2,ex2-s5-e1-a1-p09,15cacb7214da29f735fe74234e764297d31194371bcebd510dbee27b79d6d12c,4,1950,0
2,ex2-s5-e1-a1-p09,15cacb7214da29f735fe74234e764297d31194371bcebd510dbee27b79d6d12c,4,1951,0
2,ex2-s5-e1-a1-p09,15cacb7214da29f735fe74234e764297d31194371bcebd510dbee27b79d6d12c,4,1952,0
2,ex2-s5-e1-a1-p09,15cacb7214da29f735fe74234e764297d31194371bcebd510dbee27b79d6d12c,4,1953,0
2,ex2-s5-e1-a1-p09,15cacb7214da29f735fe74234e764297d31194371bcebd510dbee27b79d6d12c,4,1954,0
2,ex2-s5-e1-a1-p09,15cacb7214da29f735fe74234e764297d31194371bcebd510dbee27b79d6d12c,4,1955,100
2,ex2-s5-e1-a1-p09,15cacb7214da29f735fe74234e764297d31194371bcebd510dbee27b79d6d12c,4,1956,0
2,ex2-s5-e1-a1-p09,15cacb7214da29f735fe74234e764297d31194371bcebd510dbee27b79d6d12c,4,1957,0
2,ex2-s5-e1-a1-p09,15cacb7214da29f735fe74234e764297d31194371bcebd510dbee27b79d6d12c,4,1958,0
2,ex2-s5-e1-a1-p09,15cacb7214da29f735fe74234e764297d31194371bcebd510dbee27b79d6d12c,4,1959,0
2,ex2-s5-e1-a1-p09,15cacb7214da29f735fe74234e764297d31194371bcebd510dbee27b79d6d12c,4,1960,0
2,ex2-s5-e1-a1-p09,15cacb7214da29f735fe74234e764297d31194371bcebd510dbee27b79d6d12c,4,1961,100
2,ex2-s5-e1-a1-p09,15cacb7214da29f735fe74234e764297d31194371bcebd510dbee27b79d6d12c,4,1962,0
2,ex2-s5-e1-a1-p09,15cacb7214da29f735fe74234e764297d31194371bcebd510dbee27b79d6d12c,4,1963,0
2,ex2-s5-e1-a1-p09,15cacb7214da29f735fe74234e764297d31194371bcebd510dbee27b79d6d12c,4,1964,0
2,ex2-s5-e1-a1-p09,15cacb7214da29f735fe74234e764297d31194371bcebd510dbee27b79d6d12c,4,1965,0
2,ex2-s5-e1-a1-p09,15cacb7214da29f735fe74234e764297d31194371bcebd510dbee27b79d6d12c,4,1966,0
2,ex2-s5-e1-a1-p09,15cacb7214da29f735fe74234e764297d31194371bcebd510dbee27b79d6d12c,4,1967,0
2,ex2-s5-e1-a1-p09,15cacb7214da29f735fe74234e764297d31194371bcebd510dbee27b79d6d12c,4,1968,100
2,ex2-s5-e1-a1-p09,15cacb7214da29f735fe74234e764297d31194371bcebd510dbee27b79d6d12c,4,1969,0
2,ex2-s5-e1-a1-p09,15cacb7214da29f735fe74234e764297d31194371bcebd510dbee27b79d6d12c,4,1970,0
2,ex2-s5-e1-a1-p09,15cacb7214da29f735fe74234e764297d31194371bcebd510dbee27b79d6d12c,4,1971,0
2,ex2-s5-e1-a1-p09,15cacb7214da29f735fe74234e764297d31194371bcebd510dbee27b79d6d12c,4,1972,0
2,ex2-s5-e1-a1-p09,15cacb7214da29f735fe74234e764297d31194371bcebd510dbee27b79d6d12c,4,1973,0
2,ex2-s5-e1-a1-p09,15cacb7214da29f735fe74234e764297d31194371bcebd510dbee27b79d6d12c,4,1974,100
2,ex2-s5-e1-a1-p09,15cacb7214da29f735fe74234e764297d31194371bcebd510dbee27b79d6d12c,4,1975,0
2,ex2-s5-e1-a1-p09,15cacb7214da29f735fe74234e764297d31194371bcebd510dbee27b79d6d12c,4,1976,0
2,ex2-s5-e1-a1-p09,15cacb7214da29f735fe74234e764297d31194371bcebd510dbee27b79d6d12c,4,1977,0
2,ex2-s5-e1-a1-p09,15cacb7214da29f735fe74234e764297d31194371bcebd510dbee27b79d6d12c,4,1978,0
2,ex2-s5-e1-a1-p09,15cacb7214da29f735fe74234e764297d31194371bcebd510dbee27b79d6d12c,4,1979,0
2,ex2-s5-e1-a1-p09,15cacb7214da29f735fe74234e764297d31194371bcebd510dbee27b79d6d12c,4,1980,0
2,ex2-s5-e1-a1-p09,15cacb7214da29f735fe74234e764297d31194371bcebd510dbee27b79d6d12c,4,1981,100
2,ex2-s5-e1-a1-p09,15cacb7214da29f735fe74234e764297d31194371bcebd510dbee27b79d6d12c,4,1982,0
2,ex2-s5-e1-a1-p09,15cacb7214da29f735fe74234e764297d31194371bcebd510dbee27b79d6d12c,4,1983,0
2,ex2-s5-e1-a1-p09,15cacb7214da29f735fe74234e764297d31194371bcebd510dbee27b79d6d12c,4,1984,0
2,ex2-s5-e1-a1-p09,15cacb7214da29f735fe74234e764297d31194371bcebd510dbee27b79d6d12c,4,1985,0
2,ex2-s5-e1-a1-p09,15cacb7214da29f735fe74234e764297d31194371bcebd510dbee27b79d6d12c,4,1986,0
2,ex2-s5-e1-a1-p09,15cacb7214da29f735fe74234e764297d31194371bcebd510dbee27b79d6d12c,4,1987,100
2,ex2-s5-e1-a1-p09,15cacb7214da29f735fe74234e764297d31194371bcebd510dbee27b79d6d12c,4,1988,0
2,ex2-s5-e1-a1-p09,15cacb7214da29f735fe74234e764297d31194371bcebd510dbee27b79d6d12c,4,1989,0
2,ex2-s5-e1-a1-p09,15cacb7214da29f735fe74234e764297d31194371bcebd510dbee27b79d6d12c,4,1990,0
2,ex2-s5-e1-a1-p09,15cacb7214da29f735fe74234e764297d31194371bcebd510dbee27b79d6d12c,4,1991,0
2,ex2-s5-e1-a1-p09,15cacb7214da29f735fe74234e764297d31194371bcebd510dbee27b79d6d12c,4,1992,0
2,ex2-s5-e1-a1-p09,15cacb7214da29f735fe74234e764297d31194371bcebd510dbee27b79d6d12c,4,1993,0
2,ex2-s5-e1-a1-p09,15cacb7214da29f735fe74234e764297d31194371bcebd510dbee27b79d6d12c,4,1994,100
2,ex2-s5-e1-a1-p09,15cacb7214da29f735fe74234e764297d31194371bcebd510dbee27b79d6d12c,4,1995,0
2,ex2-s5-e1-a1-p09,15cacb7214da29f735fe74234e764297d31194371bcebd510dbee27b79d6d12c,4,1996,0
2,ex2-s5-e1-a1-p09,15cacb7214da29f735fe74234e764297d31194371bcebd510dbee27b79d6d12c,4,1997,0
2,ex2-s5-e1-a1-p09,15cacb7214da29f735fe74234e764297d31194371bcebd510dbee27b79d6d12c,4,1998,0
2,ex2-s5-e1-a1-p09,15cacb7214da29f735fe74234e764297d31194371bcebd510dbee27b79d6d12c,4,1999,0
2,ex2-s5-e1-a1-p09,15cacb7214da29f735fe74234e764297d31194371bcebd510dbee27b79d6d12c,4,2000,100
2,ex2-s5-e1-a1-p09,15cacb7214da29f735fe74234e764297d31194371bcebd510dbee27b79d6d12c,4,2001,0
2,ex2-s5-e1-a1-p09,15cacb7214da29f735fe74234e764297d31194371bcebd510dbee27b79d6d12c,4,2002,0
2,ex2-s5-e1-a1-p09,15cacb7214da29f735fe74234e764297d31194371bcebd510dbee27b79d6d12c,4,2003,0
2,ex2-s5-e1-a1-p09,15cacb7214da29f735fe74234e764297d31194371bcebd510dbee27b79d6d12c,4,2004,0
2,ex2-s5-e1-a1-p09,15cacb7214da29f735fe74234e764297d31194371bcebd510dbee27b79d6d12c,4,2005,0
2,ex2-s5-e1-a1-p09,15cacb7214da29f735fe74234e764297d31194371bcebd510dbee27b79d6d12c,4,2006,0
2,ex2-s5-e1-a1-p09,15cacb7214da29f735fe74234e764297d31194371bcebd510dbee27b79d6d12c,4,2007,100
2,ex2-s5-e1-a1-p09,15cacb7214da29f735fe74234e764297d31194371bcebd510dbee27b79d6d12c,4,2008,0
2,ex2-s5-e1-a1-p09,15cacb7214da29f735fe74234e764297d31194371bcebd510dbee27b79d6d12c,4,2009,0
2,ex2-s5-e1-a1-p09,15cacb7214da29f735fe74234e764297d31194371bcebd510dbee27b79d6d12c,4,2010,0
2,ex2-s5-e1-a1-p09,15cacb7214da29f735fe74234e764297d31194371bcebd510dbee27b79d6d12c,4,2011,0
2,ex2-s5-e1-a1-p09,15cacb7214da29f735fe74234e764297d31194371bcebd510dbee27b79d6d12c,4,2012,0
2,ex2-s5-e1-a1-p09,15cacb7214da29f735fe74234e764297d31194371bcebd510dbee27b79d6d12c,4,2013,0
2,ex2-s5-e1-a1-p09,15cacb7214da29f735fe74234e764297d31194371bcebd510dbee27b79d6d12c,4,2014,100
2,ex2-s5-e1-a1-p09,15cacb7214da29f735fe74234e764297d31194371bcebd510dbee27b79d6d12c,4,2015,0
2,ex2-s5-e1-a1-p09,15cacb7214da29f735fe74234e764297d31194371bcebd510dbee27b79d6d12c,4,2016,0
2,ex2-s5-e1-a1-p09,15cacb7214da29f735fe74234e764297d31194371bcebd510dbee27b79d6d12c,4,2017,0
2,ex2-s5-e1-a1-p09,15cacb7214da29f735fe74234e764297d31194371bcebd510dbee27b79d6d12c,4,2018,0
2,ex2-s5-e1-a1-p09,15cacb7214da29f735fe74234e764297d31194371bcebd510dbee27b79d6d12c,4,2019,0
2,ex2-s5-e1-a1-p09,15cacb7214da29f735fe74234e764297d31194371bcebd510dbee27b79d6d12c,4,2020,100
2,ex2-s5-e1-a1-p09,15cacb7214da29f735fe74234e764297d31194371bcebd510dbee27b79d6d12c,4,2021,0
2,ex2-s5-e1-a1-p09,15cacb7214da29f735fe74234e764297d31194371bcebd510dbee27b79d6d12c,4,2022,0
2,ex2-s5-e1-a1-p09,15cacb7214da29f735fe74234e764297d31194371bcebd510dbee27b79d6d12c,4,2023,0
2,ex2-s5-e1-a1-p09,15cacb7214da29f735fe74234e764297d31194371bcebd510dbee27b79d6d12c,4,2024,0
2,ex2-s5-e1-a1-p09,15cacb7214da29f735fe74234e764297d31194371bcebd510dbee27b79d6d12c,4,2025,0
2,ex2-s5-e1-a1-p09,15cacb7214da29f735fe74234e764297d31194371bcebd510dbee27b79d6d12c,4,2026,0
2,ex2-s5-e1-a1-p09,15cacb7214da29f735fe74234e764297d31194371bcebd510dbee27b79d6d12c,4,2027,100
2,ex2-s5-e1-a1-p09,15cacb7214da29f735fe74234e764297d31194371bcebd510dbee27b79d6d12c,4,2028,0
2,ex2-s5-e1-a1-p09,15cacb7214da29f735fe74234e764297d31194371bcebd510dbee27b79d6d12c,4,2029,0
2,ex2-s5-e1-a1-p09,15cacb7214da29f735fe74234e764297d31194371bcebd510dbee27b79d6d12c,4,2030,0
2,ex2-s5-e1-a1-p09,15cacb7214da29f735fe74234e764297d31194371bcebd510dbee27b79d6d12c,4,2031,0
2,ex2-s5-e1-a1-p09,15cacb7214da29f735fe74234e764297d31194371bcebd510dbee27b79d6d12c,4,2032,0
2,ex2-s5-e1-a1-p09,15cacb7214da29f735fe74234e764297d31194371bcebd510dbee27b79d6d12c,4,2033,100
2,ex2-s5-e1-a1-p09,15cacb7214da29f735fe74234e764297d31194371bcebd510dbee27b79d6d12c,4,2034,0
2,ex2-s5-e1-a1-p09,15cacb7214da29f735fe74234e764297d31194371bcebd510dbee27b79d6d12c,4,2035,0
2,ex2-s5-e1-a1-p09,15cacb7214da29f735fe74234e764297d31194371bcebd510dbee27b79d6d12c,4,2036,0
2,ex2-s5-e1-a1-p09,15cacb7214da29f735fe74234e764297d31194371bcebd510dbee27b79d6d12c,4,2037,0
2,ex2-s5-e1-a1-p09,15cacb7214da29f735fe74234e764297d31194371bcebd510dbee27b79d6d12c,4,2038,0
2,ex2-s5-e1-a1-p09,15cacb7214da29f735fe74234e764297d31194371bcebd510dbee27b79d6d12c,4,2039,0
2,ex2-s5-e1-a1-p09,15cacb7214da29f735fe74234e764297d31194371bcebd510dbee27b79d6d12c,4,2040,100
2,ex2-s5-e1-a1-p09,15cacb7214da29f735fe74234e764297d31194371bcebd510dbee27b79d6d12c,4,2041,0
2,ex2-s5-e1-a1-p09,15cacb7214da29f735fe74234e764297d31194371bcebd510dbee27b79d6d12c,4,2042,0
2,ex2-s5-e1-a1-p09,15cacb7214da29f735fe74234e764297d31194371bcebd510dbee27b79d6d12c,4,2043,0
2,ex2-s5-e1-a1-p09,15cacb7214da29f735fe74234e764297d31194371bcebd510dbee27b79d6d12c,4,2044,0
2,ex2-s5-e1-a1-p09,15cacb7214da29f735fe74234e764297d31194371bcebd510dbee27b79d6d12c,4,2045,0
2,ex2-s5-e1-a1-p09,15cacb7214da29f735fe74234e764297d31194371bcebd510dbee27b79d6d12c,4,2046,100
2,ex2-s5-e1-a1-p09,15cacb7214da29f735fe74234e764297d31194371bcebd510dbee27b79d6d12c,4,2047,0
2,ex2-s5-e1-a1-p09,15cacb7214da29f735fe74234e764297d31194371bcebd510dbee27b79d6d12c,4,2048,0
2,ex2-s5-e1-a1-p09,15cacb7214da29f735fe74234e764297d31194371bcebd510dbee27b79d6d12c,4,2049,0
2,ex2-s5-e1-a1-p09,15cacb7214da29f735fe74234e764297d31194371bcebd510dbee27b79d6d12c,4,2050,0
2,ex2-s5-e1-a1-p09,15cacb7214da29f735fe74234e764297d31194371bcebd510dbee27b79d6d12c,4,2051,0
2,ex2-s5-e1-a1-p09,15cacb7214da29f735fe74234e764297d31194371bcebd510dbee27b79d6d12c,4,2052,0
2,ex2-s5-e1-a1-p09,15cacb7214da29f735fe74234e764297d31194371bcebd510dbee27b79d6d12c,4,2053,100
2,ex2-s5-e1-a1-p09,15cacb7214da29f735fe74234e764297d31194371bcebd510dbee27b79d6d12c,4,2054,0
2,ex2-s5-e1-a1-p09,15cacb7214da29f735fe74234e764297d31194371bcebd510dbee27b79d6d12c,4,2055,0
2,ex2-s5-e1-a1-p09,15cacb7214da29f735fe74234e764297d31194371bcebd510dbee27b79d6d12c,4,2056,0
2,ex2-s5-e1-a1-p09,15cacb7214da29f735fe74234e764297d31194371bcebd510dbee27b79d6d12c,4,2057,0
2,ex2-s5-e1-a1-p09,15cacb7214da29f735fe74234e764297d31194371bcebd510dbee27b79d6d12c,4,2058,0
2,ex2-s5-e1-a1-p09,15cacb7214da29f735fe74234e764297d31194371bcebd510dbee27b79d6d12c,4,2059,100
2,ex2-s5-e1-a1-p09,15cacb7214da29f735fe74234e764297d31194371bcebd510dbee27b79d6d12c,4,2060,0
2,ex2-s5-e1-a1-p09,15cacb7214da29f735fe74234e764297d31194371bcebd510dbee27b79d6d12c,4,2061,0
2,ex2-s5-e1-a1-p09,15cacb7214da29f735fe74234e764297d31194371bcebd510dbee27b79d6d12c,4,2062,0
2,ex2-s5-e1-a1-p09,15cacb7214da29f735fe74234e764297d31194371bcebd510dbee27b79d6d12c,4,2063,0
2,ex2-s5-e1-a1-p09,15cacb7214da29f735fe74234e764297d31194371bcebd510dbee27b79d6d12c,4,2064,0
2,ex2-s5-e1-a1-p09,15cacb7214da29f735fe74234e764297d31194371bcebd510dbee27b79d6d12c,4,2065,0
2,ex2-s5-e1-a1-p09,15cacb7214da29f735fe74234e764297d31194371bcebd510dbee27b79d6d12c,4,2066,100
2,ex2-s5-e1-a1-p09,15cacb7214da29f735fe74234e764297d31194371bcebd510dbee27b79d6d12c,4,2067,0
2,ex2-s5-e1-a1-p09,15cacb7214da29f735fe74234e764297d31194371bcebd510dbee27b79d6d12c,4,2068,0
2,ex2-s5-e1-a1-p09,15cacb7214da29f735fe74234e764297d31194371bcebd510dbee27b79d6d12c,4,2069,0
2,ex2-s5-e1-a1-p09,15cacb7214da29f735fe74234e764297d31194371bcebd510dbee27b79d6d12c,4,2070,0
2,ex2-s5-e1-a1-p09,15cacb7214da29f735fe74234e764297d31194371bcebd510dbee27b79d6d12c,4,2071,0
2,ex2-s5-e1-a1-p09,15cacb7214da29f735fe74234e764297d31194371bcebd510dbee27b79d6d12c,4,2072,100
2,ex2-s5-e1-a1-p09,15cacb7214da29f735fe74234e764297d31194371bcebd510dbee27b79d6d12c,4,2073,0
2,ex2-s5-e1-a1-p09,15cacb7214da29f735fe74234e764297d31194371bcebd510dbee27b79d6d12c,4,2074,0
2,ex2-s5-e1-a1-p09,15cacb7214da29f735fe74234e764297d31194371bcebd510dbee27b79d6d12c,4,2075,0
2,ex2-s5-e1-a1-p09,15cacb7214da29f735fe74234e764297d31194371bcebd510dbee27b79d6d12c,4,2076,0
2,ex2-s5-e1-a1-p09,15cacb7214da29f735fe74234e764297d31194371bcebd510dbee27b79d6d12c,4,2077,0
2,ex2-s5-e1-a1-p09,15cacb7214da29f735fe74234e764297d31194371bcebd510dbee27b79d6d12c,4,2078,0
2,ex2-s5-e1-a1-p09,15cacb7214da29f735fe74234e764297d31194371bcebd510dbee27b79d6d12c,4,2079,100
2,ex2-s5-e1-a1-p09,15cacb7214da29f735fe74234e764297d31194371bcebd510dbee27b79d6d12c,4,2080,0
2,ex2-s5-e1-a1-p09,15cacb7214da29f735fe74234e764297d31194371bcebd510dbee27b79d6d12c,4,2081,0
2,ex2-s5-e1-a1-p09,15cacb7214da29f735fe74234e764297d31194371bcebd510dbee27b79d6d12c,4,2082,0
2,ex2-s5-e1-a1-p09,15cacb7214da29f735fe74234e764297d31194371bcebd510dbee27b79d6d12c,4,2083,0
2,ex2-s5-e1-a1-p09,15cacb7214da29f735fe74234e764297d31194371bcebd510dbee27b79d6d12c,4,2084,0
2,ex2-s5-e1-a1-p09,15cacb7214da29f735fe74234e764297d31194371bcebd510dbee27b79d6d12c,4,2085,100
2,ex2-s5-e1-a1-p09,15cacb7214da29f735fe74234e764297d31194371bcebd510dbee27b79d6d12c,4,2086,0
2,ex2-s5-e1-a1-p09,15cacb7214da29f735fe74234e764297d31194371bcebd510dbee27b79d6d12c,4,2087,0
2,ex2-s5-e1-a1-p09,15cacb7214da29f735fe74234e764297d31194371bcebd510dbee27b79d6d12c,4,2088,0
2,ex2-s5-e1-a1-p09,15cacb7214da29f735fe74234e764297d31194371bcebd510dbee27b79d6d12c,4,2089,0
2,ex2-s5-e1-a1-p09,15cacb7214da29f735fe74234e764297d31194371bcebd510dbee27b79d6d12c,4,2090,0
2,ex2-s5-e1-a1-p09,15cacb7214da29f735fe74234e764297d31194371bcebd510dbee27b79d6d12c,4,2091,0
2,ex2-s5-e1-a1-p09,15cacb7214da29f735fe74234e764297d31194371bcebd510dbee27b79d6d12c,4,2092,100
2,ex2-s5-e1-a1-p09,15cacb7214da29f735fe74234e764297d31194371bcebd510dbee27b79d6d12c,4,2093,0
2,ex2-s5-e1-a1-p09,15cacb7214da29f735fe74234e764297d31194371bcebd510dbee27b79d6d12c,4,2094,0
2,ex2-s5-e1-a1-p09,15cacb7214da29f735fe74234e764297d31194371bcebd510dbee27b79d6d12c,4,2095,0
2,ex2-s5-e1-a1-p09,15cacb7214da29f735fe74234e764297d31194371bcebd510dbee27b79d6d12c,4,2096,0
2,ex2-s5-e1-a1-p09,15cacb7214da29f735fe74234e764297d31194371bcebd510dbee27b79d6d12c,4,2097,0
2,ex2-s5-e1-a1-p09,15cacb7214da29f735fe74234e764297d31194371bcebd510dbee27b79d6d12c,4,2098,100
2,ex2-s5-e1-a1-p09,15cacb7214da29f735fe74234e764297d31194371bcebd510dbee27b79d6d12c,4,2099,0
2,ex2-s5-e1-a1-p09,15cacb7214da29f735fe74234e764297d31194371bcebd510dbee27b79d6d12c,4,2100,0
2,ex2-s5-e1-a1-p09,15cacb7214da29f735fe74234e764297d31194371bcebd510dbee27b79d6d12c,4,2101,0
2,ex2-s5-e1-a1-p09,15cacb7214da29f735fe74234e764297d31194371bcebd510dbee27b79d6d12c,4,2102,0
2,ex2-s5-e1-a1-p09,15cacb7214da29f735fe74234e764297d31194371bcebd510dbee27b79d6d12c,4,2103,0
2,ex2-s5-e1-a1-p09,15cacb7214da29f735fe74234e764297d31194371bcebd510dbee27b79d6d12c,4,2104,0
2,ex2-s5-e1-a1-p09,15cacb7214da29f735fe74234e764297d31194371bcebd510dbee27b79d6d12c,4,2105,100
2,ex2-s5-e1-a1-p09,15cacb7214da29f735fe74234e764297d31194371bcebd510dbee27b79d6d12c,4,2106,0
2,ex2-s5-e1-a1-p09,15cacb7214da29f735fe74234e764297d31194371bcebd510dbee27b79d6d12c,4,2107,0
2,ex2-s5-e1-a1-p09,15cacb7214da29f735fe74234e764297d31194371bcebd510dbee27b79d6d12c,4,2108,0
2,ex2-s5-e1-a1-p09,15cacb7214da29f735fe74234e764297d31194371bcebd510dbee27b79d6d12c,4,2109,0
2,ex2-s5-e1-a1-p09,15cacb7214da29f735fe74234e764297d31194371bcebd510dbee27b79d6d12c,4,2110,0
2,ex2-s5-e1-a1-p09,15cacb7214da29f735fe74234e764297d31194371bcebd510dbee27b79d6d12c,4,2111,100
2,ex2-s5-e1-a1-p09,15cacb7214da29f735fe74234e764297d31194371bcebd510dbee27b79d6d12c,4,2112,0
2,ex2-s5-e1-a1-p09,15cacb7214da29f735fe74234e764297d31194371bcebd510dbee27b79d6d12c,4,2113,0
2,ex2-s5-e1-a1-p09,15cacb7214da29f735fe74234e764297d31194371bcebd510dbee27b79d6d12c,4,2114,0
2,ex2-s5-e1-a1-p09,15cacb7214da29f735fe74234e764297d31194371bcebd510dbee27b79d6d12c,4,2115,0
2,ex2-s5-e1-a1-p09,15cacb7214da29f735fe74234e764297d31194371bcebd510dbee27b79d6d12c,4,2116,0
2,ex2-s5-e1-a1-p09,15cacb7214da29f735fe74234e764297d31194371bcebd510dbee27b79d6d12c,4,2117,0
2,ex2-s5-e1-a1-p09,15cacb7214da29f735fe74234e764297d31194371bcebd510dbee27b79d6d12c,4,2118,100
2,ex2-s5-e1-a1-p09,15cacb7214da29f735fe74234e764297d31194371bcebd510dbee27b79d6d12c,4,2119,0
2,ex2-s5-e1-a1-p09,15cacb7214da29f735fe74234e764297d31194371bcebd510dbee27b79d6d12c,4,2120,0
2,ex2-s5-e1-a1-p09,15cacb7214da29f735fe74234e764297d31194371bcebd510dbee27b79d6d12c,4,2121,0
2,ex2-s5-e1-a1-p09,15cacb7214da29f735fe74234e764297d31194371bcebd510dbee27b79d6d12c,4,2122,0
2,ex2-s5-e1-a1-p09,15cacb7214da29f735fe74234e764297d31194371bcebd510dbee27b79d6d12c,4,2123,0
2,ex2-s5-e1-a1-p09,15cacb7214da29f735fe74234e764297d31194371bcebd510dbee27b79d6d12c,4,2124,100
2,ex2-s5-e1-a1-p09,15cacb7214da29f735fe74234e764297d31194371bcebd510dbee27b79d6d12c,4,2125,0
2,ex2-s5-e1-a1-p09,15cacb7214da29f735fe74234e764297d31194371bcebd510dbee27b79d6d12c,4,2126,0
2,ex2-s5-e1-a1-p09,15cacb7214da29f735fe74234e764297d31194371bcebd510dbee27b79d6d12c,4,2127,0
2,ex2-s5-e1-a1-p09,15cacb7214da29f735fe74234e764297d31194371bcebd510dbee27b79d6d12c,4,2128,0
2,ex2-s5-e1-a1-p09,15cacb7214da29f735fe74234e764297d31194371bcebd510dbee27b79d6d12c,4,2129,0
2,ex2-s5-e1-a1-p09,15cacb7214da29f735fe74234e764297d31194371bcebd510dbee27b79d6d12c,4,2130,0
2,ex2-s5-e1-a1-p09,15cacb7214da29f735fe74234e764297d31194371bcebd510dbee27b79d6d12c,4,2131,100
2,ex2-s5-e1-a1-p09,15cacb7214da29f735fe74234e764297d31194371bcebd510dbee27b79d6d12c,4,2132,0
2,ex2-s5-e1-a1-p09,15cacb7214da29f735fe74234e764297d31194371bcebd510dbee27b79d6d12c,4,2133,0
2,ex2-s5-e1-a1-p09,15cacb7214da29f735fe74234e764297d31194371bcebd510dbee27b79d6d12c,4,2134,100
2,ex2-s5-e1-a1-p09,15cacb7214da29f735fe74234e764297d31194371bcebd510dbee27b79d6d12c,4,2135,0
2,ex2-s5-e1-a1-p09,15cacb7214da29f735fe74234e764297d31194371bcebd510dbee27b79d6d12c,4,2136,0
2,ex2-s5-e1-a1-p09,15cacb7214da29f735fe74234e764297d31194371bcebd510dbee27b79d6d12c,4,2137,0
2,ex2-s5-e1-a1-p09,15cacb7214da29f735fe74234e764297d31194371bcebd510dbee27b79d6d12c,4,2138,0
2,ex2-s5-e1-a1-p09,15cacb7214da29f735fe74234e764297d31194371bcebd510dbee27b79d6d12c,4,2139,0
2,ex2-s5-e1-a1-p09,15cacb7214da29f735fe74234e764297d31194371bcebd510dbee27b79d6d12c,4,2140,100
2,ex2-s5-e1-a1-p09,15cacb7214da29f735fe74234e764297d31194371bcebd510dbee27b79d6d12c,4,2141,0
2,ex2-s5-e1-a1-p09,15cacb7214da29f735fe74234e764297d31194371bcebd510dbee27b79d6d12c,4,2142,0
2,ex2-s5-e1-a1-p09,15cacb7214da29f735fe74234e764297d31194371bcebd510dbee27b79d6d12c,4,2143,0
2,ex2-s5-e1-a1-p09,15cacb7214da29f735fe74234e764297d31194371bcebd510dbee27b79d6d12c,4,2144,0
2,ex2-s5-e1-a1-p09,15cacb7214da29f735fe74234e764297d31194371bcebd510dbee27b79d6d12c,4,2145,0
2,ex2-s5-e1-a1-p09,15cacb7214da29f735fe74234e764297d31194371bcebd510dbee27b79d6d12c,4,2146,0
2,ex2-s5-e1-a1-p09,15cacb7214da29f735fe74234e764297d31194371bcebd510dbee27b79d6d12c,4,2147,100
2,ex2-s5-e1-a1-p09,15cacb7214da29f735fe74234e764297d31194371bcebd510dbee27b79d6d12c,4,2148,0
2,ex2-s5-e1-a1-p09,15cacb7214da29f735fe74234e764297d31194371bcebd510dbee27b79d6d12c,4,2149,0
2,ex2-s5-e1-a1-p09,15cacb7214da29f735fe74234e764297d31194371bcebd510dbee27b79d6d12c,4,2150,0
2,ex2-s5-e1-a1-p09,15cacb7214da29f735fe74234e764297d31194371bcebd510dbee27b79d6d12c,4,2151,0
2,ex2-s5-e1-a1-p09,15cacb7214da29f735fe74234e764297d31194371bcebd510dbee27b79d6d12c,4,2152,0
2,ex2-s5-e1-a1-p09,15cacb7214da29f735fe74234e764297d31194371bcebd510dbee27b79d6d12c,4,2153,100
2,ex2-s5-e1-a1-p09,15cacb7214da29f735fe74234e764297d31194371bcebd510dbee27b79d6d12c,4,2154,0
2,ex2-s5-e1-a1-p09,15cacb7214da29f735fe74234e764297d31194371bcebd510dbee27b79d6d12c,4,2155,0
2,ex2-s5-e1-a1-p09,15cacb7214da29f735fe74234e764297d31194371bcebd510dbee27b79d6d12c,4,2156,0
2,ex2-s5-e1-a1-p09,15cacb7214da29f735fe74234e764297d31194371bcebd510dbee27b79d6d12c,4,2157,0
2,ex2-s5-e1-a1-p09,15cacb7214da29f735fe74234e764297d31194371bcebd510dbee27b79d6d12c,4,2158,0
2,ex2-s5-e1-a1-p09,15cacb7214da29f735fe74234e764297d31194371bcebd510dbee27b79d6d12c,4,2159,0
2,ex2-s5-e1-a1-p09,15cacb7214da29f735fe74234e764297d31194371bcebd510dbee27b79d6d12c,4,2160,100
2,ex2-s5-e1-a1-p09,15cacb7214da29f735fe74234e764297d31194371bcebd510dbee27b79d6d12c,4,2161,0
2,ex2-s5-e1-a1-p09,15cacb7214da29f735fe74234e764297d31194371bcebd510dbee27b79d6d12c,4,2162,0
2,ex2-s5-e1-a1-p09,15cacb7214da29f735fe74234e764297d31194371bcebd510dbee27b79d6d12c,4,2163,0
2,ex2-s5-e1-a1-p09,15cacb7214da29f735fe74234e764297d31194371bcebd510dbee27b79d6d12c,4,2164,0
2,ex2-s5-e1-a1-p09,15cacb7214da29f735fe74234e764297d31194371bcebd510dbee27b79d6d12c,4,2165,0
2,ex2-s5-e1-a1-p09,15cacb7214da29f735fe74234e764297d31194371bcebd510dbee27b79d6d12c,4,2166,100
2,ex2-s5-e1-a1-p09,15cacb7214da29f735fe74234e764297d31194371bcebd510dbee27b79d6d12c,4,2167,0
2,ex2-s5-e1-a1-p09,15cacb7214da29f735fe74234e764297d31194371bcebd510dbee27b79d6d12c,4,2168,0
2,ex2-s5-e1-a1-p09,15cacb7214da29f735fe74234e764297d31194371bcebd510dbee27b79d6d12c,4,2169,0
2,ex2-s5-e1-a1-p09,15cacb7214da29f735fe74234e764297d31194371bcebd510dbee27b79d6d12c,4,2170,0
2,ex2-s5-e1-a1-p09,15cacb7214da29f735fe74234e764297d31194371bcebd510dbee27b79d6d12c,4,2171,0
2,ex2-s5-e1-a1-p09,15cacb7214da29f735fe74234e764297d31194371bcebd510dbee27b79d6d12c,4,2172,0
2,ex2-s5-e1-a1-p09,15cacb7214da29f735fe74234e764297d31194371bcebd510dbee27b79d6d12c,4,2173,100
2,ex2-s5-e1-a1-p09,15cacb7214da29f735fe74234e764297d31194371bcebd510dbee27b79d6d12c,4,2174,0
2,ex2-s5-e1-a1-p09,15cacb7214da29f735fe74234e764297d31194371bcebd510dbee27b79d6d12c,4,2175,0
2,ex2-s5-e1-a1-p09,15cacb7214da29f735fe74234e764297d31194371bcebd510dbee27b79d6d12c,4,2176,0
2,ex2-s5-e1-a1-p09,15cacb7214da29f735fe74234e764297d31194371bcebd510dbee27b79d6d12c,4,2177,0
2,ex2-s5-e1-a1-p09,15cacb7214da29f735fe74234e764297d31194371bcebd510dbee27b79d6d12c,4,2178,0
2,ex2-s5-e1-a1-p09,15cacb7214da29f735fe74234e764297d31194371bcebd510dbee27b79d6d12c,4,2179,100
2,ex2-s5-e1-a1-p09,15cacb7214da29f735fe74234e764297d31194371bcebd510dbee27b79d6d12c,4,2180,0
2,ex2-s5-e1-a1-p09,15cacb7214da29f735fe74234e764297d31194371bcebd510dbee27b79d6d12c,4,2181,0
2,ex2-s5-e1-a1-p09,15cacb7214da29f735fe74234e764297d31194371bcebd510dbee27b79d6d12c,4,2182,0
2,ex2-s5-e1-a1-p09,15cacb7214da29f735fe74234e764297d31194371bcebd510dbee27b79d6d12c,4,2183,0
2,ex2-s5-e1-a1-p09,15cacb7214da29f735fe74234e764297d31194371bcebd510dbee27b79d6d12c,4,2184,0
2,ex2-s5-e1-a1-p09,15cacb7214da29f735fe74234e764297d31194371bcebd510dbee27b79d6d12c,4,2185,0
2,ex2-s5-e1-a1-p09,15cacb7214da29f735fe74234e764297d31194371bcebd510dbee27b79d6d12c,4,2186,100
2,ex2-s5-e1-a1-p09,15cacb7214da29f735fe74234e764297d31194371bcebd510dbee27b79d6d12c,4,2187,0
2,ex2-s5-e1-a1-p09,15cacb7214da29f735fe74234e764297d31194371bcebd510dbee27b79d6d12c,4,2188,0
2,ex2-s5-e1-a1-p09,15cacb7214da29f735fe74234e764297d31194371bcebd510dbee27b79d6d12c,4,2189,0
2,ex2-s5-e1-a1-p09,15cacb7214da29f735fe74234e764297d31194371bcebd510dbee27b79d6d12c,4,2190,0
2,ex2-s5-e1-a1-p09,15cacb7214da29f735fe74234e764297d31194371bcebd510dbee27b79d6d12c,4,2191,0
2,ex2-s5-e1-a1-p09,15cacb7214da29f735fe74234e764297d31194371bcebd510dbee27b79d6d12c,4,2192,100
2,ex2-s5-e1-a1-p09,15cacb7214da29f735fe74234e764297d31194371bcebd510dbee27b79d6d12c,4,2193,0
2,ex2-s5-e1-a1-p09,15cacb7214da29f735fe74234e764297d31194371bcebd510dbee27b79d6d12c,4,2194,0
2,ex2-s5-e1-a1-p09,15cacb7214da29f735fe74234e764297d31194371bcebd510dbee27b79d6d12c,4,2195,0
2,ex2-s5-e1-a1-p09,15cacb7214da29f735fe74234e764297d31194371bcebd510dbee27b79d6d12c,4,2196,0
2,ex2-s5-e1-a1-p09,15cacb7214da29f735fe74234e764297d31194371bcebd510dbee27b79d6d12c,4,2197,0
2,ex2-s5-e1-a1-p09,15cacb7214da29f735fe74234e764297d31194371bcebd510dbee27b79d6d12c,4,2198,0
2,ex2-s5-e1-a1-p09,15cacb7214da29f735fe74234e764297d31194371bcebd510dbee27b79d6d12c,4,2199,100
2,ex2-s5-e1-a1-p09,15cacb7214da29f735fe74234e764297d31194371bcebd510dbee27b79d6d12c,4,2200,0
2,ex2-s5-e1-a1-p09,15cacb7214da29f735fe74234e764297d31194371bcebd510dbee27b79d6d12c,4,2201,0
2,ex2-s5-e1-a1-p09,15cacb7214da29f735fe74234e764297d31194371bcebd510dbee27b79d6d12c,4,2202,0
2,ex2-s5-e1-a1-p09,15cacb7214da29f735fe74234e764297d31194371bcebd510dbee27b79d6d12c,4,2203,0
2,ex2-s5-e1-a1-p09,15cacb7214da29f735fe74234e764297d31194371bcebd510dbee27b79d6d12c,4,2204,0
2,ex2-s5-e1-a1-p09,15cacb7214da29f735fe74234e764297d31194371bcebd510dbee27b79d6d12c,4,2205,100
2,ex2-s5-e1-a1-p09,15cacb7214da29f735fe74234e764297d31194371bcebd510dbee27b79d6d12c,4,2206,0
2,ex2-s5-e1-a1-p09,15cacb7214da29f735fe74234e764297d31194371bcebd510dbee27b79d6d12c,4,2207,0
2,ex2-s5-e1-a1-p09,15cacb7214da29f735fe74234e764297d31194371bcebd510dbee27b79d6d12c,4,2208,0
2,ex2-s5-e1-a1-p09,15cacb7214da29f735fe74234e764297d31194371bcebd510dbee27b79d6d12c,4,2209,0
2,ex2-s5-e1-a1-p09,15cacb7214da29f735fe74234e764297d31194371bcebd510dbee27b79d6d12c,4,2210,0
2,ex2-s5-e1-a1-p09,15cacb7214da29f735fe74234e764297d31194371bcebd510dbee27b79d6d12c,4,2211,0
2,ex2-s5-e1-a1-p09,15cacb7214da29f735fe74234e764297d31194371bcebd510dbee27b79d6d12c,4,2212,100
2,ex2-s5-e1-a1-p09,15cacb7214da29f735fe74234e764297d31194371bcebd510dbee27b79d6d12c,4,2213,0
2,ex2-s5-e1-a1-p09,15cacb7214da29f735fe74234e764297d31194371bcebd510dbee27b79d6d12c,4,2214,0
2,ex2-s5-e1-a1-p09,15cacb7214da29f735fe74234e764297d31194371bcebd510dbee27b79d6d12c,4,2215,0
2,ex2-s5-e1-a1-p09,15cacb7214da29f735fe74234e764297d31194371bcebd510dbee27b79d6d12c,4,2216,0
2,ex2-s5-e1-a1-p09,15cacb7214da29f735fe74234e764297d31194371bcebd510dbee27b79d6d12c,4,2217,0
2,ex2-s5-e1-a1-p09,15cacb7214da29f735fe74234e764297d31194371bcebd510dbee27b79d6d12c,4,2218,100
2,ex2-s5-e1-a1-p09,15cacb7214da29f735fe74234e764297d31194371bcebd510dbee27b79d6d12c,4,2219,0
2,ex2-s5-e1-a1-p09,15cacb7214da29f735fe74234e764297d31194371bcebd510dbee27b79d6d12c,4,2220,0
2,ex2-s5-e1-a1-p09,15cacb7214da29f735fe74234e764297d31194371bcebd510dbee27b79d6d12c,4,2221,0
2,ex2-s5-e1-a1-p09,15cacb7214da29f735fe74234e764297d31194371bcebd510dbee27b79d6d12c,4,2222,0
2,ex2-s5-e1-a1-p09,15cacb7214da29f735fe74234e764297d31194371bcebd510dbee27b79d6d12c,4,2223,0
2,ex2-s5-e1-a1-p09,15cacb7214da29f735fe74234e764297d31194371bcebd510dbee27b79d6d12c,4,2224,0
2,ex2-s5-e1-a1-p09,15cacb7214da29f735fe74234e764297d31194371bcebd510dbee27b79d6d12c,4,2225,100
2,ex2-s5-e1-a1-p09,15cacb7214da29f735fe74234e764297d31194371bcebd510dbee27b79d6d12c,4,2226,0
2,ex2-s5-e1-a1-p09,15cacb7214da29f735fe74234e764297d31194371bcebd510dbee27b79d6d12c,4,2227,0
2,ex2-s5-e1-a1-p09,15cacb7214da29f735fe74234e764297d31194371bcebd510dbee27b79d6d12c,4,2228,0
2,ex2-s5-e1-a1-p09,15cacb7214da29f735fe74234e764297d31194371bcebd510dbee27b79d6d12c,4,2229,0
2,ex2-s5-e1-a1-p09,15cacb7214da29f735fe74234e764297d31194371bcebd510dbee27b79d6d12c,4,2230,0
2,ex2-s5-e1-a1-p09,15cacb7214da29f735fe74234e764297d31194371bcebd510dbee27b79d6d12c,4,2231,100
2,ex2-s5-e1-a1-p09,15cacb7214da29f735fe74234e764297d31194371bcebd510dbee27b79d6d12c,4,2232,0
2,ex2-s5-e1-a1-p09,15cacb7214da29f735fe74234e764297d31194371bcebd510dbee27b79d6d12c,4,2233,0
2,ex2-s5-e1-a1-p09,15cacb7214da29f735fe74234e764297d31194371bcebd510dbee27b79d6d12c,4,2234,0
2,ex2-s5-e1-a1-p09,15cacb7214da29f735fe74234e764297d31194371bcebd510dbee27b79d6d12c,4,2235,0
2,ex2-s5-e1-a1-p09,15cacb7214da29f735fe74234e764297d31194371bcebd510dbee27b79d6d12c,4,2236,0
2,ex2-s5-e1-a1-p09,15cacb7214da29f735fe74234e764297d31194371bcebd510dbee27b79d6d12c,4,2237,0
2,ex2-s5-e1-a1-p09,15cacb7214da29f735fe74234e764297d31194371bcebd510dbee27b79d6d12c,4,2238,100
2,ex2-s5-e1-a1-p09,15cacb7214da29f735fe74234e764297d31194371bcebd510dbee27b79d6d12c,4,2239,0
2,ex2-s5-e1-a1-p09,15cacb7214da29f735fe74234e764297d31194371bcebd510dbee27b79d6d12c,4,2240,0
2,ex2-s5-e1-a1-p09,15cacb7214da29f735fe74234e764297d31194371bcebd510dbee27b79d6d12c,4,2241,0
2,ex2-s5-e1-a1-p09,15cacb7214da29f735fe74234e764297d31194371bcebd510dbee27b79d6d12c,4,2242,0
2,ex2-s5-e1-a1-p09,15cacb7214da29f735fe74234e764297d31194371bcebd510dbee27b79d6d12c,4,2243,0
2,ex2-s5-e1-a1-p09,15cacb7214da29f735fe74234e764297d31194371bcebd510dbee27b79d6d12c,4,2244,100
2,ex2-s5-e1-a1-p09,15cacb7214da29f735fe74234e764297d31194371bcebd510dbee27b79d6d12c,4,2245,0
2,ex2-s5-e1-a1-p09,15cacb7214da29f735fe74234e764297d31194371bcebd510dbee27b79d6d12c,4,2246,0
2,ex2-s5-e1-a1-p09,15cacb7214da29f735fe74234e764297d31194371bcebd510dbee27b79d6d12c,4,2247,0
2,ex2-s5-e1-a1-p09,15cacb7214da29f735fe74234e764297d31194371bcebd510dbee27b79d6d12c,4,2248,0
2,ex2-s5-e1-a1-p09,15cacb7214da29f735fe74234e764297d31194371bcebd510dbee27b79d6d12c,4,2249,0
2,ex2-s5-e1-a1-p09,15cacb7214da29f735fe74234e764297d31194371bcebd510dbee27b79d6d12c,4,2250,0
2,ex2-s5-e1-a1-p09,15cacb7214da29f735fe74234e764297d31194371bcebd510dbee27b79d6d12c,4,2251,100
2,ex2-s5-e1-a1-p09,15cacb7214da29f735fe74234e764297d31194371bcebd510dbee27b79d6d12c,4,2252,0
2,ex2-s5-e1-a1-p09,15cacb7214da29f735fe74234e764297d31194371bcebd510dbee27b79d6d12c,4,2253,0
2,ex2-s5-e1-a1-p09,15cacb7214da29f735fe74234e764297d31194371bcebd510dbee27b79d6d12c,4,2254,0
2,ex2-s5-e1-a1-p09,15cacb7214da29f735fe74234e764297d31194371bcebd510dbee27b79d6d12c,4,2255,0
2,ex2-s5-e1-a1-p09,15cacb7214da29f735fe74234e764297d31194371bcebd510dbee27b79d6d12c,4,2256,0
2,ex2-s5-e1-a1-p09,15cacb7214da29f735fe74234e764297d31194371bcebd510dbee27b79d6d12c,4,2257,100
2,ex2-s5-e1-a1-p09,15cacb7214da29f735fe74234e764297d31194371bcebd510dbee27b79d6d12c,4,2258,0
2,ex2-s5-e1-a1-p09,15cacb7214da29f735fe74234e764297d31194371bcebd510dbee27b79d6d12c,4,2259,0
2,ex2-s5-e1-a1-p09,15cacb7214da29f735fe74234e764297d31194371bcebd510dbee27b79d6d12c,4,2260,0
2,ex2-s5-e1-a1-p09,15cacb7214da29f735fe74234e764297d31194371bcebd510dbee27b79d6d12c,4,2261,0
2,ex2-s5-e1-a1-p09,15cacb7214da29f735fe74234e764297d31194371bcebd510dbee27b79d6d12c,4,2262,0
2,ex2-s5-e1-a1-p09,15cacb7214da29f735fe74234e764297d31194371bcebd510dbee27b79d6d12c,4,2263,0
2,ex2-s5-e1-a1-p09,15cacb7214da29f735fe74234e764297d31194371bcebd510dbee27b79d6d12c,4,2264,100
2,ex2-s5-e1-a1-p09,15cacb7214da29f735fe74234e764297d31194371bcebd510dbee27b79d6d12c,4,2265,0
2,ex2-s5-e1-a1-p09,15cacb7214da29f735fe74234e764297d31194371bcebd510dbee27b79d6d12c,4,2266,0
2,ex2-s5-e1-a1-p09,15cacb7214da29f735fe74234e764297d31194371bcebd510dbee27b79d6d12c,4,2267,0
2,ex2-s5-e1-a1-p09,15cacb7214da29f735fe74234e764297d31194371bcebd510dbee27b79d6d12c,4,2268,0
2,ex2-s5-e1-a1-p09,15cacb7214da29f735fe74234e764297d31194371bcebd510dbee27b79d6d12c,4,2269,0
2,ex2-s5-e1-a1-p09,15cacb7214da29f735fe74234e764297d31194371bcebd510dbee27b79d6d12c,4,2270,100
2,ex2-s5-e1-a1-p09,15cacb7214da29f735fe74234e764297d31194371bcebd510dbee27b79d6d12c,4,2271,0
2,ex2-s5-e1-a1-p09,15cacb7214da29f735fe74234e764297d31194371bcebd510dbee27b79d6d12c,4,2272,0
2,ex2-s5-e1-a1-p09,15cacb7214da29f735fe74234e764297d31194371bcebd510dbee27b79d6d12c,4,2273,0
2,ex2-s5-e1-a1-p09,15cacb7214da29f735fe74234e764297d31194371bcebd510dbee27b79d6d12c,4,2274,0
2,ex2-s5-e1-a1-p09,15cacb7214da29f735fe74234e764297d31194371bcebd510dbee27b79d6d12c,4,2275,0
2,ex2-s5-e1-a1-p09,15cacb7214da29f735fe74234e764297d31194371bcebd510dbee27b79d6d12c,4,2276,0
2,ex2-s5-e1-a1-p09,15cacb7214da29f735fe74234e764297d31194371bcebd510dbee27b79d6d12c,4,2277,100
2,ex2-s5-e1-a1-p09,15cacb7214da29f735fe74234e764297d31194371bcebd510dbee27b79d6d12c,4,2278,0
2,ex2-s5-e1-a1-p09,15cacb7214da29f735fe74234e764297d31194371bcebd510dbee27b79d6d12c,4,2279,0
2,ex2-s5-e1-a1-p09,15cacb7214da29f735fe74234e764297d31194371bcebd510dbee27b79d6d12c,4,2280,0
2,ex2-s5-e1-a1-p09,15cacb7214da29f735fe74234e764297d31194371bcebd510dbee27b79d6d12c,4,2281,0
2,ex2-s5-e1-a1-p09,15cacb7214da29f735fe74234e764297d31194371bcebd510dbee27b79d6d12c,4,2282,0
2,ex2-s5-e1-a1-p09,15cacb7214da29f735fe74234e764297d31194371bcebd510dbee27b79d6d12c,4,2283,100
2,ex2-s5-e1-a1-p09,15cacb7214da29f735fe74234e764297d31194371bcebd510dbee27b79d6d12c,4,2284,0
2,ex2-s5-e1-a1-p09,15cacb7214da29f735fe74234e764297d31194371bcebd510dbee27b79d6d12c,4,2285,0
2,ex2-s5-e1-a1-p09,15cacb7214da29f735fe74234e764297d31194371bcebd510dbee27b79d6d12c,4,2286,0
2,ex2-s5-e1-a1-p09,15cacb7214da29f735fe74234e764297d31194371bcebd510dbee27b79d6d12c,4,2287,0
2,ex2-s5-e1-a1-p09,15cacb7214da29f735fe74234e764297d31194371bcebd510dbee27b79d6d12c,4,2288,0
2,ex2-s5-e1-a1-p09,15cacb7214da29f735fe74234e764297d31194371bcebd510dbee27b79d6d12c,4,2289,0
2,ex2-s5-e1-a1-p09,15cacb7214da29f735fe74234e764297d31194371bcebd510dbee27b79d6d12c,4,2290,100
2,ex2-s5-e1-a1-p09,15cacb7214da29f735fe74234e764297d31194371bcebd510dbee27b79d6d12c,4,2291,0
2,ex2-s5-e1-a1-p09,15cacb7214da29f735fe74234e764297d31194371bcebd510dbee27b79d6d12c,4,2292,0
2,ex2-s5-e1-a1-p09,15cacb7214da29f735fe74234e764297d31194371bcebd510dbee27b79d6d12c,4,2293,0
2,ex2-s5-e1-a1-p09,15cacb7214da29f735fe74234e764297d31194371bcebd510dbee27b79d6d12c,4,2294,0
2,ex2-s5-e1-a1-p09,15cacb7214da29f735fe74234e764297d31194371bcebd510dbee27b79d6d12c,4,2295,0
2,ex2-s5-e1-a1-p09,15cacb7214da29f735fe74234e764297d31194371bcebd510dbee27b79d6d12c,4,2296,100
2,ex2-s5-e1-a1-p09,15cacb7214da29f735fe74234e764297d31194371bcebd510dbee27b79d6d12c,4,2297,0
2,ex2-s5-e1-a1-p09,15cacb7214da29f735fe74234e764297d31194371bcebd510dbee27b79d6d12c,4,2298,0
2,ex2-s5-e1-a1-p09,15cacb7214da29f735fe74234e764297d31194371bcebd510dbee27b79d6d12c,4,2299,0
2,ex2-s5-e1-a1-p09,15cacb7214da29f735fe74234e764297d31194371bcebd510dbee27b79d6d12c,4,2300,0
2,ex2-s5-e1-a1-p09,15cacb7214da29f735fe74234e764297d31194371bcebd510dbee27b79d6d12c,4,2301,0
2,ex2-s5-e1-a1-p09,15cacb7214da29f735fe74234e764297d31194371bcebd510dbee27b79d6d12c,4,2302,0
2,ex2-s5-e1-a1-p09,15cacb7214da29f735fe74234e764297d31194371bcebd510dbee27b79d6d12c,4,2303,100
2,ex2-s5-e1-a1-p09,15cacb7214da29f735fe74234e764297d31194371bcebd510dbee27b79d6d12c,4,2304,0
2,ex2-s5-e1-a1-p09,15cacb7214da29f735fe74234e764297d31194371bcebd510dbee27b79d6d12c,4,2305,0
2,ex2-s5-e1-a1-p09,15cacb7214da29f735fe74234e764297d31194371bcebd510dbee27b79d6d12c,4,2306,0
2,ex2-s5-e1-a1-p09,15cacb7214da29f735fe74234e764297d31194371bcebd510dbee27b79d6d12c,4,2307,0
2,ex2-s5-e1-a1-p09,15cacb7214da29f735fe74234e764297d31194371bcebd510dbee27b79d6d12c,4,2308,0
2,ex2-s5-e1-a1-p09,15cacb7214da29f735fe74234e764297d31194371bcebd510dbee27b79d6d12c,4,2309,100
2,ex2-s5-e1-a1-p09,15cacb7214da29f735fe74234e764297d31194371bcebd510dbee27b79d6d12c,4,2310,0
2,ex2-s5-e1-a1-p09,15cacb7214da29f735fe74234e764297d31194371bcebd510dbee27b79d6d12c,4,2311,0
2,ex2-s5-e1-a1-p09,15cacb7214da29f735fe74234e764297d31194371bcebd510dbee27b79d6d12c,4,2312,0
2,ex2-s5-e1-a1-p09,15cacb7214da29f735fe74234e764297d31194371bcebd510dbee27b79d6d12c,4,2313,0
2,ex2-s5-e1-a1-p09,15cacb7214da29f735fe74234e764297d31194371bcebd510dbee27b79d6d12c,4,2314,0
2,ex2-s5-e1-a1-p09,15cacb7214da29f735fe74234e764297d31194371bcebd510dbee27b79d6d12c,4,2315,0
2,ex2-s5-e1-a1-p09,15cacb7214da29f735fe74234e764297d31194371bcebd510dbee27b79d6d12c,4,2316,100
2,ex2-s5-e1-a1-p09,15cacb7214da29f735fe74234e764297d31194371bcebd510dbee27b79d6d12c,4,2317,0
2,ex2-s5-e1-a1-p09,15cacb7214da29f735fe74234e764297d31194371bcebd510dbee27b79d6d12c,4,2318,0
2,ex2-s5-e1-a1-p09,15cacb7214da29f735fe74234e764297d31194371bcebd510dbee27b79d6d12c,4,2319,0
2,ex2-s5-e1-a1-p09,15cacb7214da29f735fe74234e764297d31194371bcebd510dbee27b79d6d12c,4,2320,0
2,ex2-s5-e1-a1-p09,15cacb7214da29f735fe74234e764297d31194371bcebd510dbee27b79d6d12c,4,2321,0
2,ex2-s5-e1-a1-p09,15cacb7214da29f735fe74234e764297d31194371bcebd510dbee27b79d6d12c,4,2322,100
2,ex2-s5-e1-a1-p09,15cacb7214da29f735fe74234e764297d31194371bcebd510dbee27b79d6d12c,4,2323,0
2,ex2-s5-e1-a1-p09,15cacb7214da29f735fe74234e764297d31194371bcebd510dbee27b79d6d12c,4,2324,0
2,ex2-s5-e1-a1-p09,15cacb7214da29f735fe74234e764297d31194371bcebd510dbee27b79d6d12c,4,2325,0
2,ex2-s5-e1-a1-p09,15cacb7214da29f735fe74234e764297d31194371bcebd510dbee27b79d6d12c,4,2326,0
2,ex2-s5-e1-a1-p09,15cacb7214da29f735fe74234e764297d31194371bcebd510dbee27b79d6d12c,4,2327,0
2,ex2-s5-e1-a1-p09,15cacb7214da29f735fe74234e764297d31194371bcebd510dbee27b79d6d12c,4,2328,100
2,ex2-s5-e1-a1-p09,15cacb7214da29f735fe74234e764297d31194371bcebd510dbee27b79d6d12c,4,2329,0
2,ex2-s5-e1-a1-p09,15cacb7214da29f735fe74234e764297d31194371bcebd510dbee27b79d6d12c,4,2330,0
2,ex2-s5-e1-a1-p09,15cacb7214da29f735fe74234e764297d31194371bcebd510dbee27b79d6d12c,4,2331,0
2,ex2-s5-e1-a1-p09,15cacb7214da29f735fe74234e764297d31194371bcebd510dbee27b79d6d12c,4,2332,0
2,ex2-s5-e1-a1-p09,15cacb7214da29f735fe74234e764297d31194371bcebd510dbee27b79d6d12c,4,2333,0
2,ex2-s5-e1-a1-p09,15cacb7214da29f735fe74234e764297d31194371bcebd510dbee27b79d6d12c,4,2334,0
2,ex2-s5-e1-a1-p09,15cacb7214da29f735fe74234e764297d31194371bcebd510dbee27b79d6d12c,4,2335,100
2,ex2-s5-e1-a1-p09,15cacb7214da29f735fe74234e764297d31194371bcebd510dbee27b79d6d12c,4,2336,0
2,ex2-s5-e1-a1-p09,15cacb7214da29f735fe74234e764297d31194371bcebd510dbee27b79d6d12c,4,2337,0
2,ex2-s5-e1-a1-p09,15cacb7214da29f735fe74234e764297d31194371bcebd510dbee27b79d6d12c,4,2338,0
2,ex2-s5-e1-a1-p09,15cacb7214da29f735fe74234e764297d31194371bcebd510dbee27b79d6d12c,4,2339,0
2,ex2-s5-e1-a1-p09,15cacb7214da29f735fe74234e764297d31194371bcebd510dbee27b79d6d12c,4,2340,0
2,ex2-s5-e1-a1-p09,15cacb7214da29f735fe74234e764297d31194371bcebd510dbee27b79d6d12c,4,2341,100
2,ex2-s5-e1-a1-p09,15cacb7214da29f735fe74234e764297d31194371bcebd510dbee27b79d6d12c,4,2342,0
2,ex2-s5-e1-a1-p09,15cacb7214da29f735fe74234e764297d31194371bcebd510dbee27b79d6d12c,4,2343,0
2,ex2-s5-e1-a1-p09,15cacb7214da29f735fe74234e764297d31194371bcebd510dbee27b79d6d12c,4,2344,0
2,ex2-s5-e1-a1-p09,15cacb7214da29f735fe74234e764297d31194371bcebd510dbee27b79d6d12c,4,2345,0
2,ex2-s5-e1-a1-p09,15cacb7214da29f735fe74234e764297d31194371bcebd510dbee27b79d6d12c,4,2346,0
2,ex2-s5-e1-a1-p09,15cacb7214da29f735fe74234e764297d31194371bcebd510dbee27b79d6d12c,4,2347,0
2,ex2-s5-e1-a1-p09,15cacb7214da29f735fe74234e764297d31194371bcebd510dbee27b79d6d12c,4,2348,100
2,ex2-s5-e1-a1-p09,15cacb7214da29f735fe74234e764297d31194371bcebd510dbee27b79d6d12c,4,2349,0
2,ex2-s5-e1-a1-p09,15cacb7214da29f735fe74234e764297d31194371bcebd510dbee27b79d6d12c,4,2350,0
2,ex2-s5-e1-a1-p09,15cacb7214da29f735fe74234e764297d31194371bcebd510dbee27b79d6d12c,4,2351,0
2,ex2-s5-e1-a1-p09,15cacb7214da29f735fe74234e764297d31194371bcebd510dbee27b79d6d12c,4,2352,0
2,ex2-s5-e1-a1-p09,15cacb7214da29f735fe74234e764297d31194371bcebd510dbee27b79d6d12c,4,2353,0
2,ex2-s5-e1-a1-p09,15cacb7214da29f735fe74234e764297d31194371bcebd510dbee27b79d6d12c,4,2354,100
2,ex2-s5-e1-a1-p09,15cacb7214da29f735fe74234e764297d31194371bcebd510dbee27b79d6d12c,4,2355,0
2,ex2-s5-e1-a1-p09,15cacb7214da29f735fe74234e764297d31194371bcebd510dbee27b79d6d12c,4,2356,0
2,ex2-s5-e1-a1-p09,15cacb7214da29f735fe74234e764297d31194371bcebd510dbee27b79d6d12c,4,2357,0
2,ex2-s5-e1-a1-p09,15cacb7214da29f735fe74234e764297d31194371bcebd510dbee27b79d6d12c,4,2358,0
2,ex2-s5-e1-a1-p09,15cacb7214da29f735fe74234e764297d31194371bcebd510dbee27b79d6d12c,4,2359,0
2,ex2-s5-e1-a1-p09,15cacb7214da29f735fe74234e764297d31194371bcebd510dbee27b79d6d12c,4,2360,0
2,ex2-s5-e1-a1-p09,15cacb7214da29f735fe74234e764297d31194371bcebd510dbee27b79d6d12c,4,2361,100
2,ex2-s5-e1-a1-p09,15cacb7214da29f735fe74234e764297d31194371bcebd510dbee27b79d6d12c,4,2362,0
2,ex2-s5-e1-a1-p09,15cacb7214da29f735fe74234e764297d31194371bcebd510dbee27b79d6d12c,4,2363,0
2,ex2-s5-e1-a1-p09,15cacb7214da29f735fe74234e764297d31194371bcebd510dbee27b79d6d12c,4,2364,0
2,ex2-s5-e1-a1-p09,15cacb7214da29f735fe74234e764297d31194371bcebd510dbee27b79d6d12c,4,2365,0
2,ex2-s5-e1-a1-p09,15cacb7214da29f735fe74234e764297d31194371bcebd510dbee27b79d6d12c,4,2366,0
2,ex2-s5-e1-a1-p09,15cacb7214da29f735fe74234e764297d31194371bcebd510dbee27b79d6d12c,4,2367,100
2,ex2-s5-e1-a1-p09,15cacb7214da29f735fe74234e764297d31194371bcebd510dbee27b79d6d12c,4,2368,0
2,ex2-s5-e1-a1-p09,15cacb7214da29f735fe74234e764297d31194371bcebd510dbee27b79d6d12c,4,2369,0
2,ex2-s5-e1-a1-p09,15cacb7214da29f735fe74234e764297d31194371bcebd510dbee27b79d6d12c,4,2370,0
2,ex2-s5-e1-a1-p09,15cacb7214da29f735fe74234e764297d31194371bcebd510dbee27b79d6d12c,4,2371,0
2,ex2-s5-e1-a1-p09,15cacb7214da29f735fe74234e764297d31194371bcebd510dbee27b79d6d12c,4,2372,0
2,ex2-s5-e1-a1-p09,15cacb7214da29f735fe74234e764297d31194371bcebd510dbee27b79d6d12c,4,2373,0
2,ex2-s5-e1-a1-p09,15cacb7214da29f735fe74234e764297d31194371bcebd510dbee27b79d6d12c,4,2374,100
2,ex2-s5-e1-a1-p09,15cacb7214da29f735fe74234e764297d31194371bcebd510dbee27b79d6d12c,4,2375,0
2,ex2-s5-e1-a1-p09,15cacb7214da29f735fe74234e764297d31194371bcebd510dbee27b79d6d12c,4,2376,0
2,ex2-s5-e1-a1-p09,15cacb7214da29f735fe74234e764297d31194371bcebd510dbee27b79d6d12c,4,2377,0
2,ex2-s5-e1-a1-p09,15cacb7214da29f735fe74234e764297d31194371bcebd510dbee27b79d6d12c,4,2378,0
2,ex2-s5-e1-a1-p09,15cacb7214da29f735fe74234e764297d31194371bcebd510dbee27b79d6d12c,4,2379,0
2,ex2-s5-e1-a1-p09,15cacb7214da29f735fe74234e764297d31194371bcebd510dbee27b79d6d12c,4,2380,0
2,ex2-s5-e1-a1-p09,15cacb7214da29f735fe74234e764297d31194371bcebd510dbee27b79d6d12c,4,2381,100
2,ex2-s5-e1-a1-p09,15cacb7214da29f735fe74234e764297d31194371bcebd510dbee27b79d6d12c,4,2382,0
2,ex2-s5-e1-a1-p09,15cacb7214da29f735fe74234e764297d31194371bcebd510dbee27b79d6d12c,4,2383,0
2,ex2-s5-e1-a1-p09,15cacb7214da29f735fe74234e764297d31194371bcebd510dbee27b79d6d12c,4,2384,0
2,ex2-s5-e1-a1-p09,15cacb7214da29f735fe74234e764297d31194371bcebd510dbee27b79d6d12c,4,2385,0
2,ex2-s5-e1-a1-p09,15cacb7214da29f735fe74234e764297d31194371bcebd510dbee27b79d6d12c,4,2386,0
2,ex2-s5-e1-a1-p09,15cacb7214da29f735fe74234e764297d31194371bcebd510dbee27b79d6d12c,4,2387,100
2,ex2-s5-e1-a1-p09,15cacb7214da29f735fe74234e764297d31194371bcebd510dbee27b79d6d12c,4,2388,0
2,ex2-s5-e1-a1-p09,15cacb7214da29f735fe74234e764297d31194371bcebd510dbee27b79d6d12c,4,2389,0
2,ex2-s5-e1-a1-p09,15cacb7214da29f735fe74234e764297d31194371bcebd510dbee27b79d6d12c,4,2390,0
2,ex2-s5-e1-a1-p09,15cacb7214da29f735fe74234e764297d31194371bcebd510dbee27b79d6d12c,4,2391,0
2,ex2-s5-e1-a1-p09,15cacb7214da29f735fe74234e764297d31194371bcebd510dbee27b79d6d12c,4,2392,0
2,ex2-s5-e1-a1-p09,15cacb7214da29f735fe74234e764297d31194371bcebd510dbee27b79d6d12c,4,2393,100
2,ex2-s5-e1-a1-p09,15cacb7214da29f735fe74234e764297d31194371bcebd510dbee27b79d6d12c,4,2394,0
2,ex2-s5-e1-a1-p09,15cacb7214da29f735fe74234e764297d31194371bcebd510dbee27b79d6d12c,4,2395,0
2,ex2-s5-e1-a1-p09,15cacb7214da29f735fe74234e764297d31194371bcebd510dbee27b79d6d12c,4,2396,0
2,ex2-s5-e1-a1-p09,15cacb7214da29f735fe74234e764297d31194371bcebd510dbee27b79d6d12c,4,2397,0
2,ex2-s5-e1-a1-p09,15cacb7214da29f735fe74234e764297d31194371bcebd510dbee27b79d6d12c,4,2398,0
2,ex2-s5-e1-a1-p09,15cacb7214da29f735fe74234e764297d31194371bcebd510dbee27b79d6d12c,4,2399,100
2,ex2-s5-e1-a1-p09,15cacb7214da29f735fe74234e764297d31194371bcebd510dbee27b79d6d12c,4,2400,0
2,ex2-s5-e1-a1-p09,15cacb7214da29f735fe74234e764297d31194371bcebd510dbee27b79d6d12c,4,2401,0
2,ex2-s5-e1-a1-p09,15cacb7214da29f735fe74234e764297d31194371bcebd510dbee27b79d6d12c,4,2402,0
2,ex2-s5-e1-a1-p09,15cacb7214da29f735fe74234e764297d31194371bcebd510dbee27b79d6d12c,4,2403,0
2,ex2-s5-e1-a1-p09,15cacb7214da29f735fe74234e764297d31194371bcebd510dbee27b79d6d12c,4,2404,0
2,ex2-s5-e1-a1-p09,15cacb7214da29f735fe74234e764297d31194371bcebd510dbee27b79d6d12c,4,2405,100
2,ex2-s5-e1-a1-p09,15cacb7214da29f735fe74234e764297d31194371bcebd510dbee27b79d6d12c,4,2406,0
2,ex2-s5-e1-a1-p09,15cacb7214da29f735fe74234e764297d31194371bcebd510dbee27b79d6d12c,4,2407,0
2,ex2-s5-e1-a1-p09,15cacb7214da29f735fe74234e764297d31194371bcebd510dbee27b79d6d12c,4,2408,0
2,ex2-s5-e1-a1-p09,15cacb7214da29f735fe74234e764297d31194371bcebd510dbee27b79d6d12c,4,2409,0
2,ex2-s5-e1-a1-p09,15cacb7214da29f735fe74234e764297d31194371bcebd510dbee27b79d6d12c,4,2410,0
2,ex2-s5-e1-a1-p09,15cacb7214da29f735fe74234e764297d31194371bcebd510dbee27b79d6d12c,4,2411,0
2,ex2-s5-e1-a1-p09,15cacb7214da29f735fe74234e764297d31194371bcebd510dbee27b79d6d12c,4,2412,100
2,ex2-s5-e1-a1-p09,15cacb7214da29f735fe74234e764297d31194371bcebd510dbee27b79d6d12c,4,2413,0
2,ex2-s5-e1-a1-p09,15cacb7214da29f735fe74234e764297d31194371bcebd510dbee27b79d6d12c,4,2414,0
2,ex2-s5-e1-a1-p09,15cacb7214da29f735fe74234e764297d31194371bcebd510dbee27b79d6d12c,4,2415,0
2,ex2-s5-e1-a1-p09,15cacb7214da29f735fe74234e764297d31194371bcebd510dbee27b79d6d12c,4,2416,0
2,ex2-s5-e1-a1-p09,15cacb7214da29f735fe74234e764297d31194371bcebd510dbee27b79d6d12c,4,2417,0
2,ex2-s5-e1-a1-p09,15cacb7214da29f735fe74234e764297d31194371bcebd510dbee27b79d6d12c,4,2418,100
2,ex2-s5-e1-a1-p09,15cacb7214da29f735fe74234e764297d31194371bcebd510dbee27b79d6d12c,4,2419,0
2,ex2-s5-e1-a1-p09,15cacb7214da29f735fe74234e764297d31194371bcebd510dbee27b79d6d12c,4,2420,0
2,ex2-s5-e1-a1-p09,15cacb7214da29f735fe74234e764297d31194371bcebd510dbee27b79d6d12c,4,2421,0
2,ex2-s5-e1-a1-p09,15cacb7214da29f735fe74234e764297d31194371bcebd510dbee27b79d6d12c,4,2422,0
2,ex2-s5-e1-a1-p09,15cacb7214da29f735fe74234e764297d31194371bcebd510dbee27b79d6d12c,4,2423,0
2,ex2-s5-e1-a1-p09,15cacb7214da29f735fe74234e764297d31194371bcebd510dbee27b79d6d12c,4,2424,0
2,ex2-s5-e1-a1-p09,15cacb7214da29f735fe74234e764297d31194371bcebd510dbee27b79d6d12c,4,2425,100
2,ex2-s5-e1-a1-p09,15cacb7214da29f735fe74234e764297d31194371bcebd510dbee27b79d6d12c,4,2426,0
2,ex2-s5-e1-a1-p09,15cacb7214da29f735fe74234e764297d31194371bcebd510dbee27b79d6d12c,4,2427,0
2,ex2-s5-e1-a1-p09,15cacb7214da29f735fe74234e764297d31194371bcebd510dbee27b79d6d12c,4,2428,0
2,ex2-s5-e1-a1-p09,15cacb7214da29f735fe74234e764297d31194371bcebd510dbee27b79d6d12c,4,2429,0
2,ex2-s5-e1-a1-p09,15cacb7214da29f735fe74234e764297d31194371bcebd510dbee27b79d6d12c,4,2430,0
2,ex2-s5-e1-a1-p09,15cacb7214da29f735fe74234e764297d31194371bcebd510dbee27b79d6d12c,4,2431,100
2,ex2-s5-e1-a1-p09,15cacb7214da29f735fe74234e764297d31194371bcebd510dbee27b79d6d12c,4,2432,0
2,ex2-s5-e1-a1-p09,15cacb7214da29f735fe74234e764297d31194371bcebd510dbee27b79d6d12c,4,2433,0
2,ex2-s5-e1-a1-p09,15cacb7214da29f735fe74234e764297d31194371bcebd510dbee27b79d6d12c,4,2434,0
2,ex2-s5-e1-a1-p09,15cacb7214da29f735fe74234e764297d31194371bcebd510dbee27b79d6d12c,4,2435,0
2,ex2-s5-e1-a1-p09,15cacb7214da29f735fe74234e764297d31194371bcebd510dbee27b79d6d12c,4,2436,0
2,ex2-s5-e1-a1-p09,15cacb7214da29f735fe74234e764297d31194371bcebd510dbee27b79d6d12c,4,2437,0
2,ex2-s5-e1-a1-p09,15cacb7214da29f735fe74234e764297d31194371bcebd510dbee27b79d6d12c,4,2438,100
2,ex2-s5-e1-a1-p09,15cacb7214da29f735fe74234e764297d31194371bcebd510dbee27b79d6d12c,4,2439,0
2,ex2-s5-e1-a1-p09,15cacb7214da29f735fe74234e764297d31194371bcebd510dbee27b79d6d12c,4,2440,0
2,ex2-s5-e1-a1-p09,15cacb7214da29f735fe74234e764297d31194371bcebd510dbee27b79d6d12c,4,2441,0
2,ex2-s5-e1-a1-p09,15cacb7214da29f735fe74234e764297d31194371bcebd510dbee27b79d6d12c,4,2442,0
2,ex2-s5-e1-a1-p09,15cacb7214da29f735fe74234e764297d31194371bcebd510dbee27b79d6d12c,4,2443,0
2,ex2-s5-e1-a1-p09,15cacb7214da29f735fe74234e764297d31194371bcebd510dbee27b79d6d12c,4,2444,100
2,ex2-s5-e1-a1-p09,15cacb7214da29f735fe74234e764297d31194371bcebd510dbee27b79d6d12c,4,2445,0
2,ex2-s5-e1-a1-p09,15cacb7214da29f735fe74234e764297d31194371bcebd510dbee27b79d6d12c,4,2446,0
2,ex2-s5-e1-a1-p09,15cacb7214da29f735fe74234e764297d31194371bcebd510dbee27b79d6d12c,4,2447,0
2,ex2-s5-e1-a1-p09,15cacb7214da29f735fe74234e764297d31194371bcebd510dbee27b79d6d12c,4,2448,0
2,ex2-s5-e1-a1-p09,15cacb7214da29f735fe74234e764297d31194371bcebd510dbee27b79d6d12c,4,2449,0
2,ex2-s5-e1-a1-p09,15cacb7214da29f735fe74234e764297d31194371bcebd510dbee27b79d6d12c,4,2450,0
2,ex2-s5-e1-a1-p09,15cacb7214da29f735fe74234e764297d31194371bcebd510dbee27b79d6d12c,4,2451,100
2,ex2-s5-e1-a1-p09,15cacb7214da29f735fe74234e764297d31194371bcebd510dbee27b79d6d12c,4,2452,0
2,ex2-s5-e1-a1-p09,15cacb7214da29f735fe74234e764297d31194371bcebd510dbee27b79d6d12c,4,2453,0
2,ex2-s5-e1-a1-p09,15cacb7214da29f735fe74234e764297d31194371bcebd510dbee27b79d6d12c,4,2454,0
2,ex2-s5-e1-a1-p09,15cacb7214da29f735fe74234e764297d31194371bcebd510dbee27b79d6d12c,4,2455,0
2,ex2-s5-e1-a1-p09,15cacb7214da29f735fe74234e764297d31194371bcebd510dbee27b79d6d12c,4,2456,0
2,ex2-s5-e1-a1-p09,15cacb7214da29f735fe74234e764297d31194371bcebd510dbee27b79d6d12c,4,2457,100
2,ex2-s5-e1-a1-p09,15cacb7214da29f735fe74234e764297d31194371bcebd510dbee27b79d6d12c,4,2458,0
2,ex2-s5-e1-a1-p09,15cacb7214da29f735fe74234e764297d31194371bcebd510dbee27b79d6d12c,4,2459,0
2,ex2-s5-e1-a1-p09,15cacb7214da29f735fe74234e764297d31194371bcebd510dbee27b79d6d12c,4,2460,0
2,ex2-s5-e1-a1-p09,15cacb7214da29f735fe74234e764297d31194371bcebd510dbee27b79d6d12c,4,2461,0
2,ex2-s5-e1-a1-p09,15cacb7214da29f735fe74234e764297d31194371bcebd510dbee27b79d6d12c,4,2462,0
2,ex2-s5-e1-a1-p09,15cacb7214da29f735fe74234e764297d31194371bcebd510dbee27b79d6d12c,4,2463,0
2,ex2-s5-e1-a1-p09,15cacb7214da29f735fe74234e764297d31194371bcebd510dbee27b79d6d12c,4,2464,100
2,ex2-s5-e1-a1-p09,15cacb7214da29f735fe74234e764297d31194371bcebd510dbee27b79d6d12c,4,2465,0
2,ex2-s5-e1-a1-p09,15cacb7214da29f735fe74234e764297d31194371bcebd510dbee27b79d6d12c,4,2466,0
2,ex2-s5-e1-a1-p09,15cacb7214da29f735fe74234e764297d31194371bcebd510dbee27b79d6d12c,4,2467,0
2,ex2-s5-e1-a1-p09,15cacb7214da29f735fe74234e764297d31194371bcebd510dbee27b79d6d12c,4,2468,0
2,ex2-s5-e1-a1-p09,15cacb7214da29f735fe74234e764297d31194371bcebd510dbee27b79d6d12c,4,2469,0
2,ex2-s5-e1-a1-p09,15cacb7214da29f735fe74234e764297d31194371bcebd510dbee27b79d6d12c,4,2470,100
2,ex2-s5-e1-a1-p09,15cacb7214da29f735fe74234e764297d31194371bcebd510dbee27b79d6d12c,4,2471,0
2,ex2-s5-e1-a1-p09,15cacb7214da29f735fe74234e764297d31194371bcebd510dbee27b79d6d12c,4,2472,0
2,ex2-s5-e1-a1-p09,15cacb7214da29f735fe74234e764297d31194371bcebd510dbee27b79d6d12c,4,2473,0
2,ex2-s5-e1-a1-p09,15cacb7214da29f735fe74234e764297d31194371bcebd510dbee27b79d6d12c,4,2474,0
2,ex2-s5-e1-a1-p09,15cacb7214da29f735fe74234e764297d31194371bcebd510dbee27b79d6d12c,4,2475,0
2,ex2-s5-e1-a1-p09,15cacb7214da29f735fe74234e764297d31194371bcebd510dbee27b79d6d12c,4,2476,0
2,ex2-s5-e1-a1-p09,15cacb7214da29f735fe74234e764297d31194371bcebd510dbee27b79d6d12c,4,2477,100
2,ex2-s5-e1-a1-p09,15cacb7214da29f735fe74234e764297d31194371bcebd510dbee27b79d6d12c,4,2478,0
2,ex2-s5-e1-a1-p09,15cacb7214da29f735fe74234e764297d31194371bcebd510dbee27b79d6d12c,4,2479,0
2,ex2-s5-e1-a1-p09,15cacb7214da29f735fe74234e764297d31194371bcebd510dbee27b79d6d12c,4,2480,0
2,ex2-s5-e1-a1-p09,15cacb7214da29f735fe74234e764297d31194371bcebd510dbee27b79d6d12c,4,2481,0
2,ex2-s5-e1-a1-p09,15cacb7214da29f735fe74234e764297d31194371bcebd510dbee27b79d6d12c,4,2482,0
2,ex2-s5-e1-a1-p09,15cacb7214da29f735fe74234e764297d31194371bcebd510dbee27b79d6d12c,4,2483,100
2,ex2-s5-e1-a1-p09,15cacb7214da29f735fe74234e764297d31194371bcebd510dbee27b79d6d12c,4,2484,0
2,ex2-s5-e1-a1-p09,15cacb7214da29f735fe74234e764297d31194371bcebd510dbee27b79d6d12c,4,2485,0
2,ex2-s5-e1-a1-p09,15cacb7214da29f735fe74234e764297d31194371bcebd510dbee27b79d6d12c,4,2486,0
2,ex2-s5-e1-a1-p09,15cacb7214da29f735fe74234e764297d31194371bcebd510dbee27b79d6d12c,4,2487,0
2,ex2-s5-e1-a1-p09,15cacb7214da29f735fe74234e764297d31194371bcebd510dbee27b79d6d12c,4,2488,0
2,ex2-s5-e1-a1-p09,15cacb7214da29f735fe74234e764297d31194371bcebd510dbee27b79d6d12c,4,2489,0
2,ex2-s5-e1-a1-p09,15cacb7214da29f735fe74234e764297d31194371bcebd510dbee27b79d6d12c,4,2490,100
2,ex2-s5-e1-a1-p09,15cacb7214da29f735fe74234e764297d31194371bcebd510dbee27b79d6d12c,4,2491,0
2,ex2-s5-e1-a1-p09,15cacb7214da29f735fe74234e764297d31194371bcebd510dbee27b79d6d12c,4,2492,0
2,ex2-s5-e1-a1-p09,15cacb7214da29f735fe74234e764297d31194371bcebd510dbee27b79d6d12c,4,2493,0
2,ex2-s5-e1-a1-p09,15cacb7214da29f735fe74234e764297d31194371bcebd510dbee27b79d6d12c,4,2494,0
2,ex2-s5-e1-a1-p09,15cacb7214da29f735fe74234e764297d31194371bcebd510dbee27b79d6d12c,4,2495,0
2,ex2-s5-e1-a1-p09,15cacb7214da29f735fe74234e764297d31194371bcebd510dbee27b79d6d12c,4,2496,100
2,ex2-s5-e1-a1-p09,15cacb7214da29f735fe74234e764297d31194371bcebd510dbee27b79d6d12c,4,2497,0
2,ex2-s5-e1-a1-p09,15cacb7214da29f735fe74234e764297d31194371bcebd510dbee27b79d6d12c,4,2498,0
2,ex2-s5-e1-a1-p09,15cacb7214da29f735fe74234e764297d31194371bcebd510dbee27b79d6d12c,4,2499,0
2,ex2-s5-e1-a1-p09,15cacb7214da29f735fe74234e764297d31194371bcebd510dbee27b79d6d12c,4,2500,0
2,ex2-s5-e1-a1-p09,15cacb7214da29f735fe74234e764297d31194371bcebd510dbee27b79d6d12c,4,2501,0
2,ex2-s5-e1-a1-p09,15cacb7214da29f735fe74234e764297d31194371bcebd510dbee27b79d6d12c,4,2502,0
2,ex2-s5-e1-a1-p09,15cacb7214da29f735fe74234e764297d31194371bcebd510dbee27b79d6d12c,4,2503,100
2,ex2-s5-e1-a1-p09,15cacb7214da29f735fe74234e764297d31194371bcebd510dbee27b79d6d12c,4,2504,0
2,ex2-s5-e1-a1-p09,15cacb7214da29f735fe74234e764297d31194371bcebd510dbee27b79d6d12c,4,2505,0
2,ex2-s5-e1-a1-p09,15cacb7214da29f735fe74234e764297d31194371bcebd510dbee27b79d6d12c,4,2506,0
2,ex2-s5-e1-a1-p09,15cacb7214da29f735fe74234e764297d31194371bcebd510dbee27b79d6d12c,4,2507,0
2,ex2-s5-e1-a1-p09,15cacb7214da29f735fe74234e764297d31194371bcebd510dbee27b79d6d12c,4,2508,0
2,ex2-s5-e1-a1-p09,15cacb7214da29f735fe74234e764297d31194371bcebd510dbee27b79d6d12c,4,2509,100
2,ex2-s5-e1-a1-p09,15cacb7214da29f735fe74234e764297d31194371bcebd510dbee27b79d6d12c,4,2510,0
2,ex2-s5-e1-a1-p09,15cacb7214da29f735fe74234e764297d31194371bcebd510dbee27b79d6d12c,4,2511,0
2,ex2-s5-e1-a1-p09,15cacb7214da29f735fe74234e764297d31194371bcebd510dbee27b79d6d12c,4,2512,0
2,ex2-s5-e1-a1-p09,15cacb7214da29f735fe74234e764297d31194371bcebd510dbee27b79d6d12c,4,2513,0
2,ex2-s5-e1-a1-p09,15cacb7214da29f735fe74234e764297d31194371bcebd510dbee27b79d6d12c,4,2514,0
2,ex2-s5-e1-a1-p09,15cacb7214da29f735fe74234e764297d31194371bcebd510dbee27b79d6d12c,4,2515,0
2,ex2-s5-e1-a1-p09,15cacb7214da29f735fe74234e764297d31194371bcebd510dbee27b79d6d12c,4,2516,100
2,ex2-s5-e1-a1-p09,15cacb7214da29f735fe74234e764297d31194371bcebd510dbee27b79d6d12c,4,2517,0
2,ex2-s5-e1-a1-p09,15cacb7214da29f735fe74234e764297d31194371bcebd510dbee27b79d6d12c,4,2518,0
2,ex2-s5-e1-a1-p09,15cacb7214da29f735fe74234e764297d31194371bcebd510dbee27b79d6d12c,4,2519,0
2,ex2-s5-e1-a1-p09,15cacb7214da29f735fe74234e764297d31194371bcebd510dbee27b79d6d12c,4,2520,0
2,ex2-s5-e1-a1-p09,15cacb7214da29f735fe74234e764297d31194371bcebd510dbee27b79d6d12c,4,2521,0
2,ex2-s5-e1-a1-p09,15cacb7214da29f735fe74234e764297d31194371bcebd510dbee27b79d6d12c,4,2522,100
2,ex2-s5-e1-a1-p09,15cacb7214da29f735fe74234e764297d31194371bcebd510dbee27b79d6d12c,4,2523,0
2,ex2-s5-e1-a1-p09,15cacb7214da29f735fe74234e764297d31194371bcebd510dbee27b79d6d12c,4,2524,0
2,ex2-s5-e1-a1-p09,15cacb7214da29f735fe74234e764297d31194371bcebd510dbee27b79d6d12c,4,2525,0
2,ex2-s5-e1-a1-p09,15cacb7214da29f735fe74234e764297d31194371bcebd510dbee27b79d6d12c,4,2526,0
2,ex2-s5-e1-a1-p09,15cacb7214da29f735fe74234e764297d31194371bcebd510dbee27b79d6d12c,4,2527,0
2,ex2-s5-e1-a1-p09,15cacb7214da29f735fe74234e764297d31194371bcebd510dbee27b79d6d12c,4,2528,0
2,ex2-s5-e1-a1-p09,15cacb7214da29f735fe74234e764297d31194371bcebd510dbee27b79d6d12c,4,2529,100
2,ex2-s5-e1-a1-p09,15cacb7214da29f735fe74234e764297d31194371bcebd510dbee27b79d6d12c,4,2530,0
2,ex2-s5-e1-a1-p09,15cacb7214da29f735fe74234e764297d31194371bcebd510dbee27b79d6d12c,4,2531,0
2,ex2-s5-e1-a1-p09,15cacb7214da29f735fe74234e764297d31194371bcebd510dbee27b79d6d12c,4,2532,0
2,ex2-s5-e1-a1-p09,15cacb7214da29f735fe74234e764297d31194371bcebd510dbee27b79d6d12c,4,2533,0
2,ex2-s5-e1-a1-p09,15cacb7214da29f735fe74234e764297d31194371bcebd510dbee27b79d6d12c,4,2534,0
2,ex2-s5-e1-a1-p09,15cacb7214da29f735fe74234e764297d31194371bcebd510dbee27b79d6d12c,4,2535,100
2,ex2-s5-e1-a1-p09,15cacb7214da29f735fe74234e764297d31194371bcebd510dbee27b79d6d12c,4,2536,0
2,ex2-s5-e1-a1-p09,15cacb7214da29f735fe74234e764297d31194371bcebd510dbee27b79d6d12c,4,2537,0
2,ex2-s5-e1-a1-p09,15cacb7214da29f735fe74234e764297d31194371bcebd510dbee27b79d6d12c,4,2538,0
2,ex2-s5-e1-a1-p09,15cacb7214da29f735fe74234e764297d31194371bcebd510dbee27b79d6d12c,4,2539,0
2,ex2-s5-e1-a1-p09,15cacb7214da29f735fe74234e764297d31194371bcebd510dbee27b79d6d12c,4,2540,0
2,ex2-s5-e1-a1-p09,15cacb7214da29f735fe74234e764297d31194371bcebd510dbee27b79d6d12c,4,2541,0
2,ex2-s5-e1-a1-p09,15cacb7214da29f735fe74234e764297d31194371bcebd510dbee27b79d6d12c,4,2542,100
2,ex2-s5-e1-a1-p09,15cacb7214da29f735fe74234e764297d31194371bcebd510dbee27b79d6d12c,4,2543,0
2,ex2-s5-e1-a1-p09,15cacb7214da29f735fe74234e764297d31194371bcebd510dbee27b79d6d12c,4,2544,0
2,ex2-s5-e1-a1-p09,15cacb7214da29f735fe74234e764297d31194371bcebd510dbee27b79d6d12c,4,2545,0
2,ex2-s5-e1-a1-p09,15cacb7214da29f735fe74234e764297d31194371bcebd510dbee27b79d6d12c,4,2546,0
2,ex2-s5-e1-a1-p09,15cacb7214da29f735fe74234e764297d31194371bcebd510dbee27b79d6d12c,4,2547,0
2,ex2-s5-e1-a1-p09,15cacb7214da29f735fe74234e764297d31194371bcebd510dbee27b79d6d12c,4,2548,100
2,ex2-s5-e1-a1-p09,15cacb7214da29f735fe74234e764297d31194371bcebd510dbee27b79d6d12c,4,2549,0
2,ex2-s5-e1-a1-p09,15cacb7214da29f735fe74234e764297d31194371bcebd510dbee27b79d6d12c,4,2550,0
2,ex2-s5-e1-a1-p09,15cacb7214da29f735fe74234e764297d31194371bcebd510dbee27b79d6d12c,4,2551,0
2,ex2-s5-e1-a1-p09,15cacb7214da29f735fe74234e764297d31194371bcebd510dbee27b79d6d12c,4,2552,0
2,ex2-s5-e1-a1-p09,15cacb7214da29f735fe74234e764297d31194371bcebd510dbee27b79d6d12c,4,2553,0
2,ex2-s5-e1-a1-p09,15cacb7214da29f735fe74234e764297d31194371bcebd510dbee27b79d6d12c,4,2554,100
2,ex2-s5-e1-a1-p09,15cacb7214da29f735fe74234e764297d31194371bcebd510dbee27b79d6d12c,4,2555,0
2,ex2-s5-e1-a1-p09,15cacb7214da29f735fe74234e764297d31194371bcebd510dbee27b79d6d12c,4,2556,0
2,ex2-s5-e1-a1-p09,15cacb7214da29f735fe74234e764297d31194371bcebd510dbee27b79d6d12c,4,2557,0
2,ex2-s5-e1-a1-p09,15cacb7214da29f735fe74234e764297d31194371bcebd510dbee27b79d6d12c,4,2558,0
2,ex2-s5-e1-a1-p09,15cacb7214da29f735fe74234e764297d31194371bcebd510dbee27b79d6d12c,4,2559,0
2,ex2-s5-e1-a1-p09,15cacb7214da29f735fe74234e764297d31194371bcebd510dbee27b79d6d12c,4,2560,0
2,ex2-s5-e1-a1-p09,15cacb7214da29f735fe74234e764297d31194371bcebd510dbee27b79d6d12c,4,2561,100
2,ex2-s5-e1-a1-p09,15cacb7214da29f735fe74234e764297d31194371bcebd510dbee27b79d6d12c,4,2562,0
2,ex2-s5-e1-a1-p09,15cacb7214da29f735fe74234e764297d31194371bcebd510dbee27b79d6d12c,4,2563,0
2,ex2-s5-e1-a1-p09,15cacb7214da29f735fe74234e764297d31194371bcebd510dbee27b79d6d12c,4,2564,0
2,ex2-s5-e1-a1-p09,15cacb7214da29f735fe74234e764297d31194371bcebd510dbee27b79d6d12c,4,2565,0
2,ex2-s5-e1-a1-p09,15cacb7214da29f735fe74234e764297d31194371bcebd510dbee27b79d6d12c,4,2566,0
2,ex2-s5-e1-a1-p09,15cacb7214da29f735fe74234e764297d31194371bcebd510dbee27b79d6d12c,4,2567,100
2,ex2-s5-e1-a1-p09,15cacb7214da29f735fe74234e764297d31194371bcebd510dbee27b79d6d12c,4,2568,0
2,ex2-s5-e1-a1-p09,15cacb7214da29f735fe74234e764297d31194371bcebd510dbee27b79d6d12c,4,2569,0
2,ex2-s5-e1-a1-p09,15cacb7214da29f735fe74234e764297d31194371bcebd510dbee27b79d6d12c,4,2570,0
2,ex2-s5-e1-a1-p09,15cacb7214da29f735fe74234e764297d31194371bcebd510dbee27b79d6d12c,4,2571,0
2,ex2-s5-e1-a1-p09,15cacb7214da29f735fe74234e764297d31194371bcebd510dbee27b79d6d12c,4,2572,0
2,ex2-s5-e1-a1-p09,15cacb7214da29f735fe74234e764297d31194371bcebd510dbee27b79d6d12c,4,2573,0
2,ex2-s5-e1-a1-p09,15cacb7214da29f735fe74234e764297d31194371bcebd510dbee27b79d6d12c,4,2574,100
2,ex2-s5-e1-a1-p09,15cacb7214da29f735fe74234e764297d31194371bcebd510dbee27b79d6d12c,4,2575,0
2,ex2-s5-e1-a1-p09,15cacb7214da29f735fe74234e764297d31194371bcebd510dbee27b79d6d12c,4,2576,0
2,ex2-s5-e1-a1-p09,15cacb7214da29f735fe74234e764297d31194371bcebd510dbee27b79d6d12c,4,2577,0
2,ex2-s5-e1-a1-p09,15cacb7214da29f735fe74234e764297d31194371bcebd510dbee27b79d6d12c,4,2578,0
2,ex2-s5-e1-a1-p09,15cacb7214da29f735fe74234e764297d31194371bcebd510dbee27b79d6d12c,4,2579,0
2,ex2-s5-e1-a1-p09,15cacb7214da29f735fe74234e764297d31194371bcebd510dbee27b79d6d12c,4,2580,100
2,ex2-s5-e1-a1-p09,15cacb7214da29f735fe74234e764297d31194371bcebd510dbee27b79d6d12c,4,2581,0
2,ex2-s5-e1-a1-p09,15cacb7214da29f735fe74234e764297d31194371bcebd510dbee27b79d6d12c,4,2582,0
2,ex2-s5-e1-a1-p09,15cacb7214da29f735fe74234e764297d31194371bcebd510dbee27b79d6d12c,4,2583,0
2,ex2-s5-e1-a1-p09,15cacb7214da29f735fe74234e764297d31194371bcebd510dbee27b79d6d12c,4,2584,0
2,ex2-s5-e1-a1-p09,15cacb7214da29f735fe74234e764297d31194371bcebd510dbee27b79d6d12c,4,2585,0
2,ex2-s5-e1-a1-p09,15cacb7214da29f735fe74234e764297d31194371bcebd510dbee27b79d6d12c,4,2586,0
2,ex2-s5-e1-a1-p09,15cacb7214da29f735fe74234e764297d31194371bcebd510dbee27b79d6d12c,4,2587,100
2,ex2-s5-e1-a1-p09,15cacb7214da29f735fe74234e764297d31194371bcebd510dbee27b79d6d12c,4,2588,0
2,ex2-s5-e1-a1-p09,15cacb7214da29f735fe74234e764297d31194371bcebd510dbee27b79d6d12c,4,2589,0
2,ex2-s5-e1-a1-p09,15cacb7214da29f735fe74234e764297d31194371bcebd510dbee27b79d6d12c,4,2590,0
2,ex2-s5-e1-a1-p09,15cacb7214da29f735fe74234e764297d31194371bcebd510dbee27b79d6d12c,4,2591,0
2,ex2-s5-e1-a1-p09,15cacb7214da29f735fe74234e764297d31194371bcebd510dbee27b79d6d12c,4,2592,0
2,ex2-s5-e1-a1-p09,15cacb7214da29f735fe74234e764297d31194371bcebd510dbee27b79d6d12c,4,2593,100
2,ex2-s5-e1-a1-p09,15cacb7214da29f735fe74234e764297d31194371bcebd510dbee27b79d6d12c,4,2594,0
2,ex2-s5-e1-a1-p09,15cacb7214da29f735fe74234e764297d31194371bcebd510dbee27b79d6d12c,4,2595,0
2,ex2-s5-e1-a1-p09,15cacb7214da29f735fe74234e764297d31194371bcebd510dbee27b79d6d12c,4,2596,0
2,ex2-s5-e1-a1-p09,15cacb7214da29f735fe74234e764297d31194371bcebd510dbee27b79d6d12c,4,2597,0
2,ex2-s5-e1-a1-p09,15cacb7214da29f735fe74234e764297d31194371bcebd510dbee27b79d6d12c,4,2598,0
2,ex2-s5-e1-a1-p09,15cacb7214da29f735fe74234e764297d31194371bcebd510dbee27b79d6d12c,4,2599,0
2,ex2-s5-e1-a1-p09,15cacb7214da29f735fe74234e764297d31194371bcebd510dbee27b79d6d12c,4,2600,100
2,ex2-s5-e1-a1-p09,15cacb7214da29f735fe74234e764297d31194371bcebd510dbee27b79d6d12c,4,2601,0
2,ex2-s5-e1-a1-p09,15cacb7214da29f735fe74234e764297d31194371bcebd510dbee27b79d6d12c,4,2602,0
2,ex2-s5-e1-a1-p09,15cacb7214da29f735fe74234e764297d31194371bcebd510dbee27b79d6d12c,4,2603,0
2,ex2-s5-e1-a1-p09,15cacb7214da29f735fe74234e764297d31194371bcebd510dbee27b79d6d12c,4,2604,0
2,ex2-s5-e1-a1-p09,15cacb7214da29f735fe74234e764297d31194371bcebd510dbee27b79d6d12c,4,2605,0
2,ex2-s5-e1-a1-p09,15cacb7214da29f735fe74234e764297d31194371bcebd510dbee27b79d6d12c,4,2606,100
2,ex2-s5-e1-a1-p09,15cacb7214da29f735fe74234e764297d31194371bcebd510dbee27b79d6d12c,4,2607,0
2,ex2-s5-e1-a1-p09,15cacb7214da29f735fe74234e764297d31194371bcebd510dbee27b79d6d12c,4,2608,0
2,ex2-s5-e1-a1-p09,15cacb7214da29f735fe74234e764297d31194371bcebd510dbee27b79d6d12c,4,2609,0
2,ex2-s5-e1-a1-p09,15cacb7214da29f735fe74234e764297d31194371bcebd510dbee27b79d6d12c,4,2610,0
2,ex2-s5-e1-a1-p09,15cacb7214da29f735fe74234e764297d31194371bcebd510dbee27b79d6d12c,4,2611,0
2,ex2-s5-e1-a1-p09,15cacb7214da29f735fe74234e764297d31194371bcebd510dbee27b79d6d12c,4,2612,0
2,ex2-s5-e1-a1-p09,15cacb7214da29f735fe74234e764297d31194371bcebd510dbee27b79d6d12c,4,2613,100
2,ex2-s5-e1-a1-p09,15cacb7214da29f735fe74234e764297d31194371bcebd510dbee27b79d6d12c,4,2614,0
2,ex2-s5-e1-a1-p09,15cacb7214da29f735fe74234e764297d31194371bcebd510dbee27b79d6d12c,4,2615,0
2,ex2-s5-e1-a1-p09,15cacb7214da29f735fe74234e764297d31194371bcebd510dbee27b79d6d12c,4,2616,0
2,ex2-s5-e1-a1-p09,15cacb7214da29f735fe74234e764297d31194371bcebd510dbee27b79d6d12c,4,2617,0
2,ex2-s5-e1-a1-p09,15cacb7214da29f735fe74234e764297d31194371bcebd510dbee27b79d6d12c,4,2618,0
2,ex2-s5-e1-a1-p09,15cacb7214da29f735fe74234e764297d31194371bcebd510dbee27b79d6d12c,4,2619,100
2,ex2-s5-e1-a1-p09,15cacb7214da29f735fe74234e764297d31194371bcebd510dbee27b79d6d12c,4,2620,0
2,ex2-s5-e1-a1-p09,15cacb7214da29f735fe74234e764297d31194371bcebd510dbee27b79d6d12c,4,2621,0
2,ex2-s5-e1-a1-p09,15cacb7214da29f735fe74234e764297d31194371bcebd510dbee27b79d6d12c,4,2622,0
2,ex2-s5-e1-a1-p09,15cacb7214da29f735fe74234e764297d31194371bcebd510dbee27b79d6d12c,4,2623,0
2,ex2-s5-e1-a1-p09,15cacb7214da29f735fe74234e764297d31194371bcebd510dbee27b79d6d12c,4,2624,0
2,ex2-s5-e1-a1-p09,15cacb7214da29f735fe74234e764297d31194371bcebd510dbee27b79d6d12c,4,2625,0
2,ex2-s5-e1-a1-p09,15cacb7214da29f735fe74234e764297d31194371bcebd510dbee27b79d6d12c,4,2626,100
2,ex2-s5-e1-a1-p09,15cacb7214da29f735fe74234e764297d31194371bcebd510dbee27b79d6d12c,4,2627,0
2,ex2-s5-e1-a1-p09,15cacb7214da29f735fe74234e764297d31194371bcebd510dbee27b79d6d12c,4,2628,0
2,ex2-s5-e1-a1-p09,15cacb7214da29f735fe74234e764297d31194371bcebd510dbee27b79d6d12c,4,2629,0
2,ex2-s5-e1-a1-p09,15cacb7214da29f735fe74234e764297d31194371bcebd510dbee27b79d6d12c,4,2630,0
2,ex2-s5-e1-a1-p09,15cacb7214da29f735fe74234e764297d31194371bcebd510dbee27b79d6d12c,4,2631,0
2,ex2-s5-e1-a1-p09,15cacb7214da29f735fe74234e764297d31194371bcebd510dbee27b79d6d12c,4,2632,100
2,ex2-s5-e1-a1-p09,15cacb7214da29f735fe74234e764297d31194371bcebd510dbee27b79d6d12c,4,2633,0
2,ex2-s5-e1-a1-p09,15cacb7214da29f735fe74234e764297d31194371bcebd510dbee27b79d6d12c,4,2634,0
2,ex2-s5-e1-a1-p09,15cacb7214da29f735fe74234e764297d31194371bcebd510dbee27b79d6d12c,4,2635,0
2,ex2-s5-e1-a1-p09,15cacb7214da29f735fe74234e764297d31194371bcebd510dbee27b79d6d12c,4,2636,0
2,ex2-s5-e1-a1-p09,15cacb7214da29f735fe74234e764297d31194371bcebd510dbee27b79d6d12c,4,2637,0
2,ex2-s5-e1-a1-p09,15cacb7214da29f735fe74234e764297d31194371bcebd510dbee27b79d6d12c,4,2638,0
2,ex2-s5-e1-a1-p09,15cacb7214da29f735fe74234e764297d31194371bcebd510dbee27b79d6d12c,4,2639,100
2,ex2-s5-e1-a1-p09,15cacb7214da29f735fe74234e764297d31194371bcebd510dbee27b79d6d12c,4,2640,0
2,ex2-s5-e1-a1-p09,15cacb7214da29f735fe74234e764297d31194371bcebd510dbee27b79d6d12c,4,2641,0
2,ex2-s5-e1-a1-p09,15cacb7214da29f735fe74234e764297d31194371bcebd510dbee27b79d6d12c,4,2642,0
2,ex2-s5-e1-a1-p09,15cacb7214da29f735fe74234e764297d31194371bcebd510dbee27b79d6d12c,4,2643,0
2,ex2-s5-e1-a1-p09,15cacb7214da29f735fe74234e764297d31194371bcebd510dbee27b79d6d12c,4,2644,0
2,ex2-s5-e1-a1-p09,15cacb7214da29f735fe74234e764297d31194371bcebd510dbee27b79d6d12c,4,2645,100
2,ex2-s5-e1-a1-p09,15cacb7214da29f735fe74234e764297d31194371bcebd510dbee27b79d6d12c,4,2646,0
2,ex2-s5-e1-a1-p09,15cacb7214da29f735fe74234e764297d31194371bcebd510dbee27b79d6d12c,4,2647,0
2,ex2-s5-e1-a1-p09,15cacb7214da29f735fe74234e764297d31194371bcebd510dbee27b79d6d12c,4,2648,0
2,ex2-s5-e1-a1-p09,15cacb7214da29f735fe74234e764297d31194371bcebd510dbee27b79d6d12c,4,2649,0
2,ex2-s5-e1-a1-p09,15cacb7214da29f735fe74234e764297d31194371bcebd510dbee27b79d6d12c,4,2650,0
2,ex2-s5-e1-a1-p09,15cacb7214da29f735fe74234e764297d31194371bcebd510dbee27b79d6d12c,4,2651,0
2,ex2-s5-e1-a1-p09,15cacb7214da29f735fe74234e764297d31194371bcebd510dbee27b79d6d12c,4,2652,100
2,ex2-s5-e1-a1-p09,15cacb7214da29f735fe74234e764297d31194371bcebd510dbee27b79d6d12c,4,2653,0
2,ex2-s5-e1-a1-p09,15cacb7214da29f735fe74234e764297d31194371bcebd510dbee27b79d6d12c,4,2654,0
2,ex2-s5-e1-a1-p09,15cacb7214da29f735fe74234e764297d31194371bcebd510dbee27b79d6d12c,4,2655,0
2,ex2-s5-e1-a1-p09,15cacb7214da29f735fe74234e764297d31194371bcebd510dbee27b79d6d12c,4,2656,0
2,ex2-s5-e1-a1-p09,15cacb7214da29f735fe74234e764297d31194371bcebd510dbee27b79d6d12c,4,2657,0
2,ex2-s5-e1-a1-p09,15cacb7214da29f735fe74234e764297d31194371bcebd510dbee27b79d6d12c,4,2658,100
2,ex2-s5-e1-a1-p09,15cacb7214da29f735fe74234e764297d31194371bcebd510dbee27b79d6d12c,4,2659,0
2,ex2-s5-e1-a1-p09,15cacb7214da29f735fe74234e764297d31194371bcebd510dbee27b79d6d12c,4,2660,0
2,ex2-s5-e1-a1-p09,15cacb7214da29f735fe74234e764297d31194371bcebd510dbee27b79d6d12c,4,2661,0
2,ex2-s5-e1-a1-p09,15cacb7214da29f735fe74234e764297d31194371bcebd510dbee27b79d6d12c,4,2662,0
2,ex2-s5-e1-a1-p09,15cacb7214da29f735fe74234e764297d31194371bcebd510dbee27b79d6d12c,4,2663,0
2,ex2-s5-e1-a1-p09,15cacb7214da29f735fe74234e764297d31194371bcebd510dbee27b79d6d12c,4,2664,0
2,ex2-s5-e1-a1-p09,15cacb7214da29f735fe74234e764297d31194371bcebd510dbee27b79d6d12c,4,2665,100
2,ex2-s5-e1-a1-p09,15cacb7214da29f735fe74234e764297d31194371bcebd510dbee27b79d6d12c,4,2666,0
2,ex2-s5-e1-a1-p09,15cacb7214da29f735fe74234e764297d31194371bcebd510dbee27b79d6d12c,4,2667,0
2,ex2-s5-e1-a1-p09,15cacb7214da29f735fe74234e764297d31194371bcebd510dbee27b79d6d12c,4,2668,0
2,ex2-s5-e1-a1-p09,15cacb7214da29f735fe74234e764297d31194371bcebd510dbee27b79d6d12c,4,2669,0
2,ex2-s5-e1-a1-p09,15cacb7214da29f735fe74234e764297d31194371bcebd510dbee27b79d6d12c,4,2670,0
2,ex2-s5-e1-a1-p09,15cacb7214da29f735fe74234e764297d31194371bcebd510dbee27b79d6d12c,4,2671,100
2,ex2-s5-e1-a1-p09,15cacb7214da29f735fe74234e764297d31194371bcebd510dbee27b79d6d12c,4,2672,0
2,ex2-s5-e1-a1-p09,15cacb7214da29f735fe74234e764297d31194371bcebd510dbee27b79d6d12c,4,2673,0
2,ex2-s5-e1-a1-p09,15cacb7214da29f735fe74234e764297d31194371bcebd510dbee27b79d6d12c,4,2674,0
2,ex2-s5-e1-a1-p09,15cacb7214da29f735fe74234e764297d31194371bcebd510dbee27b79d6d12c,4,2675,0
2,ex2-s5-e1-a1-p09,15cacb7214da29f735fe74234e764297d31194371bcebd510dbee27b79d6d12c,4,2676,0
2,ex2-s5-e1-a1-p09,15cacb7214da29f735fe74234e764297d31194371bcebd510dbee27b79d6d12c,4,2677,0
2,ex2-s5-e1-a1-p09,15cacb7214da29f735fe74234e764297d31194371bcebd510dbee27b79d6d12c,4,2678,100
2,ex2-s5-e1-a1-p09,15cacb7214da29f735fe74234e764297d31194371bcebd510dbee27b79d6d12c,4,2679,0
2,ex2-s5-e1-a1-p09,15cacb7214da29f735fe74234e764297d31194371bcebd510dbee27b79d6d12c,4,2680,0
2,ex2-s5-e1-a1-p09,15cacb7214da29f735fe74234e764297d31194371bcebd510dbee27b79d6d12c,4,2681,0
2,ex2-s5-e1-a1-p09,15cacb7214da29f735fe74234e764297d31194371bcebd510dbee27b79d6d12c,4,2682,0
2,ex2-s5-e1-a1-p09,15cacb7214da29f735fe74234e764297d31194371bcebd510dbee27b79d6d12c,4,2683,0
2,ex2-s5-e1-a1-p09,15cacb7214da29f735fe74234e764297d31194371bcebd510dbee27b79d6d12c,4,2684,100
2,ex2-s5-e1-a1-p09,15cacb7214da29f735fe74234e764297d31194371bcebd510dbee27b79d6d12c,4,2685,0
2,ex2-s5-e1-a1-p09,15cacb7214da29f735fe74234e764297d31194371bcebd510dbee27b79d6d12c,4,2686,0
2,ex2-s5-e1-a1-p09,15cacb7214da29f735fe74234e764297d31194371bcebd510dbee27b79d6d12c,4,2687,0
2,ex2-s5-e1-a1-p09,15cacb7214da29f735fe74234e764297d31194371bcebd510dbee27b79d6d12c,4,2688,0
2,ex2-s5-e1-a1-p09,15cacb7214da29f735fe74234e764297d31194371bcebd510dbee27b79d6d12c,4,2689,0
2,ex2-s5-e1-a1-p09,15cacb7214da29f735fe74234e764297d31194371bcebd510dbee27b79d6d12c,4,2690,0
2,ex2-s5-e1-a1-p09,15cacb7214da29f735fe74234e764297d31194371bcebd510dbee27b79d6d12c,4,2691,100
2,ex2-s5-e1-a1-p09,15cacb7214da29f735fe74234e764297d31194371bcebd510dbee27b79d6d12c,4,2692,0
2,ex2-s5-e1-a1-p09,15cacb7214da29f735fe74234e764297d31194371bcebd510dbee27b79d6d12c,4,2693,0
2,ex2-s5-e1-a1-p09,15cacb7214da29f735fe74234e764297d31194371bcebd510dbee27b79d6d12c,4,2694,0
2,ex2-s5-e1-a1-p09,15cacb7214da29f735fe74234e764297d31194371bcebd510dbee27b79d6d12c,4,2695,0
2,ex2-s5-e1-a1-p09,15cacb7214da29f735fe74234e764297d31194371bcebd510dbee27b79d6d12c,4,2696,0
2,ex2-s5-e1-a1-p09,15cacb7214da29f735fe74234e764297d31194371bcebd510dbee27b79d6d12c,4,2697,100
2,ex2-s5-e1-a1-p09,15cacb7214da29f735fe74234e764297d31194371bcebd510dbee27b79d6d12c,4,2698,0
2,ex2-s5-e1-a1-p09,15cacb7214da29f735fe74234e764297d31194371bcebd510dbee27b79d6d12c,4,2699,0
2,ex2-s5-e1-a1-p09,15cacb7214da29f735fe74234e764297d31194371bcebd510dbee27b79d6d12c,4,2700,0
2,ex2-s5-e1-a1-p09,15cacb7214da29f735fe74234e764297d31194371bcebd510dbee27b79d6d12c,4,2701,0
2,ex2-s5-e1-a1-p09,15cacb7214da29f735fe74234e764297d31194371bcebd510dbee27b79d6d12c,4,2702,0
2,ex2-s5-e1-a1-p09,15cacb7214da29f735fe74234e764297d31194371bcebd510dbee27b79d6d12c,4,2703,0
2,ex2-s5-e1-a1-p09,15cacb7214da29f735fe74234e764297d31194371bcebd510dbee27b79d6d12c,4,2704,100
2,ex2-s5-e1-a1-p09,15cacb7214da29f735fe74234e764297d31194371bcebd510dbee27b79d6d12c,4,2705,0
2,ex2-s5-e1-a1-p09,15cacb7214da29f735fe74234e764297d31194371bcebd510dbee27b79d6d12c,4,2706,0
2,ex2-s5-e1-a1-p09,15cacb7214da29f735fe74234e764297d31194371bcebd510dbee27b79d6d12c,4,2707,0
2,ex2-s5-e1-a1-p09,15cacb7214da29f735fe74234e764297d31194371bcebd510dbee27b79d6d12c,4,2708,0
2,ex2-s5-e1-a1-p09,15cacb7214da29f735fe74234e764297d31194371bcebd510dbee27b79d6d12c,4,2709,0
2,ex2-s5-e1-a1-p09,15cacb7214da29f735fe74234e764297d31194371bcebd510dbee27b79d6d12c,4,2710,100
2,ex2-s5-e1-a1-p09,15cacb7214da29f735fe74234e764297d31194371bcebd510dbee27b79d6d12c,4,2711,0
2,ex2-s5-e1-a1-p09,15cacb7214da29f735fe74234e764297d31194371bcebd510dbee27b79d6d12c,4,2712,0
2,ex2-s5-e1-a1-p09,15cacb7214da29f735fe74234e764297d31194371bcebd510dbee27b79d6d12c,4,2713,0
2,ex2-s5-e1-a1-p09,15cacb7214da29f735fe74234e764297d31194371bcebd510dbee27b79d6d12c,4,2714,0
2,ex2-s5-e1-a1-p09,15cacb7214da29f735fe74234e764297d31194371bcebd510dbee27b79d6d12c,4,2715,0
2,ex2-s5-e1-a1-p09,15cacb7214da29f735fe74234e764297d31194371bcebd510dbee27b79d6d12c,4,2716,0
2,ex2-s5-e1-a1-p09,15cacb7214da29f735fe74234e764297d31194371bcebd510dbee27b79d6d12c,4,2717,100
2,ex2-s5-e1-a1-p09,15cacb7214da29f735fe74234e764297d31194371bcebd510dbee27b79d6d12c,4,2718,0
2,ex2-s5-e1-a1-p09,15cacb7214da29f735fe74234e764297d31194371bcebd510dbee27b79d6d12c,4,2719,0
2,ex2-s5-e1-a1-p09,15cacb7214da29f735fe74234e764297d31194371bcebd510dbee27b79d6d12c,4,2720,0
2,ex2-s5-e1-a1-p09,15cacb7214da29f735fe74234e764297d31194371bcebd510dbee27b79d6d12c,4,2721,0
2,ex2-s5-e1-a1-p09,15cacb7214da29f735fe74234e764297d31194371bcebd510dbee27b79d6d12c,4,2722,0
2,ex2-s5-e1-a1-p09,15cacb7214da29f735fe74234e764297d31194371bcebd510dbee27b79d6d12c,4,2723,100
2,ex2-s5-e1-a1-p09,15cacb7214da29f735fe74234e764297d31194371bcebd510dbee27b79d6d12c,4,2724,0
2,ex2-s5-e1-a1-p09,15cacb7214da29f735fe74234e764297d31194371bcebd510dbee27b79d6d12c,4,2725,0
2,ex2-s5-e1-a1-p09,15cacb7214da29f735fe74234e764297d31194371bcebd510dbee27b79d6d12c,4,2726,0
2,ex2-s5-e1-a1-p09,15cacb7214da29f735fe74234e764297d31194371bcebd510dbee27b79d6d12c,4,2727,0
2,ex2-s5-e1-a1-p09,15cacb7214da29f735fe74234e764297d31194371bcebd510dbee27b79d6d12c,4,2728,0
2,ex2-s5-e1-a1-p09,15cacb7214da29f735fe74234e764297d31194371bcebd510dbee27b79d6d12c,4,2729,0
2,ex2-s5-e1-a1-p09,15cacb7214da29f735fe74234e764297d31194371bcebd510dbee27b79d6d12c,4,2730,100
2,ex2-s5-e1-a1-p09,15cacb7214da29f735fe74234e764297d31194371bcebd510dbee27b79d6d12c,4,2731,0
2,ex2-s5-e1-a1-p09,15cacb7214da29f735fe74234e764297d31194371bcebd510dbee27b79d6d12c,4,2732,0
2,ex2-s5-e1-a1-p09,15cacb7214da29f735fe74234e764297d31194371bcebd510dbee27b79d6d12c,4,2733,0
2,ex2-s5-e1-a1-p09,15cacb7214da29f735fe74234e764297d31194371bcebd510dbee27b79d6d12c,4,2734,0
2,ex2-s5-e1-a1-p09,15cacb7214da29f735fe74234e764297d31194371bcebd510dbee27b79d6d12c,4,2735,0
2,ex2-s5-e1-a1-p09,15cacb7214da29f735fe74234e764297d31194371bcebd510dbee27b79d6d12c,4,2736,100
2,ex2-s5-e1-a1-p09,15cacb7214da29f735fe74234e764297d31194371bcebd510dbee27b79d6d12c,4,2737,0
2,ex2-s5-e1-a1-p09,15cacb7214da29f735fe74234e764297d31194371bcebd510dbee27b79d6d12c,4,2738,0
2,ex2-s5-e1-a1-p09,15cacb7214da29f735fe74234e764297d31194371bcebd510dbee27b79d6d12c,4,2739,0
2,ex2-s5-e1-a1-p09,15cacb7214da29f735fe74234e764297d31194371bcebd510dbee27b79d6d12c,4,2740,0
2,ex2-s5-e1-a1-p09,15cacb7214da29f735fe74234e764297d31194371bcebd510dbee27b79d6d12c,4,2741,0
2,ex2-s5-e1-a1-p09,15cacb7214da29f735fe74234e764297d31194371bcebd510dbee27b79d6d12c,4,2742,0
2,ex2-s5-e1-a1-p09,15cacb7214da29f735fe74234e764297d31194371bcebd510dbee27b79d6d12c,4,2743,100
2,ex2-s5-e1-a1-p09,15cacb7214da29f735fe74234e764297d31194371bcebd510dbee27b79d6d12c,4,2744,0
2,ex2-s5-e1-a1-p09,15cacb7214da29f735fe74234e764297d31194371bcebd510dbee27b79d6d12c,4,2745,0
2,ex2-s5-e1-a1-p09,15cacb7214da29f735fe74234e764297d31194371bcebd510dbee27b79d6d12c,4,2746,0
2,ex2-s5-e1-a1-p09,15cacb7214da29f735fe74234e764297d31194371bcebd510dbee27b79d6d12c,4,2747,0
2,ex2-s5-e1-a1-p09,15cacb7214da29f735fe74234e764297d31194371bcebd510dbee27b79d6d12c,4,2748,0
2,ex2-s5-e1-a1-p09,15cacb7214da29f735fe74234e764297d31194371bcebd510dbee27b79d6d12c,4,2749,100
2,ex2-s5-e1-a1-p09,15cacb7214da29f735fe74234e764297d31194371bcebd510dbee27b79d6d12c,4,2750,0
2,ex2-s5-e1-a1-p09,15cacb7214da29f735fe74234e764297d31194371bcebd510dbee27b79d6d12c,4,2751,0
2,ex2-s5-e1-a1-p09,15cacb7214da29f735fe74234e764297d31194371bcebd510dbee27b79d6d12c,4,2752,0
2,ex2-s5-e1-a1-p09,15cacb7214da29f735fe74234e764297d31194371bcebd510dbee27b79d6d12c,4,2753,0
2,ex2-s5-e1-a1-p09,15cacb7214da29f735fe74234e764297d31194371bcebd510dbee27b79d6d12c,4,2754,0
2,ex2-s5-e1-a1-p09,15cacb7214da29f735fe74234e764297d31194371bcebd510dbee27b79d6d12c,4,2755,0
2,ex2-s5-e1-a1-p09,15cacb7214da29f735fe74234e764297d31194371bcebd510dbee27b79d6d12c,4,2756,100
2,ex2-s5-e1-a1-p09,15cacb7214da29f735fe74234e764297d31194371bcebd510dbee27b79d6d12c,4,2757,0
2,ex2-s5-e1-a1-p09,15cacb7214da29f735fe74234e764297d31194371bcebd510dbee27b79d6d12c,4,2758,0
2,ex2-s5-e1-a1-p09,15cacb7214da29f735fe74234e764297d31194371bcebd510dbee27b79d6d12c,4,2759,0
2,ex2-s5-e1-a1-p09,15cacb7214da29f735fe74234e764297d31194371bcebd510dbee27b79d6d12c,4,2760,0
2,ex2-s5-e1-a1-p09,15cacb7214da29f735fe74234e764297d31194371bcebd510dbee27b79d6d12c,4,2761,0
2,ex2-s5-e1-a1-p09,15cacb7214da29f735fe74234e764297d31194371bcebd510dbee27b79d6d12c,4,2762,100
2,ex2-s5-e1-a1-p09,15cacb7214da29f735fe74234e764297d31194371bcebd510dbee27b79d6d12c,4,2763,0
2,ex2-s5-e1-a1-p09,15cacb7214da29f735fe74234e764297d31194371bcebd510dbee27b79d6d12c,4,2764,0
2,ex2-s5-e1-a1-p09,15cacb7214da29f735fe74234e764297d31194371bcebd510dbee27b79d6d12c,4,2765,0
2,ex2-s5-e1-a1-p09,15cacb7214da29f735fe74234e764297d31194371bcebd510dbee27b79d6d12c,4,2766,0
2,ex2-s5-e1-a1-p09,15cacb7214da29f735fe74234e764297d31194371bcebd510dbee27b79d6d12c,4,2767,0
2,ex2-s5-e1-a1-p09,15cacb7214da29f735fe74234e764297d31194371bcebd510dbee27b79d6d12c,4,2768,0
2,ex2-s5-e1-a1-p09,15cacb7214da29f735fe74234e764297d31194371bcebd510dbee27b79d6d12c,4,2769,100
2,ex2-s5-e1-a1-p09,15cacb7214da29f735fe74234e764297d31194371bcebd510dbee27b79d6d12c,4,2770,0
2,ex2-s5-e1-a1-p09,15cacb7214da29f735fe74234e764297d31194371bcebd510dbee27b79d6d12c,4,2771,0
2,ex2-s5-e1-a1-p09,15cacb7214da29f735fe74234e764297d31194371bcebd510dbee27b79d6d12c,4,2772,0
2,ex2-s5-e1-a1-p09,15cacb7214da29f735fe74234e764297d31194371bcebd510dbee27b79d6d12c,4,2773,0
2,ex2-s5-e1-a1-p09,15cacb7214da29f735fe74234e764297d31194371bcebd510dbee27b79d6d12c,4,2774,0
2,ex2-s5-e1-a1-p09,15cacb7214da29f735fe74234e764297d31194371bcebd510dbee27b79d6d12c,4,2775,100
2,ex2-s5-e1-a1-p09,15cacb7214da29f735fe74234e764297d31194371bcebd510dbee27b79d6d12c,4,2776,0
2,ex2-s5-e1-a1-p09,15cacb7214da29f735fe74234e764297d31194371bcebd510dbee27b79d6d12c,4,2777,0
2,ex2-s5-e1-a1-p09,15cacb7214da29f735fe74234e764297d31194371bcebd510dbee27b79d6d12c,4,2778,0
2,ex2-s5-e1-a1-p09,15cacb7214da29f735fe74234e764297d31194371bcebd510dbee27b79d6d12c,4,2779,0
2,ex2-s5-e1-a1-p09,15cacb7214da29f735fe74234e764297d31194371bcebd510dbee27b79d6d12c,4,2780,0
2,ex2-s5-e1-a1-p09,15cacb7214da29f735fe74234e764297d31194371bcebd510dbee27b79d6d12c,4,2781,0
2,ex2-s5-e1-a1-p09,15cacb7214da29f735fe74234e764297d31194371bcebd510dbee27b79d6d12c,4,2782,100
2,ex2-s5-e1-a1-p09,15cacb7214da29f735fe74234e764297d31194371bcebd510dbee27b79d6d12c,4,2783,0
2,ex2-s5-e1-a1-p09,15cacb7214da29f735fe74234e764297d31194371bcebd510dbee27b79d6d12c,4,2784,0
2,ex2-s5-e1-a1-p09,15cacb7214da29f735fe74234e764297d31194371bcebd510dbee27b79d6d12c,4,2785,0
2,ex2-s5-e1-a1-p09,15cacb7214da29f735fe74234e764297d31194371bcebd510dbee27b79d6d12c,4,2786,0
2,ex2-s5-e1-a1-p09,15cacb7214da29f735fe74234e764297d31194371bcebd510dbee27b79d6d12c,4,2787,0
2,ex2-s5-e1-a1-p09,15cacb7214da29f735fe74234e764297d31194371bcebd510dbee27b79d6d12c,4,2788,100
2,ex2-s5-e1-a1-p09,15cacb7214da29f735fe74234e764297d31194371bcebd510dbee27b79d6d12c,4,2789,0
2,ex2-s5-e1-a1-p09,15cacb7214da29f735fe74234e764297d31194371bcebd510dbee27b79d6d12c,4,2790,0
2,ex2-s5-e1-a1-p09,15cacb7214da29f735fe74234e764297d31194371bcebd510dbee27b79d6d12c,4,2791,0
2,ex2-s5-e1-a1-p09,15cacb7214da29f735fe74234e764297d31194371bcebd510dbee27b79d6d12c,4,2792,0
2,ex2-s5-e1-a1-p09,15cacb7214da29f735fe74234e764297d31194371bcebd510dbee27b79d6d12c,4,2793,0
2,ex2-s5-e1-a1-p09,15cacb7214da29f735fe74234e764297d31194371bcebd510dbee27b79d6d12c,4,2794,0
2,ex2-s5-e1-a1-p09,15cacb7214da29f735fe74234e764297d31194371bcebd510dbee27b79d6d12c,4,2795,100
2,ex2-s5-e1-a1-p09,15cacb7214da29f735fe74234e764297d31194371bcebd510dbee27b79d6d12c,4,2796,0
2,ex2-s5-e1-a1-p09,15cacb7214da29f735fe74234e764297d31194371bcebd510dbee27b79d6d12c,4,2797,0
2,ex2-s5-e1-a1-p09,15cacb7214da29f735fe74234e764297d31194371bcebd510dbee27b79d6d12c,4,2798,0
2,ex2-s5-e1-a1-p09,15cacb7214da29f735fe74234e764297d31194371bcebd510dbee27b79d6d12c,4,2799,0
2,ex2-s5-e1-a1-p09,15cacb7214da29f735fe74234e764297d31194371bcebd510dbee27b79d6d12c,4,2800,0
2,ex2-s5-e1-a1-p09,15cacb7214da29f735fe74234e764297d31194371bcebd510dbee27b79d6d12c,4,2801,100
2,ex2-s5-e1-a1-p09,15cacb7214da29f735fe74234e764297d31194371bcebd510dbee27b79d6d12c,4,2802,0
2,ex2-s5-e1-a1-p09,15cacb7214da29f735fe74234e764297d31194371bcebd510dbee27b79d6d12c,4,2803,0
2,ex2-s5-e1-a1-p09,15cacb7214da29f735fe74234e764297d31194371bcebd510dbee27b79d6d12c,4,2804,0
2,ex2-s5-e1-a1-p09,15cacb7214da29f735fe74234e764297d31194371bcebd510dbee27b79d6d12c,4,2805,0
2,ex2-s5-e1-a1-p09,15cacb7214da29f735fe74234e764297d31194371bcebd510dbee27b79d6d12c,4,2806,0
2,ex2-s5-e1-a1-p09,15cacb7214da29f735fe74234e764297d31194371bcebd510dbee27b79d6d12c,4,2807,0
2,ex2-s5-e1-a1-p09,15cacb7214da29f735fe74234e764297d31194371bcebd510dbee27b79d6d12c,4,2808,100
2,ex2-s5-e1-a1-p09,15cacb7214da29f735fe74234e764297d31194371bcebd510dbee27b79d6d12c,4,2809,0
2,ex2-s5-e1-a1-p09,15cacb7214da29f735fe74234e764297d31194371bcebd510dbee27b79d6d12c,4,2810,0
2,ex2-s5-e1-a1-p09,15cacb7214da29f735fe74234e764297d31194371bcebd510dbee27b79d6d12c,4,2811,0
2,ex2-s5-e1-a1-p09,15cacb7214da29f735fe74234e764297d31194371bcebd510dbee27b79d6d12c,4,2812,0
2,ex2-s5-e1-a1-p09,15cacb7214da29f735fe74234e764297d31194371bcebd510dbee27b79d6d12c,4,2813,0
2,ex2-s5-e1-a1-p09,15cacb7214da29f735fe74234e764297d31194371bcebd510dbee27b79d6d12c,4,2814,100
2,ex2-s5-e1-a1-p09,15cacb7214da29f735fe74234e764297d31194371bcebd510dbee27b79d6d12c,4,2815,0
2,ex2-s5-e1-a1-p09,15cacb7214da29f735fe74234e764297d31194371bcebd510dbee27b79d6d12c,4,2816,0
2,ex2-s5-e1-a1-p09,15cacb7214da29f735fe74234e764297d31194371bcebd510dbee27b79d6d12c,4,2817,0
2,ex2-s5-e1-a1-p09,15cacb7214da29f735fe74234e764297d31194371bcebd510dbee27b79d6d12c,4,2818,0
2,ex2-s5-e1-a1-p09,15cacb7214da29f735fe74234e764297d31194371bcebd510dbee27b79d6d12c,4,2819,0
2,ex2-s5-e1-a1-p09,15cacb7214da29f735fe74234e764297d31194371bcebd510dbee27b79d6d12c,4,2820,100
2,ex2-s5-e1-a1-p09,15cacb7214da29f735fe74234e764297d31194371bcebd510dbee27b79d6d12c,4,2821,0
2,ex2-s5-e1-a1-p09,15cacb7214da29f735fe74234e764297d31194371bcebd510dbee27b79d6d12c,4,2822,0
2,ex2-s5-e1-a1-p09,15cacb7214da29f735fe74234e764297d31194371bcebd510dbee27b79d6d12c,4,2823,0
2,ex2-s5-e1-a1-p09,15cacb7214da29f735fe74234e764297d31194371bcebd510dbee27b79d6d12c,4,2824,0
2,ex2-s5-e1-a1-p09,15cacb7214da29f735fe74234e764297d31194371bcebd510dbee27b79d6d12c,4,2825,0
2,ex2-s5-e1-a1-p09,15cacb7214da29f735fe74234e764297d31194371bcebd510dbee27b79d6d12c,4,2826,0
2,ex2-s5-e1-a1-p09,15cacb7214da29f735fe74234e764297d31194371bcebd510dbee27b79d6d12c,4,2827,100
2,ex2-s5-e1-a1-p09,15cacb7214da29f735fe74234e764297d31194371bcebd510dbee27b79d6d12c,4,2828,0
2,ex2-s5-e1-a1-p09,15cacb7214da29f735fe74234e764297d31194371bcebd510dbee27b79d6d12c,4,2829,0
2,ex2-s5-e1-a1-p09,15cacb7214da29f735fe74234e764297d31194371bcebd510dbee27b79d6d12c,4,2830,0
2,ex2-s5-e1-a1-p09,15cacb7214da29f735fe74234e764297d31194371bcebd510dbee27b79d6d12c,4,2831,0
2,ex2-s5-e1-a1-p09,15cacb7214da29f735fe74234e764297d31194371bcebd510dbee27b79d6d12c,4,2832,0
2,ex2-s5-e1-a1-p09,15cacb7214da29f735fe74234e764297d31194371bcebd510dbee27b79d6d12c,4,2833,100
2,ex2-s5-e1-a1-p09,15cacb7214da29f735fe74234e764297d31194371bcebd510dbee27b79d6d12c,4,2834,0
2,ex2-s5-e1-a1-p09,15cacb7214da29f735fe74234e764297d31194371bcebd510dbee27b79d6d12c,4,2835,0
2,ex2-s5-e1-a1-p09,15cacb7214da29f735fe74234e764297d31194371bcebd510dbee27b79d6d12c,4,2836,0
2,ex2-s5-e1-a1-p09,15cacb7214da29f735fe74234e764297d31194371bcebd510dbee27b79d6d12c,4,2837,0
2,ex2-s5-e1-a1-p09,15cacb7214da29f735fe74234e764297d31194371bcebd510dbee27b79d6d12c,4,2838,0
2,ex2-s5-e1-a1-p09,15cacb7214da29f735fe74234e764297d31194371bcebd510dbee27b79d6d12c,4,2839,0
2,ex2-s5-e1-a1-p09,15cacb7214da29f735fe74234e764297d31194371bcebd510dbee27b79d6d12c,4,2840,100
2,ex2-s5-e1-a1-p09,15cacb7214da29f735fe74234e764297d31194371bcebd510dbee27b79d6d12c,4,2841,0
2,ex2-s5-e1-a1-p09,15cacb7214da29f735fe74234e764297d31194371bcebd510dbee27b79d6d12c,4,2842,0
2,ex2-s5-e1-a1-p09,15cacb7214da29f735fe74234e764297d31194371bcebd510dbee27b79d6d12c,4,2843,0
2,ex2-s5-e1-a1-p09,15cacb7214da29f735fe74234e764297d31194371bcebd510dbee27b79d6d12c,4,2844,0
2,ex2-s5-e1-a1-p09,15cacb7214da29f735fe74234e764297d31194371bcebd510dbee27b79d6d12c,4,2845,0
2,ex2-s5-e1-a1-p09,15cacb7214da29f735fe74234e764297d31194371bcebd510dbee27b79d6d12c,4,2846,100
2,ex2-s5-e1-a1-p09,15cacb7214da29f735fe74234e764297d31194371bcebd510dbee27b79d6d12c,4,2847,0
2,ex2-s5-e1-a1-p09,15cacb7214da29f735fe74234e764297d31194371bcebd510dbee27b79d6d12c,4,2848,0
2,ex2-s5-e1-a1-p09,15cacb7214da29f735fe74234e764297d31194371bcebd510dbee27b79d6d12c,4,2849,0
2,ex2-s5-e1-a1-p09,15cacb7214da29f735fe74234e764297d31194371bcebd510dbee27b79d6d12c,4,2850,0
2,ex2-s5-e1-a1-p09,15cacb7214da29f735fe74234e764297d31194371bcebd510dbee27b79d6d12c,4,2851,0
2,ex2-s5-e1-a1-p09,15cacb7214da29f735fe74234e764297d31194371bcebd510dbee27b79d6d12c,4,2852,0
2,ex2-s5-e1-a1-p09,15cacb7214da29f735fe74234e764297d31194371bcebd510dbee27b79d6d12c,4,2853,100
2,ex2-s5-e1-a1-p09,15cacb7214da29f735fe74234e764297d31194371bcebd510dbee27b79d6d12c,4,2854,0
2,ex2-s5-e1-a1-p09,15cacb7214da29f735fe74234e764297d31194371bcebd510dbee27b79d6d12c,4,2855,0
2,ex2-s5-e1-a1-p09,15cacb7214da29f735fe74234e764297d31194371bcebd510dbee27b79d6d12c,4,2856,0
2,ex2-s5-e1-a1-p09,15cacb7214da29f735fe74234e764297d31194371bcebd510dbee27b79d6d12c,4,2857,0
2,ex2-s5-e1-a1-p09,15cacb7214da29f735fe74234e764297d31194371bcebd510dbee27b79d6d12c,4,2858,0
2,ex2-s5-e1-a1-p09,15cacb7214da29f735fe74234e764297d31194371bcebd510dbee27b79d6d12c,4,2859,100
2,ex2-s5-e1-a1-p09,15cacb7214da29f735fe74234e764297d31194371bcebd510dbee27b79d6d12c,4,2860,0
2,ex2-s5-e1-a1-p09,15cacb7214da29f735fe74234e764297d31194371bcebd510dbee27b79d6d12c,4,2861,0
2,ex2-s5-e1-a1-p09,15cacb7214da29f735fe74234e764297d31194371bcebd510dbee27b79d6d12c,4,2862,0
2,ex2-s5-e1-a1-p09,15cacb7214da29f735fe74234e764297d31194371bcebd510dbee27b79d6d12c,4,2863,0
2,ex2-s5-e1-a1-p09,15cacb7214da29f735fe74234e764297d31194371bcebd510dbee27b79d6d12c,4,2864,0
2,ex2-s5-e1-a1-p09,15cacb7214da29f735fe74234e764297d31194371bcebd510dbee27b79d6d12c,4,2865,0
2,ex2-s5-e1-a1-p09,15cacb7214da29f735fe74234e764297d31194371bcebd510dbee27b79d6d12c,4,2866,100
2,ex2-s5-e1-a1-p09,15cacb7214da29f735fe74234e764297d31194371bcebd510dbee27b79d6d12c,4,2867,0
2,ex2-s5-e1-a1-p09,15cacb7214da29f735fe74234e764297d31194371bcebd510dbee27b79d6d12c,4,2868,0
2,ex2-s5-e1-a1-p09,15cacb7214da29f735fe74234e764297d31194371bcebd510dbee27b79d6d12c,4,2869,0
2,ex2-s5-e1-a1-p09,15cacb7214da29f735fe74234e764297d31194371bcebd510dbee27b79d6d12c,4,2870,0
2,ex2-s5-e1-a1-p09,15cacb7214da29f735fe74234e764297d31194371bcebd510dbee27b79d6d12c,4,2871,0
2,ex2-s5-e1-a1-p09,15cacb7214da29f735fe74234e764297d31194371bcebd510dbee27b79d6d12c,4,2872,100
2,ex2-s5-e1-a1-p09,15cacb7214da29f735fe74234e764297d31194371bcebd510dbee27b79d6d12c,4,2873,0
2,ex2-s5-e1-a1-p09,15cacb7214da29f735fe74234e764297d31194371bcebd510dbee27b79d6d12c,4,2874,0
2,ex2-s5-e1-a1-p09,15cacb7214da29f735fe74234e764297d31194371bcebd510dbee27b79d6d12c,4,2875,0
2,ex2-s5-e1-a1-p09,15cacb7214da29f735fe74234e764297d31194371bcebd510dbee27b79d6d12c,4,2876,0
2,ex2-s5-e1-a1-p09,15cacb7214da29f735fe74234e764297d31194371bcebd510dbee27b79d6d12c,4,2877,0
2,ex2-s5-e1-a1-p09,15cacb7214da29f735fe74234e764297d31194371bcebd510dbee27b79d6d12c,4,2878,0
2,ex2-s5-e1-a1-p09,15cacb7214da29f735fe74234e764297d31194371bcebd510dbee27b79d6d12c,4,2879,100
2,ex2-s5-e1-a1-p09,15cacb7214da29f735fe74234e764297d31194371bcebd510dbee27b79d6d12c,4,2880,0
2,ex2-s5-e1-a1-p09,15cacb7214da29f735fe74234e764297d31194371bcebd510dbee27b79d6d12c,4,2881,0
2,ex2-s5-e1-a1-p09,15cacb7214da29f735fe74234e764297d31194371bcebd510dbee27b79d6d12c,4,2882,0
2,ex2-s5-e1-a1-p09,15cacb7214da29f735fe74234e764297d31194371bcebd510dbee27b79d6d12c,4,2883,0
2,ex2-s5-e1-a1-p09,15cacb7214da29f735fe74234e764297d31194371bcebd510dbee27b79d6d12c,4,2884,0
2,ex2-s5-e1-a1-p09,15cacb7214da29f735fe74234e764297d31194371bcebd510dbee27b79d6d12c,4,2885,100
2,ex2-s5-e1-a1-p09,15cacb7214da29f735fe74234e764297d31194371bcebd510dbee27b79d6d12c,4,2886,0
2,ex2-s5-e1-a1-p09,15cacb7214da29f735fe74234e764297d31194371bcebd510dbee27b79d6d12c,4,2887,0
2,ex2-s5-e1-a1-p09,15cacb7214da29f735fe74234e764297d31194371bcebd510dbee27b79d6d12c,4,2888,0
2,ex2-s5-e1-a1-p09,15cacb7214da29f735fe74234e764297d31194371bcebd510dbee27b79d6d12c,4,2889,0
2,ex2-s5-e1-a1-p09,15cacb7214da29f735fe74234e764297d31194371bcebd510dbee27b79d6d12c,4,2890,0
2,ex2-s5-e1-a1-p09,15cacb7214da29f735fe74234e764297d31194371bcebd510dbee27b79d6d12c,4,2891,0
2,ex2-s5-e1-a1-p09,15cacb7214da29f735fe74234e764297d31194371bcebd510dbee27b79d6d12c,4,2892,100
2,ex2-s5-e1-a1-p09,15cacb7214da29f735fe74234e764297d31194371bcebd510dbee27b79d6d12c,4,2893,0
2,ex2-s5-e1-a1-p09,15cacb7214da29f735fe74234e764297d31194371bcebd510dbee27b79d6d12c,4,2894,0
2,ex2-s5-e1-a1-p09,15cacb7214da29f735fe74234e764297d31194371bcebd510dbee27b79d6d12c,4,2895,0
2,ex2-s5-e1-a1-p09,15cacb7214da29f735fe74234e764297d31194371bcebd510dbee27b79d6d12c,4,2896,0
2,ex2-s5-e1-a1-p09,15cacb7214da29f735fe74234e764297d31194371bcebd510dbee27b79d6d12c,4,2897,0
2,ex2-s5-e1-a1-p09,15cacb7214da29f735fe74234e764297d31194371bcebd510dbee27b79d6d12c,4,2898,100
2,ex2-s5-e1-a1-p09,15cacb7214da29f735fe74234e764297d31194371bcebd510dbee27b79d6d12c,4,2899,0
2,ex2-s5-e1-a1-p09,15cacb7214da29f735fe74234e764297d31194371bcebd510dbee27b79d6d12c,4,2900,0
2,ex2-s5-e1-a1-p09,15cacb7214da29f735fe74234e764297d31194371bcebd510dbee27b79d6d12c,4,2901,0
2,ex2-s5-e1-a1-p09,15cacb7214da29f735fe74234e764297d31194371bcebd510dbee27b79d6d12c,4,2902,0
2,ex2-s5-e1-a1-p09,15cacb7214da29f735fe74234e764297d31194371bcebd510dbee27b79d6d12c,4,2903,0
2,ex2-s5-e1-a1-p09,15cacb7214da29f735fe74234e764297d31194371bcebd510dbee27b79d6d12c,4,2904,0
2,ex2-s5-e1-a1-p09,15cacb7214da29f735fe74234e764297d31194371bcebd510dbee27b79d6d12c,4,2905,100
2,ex2-s5-e1-a1-p09,15cacb7214da29f735fe74234e764297d31194371bcebd510dbee27b79d6d12c,4,2906,0
2,ex2-s5-e1-a1-p09,15cacb7214da29f735fe74234e764297d31194371bcebd510dbee27b79d6d12c,4,2907,0
2,ex2-s5-e1-a1-p09,15cacb7214da29f735fe74234e764297d31194371bcebd510dbee27b79d6d12c,4,2908,0
2,ex2-s5-e1-a1-p09,15cacb7214da29f735fe74234e764297d31194371bcebd510dbee27b79d6d12c,4,2909,0
2,ex2-s5-e1-a1-p09,15cacb7214da29f735fe74234e764297d31194371bcebd510dbee27b79d6d12c,4,2910,0
2,ex2-s5-e1-a1-p09,15cacb7214da29f735fe74234e764297d31194371bcebd510dbee27b79d6d12c,4,2911,100
2,ex2-s5-e1-a1-p09,15cacb7214da29f735fe74234e764297d31194371bcebd510dbee27b79d6d12c,4,2912,0
2,ex2-s5-e1-a1-p09,15cacb7214da29f735fe74234e764297d31194371bcebd510dbee27b79d6d12c,4,2913,0
2,ex2-s5-e1-a1-p09,15cacb7214da29f735fe74234e764297d31194371bcebd510dbee27b79d6d12c,4,2914,0
2,ex2-s5-e1-a1-p09,15cacb7214da29f735fe74234e764297d31194371bcebd510dbee27b79d6d12c,4,2915,0
2,ex2-s5-e1-a1-p09,15cacb7214da29f735fe74234e764297d31194371bcebd510dbee27b79d6d12c,4,2916,0
2,ex2-s5-e1-a1-p09,15cacb7214da29f735fe74234e764297d31194371bcebd510dbee27b79d6d12c,4,2917,0
2,ex2-s5-e1-a1-p09,15cacb7214da29f735fe74234e764297d31194371bcebd510dbee27b79d6d12c,4,2918,100
2,ex2-s5-e1-a1-p09,15cacb7214da29f735fe74234e764297d31194371bcebd510dbee27b79d6d12c,4,2919,0
2,ex2-s5-e1-a1-p09,15cacb7214da29f735fe74234e764297d31194371bcebd510dbee27b79d6d12c,4,2920,0
2,ex2-s5-e1-a1-p09,15cacb7214da29f735fe74234e764297d31194371bcebd510dbee27b79d6d12c,4,2921,0
2,ex2-s5-e1-a1-p09,15cacb7214da29f735fe74234e764297d31194371bcebd510dbee27b79d6d12c,4,2922,0
2,ex2-s5-e1-a1-p09,15cacb7214da29f735fe74234e764297d31194371bcebd510dbee27b79d6d12c,4,2923,0
2,ex2-s5-e1-a1-p09,15cacb7214da29f735fe74234e764297d31194371bcebd510dbee27b79d6d12c,4,2924,100
2,ex2-s5-e1-a1-p09,15cacb7214da29f735fe74234e764297d31194371bcebd510dbee27b79d6d12c,4,2925,0
2,ex2-s5-e1-a1-p09,15cacb7214da29f735fe74234e764297d31194371bcebd510dbee27b79d6d12c,4,2926,0
2,ex2-s5-e1-a1-p09,15cacb7214da29f735fe74234e764297d31194371bcebd510dbee27b79d6d12c,4,2927,0
2,ex2-s5-e1-a1-p09,15cacb7214da29f735fe74234e764297d31194371bcebd510dbee27b79d6d12c,4,2928,0
2,ex2-s5-e1-a1-p09,15cacb7214da29f735fe74234e764297d31194371bcebd510dbee27b79d6d12c,4,2929,0
2,ex2-s5-e1-a1-p09,15cacb7214da29f735fe74234e764297d31194371bcebd510dbee27b79d6d12c,4,2930,0
2,ex2-s5-e1-a1-p09,15cacb7214da29f735fe74234e764297d31194371bcebd510dbee27b79d6d12c,4,2931,100
2,ex2-s5-e1-a1-p09,15cacb7214da29f735fe74234e764297d31194371bcebd510dbee27b79d6d12c,4,2932,0
2,ex2-s5-e1-a1-p09,15cacb7214da29f735fe74234e764297d31194371bcebd510dbee27b79d6d12c,4,2933,0
2,ex2-s5-e1-a1-p09,15cacb7214da29f735fe74234e764297d31194371bcebd510dbee27b79d6d12c,4,2934,0
2,ex2-s5-e1-a1-p09,15cacb7214da29f735fe74234e764297d31194371bcebd510dbee27b79d6d12c,4,2935,0
2,ex2-s5-e1-a1-p09,15cacb7214da29f735fe74234e764297d31194371bcebd510dbee27b79d6d12c,4,2936,0
2,ex2-s5-e1-a1-p09,15cacb7214da29f735fe74234e764297d31194371bcebd510dbee27b79d6d12c,4,2937,100
2,ex2-s5-e1-a1-p09,15cacb7214da29f735fe74234e764297d31194371bcebd510dbee27b79d6d12c,4,2938,0
2,ex2-s5-e1-a1-p09,15cacb7214da29f735fe74234e764297d31194371bcebd510dbee27b79d6d12c,4,2939,0
2,ex2-s5-e1-a1-p09,15cacb7214da29f735fe74234e764297d31194371bcebd510dbee27b79d6d12c,4,2940,0
2,ex2-s5-e1-a1-p09,15cacb7214da29f735fe74234e764297d31194371bcebd510dbee27b79d6d12c,4,2941,0
2,ex2-s5-e1-a1-p09,15cacb7214da29f735fe74234e764297d31194371bcebd510dbee27b79d6d12c,4,2942,0
2,ex2-s5-e1-a1-p09,15cacb7214da29f735fe74234e764297d31194371bcebd510dbee27b79d6d12c,4,2943,0
2,ex2-s5-e1-a1-p09,15cacb7214da29f735fe74234e764297d31194371bcebd510dbee27b79d6d12c,4,2944,100
2,ex2-s5-e1-a1-p09,15cacb7214da29f735fe74234e764297d31194371bcebd510dbee27b79d6d12c,4,2945,0
2,ex2-s5-e1-a1-p09,15cacb7214da29f735fe74234e764297d31194371bcebd510dbee27b79d6d12c,4,2946,0
2,ex2-s5-e1-a1-p09,15cacb7214da29f735fe74234e764297d31194371bcebd510dbee27b79d6d12c,4,2947,0
2,ex2-s5-e1-a1-p09,15cacb7214da29f735fe74234e764297d31194371bcebd510dbee27b79d6d12c,4,2948,0
2,ex2-s5-e1-a1-p09,15cacb7214da29f735fe74234e764297d31194371bcebd510dbee27b79d6d12c,4,2949,0
2,ex2-s5-e1-a1-p09,15cacb7214da29f735fe74234e764297d31194371bcebd510dbee27b79d6d12c,4,2950,100
2,ex2-s5-e1-a1-p09,15cacb7214da29f735fe74234e764297d31194371bcebd510dbee27b79d6d12c,4,2951,0
2,ex2-s5-e1-a1-p09,15cacb7214da29f735fe74234e764297d31194371bcebd510dbee27b79d6d12c,4,2952,0
2,ex2-s5-e1-a1-p09,15cacb7214da29f735fe74234e764297d31194371bcebd510dbee27b79d6d12c,4,2953,0
2,ex2-s5-e1-a1-p09,15cacb7214da29f735fe74234e764297d31194371bcebd510dbee27b79d6d12c,4,2954,0
2,ex2-s5-e1-a1-p09,15cacb7214da29f735fe74234e764297d31194371bcebd510dbee27b79d6d12c,4,2955,0
2,ex2-s5-e1-a1-p09,15cacb7214da29f735fe74234e764297d31194371bcebd510dbee27b79d6d12c,4,2956,0
2,ex2-s5-e1-a1-p09,15cacb7214da29f735fe74234e764297d31194371bcebd510dbee27b79d6d12c,4,2957,100
2,ex2-s5-e1-a1-p09,15cacb7214da29f735fe74234e764297d31194371bcebd510dbee27b79d6d12c,4,2958,0
2,ex2-s5-e1-a1-p09,15cacb7214da29f735fe74234e764297d31194371bcebd510dbee27b79d6d12c,4,2959,0
2,ex2-s5-e1-a1-p09,15cacb7214da29f735fe74234e764297d31194371bcebd510dbee27b79d6d12c,4,2960,0
2,ex2-s5-e1-a1-p09,15cacb7214da29f735fe74234e764297d31194371bcebd510dbee27b79d6d12c,4,2961,0
2,ex2-s5-e1-a1-p09,15cacb7214da29f735fe74234e764297d31194371bcebd510dbee27b79d6d12c,4,2962,0
2,ex2-s5-e1-a1-p09,15cacb7214da29f735fe74234e764297d31194371bcebd510dbee27b79d6d12c,4,2963,100
2,ex2-s5-e1-a1-p09,15cacb7214da29f735fe74234e764297d31194371bcebd510dbee27b79d6d12c,4,2964,0
2,ex2-s5-e1-a1-p09,15cacb7214da29f735fe74234e764297d31194371bcebd510dbee27b79d6d12c,4,2965,0
2,ex2-s5-e1-a1-p09,15cacb7214da29f735fe74234e764297d31194371bcebd510dbee27b79d6d12c,4,2966,0
2,ex2-s5-e1-a1-p09,15cacb7214da29f735fe74234e764297d31194371bcebd510dbee27b79d6d12c,4,2967,0
2,ex2-s5-e1-a1-p09,15cacb7214da29f735fe74234e764297d31194371bcebd510dbee27b79d6d12c,4,2968,0
2,ex2-s5-e1-a1-p09,15cacb7214da29f735fe74234e764297d31194371bcebd510dbee27b79d6d12c,4,2969,0
2,ex2-s5-e1-a1-p09,15cacb7214da29f735fe74234e764297d31194371bcebd510dbee27b79d6d12c,4,2970,100
2,ex2-s5-e1-a1-p09,15cacb7214da29f735fe74234e764297d31194371bcebd510dbee27b79d6d12c,4,2971,0
2,ex2-s5-e1-a1-p09,15cacb7214da29f735fe74234e764297d31194371bcebd510dbee27b79d6d12c,4,2972,0
2,ex2-s5-e1-a1-p09,15cacb7214da29f735fe74234e764297d31194371bcebd510dbee27b79d6d12c,4,2973,0
2,ex2-s5-e1-a1-p09,15cacb7214da29f735fe74234e764297d31194371bcebd510dbee27b79d6d12c,4,2974,0
2,ex2-s5-e1-a1-p09,15cacb7214da29f735fe74234e764297d31194371bcebd510dbee27b79d6d12c,4,2975,0
2,ex2-s5-e1-a1-p09,15cacb7214da29f735fe74234e764297d31194371bcebd510dbee27b79d6d12c,4,2976,100
2,ex2-s5-e1-a1-p09,15cacb7214da29f735fe74234e764297d31194371bcebd510dbee27b79d6d12c,4,2977,0
2,ex2-s5-e1-a1-p09,15cacb7214da29f735fe74234e764297d31194371bcebd510dbee27b79d6d12c,4,2978,0
2,ex2-s5-e1-a1-p09,15cacb7214da29f735fe74234e764297d31194371bcebd510dbee27b79d6d12c,4,2979,0
2,ex2-s5-e1-a1-p09,15cacb7214da29f735fe74234e764297d31194371bcebd510dbee27b79d6d12c,4,2980,0
2,ex2-s5-e1-a1-p09,15cacb7214da29f735fe74234e764297d31194371bcebd510dbee27b79d6d12c,4,2981,0
2,ex2-s5-e1-a1-p09,15cacb7214da29f735fe74234e764297d31194371bcebd510dbee27b79d6d12c,4,2982,0
2,ex2-s5-e1-a1-p09,15cacb7214da29f735fe74234e764297d31194371bcebd510dbee27b79d6d12c,4,2983,100
2,ex2-s5-e1-a1-p09,15cacb7214da29f735fe74234e764297d31194371bcebd510dbee27b79d6d12c,4,2984,0
2,ex2-s5-e1-a1-p09,15cacb7214da29f735fe74234e764297d31194371bcebd510dbee27b79d6d12c,4,2985,0
2,ex2-s5-e1-a1-p09,15cacb7214da29f735fe74234e764297d31194371bcebd510dbee27b79d6d12c,4,2986,0
2,ex2-s5-e1-a1-p09,15cacb7214da29f735fe74234e764297d31194371bcebd510dbee27b79d6d12c,4,2987,0
2,ex2-s5-e1-a1-p09,15cacb7214da29f735fe74234e764297d31194371bcebd510dbee27b79d6d12c,4,2988,0
2,ex2-s5-e1-a1-p09,15cacb7214da29f735fe74234e764297d31194371bcebd510dbee27b79d6d12c,4,2989,100
2,ex2-s5-e1-a1-p09,15cacb7214da29f735fe74234e764297d31194371bcebd510dbee27b79d6d12c,4,2990,0
2,ex2-s5-e1-a1-p09,15cacb7214da29f735fe74234e764297d31194371bcebd510dbee27b79d6d12c,4,2991,0
2,ex2-s5-e1-a1-p09,15cacb7214da29f735fe74234e764297d31194371bcebd510dbee27b79d6d12c,4,2992,0
2,ex2-s5-e1-a1-p09,15cacb7214da29f735fe74234e764297d31194371bcebd510dbee27b79d6d12c,4,2993,0
2,ex2-s5-e1-a1-p09,15cacb7214da29f735fe74234e764297d31194371bcebd510dbee27b79d6d12c,4,2994,0
2,ex2-s5-e1-a1-p09,15cacb7214da29f735fe74234e764297d31194371bcebd510dbee27b79d6d12c,4,2995,0
2,ex2-s5-e1-a1-p09,15cacb7214da29f735fe74234e764297d31194371bcebd510dbee27b79d6d12c,4,2996,100
2,ex2-s5-e1-a1-p09,15cacb7214da29f735fe74234e764297d31194371bcebd510dbee27b79d6d12c,4,2997,0
2,ex2-s5-e1-a1-p09,15cacb7214da29f735fe74234e764297d31194371bcebd510dbee27b79d6d12c,4,2998,0
2,ex2-s5-e1-a1-p09,15cacb7214da29f735fe74234e764297d31194371bcebd510dbee27b79d6d12c,4,2999,0
2,ex2-s5-e1-a1-p09,15cacb7214da29f735fe74234e764297d31194371bcebd510dbee27b79d6d12c,4,3000,0
2,ex2-s5-e1-a1-p09,15cacb7214da29f735fe74234e764297d31194371bcebd510dbee27b79d6d12c,4,3001,0
2,ex2-s5-e1-a1-p09,15cacb7214da29f735fe74234e764297d31194371bcebd510dbee27b79d6d12c,4,3002,100
2,ex2-s5-e1-a1-p09,15cacb7214da29f735fe74234e764297d31194371bcebd510dbee27b79d6d12c,4,3003,0
2,ex2-s5-e1-a1-p09,15cacb7214da29f735fe74234e764297d31194371bcebd510dbee27b79d6d12c,4,3004,0
2,ex2-s5-e1-a1-p09,15cacb7214da29f735fe74234e764297d31194371bcebd510dbee27b79d6d12c,4,3005,0
2,ex2-s5-e1-a1-p09,15cacb7214da29f735fe74234e764297d31194371bcebd510dbee27b79d6d12c,4,3006,0
2,ex2-s5-e1-a1-p09,15cacb7214da29f735fe74234e764297d31194371bcebd510dbee27b79d6d12c,4,3007,0
2,ex2-s5-e1-a1-p09,15cacb7214da29f735fe74234e764297d31194371bcebd510dbee27b79d6d12c,4,3008,0
2,ex2-s5-e1-a1-p09,15cacb7214da29f735fe74234e764297d31194371bcebd510dbee27b79d6d12c,4,3009,100
2,ex2-s5-e1-a1-p09,15cacb7214da29f735fe74234e764297d31194371bcebd510dbee27b79d6d12c,4,3010,0
2,ex2-s5-e1-a1-p09,15cacb7214da29f735fe74234e764297d31194371bcebd510dbee27b79d6d12c,4,3011,0
2,ex2-s5-e1-a1-p09,15cacb7214da29f735fe74234e764297d31194371bcebd510dbee27b79d6d12c,4,3012,0
2,ex2-s5-e1-a1-p09,15cacb7214da29f735fe74234e764297d31194371bcebd510dbee27b79d6d12c,4,3013,0
2,ex2-s5-e1-a1-p09,15cacb7214da29f735fe74234e764297d31194371bcebd510dbee27b79d6d12c,4,3014,0
2,ex2-s5-e1-a1-p09,15cacb7214da29f735fe74234e764297d31194371bcebd510dbee27b79d6d12c,4,3015,100
2,ex2-s5-e1-a1-p09,15cacb7214da29f735fe74234e764297d31194371bcebd510dbee27b79d6d12c,4,3016,0
2,ex2-s5-e1-a1-p09,15cacb7214da29f735fe74234e764297d31194371bcebd510dbee27b79d6d12c,4,3017,0
2,ex2-s5-e1-a1-p09,15cacb7214da29f735fe74234e764297d31194371bcebd510dbee27b79d6d12c,4,3018,0
2,ex2-s5-e1-a1-p09,15cacb7214da29f735fe74234e764297d31194371bcebd510dbee27b79d6d12c,4,3019,0
2,ex2-s5-e1-a1-p09,15cacb7214da29f735fe74234e764297d31194371bcebd510dbee27b79d6d12c,4,3020,0
2,ex2-s5-e1-a1-p09,15cacb7214da29f735fe74234e764297d31194371bcebd510dbee27b79d6d12c,4,3021,0
2,ex2-s5-e1-a1-p09,15cacb7214da29f735fe74234e764297d31194371bcebd510dbee27b79d6d12c,4,3022,100
2,ex2-s5-e1-a1-p09,15cacb7214da29f735fe74234e764297d31194371bcebd510dbee27b79d6d12c,4,3023,0
2,ex2-s5-e1-a1-p09,15cacb7214da29f735fe74234e764297d31194371bcebd510dbee27b79d6d12c,4,3024,0
2,ex2-s5-e1-a1-p09,15cacb7214da29f735fe74234e764297d31194371bcebd510dbee27b79d6d12c,4,3025,0
2,ex2-s5-e1-a1-p09,15cacb7214da29f735fe74234e764297d31194371bcebd510dbee27b79d6d12c,4,3026,0
2,ex2-s5-e1-a1-p09,15cacb7214da29f735fe74234e764297d31194371bcebd510dbee27b79d6d12c,4,3027,0
2,ex2-s5-e1-a1-p09,15cacb7214da29f735fe74234e764297d31194371bcebd510dbee27b79d6d12c,4,3028,100
2,ex2-s5-e1-a1-p09,15cacb7214da29f735fe74234e764297d31194371bcebd510dbee27b79d6d12c,4,3029,0
2,ex2-s5-e1-a1-p09,15cacb7214da29f735fe74234e764297d31194371bcebd510dbee27b79d6d12c,4,3030,0
2,ex2-s5-e1-a1-p09,15cacb7214da29f735fe74234e764297d31194371bcebd510dbee27b79d6d12c,4,3031,0
2,ex2-s5-e1-a1-p09,15cacb7214da29f735fe74234e764297d31194371bcebd510dbee27b79d6d12c,4,3032,0
2,ex2-s5-e1-a1-p09,15cacb7214da29f735fe74234e764297d31194371bcebd510dbee27b79d6d12c,4,3033,0
2,ex2-s5-e1-a1-p09,15cacb7214da29f735fe74234e764297d31194371bcebd510dbee27b79d6d12c,4,3034,0
2,ex2-s5-e1-a1-p09,15cacb7214da29f735fe74234e764297d31194371bcebd510dbee27b79d6d12c,4,3035,100
2,ex2-s5-e1-a1-p09,15cacb7214da29f735fe74234e764297d31194371bcebd510dbee27b79d6d12c,4,3036,0
2,ex2-s5-e1-a1-p09,15cacb7214da29f735fe74234e764297d31194371bcebd510dbee27b79d6d12c,4,3037,0
2,ex2-s5-e1-a1-p09,15cacb7214da29f735fe74234e764297d31194371bcebd510dbee27b79d6d12c,4,3038,0
2,ex2-s5-e1-a1-p09,15cacb7214da29f735fe74234e764297d31194371bcebd510dbee27b79d6d12c,4,3039,0
2,ex2-s5-e1-a1-p09,15cacb7214da29f735fe74234e764297d31194371bcebd510dbee27b79d6d12c,4,3040,0
2,ex2-s5-e1-a1-p09,15cacb7214da29f735fe74234e764297d31194371bcebd510dbee27b79d6d12c,4,3041,100
2,ex2-s5-e1-a1-p09,15cacb7214da29f735fe74234e764297d31194371bcebd510dbee27b79d6d12c,4,3042,0
2,ex2-s5-e1-a1-p09,15cacb7214da29f735fe74234e764297d31194371bcebd510dbee27b79d6d12c,4,3043,0
2,ex2-s5-e1-a1-p09,15cacb7214da29f735fe74234e764297d31194371bcebd510dbee27b79d6d12c,4,3044,0
2,ex2-s5-e1-a1-p09,15cacb7214da29f735fe74234e764297d31194371bcebd510dbee27b79d6d12c,4,3045,0
2,ex2-s5-e1-a1-p09,15cacb7214da29f735fe74234e764297d31194371bcebd510dbee27b79d6d12c,4,3046,0
2,ex2-s5-e1-a1-p09,15cacb7214da29f735fe74234e764297d31194371bcebd510dbee27b79d6d12c,4,3047,0
2,ex2-s5-e1-a1-p09,15cacb7214da29f735fe74234e764297d31194371bcebd510dbee27b79d6d12c,4,3048,100
2,ex2-s5-e1-a1-p09,15cacb7214da29f735fe74234e764297d31194371bcebd510dbee27b79d6d12c,4,3049,0
2,ex2-s5-e1-a1-p09,15cacb7214da29f735fe74234e764297d31194371bcebd510dbee27b79d6d12c,4,3050,0
2,ex2-s5-e1-a1-p09,15cacb7214da29f735fe74234e764297d31194371bcebd510dbee27b79d6d12c,4,3051,0
2,ex2-s5-e1-a1-p09,15cacb7214da29f735fe74234e764297d31194371bcebd510dbee27b79d6d12c,4,3052,0
2,ex2-s5-e1-a1-p09,15cacb7214da29f735fe74234e764297d31194371bcebd510dbee27b79d6d12c,4,3053,0
2,ex2-s5-e1-a1-p09,15cacb7214da29f735fe74234e764297d31194371bcebd510dbee27b79d6d12c,4,3054,100
2,ex2-s5-e1-a1-p09,15cacb7214da29f735fe74234e764297d31194371bcebd510dbee27b79d6d12c,4,3055,0
2,ex2-s5-e1-a1-p09,15cacb7214da29f735fe74234e764297d31194371bcebd510dbee27b79d6d12c,4,3056,0
2,ex2-s5-e1-a1-p09,15cacb7214da29f735fe74234e764297d31194371bcebd510dbee27b79d6d12c,4,3057,0
2,ex2-s5-e1-a1-p09,15cacb7214da29f735fe74234e764297d31194371bcebd510dbee27b79d6d12c,4,3058,0
2,ex2-s5-e1-a1-p09,15cacb7214da29f735fe74234e764297d31194371bcebd510dbee27b79d6d12c,4,3059,0
2,ex2-s5-e1-a1-p09,15cacb7214da29f735fe74234e764297d31194371bcebd510dbee27b79d6d12c,4,3060,0
2,ex2-s5-e1-a1-p09,15cacb7214da29f735fe74234e764297d31194371bcebd510dbee27b79d6d12c,4,3061,100
2,ex2-s5-e1-a1-p09,15cacb7214da29f735fe74234e764297d31194371bcebd510dbee27b79d6d12c,4,3062,0
2,ex2-s5-e1-a1-p09,15cacb7214da29f735fe74234e764297d31194371bcebd510dbee27b79d6d12c,4,3063,0
2,ex2-s5-e1-a1-p09,15cacb7214da29f735fe74234e764297d31194371bcebd510dbee27b79d6d12c,4,3064,0
2,ex2-s5-e1-a1-p09,15cacb7214da29f735fe74234e764297d31194371bcebd510dbee27b79d6d12c,4,3065,0
2,ex2-s5-e1-a1-p09,15cacb7214da29f735fe74234e764297d31194371bcebd510dbee27b79d6d12c,4,3066,0
2,ex2-s5-e1-a1-p09,15cacb7214da29f735fe74234e764297d31194371bcebd510dbee27b79d6d12c,4,3067,100
2,ex2-s5-e1-a1-p09,15cacb7214da29f735fe74234e764297d31194371bcebd510dbee27b79d6d12c,4,3068,0
2,ex2-s5-e1-a1-p09,15cacb7214da29f735fe74234e764297d31194371bcebd510dbee27b79d6d12c,4,3069,0
2,ex2-s5-e1-a1-p09,15cacb7214da29f735fe74234e764297d31194371bcebd510dbee27b79d6d12c,4,3070,0
2,ex2-s5-e1-a1-p09,15cacb7214da29f735fe74234e764297d31194371bcebd510dbee27b79d6d12c,4,3071,0
2,ex2-s5-e1-a1-p09,15cacb7214da29f735fe74234e764297d31194371bcebd510dbee27b79d6d12c,4,3072,0
2,ex2-s5-e1-a1-p09,15cacb7214da29f735fe74234e764297d31194371bcebd510dbee27b79d6d12c,4,3073,0
2,ex2-s5-e1-a1-p09,15cacb7214da29f735fe74234e764297d31194371bcebd510dbee27b79d6d12c,4,3074,100
2,ex2-s5-e1-a1-p09,15cacb7214da29f735fe74234e764297d31194371bcebd510dbee27b79d6d12c,4,3075,0
2,ex2-s5-e1-a1-p09,15cacb7214da29f735fe74234e764297d31194371bcebd510dbee27b79d6d12c,4,3076,0
2,ex2-s5-e1-a1-p09,15cacb7214da29f735fe74234e764297d31194371bcebd510dbee27b79d6d12c,4,3077,0
2,ex2-s5-e1-a1-p09,15cacb7214da29f735fe74234e764297d31194371bcebd510dbee27b79d6d12c,4,3078,0
2,ex2-s5-e1-a1-p09,15cacb7214da29f735fe74234e764297d31194371bcebd510dbee27b79d6d12c,4,3079,0
2,ex2-s5-e1-a1-p09,15cacb7214da29f735fe74234e764297d31194371bcebd510dbee27b79d6d12c,4,3080,100
2,ex2-s5-e1-a1-p09,15cacb7214da29f735fe74234e764297d31194371bcebd510dbee27b79d6d12c,4,3081,0
2,ex2-s5-e1-a1-p09,15cacb7214da29f735fe74234e764297d31194371bcebd510dbee27b79d6d12c,4,3082,0
2,ex2-s5-e1-a1-p09,15cacb7214da29f735fe74234e764297d31194371bcebd510dbee27b79d6d12c,4,3083,0
2,ex2-s5-e1-a1-p09,15cacb7214da29f735fe74234e764297d31194371bcebd510dbee27b79d6d12c,4,3084,0
2,ex2-s5-e1-a1-p09,15cacb7214da29f735fe74234e764297d31194371bcebd510dbee27b79d6d12c,4,3085,0
2,ex2-s5-e1-a1-p09,15cacb7214da29f735fe74234e764297d31194371bcebd510dbee27b79d6d12c,4,3086,0
2,ex2-s5-e1-a1-p09,15cacb7214da29f735fe74234e764297d31194371bcebd510dbee27b79d6d12c,4,3087,100
2,ex2-s5-e1-a1-p09,15cacb7214da29f735fe74234e764297d31194371bcebd510dbee27b79d6d12c,4,3088,0
2,ex2-s5-e1-a1-p09,15cacb7214da29f735fe74234e764297d31194371bcebd510dbee27b79d6d12c,4,3089,0
2,ex2-s5-e1-a1-p09,15cacb7214da29f735fe74234e764297d31194371bcebd510dbee27b79d6d12c,4,3090,0
2,ex2-s5-e1-a1-p09,15cacb7214da29f735fe74234e764297d31194371bcebd510dbee27b79d6d12c,4,3091,0
2,ex2-s5-e1-a1-p09,15cacb7214da29f735fe74234e764297d31194371bcebd510dbee27b79d6d12c,4,3092,0
2,ex2-s5-e1-a1-p09,15cacb7214da29f735fe74234e764297d31194371bcebd510dbee27b79d6d12c,4,3093,100
2,ex2-s5-e1-a1-p09,15cacb7214da29f735fe74234e764297d31194371bcebd510dbee27b79d6d12c,4,3094,0
2,ex2-s5-e1-a1-p09,15cacb7214da29f735fe74234e764297d31194371bcebd510dbee27b79d6d12c,4,3095,0
2,ex2-s5-e1-a1-p09,15cacb7214da29f735fe74234e764297d31194371bcebd510dbee27b79d6d12c,4,3096,0
2,ex2-s5-e1-a1-p09,15cacb7214da29f735fe74234e764297d31194371bcebd510dbee27b79d6d12c,4,3097,0
2,ex2-s5-e1-a1-p09,15cacb7214da29f735fe74234e764297d31194371bcebd510dbee27b79d6d12c,4,3098,0
2,ex2-s5-e1-a1-p09,15cacb7214da29f735fe74234e764297d31194371bcebd510dbee27b79d6d12c,4,3099,0
2,ex2-s5-e1-a1-p09,15cacb7214da29f735fe74234e764297d31194371bcebd510dbee27b79d6d12c,4,3100,100
2,ex2-s5-e1-a1-p09,15cacb7214da29f735fe74234e764297d31194371bcebd510dbee27b79d6d12c,4,3101,0
2,ex2-s5-e1-a1-p09,15cacb7214da29f735fe74234e764297d31194371bcebd510dbee27b79d6d12c,4,3102,0
2,ex2-s5-e1-a1-p09,15cacb7214da29f735fe74234e764297d31194371bcebd510dbee27b79d6d12c,4,3103,0
2,ex2-s5-e1-a1-p09,15cacb7214da29f735fe74234e764297d31194371bcebd510dbee27b79d6d12c,4,3104,0
2,ex2-s5-e1-a1-p09,15cacb7214da29f735fe74234e764297d31194371bcebd510dbee27b79d6d12c,4,3105,0
2,ex2-s5-e1-a1-p09,15cacb7214da29f735fe74234e764297d31194371bcebd510dbee27b79d6d12c,4,3106,100
2,ex2-s5-e1-a1-p09,15cacb7214da29f735fe74234e764297d31194371bcebd510dbee27b79d6d12c,4,3107,0
2,ex2-s5-e1-a1-p09,15cacb7214da29f735fe74234e764297d31194371bcebd510dbee27b79d6d12c,4,3108,0
2,ex2-s5-e1-a1-p09,15cacb7214da29f735fe74234e764297d31194371bcebd510dbee27b79d6d12c,4,3109,0
2,ex2-s5-e1-a1-p09,15cacb7214da29f735fe74234e764297d31194371bcebd510dbee27b79d6d12c,4,3110,0
2,ex2-s5-e1-a1-p09,15cacb7214da29f735fe74234e764297d31194371bcebd510dbee27b79d6d12c,4,3111,0
2,ex2-s5-e1-a1-p09,15cacb7214da29f735fe74234e764297d31194371bcebd510dbee27b79d6d12c,4,3112,0
2,ex2-s5-e1-a1-p09,15cacb7214da29f735fe74234e764297d31194371bcebd510dbee27b79d6d12c,4,3113,100
2,ex2-s5-e1-a1-p09,15cacb7214da29f735fe74234e764297d31194371bcebd510dbee27b79d6d12c,4,3114,0
2,ex2-s5-e1-a1-p09,15cacb7214da29f735fe74234e764297d31194371bcebd510dbee27b79d6d12c,4,3115,0
2,ex2-s5-e1-a1-p09,15cacb7214da29f735fe74234e764297d31194371bcebd510dbee27b79d6d12c,4,3116,0
2,ex2-s5-e1-a1-p09,15cacb7214da29f735fe74234e764297d31194371bcebd510dbee27b79d6d12c,4,3117,0
2,ex2-s5-e1-a1-p09,15cacb7214da29f735fe74234e764297d31194371bcebd510dbee27b79d6d12c,4,3118,0
2,ex2-s5-e1-a1-p09,15cacb7214da29f735fe74234e764297d31194371bcebd510dbee27b79d6d12c,4,3119,100
2,ex2-s5-e1-a1-p09,15cacb7214da29f735fe74234e764297d31194371bcebd510dbee27b79d6d12c,4,3120,0
2,ex2-s5-e1-a1-p09,15cacb7214da29f735fe74234e764297d31194371bcebd510dbee27b79d6d12c,4,3121,0
2,ex2-s5-e1-a1-p09,15cacb7214da29f735fe74234e764297d31194371bcebd510dbee27b79d6d12c,4,3122,0
2,ex2-s5-e1-a1-p09,15cacb7214da29f735fe74234e764297d31194371bcebd510dbee27b79d6d12c,4,3123,0
2,ex2-s5-e1-a1-p09,15cacb7214da29f735fe74234e764297d31194371bcebd510dbee27b79d6d12c,4,3124,0
2,ex2-s5-e1-a1-p09,15cacb7214da29f735fe74234e764297d31194371bcebd510dbee27b79d6d12c,4,3125,0
2,ex2-s5-e1-a1-p09,15cacb7214da29f735fe74234e764297d31194371bcebd510dbee27b79d6d12c,4,3126,100
2,ex2-s5-e1-a1-p09,15cacb7214da29f735fe74234e764297d31194371bcebd510dbee27b79d6d12c,4,3127,0
2,ex2-s5-e1-a1-p09,15cacb7214da29f735fe74234e764297d31194371bcebd510dbee27b79d6d12c,4,3128,0
2,ex2-s5-e1-a1-p09,15cacb7214da29f735fe74234e764297d31194371bcebd510dbee27b79d6d12c,4,3129,0
2,ex2-s5-e1-a1-p09,15cacb7214da29f735fe74234e764297d31194371bcebd510dbee27b79d6d12c,4,3130,0
2,ex2-s5-e1-a1-p09,15cacb7214da29f735fe74234e764297d31194371bcebd510dbee27b79d6d12c,4,3131,0
2,ex2-s5-e1-a1-p09,15cacb7214da29f735fe74234e764297d31194371bcebd510dbee27b79d6d12c,4,3132,100
2,ex2-s5-e1-a1-p09,15cacb7214da29f735fe74234e764297d31194371bcebd510dbee27b79d6d12c,4,3133,0
2,ex2-s5-e1-a1-p09,15cacb7214da29f735fe74234e764297d31194371bcebd510dbee27b79d6d12c,4,3134,0
2,ex2-s5-e1-a1-p09,15cacb7214da29f735fe74234e764297d31194371bcebd510dbee27b79d6d12c,4,3135,0
2,ex2-s5-e1-a1-p09,15cacb7214da29f735fe74234e764297d31194371bcebd510dbee27b79d6d12c,4,3136,0
2,ex2-s5-e1-a1-p09,15cacb7214da29f735fe74234e764297d31194371bcebd510dbee27b79d6d12c,4,3137,0
2,ex2-s5-e1-a1-p09,15cacb7214da29f735fe74234e764297d31194371bcebd510dbee27b79d6d12c,4,3138,0
2,ex2-s5-e1-a1-p09,15cacb7214da29f735fe74234e764297d31194371bcebd510dbee27b79d6d12c,4,3139,100
2,ex2-s5-e1-a1-p09,15cacb7214da29f735fe74234e764297d31194371bcebd510dbee27b79d6d12c,4,3140,0
2,ex2-s5-e1-a1-p09,15cacb7214da29f735fe74234e764297d31194371bcebd510dbee27b79d6d12c,4,3141,0
2,ex2-s5-e1-a1-p09,15cacb7214da29f735fe74234e764297d31194371bcebd510dbee27b79d6d12c,4,3142,0
2,ex2-s5-e1-a1-p09,15cacb7214da29f735fe74234e764297d31194371bcebd510dbee27b79d6d12c,4,3143,0
2,ex2-s5-e1-a1-p09,15cacb7214da29f735fe74234e764297d31194371bcebd510dbee27b79d6d12c,4,3144,0
2,ex2-s5-e1-a1-p09,15cacb7214da29f735fe74234e764297d31194371bcebd510dbee27b79d6d12c,4,3145,100
2,ex2-s5-e1-a1-p09,15cacb7214da29f735fe74234e764297d31194371bcebd510dbee27b79d6d12c,4,3146,0
2,ex2-s5-e1-a1-p09,15cacb7214da29f735fe74234e764297d31194371bcebd510dbee27b79d6d12c,4,3147,0
2,ex2-s5-e1-a1-p09,15cacb7214da29f735fe74234e764297d31194371bcebd510dbee27b79d6d12c,4,3148,0
2,ex2-s5-e1-a1-p09,15cacb7214da29f735fe74234e764297d31194371bcebd510dbee27b79d6d12c,4,3149,0
2,ex2-s5-e1-a1-p09,15cacb7214da29f735fe74234e764297d31194371bcebd510dbee27b79d6d12c,4,3150,0
2,ex2-s5-e1-a1-p09,15cacb7214da29f735fe74234e764297d31194371bcebd510dbee27b79d6d12c,4,3151,0
2,ex2-s5-e1-a1-p09,15cacb7214da29f735fe74234e764297d31194371bcebd510dbee27b79d6d12c,4,3152,100
2,ex2-s5-e1-a1-p09,15cacb7214da29f735fe74234e764297d31194371bcebd510dbee27b79d6d12c,4,3153,0
2,ex2-s5-e1-a1-p09,15cacb7214da29f735fe74234e764297d31194371bcebd510dbee27b79d6d12c,4,3154,0
2,ex2-s5-e1-a1-p09,15cacb7214da29f735fe74234e764297d31194371bcebd510dbee27b79d6d12c,4,3155,0
2,ex2-s5-e1-a1-p09,15cacb7214da29f735fe74234e764297d31194371bcebd510dbee27b79d6d12c,4,3156,0
2,ex2-s5-e1-a1-p09,15cacb7214da29f735fe74234e764297d31194371bcebd510dbee27b79d6d12c,4,3157,0
2,ex2-s5-e1-a1-p09,15cacb7214da29f735fe74234e764297d31194371bcebd510dbee27b79d6d12c,4,3158,100
2,ex2-s5-e1-a1-p09,15cacb7214da29f735fe74234e764297d31194371bcebd510dbee27b79d6d12c,4,3159,0
2,ex2-s5-e1-a1-p09,15cacb7214da29f735fe74234e764297d31194371bcebd510dbee27b79d6d12c,4,3160,0
2,ex2-s5-e1-a1-p09,15cacb7214da29f735fe74234e764297d31194371bcebd510dbee27b79d6d12c,4,3161,0
2,ex2-s5-e1-a1-p09,15cacb7214da29f735fe74234e764297d31194371bcebd510dbee27b79d6d12c,4,3162,0
2,ex2-s5-e1-a1-p09,15cacb7214da29f735fe74234e764297d31194371bcebd510dbee27b79d6d12c,4,3163,0
2,ex2-s5-e1-a1-p09,15cacb7214da29f735fe74234e764297d31194371bcebd510dbee27b79d6d12c,4,3164,0
2,ex2-s5-e1-a1-p09,15cacb7214da29f735fe74234e764297d31194371bcebd510dbee27b79d6d12c,4,3165,100
2,ex2-s5-e1-a1-p09,15cacb7214da29f735fe74234e764297d31194371bcebd510dbee27b79d6d12c,4,3166,0
2,ex2-s5-e1-a1-p09,15cacb7214da29f735fe74234e764297d31194371bcebd510dbee27b79d6d12c,4,3167,0
2,ex2-s5-e1-a1-p09,15cacb7214da29f735fe74234e764297d31194371bcebd510dbee27b79d6d12c,4,3168,0
2,ex2-s5-e1-a1-p09,15cacb7214da29f735fe74234e764297d31194371bcebd510dbee27b79d6d12c,4,3169,0
2,ex2-s5-e1-a1-p09,15cacb7214da29f735fe74234e764297d31194371bcebd510dbee27b79d6d12c,4,3170,0
2,ex2-s5-e1-a1-p09,15cacb7214da29f735fe74234e764297d31194371bcebd510dbee27b79d6d12c,4,3171,100
2,ex2-s5-e1-a1-p09,15cacb7214da29f735fe74234e764297d31194371bcebd510dbee27b79d6d12c,4,3172,0
2,ex2-s5-e1-a1-p09,15cacb7214da29f735fe74234e764297d31194371bcebd510dbee27b79d6d12c,4,3173,0
2,ex2-s5-e1-a1-p09,15cacb7214da29f735fe74234e764297d31194371bcebd510dbee27b79d6d12c,4,3174,0
2,ex2-s5-e1-a1-p09,15cacb7214da29f735fe74234e764297d31194371bcebd510dbee27b79d6d12c,4,3175,0
2,ex2-s5-e1-a1-p09,15cacb7214da29f735fe74234e764297d31194371bcebd510dbee27b79d6d12c,4,3176,0
2,ex2-s5-e1-a1-p09,15cacb7214da29f735fe74234e764297d31194371bcebd510dbee27b79d6d12c,4,3177,0
2,ex2-s5-e1-a1-p09,15cacb7214da29f735fe74234e764297d31194371bcebd510dbee27b79d6d12c,4,3178,100
2,ex2-s5-e1-a1-p09,15cacb7214da29f735fe74234e764297d31194371bcebd510dbee27b79d6d12c,4,3179,0
2,ex2-s5-e1-a1-p09,15cacb7214da29f735fe74234e764297d31194371bcebd510dbee27b79d6d12c,4,3180,0
2,ex2-s5-e1-a1-p09,15cacb7214da29f735fe74234e764297d31194371bcebd510dbee27b79d6d12c,4,3181,0
2,ex2-s5-e1-a1-p09,15cacb7214da29f735fe74234e764297d31194371bcebd510dbee27b79d6d12c,4,3182,0
2,ex2-s5-e1-a1-p09,15cacb7214da29f735fe74234e764297d31194371bcebd510dbee27b79d6d12c,4,3183,0
2,ex2-s5-e1-a1-p09,15cacb7214da29f735fe74234e764297d31194371bcebd510dbee27b79d6d12c,4,3184,100
2,ex2-s5-e1-a1-p09,15cacb7214da29f735fe74234e764297d31194371bcebd510dbee27b79d6d12c,4,3185,0
2,ex2-s5-e1-a1-p09,15cacb7214da29f735fe74234e764297d31194371bcebd510dbee27b79d6d12c,4,3186,0
2,ex2-s5-e1-a1-p09,15cacb7214da29f735fe74234e764297d31194371bcebd510dbee27b79d6d12c,4,3187,0
2,ex2-s5-e1-a1-p09,15cacb7214da29f735fe74234e764297d31194371bcebd510dbee27b79d6d12c,4,3188,0
2,ex2-s5-e1-a1-p09,15cacb7214da29f735fe74234e764297d31194371bcebd510dbee27b79d6d12c,4,3189,0
2,ex2-s5-e1-a1-p09,15cacb7214da29f735fe74234e764297d31194371bcebd510dbee27b79d6d12c,4,3190,0
2,ex2-s5-e1-a1-p09,15cacb7214da29f735fe74234e764297d31194371bcebd510dbee27b79d6d12c,4,3191,100
2,ex2-s5-e1-a1-p09,15cacb7214da29f735fe74234e764297d31194371bcebd510dbee27b79d6d12c,4,3192,0
2,ex2-s5-e1-a1-p09,15cacb7214da29f735fe74234e764297d31194371bcebd510dbee27b79d6d12c,4,3193,0
2,ex2-s5-e1-a1-p09,15cacb7214da29f735fe74234e764297d31194371bcebd510dbee27b79d6d12c,4,3194,0
2,ex2-s5-e1-a1-p09,15cacb7214da29f735fe74234e764297d31194371bcebd510dbee27b79d6d12c,4,3195,0
2,ex2-s5-e1-a1-p09,15cacb7214da29f735fe74234e764297d31194371bcebd510dbee27b79d6d12c,4,3196,0
2,ex2-s5-e1-a1-p09,15cacb7214da29f735fe74234e764297d31194371bcebd510dbee27b79d6d12c,4,3197,100
2,ex2-s5-e1-a1-p09,15cacb7214da29f735fe74234e764297d31194371bcebd510dbee27b79d6d12c,4,3198,0
2,ex2-s5-e1-a1-p09,15cacb7214da29f735fe74234e764297d31194371bcebd510dbee27b79d6d12c,4,3199,0
2,ex2-s5-e1-a1-p09,15cacb7214da29f735fe74234e764297d31194371bcebd510dbee27b79d6d12c,4,3200,0
2,ex2-s5-e1-a1-p09,15cacb7214da29f735fe74234e764297d31194371bcebd510dbee27b79d6d12c,4,3201,0
2,ex2-s5-e1-a1-p09,15cacb7214da29f735fe74234e764297d31194371bcebd510dbee27b79d6d12c,4,3202,0
2,ex2-s5-e1-a1-p09,15cacb7214da29f735fe74234e764297d31194371bcebd510dbee27b79d6d12c,4,3203,0
2,ex2-s5-e1-a1-p09,15cacb7214da29f735fe74234e764297d31194371bcebd510dbee27b79d6d12c,4,3204,100
2,ex2-s5-e1-a1-p09,15cacb7214da29f735fe74234e764297d31194371bcebd510dbee27b79d6d12c,4,3205,0
2,ex2-s5-e1-a1-p09,15cacb7214da29f735fe74234e764297d31194371bcebd510dbee27b79d6d12c,4,3206,0
2,ex2-s5-e1-a1-p09,15cacb7214da29f735fe74234e764297d31194371bcebd510dbee27b79d6d12c,4,3207,0
2,ex2-s5-e1-a1-p09,15cacb7214da29f735fe74234e764297d31194371bcebd510dbee27b79d6d12c,4,3208,0
2,ex2-s5-e1-a1-p09,15cacb7214da29f735fe74234e764297d31194371bcebd510dbee27b79d6d12c,4,3209,0
2,ex2-s5-e1-a1-p09,15cacb7214da29f735fe74234e764297d31194371bcebd510dbee27b79d6d12c,4,3210,100
2,ex2-s5-e1-a1-p09,15cacb7214da29f735fe74234e764297d31194371bcebd510dbee27b79d6d12c,4,3211,0
2,ex2-s5-e1-a1-p09,15cacb7214da29f735fe74234e764297d31194371bcebd510dbee27b79d6d12c,4,3212,0
2,ex2-s5-e1-a1-p09,15cacb7214da29f735fe74234e764297d31194371bcebd510dbee27b79d6d12c,4,3213,0
2,ex2-s5-e1-a1-p09,15cacb7214da29f735fe74234e764297d31194371bcebd510dbee27b79d6d12c,4,3214,0
2,ex2-s5-e1-a1-p09,15cacb7214da29f735fe74234e764297d31194371bcebd510dbee27b79d6d12c,4,3215,0
2,ex2-s5-e1-a1-p09,15cacb7214da29f735fe74234e764297d31194371bcebd510dbee27b79d6d12c,4,3216,0
2,ex2-s5-e1-a1-p09,15cacb7214da29f735fe74234e764297d31194371bcebd510dbee27b79d6d12c,4,3217,100
2,ex2-s5-e1-a1-p09,15cacb7214da29f735fe74234e764297d31194371bcebd510dbee27b79d6d12c,4,3218,0
2,ex2-s5-e1-a1-p09,15cacb7214da29f735fe74234e764297d31194371bcebd510dbee27b79d6d12c,4,3219,0
2,ex2-s5-e1-a1-p09,15cacb7214da29f735fe74234e764297d31194371bcebd510dbee27b79d6d12c,4,3220,0
2,ex2-s5-e1-a1-p09,15cacb7214da29f735fe74234e764297d31194371bcebd510dbee27b79d6d12c,4,3221,0
2,ex2-s5-e1-a1-p09,15cacb7214da29f735fe74234e764297d31194371bcebd510dbee27b79d6d12c,4,3222,0
2,ex2-s5-e1-a1-p09,15cacb7214da29f735fe74234e764297d31194371bcebd510dbee27b79d6d12c,4,3223,100
2,ex2-s5-e1-a1-p09,15cacb7214da29f735fe74234e764297d31194371bcebd510dbee27b79d6d12c,4,3224,0
2,ex2-s5-e1-a1-p09,15cacb7214da29f735fe74234e764297d31194371bcebd510dbee27b79d6d12c,4,3225,0
2,ex2-s5-e1-a1-p09,15cacb7214da29f735fe74234e764297d31194371bcebd510dbee27b79d6d12c,4,3226,0
2,ex2-s5-e1-a1-p09,15cacb7214da29f735fe74234e764297d31194371bcebd510dbee27b79d6d12c,4,3227,0
2,ex2-s5-e1-a1-p09,15cacb7214da29f735fe74234e764297d31194371bcebd510dbee27b79d6d12c,4,3228,0
2,ex2-s5-e1-a1-p09,15cacb7214da29f735fe74234e764297d31194371bcebd510dbee27b79d6d12c,4,3229,0
2,ex2-s5-e1-a1-p09,15cacb7214da29f735fe74234e764297d31194371bcebd510dbee27b79d6d12c,4,3230,100
2,ex2-s5-e1-a1-p09,15cacb7214da29f735fe74234e764297d31194371bcebd510dbee27b79d6d12c,4,3231,0
2,ex2-s5-e1-a1-p09,15cacb7214da29f735fe74234e764297d31194371bcebd510dbee27b79d6d12c,4,3232,0
2,ex2-s5-e1-a1-p09,15cacb7214da29f735fe74234e764297d31194371bcebd510dbee27b79d6d12c,4,3233,0
2,ex2-s5-e1-a1-p09,15cacb7214da29f735fe74234e764297d31194371bcebd510dbee27b79d6d12c,4,3234,0
2,ex2-s5-e1-a1-p09,15cacb7214da29f735fe74234e764297d31194371bcebd510dbee27b79d6d12c,4,3235,0
2,ex2-s5-e1-a1-p09,15cacb7214da29f735fe74234e764297d31194371bcebd510dbee27b79d6d12c,4,3236,100
2,ex2-s5-e1-a1-p09,15cacb7214da29f735fe74234e764297d31194371bcebd510dbee27b79d6d12c,4,3237,0
2,ex2-s5-e1-a1-p09,15cacb7214da29f735fe74234e764297d31194371bcebd510dbee27b79d6d12c,4,3238,0
2,ex2-s5-e1-a1-p09,15cacb7214da29f735fe74234e764297d31194371bcebd510dbee27b79d6d12c,4,3239,0
2,ex2-s5-e1-a1-p09,15cacb7214da29f735fe74234e764297d31194371bcebd510dbee27b79d6d12c,4,3240,0
2,ex2-s5-e1-a1-p09,15cacb7214da29f735fe74234e764297d31194371bcebd510dbee27b79d6d12c,4,3241,0
2,ex2-s5-e1-a1-p09,15cacb7214da29f735fe74234e764297d31194371bcebd510dbee27b79d6d12c,4,3242,0
2,ex2-s5-e1-a1-p09,15cacb7214da29f735fe74234e764297d31194371bcebd510dbee27b79d6d12c,4,3243,100
2,ex2-s5-e1-a1-p09,15cacb7214da29f735fe74234e764297d31194371bcebd510dbee27b79d6d12c,4,3244,0
2,ex2-s5-e1-a1-p09,15cacb7214da29f735fe74234e764297d31194371bcebd510dbee27b79d6d12c,4,3245,0
2,ex2-s5-e1-a1-p09,15cacb7214da29f735fe74234e764297d31194371bcebd510dbee27b79d6d12c,4,3246,0
2,ex2-s5-e1-a1-p09,15cacb7214da29f735fe74234e764297d31194371bcebd510dbee27b79d6d12c,4,3247,0
2,ex2-s5-e1-a1-p09,15cacb7214da29f735fe74234e764297d31194371bcebd510dbee27b79d6d12c,4,3248,0
2,ex2-s5-e1-a1-p09,15cacb7214da29f735fe74234e764297d31194371bcebd510dbee27b79d6d12c,4,3249,100
2,ex2-s5-e1-a1-p09,15cacb7214da29f735fe74234e764297d31194371bcebd510dbee27b79d6d12c,4,3250,0
2,ex2-s5-e1-a1-p09,15cacb7214da29f735fe74234e764297d31194371bcebd510dbee27b79d6d12c,4,3251,0
2,ex2-s5-e1-a1-p09,15cacb7214da29f735fe74234e764297d31194371bcebd510dbee27b79d6d12c,4,3252,0
2,ex2-s5-e1-a1-p09,15cacb7214da29f735fe74234e764297d31194371bcebd510dbee27b79d6d12c,4,3253,0
2,ex2-s5-e1-a1-p09,15cacb7214da29f735fe74234e764297d31194371bcebd510dbee27b79d6d12c,4,3254,0
2,ex2-s5-e1-a1-p09,15cacb7214da29f735fe74234e764297d31194371bcebd510dbee27b79d6d12c,4,3255,0
2,ex2-s5-e1-a1-p09,15cacb7214da29f735fe74234e764297d31194371bcebd510dbee27b79d6d12c,4,3256,100
2,ex2-s5-e1-a1-p09,15cacb7214da29f735fe74234e764297d31194371bcebd510dbee27b79d6d12c,4,3257,0
2,ex2-s5-e1-a1-p09,15cacb7214da29f735fe74234e764297d31194371bcebd510dbee27b79d6d12c,4,3258,0
2,ex2-s5-e1-a1-p09,15cacb7214da29f735fe74234e764297d31194371bcebd510dbee27b79d6d12c,4,3259,0
2,ex2-s5-e1-a1-p09,15cacb7214da29f735fe74234e764297d31194371bcebd510dbee27b79d6d12c,4,3260,0
2,ex2-s5-e1-a1-p09,15cacb7214da29f735fe74234e764297d31194371bcebd510dbee27b79d6d12c,4,3261,0
2,ex2-s5-e1-a1-p09,15cacb7214da29f735fe74234e764297d31194371bcebd510dbee27b79d6d12c,4,3262,100
2,ex2-s5-e1-a1-p09,15cacb7214da29f735fe74234e764297d31194371bcebd510dbee27b79d6d12c,4,3263,0
2,ex2-s5-e1-a1-p09,15cacb7214da29f735fe74234e764297d31194371bcebd510dbee27b79d6d12c,4,3264,0
2,ex2-s5-e1-a1-p09,15cacb7214da29f735fe74234e764297d31194371bcebd510dbee27b79d6d12c,4,3265,0
2,ex2-s5-e1-a1-p09,15cacb7214da29f735fe74234e764297d31194371bcebd510dbee27b79d6d12c,4,3266,0
2,ex2-s5-e1-a1-p09,15cacb7214da29f735fe74234e764297d31194371bcebd510dbee27b79d6d12c,4,3267,0
2,ex2-s5-e1-a1-p09,15cacb7214da29f735fe74234e764297d31194371bcebd510dbee27b79d6d12c,4,3268,0
2,ex2-s5-e1-a1-p09,15cacb7214da29f735fe74234e764297d31194371bcebd510dbee27b79d6d12c,4,3269,100
2,ex2-s5-e1-a1-p09,15cacb7214da29f735fe74234e764297d31194371bcebd510dbee27b79d6d12c,4,3270,0
2,ex2-s5-e1-a1-p09,15cacb7214da29f735fe74234e764297d31194371bcebd510dbee27b79d6d12c,4,3271,0
2,ex2-s5-e1-a1-p09,15cacb7214da29f735fe74234e764297d31194371bcebd510dbee27b79d6d12c,4,3272,0
2,ex2-s5-e1-a1-p09,15cacb7214da29f735fe74234e764297d31194371bcebd510dbee27b79d6d12c,4,3273,0
2,ex2-s5-e1-a1-p09,15cacb7214da29f735fe74234e764297d31194371bcebd510dbee27b79d6d12c,4,3274,0
2,ex2-s5-e1-a1-p09,15cacb7214da29f735fe74234e764297d31194371bcebd510dbee27b79d6d12c,4,3275,100
2,ex2-s5-e1-a1-p09,15cacb7214da29f735fe74234e764297d31194371bcebd510dbee27b79d6d12c,4,3276,0
2,ex2-s5-e1-a1-p09,15cacb7214da29f735fe74234e764297d31194371bcebd510dbee27b79d6d12c,4,3277,0
2,ex2-s5-e1-a1-p09,15cacb7214da29f735fe74234e764297d31194371bcebd510dbee27b79d6d12c,4,3278,0
2,ex2-s5-e1-a1-p09,15cacb7214da29f735fe74234e764297d31194371bcebd510dbee27b79d6d12c,4,3279,0
2,ex2-s5-e1-a1-p09,15cacb7214da29f735fe74234e764297d31194371bcebd510dbee27b79d6d12c,4,3280,0
2,ex2-s5-e1-a1-p09,15cacb7214da29f735fe74234e764297d31194371bcebd510dbee27b79d6d12c,4,3281,0
2,ex2-s5-e1-a1-p09,15cacb7214da29f735fe74234e764297d31194371bcebd510dbee27b79d6d12c,4,3282,100
2,ex2-s5-e1-a1-p09,15cacb7214da29f735fe74234e764297d31194371bcebd510dbee27b79d6d12c,4,3283,0
2,ex2-s5-e1-a1-p09,15cacb7214da29f735fe74234e764297d31194371bcebd510dbee27b79d6d12c,4,3284,0
2,ex2-s5-e1-a1-p09,15cacb7214da29f735fe74234e764297d31194371bcebd510dbee27b79d6d12c,4,3285,0
2,ex2-s5-e1-a1-p09,15cacb7214da29f735fe74234e764297d31194371bcebd510dbee27b79d6d12c,4,3286,0
2,ex2-s5-e1-a1-p09,15cacb7214da29f735fe74234e764297d31194371bcebd510dbee27b79d6d12c,4,3287,0
2,ex2-s5-e1-a1-p09,15cacb7214da29f735fe74234e764297d31194371bcebd510dbee27b79d6d12c,4,3288,100
2,ex2-s5-e1-a1-p09,15cacb7214da29f735fe74234e764297d31194371bcebd510dbee27b79d6d12c,4,3289,0
2,ex2-s5-e1-a1-p09,15cacb7214da29f735fe74234e764297d31194371bcebd510dbee27b79d6d12c,4,3290,0
2,ex2-s5-e1-a1-p09,15cacb7214da29f735fe74234e764297d31194371bcebd510dbee27b79d6d12c,4,3291,0
2,ex2-s5-e1-a1-p09,15cacb7214da29f735fe74234e764297d31194371bcebd510dbee27b79d6d12c,4,3292,0
2,ex2-s5-e1-a1-p09,15cacb7214da29f735fe74234e764297d31194371bcebd510dbee27b79d6d12c,4,3293,0
2,ex2-s5-e1-a1-p09,15cacb7214da29f735fe74234e764297d31194371bcebd510dbee27b79d6d12c,4,3294,0
2,ex2-s5-e1-a1-p09,15cacb7214da29f735fe74234e764297d31194371bcebd510dbee27b79d6d12c,4,3295,100
2,ex2-s5-e1-a1-p09,15cacb7214da29f735fe74234e764297d31194371bcebd510dbee27b79d6d12c,4,3296,0
2,ex2-s5-e1-a1-p09,15cacb7214da29f735fe74234e764297d31194371bcebd510dbee27b79d6d12c,4,3297,0
2,ex2-s5-e1-a1-p09,15cacb7214da29f735fe74234e764297d31194371bcebd510dbee27b79d6d12c,4,3298,0
2,ex2-s5-e1-a1-p09,15cacb7214da29f735fe74234e764297d31194371bcebd510dbee27b79d6d12c,4,3299,0
2,ex2-s5-e1-a1-p09,15cacb7214da29f735fe74234e764297d31194371bcebd510dbee27b79d6d12c,4,3300,0
2,ex2-s5-e1-a1-p09,15cacb7214da29f735fe74234e764297d31194371bcebd510dbee27b79d6d12c,4,3301,100
2,ex2-s5-e1-a1-p09,15cacb7214da29f735fe74234e764297d31194371bcebd510dbee27b79d6d12c,4,3302,0
2,ex2-s5-e1-a1-p09,15cacb7214da29f735fe74234e764297d31194371bcebd510dbee27b79d6d12c,4,3303,0
2,ex2-s5-e1-a1-p09,15cacb7214da29f735fe74234e764297d31194371bcebd510dbee27b79d6d12c,4,3304,0
2,ex2-s5-e1-a1-p09,15cacb7214da29f735fe74234e764297d31194371bcebd510dbee27b79d6d12c,4,3305,0
2,ex2-s5-e1-a1-p09,15cacb7214da29f735fe74234e764297d31194371bcebd510dbee27b79d6d12c,4,3306,0
2,ex2-s5-e1-a1-p09,15cacb7214da29f735fe74234e764297d31194371bcebd510dbee27b79d6d12c,4,3307,0
2,ex2-s5-e1-a1-p09,15cacb7214da29f735fe74234e764297d31194371bcebd510dbee27b79d6d12c,4,3308,100
2,ex2-s5-e1-a1-p09,15cacb7214da29f735fe74234e764297d31194371bcebd510dbee27b79d6d12c,4,3309,0
2,ex2-s5-e1-a1-p09,15cacb7214da29f735fe74234e764297d31194371bcebd510dbee27b79d6d12c,4,3310,0
2,ex2-s5-e1-a1-p09,15cacb7214da29f735fe74234e764297d31194371bcebd510dbee27b79d6d12c,4,3311,0
2,ex2-s5-e1-a1-p09,15cacb7214da29f735fe74234e764297d31194371bcebd510dbee27b79d6d12c,4,3312,0
2,ex2-s5-e1-a1-p09,15cacb7214da29f735fe74234e764297d31194371bcebd510dbee27b79d6d12c,4,3313,0
2,ex2-s5-e1-a1-p09,15cacb7214da29f735fe74234e764297d31194371bcebd510dbee27b79d6d12c,4,3314,100
2,ex2-s5-e1-a1-p09,15cacb7214da29f735fe74234e764297d31194371bcebd510dbee27b79d6d12c,4,3315,0
2,ex2-s5-e1-a1-p09,15cacb7214da29f735fe74234e764297d31194371bcebd510dbee27b79d6d12c,4,3316,0
2,ex2-s5-e1-a1-p09,15cacb7214da29f735fe74234e764297d31194371bcebd510dbee27b79d6d12c,4,3317,0
2,ex2-s5-e1-a1-p09,15cacb7214da29f735fe74234e764297d31194371bcebd510dbee27b79d6d12c,4,3318,0
2,ex2-s5-e1-a1-p09,15cacb7214da29f735fe74234e764297d31194371bcebd510dbee27b79d6d12c,4,3319,0
2,ex2-s5-e1-a1-p09,15cacb7214da29f735fe74234e764297d31194371bcebd510dbee27b79d6d12c,4,3320,0
2,ex2-s5-e1-a1-p09,15cacb7214da29f735fe74234e764297d31194371bcebd510dbee27b79d6d12c,4,3321,100
2,ex2-s5-e1-a1-p09,15cacb7214da29f735fe74234e764297d31194371bcebd510dbee27b79d6d12c,4,3322,0
2,ex2-s5-e1-a1-p09,15cacb7214da29f735fe74234e764297d31194371bcebd510dbee27b79d6d12c,4,3323,0
2,ex2-s5-e1-a1-p09,15cacb7214da29f735fe74234e764297d31194371bcebd510dbee27b79d6d12c,4,3324,0
2,ex2-s5-e1-a1-p09,15cacb7214da29f735fe74234e764297d31194371bcebd510dbee27b79d6d12c,4,3325,0
2,ex2-s5-e1-a1-p09,15cacb7214da29f735fe74234e764297d31194371bcebd510dbee27b79d6d12c,4,3326,0
2,ex2-s5-e1-a1-p09,15cacb7214da29f735fe74234e764297d31194371bcebd510dbee27b79d6d12c,4,3327,100
2,ex2-s5-e1-a1-p09,15cacb7214da29f735fe74234e764297d31194371bcebd510dbee27b79d6d12c,4,3328,0
2,ex2-s5-e1-a1-p09,15cacb7214da29f735fe74234e764297d31194371bcebd510dbee27b79d6d12c,4,3329,0
2,ex2-s5-e1-a1-p09,15cacb7214da29f735fe74234e764297d31194371bcebd510dbee27b79d6d12c,4,3330,0
2,ex2-s5-e1-a1-p09,15cacb7214da29f735fe74234e764297d31194371bcebd510dbee27b79d6d12c,4,3331,0
2,ex2-s5-e1-a1-p09,15cacb7214da29f735fe74234e764297d31194371bcebd510dbee27b79d6d12c,4,3332,0
2,ex2-s5-e1-a1-p09,15cacb7214da29f735fe74234e764297d31194371bcebd510dbee27b79d6d12c,4,3333,0
2,ex2-s5-e1-a1-p09,15cacb7214da29f735fe74234e764297d31194371bcebd510dbee27b79d6d12c,4,3334,100
2,ex2-s5-e1-a1-p09,15cacb7214da29f735fe74234e764297d31194371bcebd510dbee27b79d6d12c,4,3335,0
2,ex2-s5-e1-a1-p09,15cacb7214da29f735fe74234e764297d31194371bcebd510dbee27b79d6d12c,4,3336,0
2,ex2-s5-e1-a1-p09,15cacb7214da29f735fe74234e764297d31194371bcebd510dbee27b79d6d12c,4,3337,0
2,ex2-s5-e1-a1-p09,15cacb7214da29f735fe74234e764297d31194371bcebd510dbee27b79d6d12c,4,3338,0
2,ex2-s5-e1-a1-p09,15cacb7214da29f735fe74234e764297d31194371bcebd510dbee27b79d6d12c,4,3339,0
2,ex2-s5-e1-a1-p09,15cacb7214da29f735fe74234e764297d31194371bcebd510dbee27b79d6d12c,4,3340,100
2,ex2-s5-e1-a1-p09,15cacb7214da29f735fe74234e764297d31194371bcebd510dbee27b79d6d12c,4,3341,0
2,ex2-s5-e1-a1-p09,15cacb7214da29f735fe74234e764297d31194371bcebd510dbee27b79d6d12c,4,3342,0
2,ex2-s5-e1-a1-p09,15cacb7214da29f735fe74234e764297d31194371bcebd510dbee27b79d6d12c,4,3343,0
2,ex2-s5-e1-a1-p09,15cacb7214da29f735fe74234e764297d31194371bcebd510dbee27b79d6d12c,4,3344,0
2,ex2-s5-e1-a1-p09,15cacb7214da29f735fe74234e764297d31194371bcebd510dbee27b79d6d12c,4,3345,0
2,ex2-s5-e1-a1-p09,15cacb7214da29f735fe74234e764297d31194371bcebd510dbee27b79d6d12c,4,3346,0
2,ex2-s5-e1-a1-p09,15cacb7214da29f735fe74234e764297d31194371bcebd510dbee27b79d6d12c,4,3347,100
2,ex2-s5-e1-a1-p09,15cacb7214da29f735fe74234e764297d31194371bcebd510dbee27b79d6d12c,4,3348,0
2,ex2-s5-e1-a1-p09,15cacb7214da29f735fe74234e764297d31194371bcebd510dbee27b79d6d12c,4,3349,0
2,ex2-s5-e1-a1-p09,15cacb7214da29f735fe74234e764297d31194371bcebd510dbee27b79d6d12c,4,3350,0
2,ex2-s5-e1-a1-p09,15cacb7214da29f735fe74234e764297d31194371bcebd510dbee27b79d6d12c,4,3351,0
2,ex2-s5-e1-a1-p09,15cacb7214da29f735fe74234e764297d31194371bcebd510dbee27b79d6d12c,4,3352,0
2,ex2-s5-e1-a1-p09,15cacb7214da29f735fe74234e764297d31194371bcebd510dbee27b79d6d12c,4,3353,100
2,ex2-s5-e1-a1-p09,15cacb7214da29f735fe74234e764297d31194371bcebd510dbee27b79d6d12c,4,3354,0
2,ex2-s5-e1-a1-p09,15cacb7214da29f735fe74234e764297d31194371bcebd510dbee27b79d6d12c,4,3355,0
2,ex2-s5-e1-a1-p09,15cacb7214da29f735fe74234e764297d31194371bcebd510dbee27b79d6d12c,4,3356,0
2,ex2-s5-e1-a1-p09,15cacb7214da29f735fe74234e764297d31194371bcebd510dbee27b79d6d12c,4,3357,0
2,ex2-s5-e1-a1-p09,15cacb7214da29f735fe74234e764297d31194371bcebd510dbee27b79d6d12c,4,3358,0
2,ex2-s5-e1-a1-p09,15cacb7214da29f735fe74234e764297d31194371bcebd510dbee27b79d6d12c,4,3359,0
2,ex2-s5-e1-a1-p09,15cacb7214da29f735fe74234e764297d31194371bcebd510dbee27b79d6d12c,4,3360,100
2,ex2-s5-e1-a1-p09,15cacb7214da29f735fe74234e764297d31194371bcebd510dbee27b79d6d12c,4,3361,0
2,ex2-s5-e1-a1-p09,15cacb7214da29f735fe74234e764297d31194371bcebd510dbee27b79d6d12c,4,3362,0
2,ex2-s5-e1-a1-p09,15cacb7214da29f735fe74234e764297d31194371bcebd510dbee27b79d6d12c,4,3363,0
2,ex2-s5-e1-a1-p09,15cacb7214da29f735fe74234e764297d31194371bcebd510dbee27b79d6d12c,4,3364,0
2,ex2-s5-e1-a1-p09,15cacb7214da29f735fe74234e764297d31194371bcebd510dbee27b79d6d12c,4,3365,0
2,ex2-s5-e1-a1-p09,15cacb7214da29f735fe74234e764297d31194371bcebd510dbee27b79d6d12c,4,3366,100
2,ex2-s5-e1-a1-p09,15cacb7214da29f735fe74234e764297d31194371bcebd510dbee27b79d6d12c,4,3367,0
2,ex2-s5-e1-a1-p09,15cacb7214da29f735fe74234e764297d31194371bcebd510dbee27b79d6d12c,4,3368,0
2,ex2-s5-e1-a1-p09,15cacb7214da29f735fe74234e764297d31194371bcebd510dbee27b79d6d12c,4,3369,0
2,ex2-s5-e1-a1-p09,15cacb7214da29f735fe74234e764297d31194371bcebd510dbee27b79d6d12c,4,3370,0
2,ex2-s5-e1-a1-p09,15cacb7214da29f735fe74234e764297d31194371bcebd510dbee27b79d6d12c,4,3371,0
2,ex2-s5-e1-a1-p09,15cacb7214da29f735fe74234e764297d31194371bcebd510dbee27b79d6d12c,4,3372,0
2,ex2-s5-e1-a1-p09,15cacb7214da29f735fe74234e764297d31194371bcebd510dbee27b79d6d12c,4,3373,100
2,ex2-s5-e1-a1-p09,15cacb7214da29f735fe74234e764297d31194371bcebd510dbee27b79d6d12c,4,3374,0
2,ex2-s5-e1-a1-p09,15cacb7214da29f735fe74234e764297d31194371bcebd510dbee27b79d6d12c,4,3375,0
2,ex2-s5-e1-a1-p09,15cacb7214da29f735fe74234e764297d31194371bcebd510dbee27b79d6d12c,4,3376,0
2,ex2-s5-e1-a1-p09,15cacb7214da29f735fe74234e764297d31194371bcebd510dbee27b79d6d12c,4,3377,0
2,ex2-s5-e1-a1-p09,15cacb7214da29f735fe74234e764297d31194371bcebd510dbee27b79d6d12c,4,3378,0
2,ex2-s5-e1-a1-p09,15cacb7214da29f735fe74234e764297d31194371bcebd510dbee27b79d6d12c,4,3379,100
2,ex2-s5-e1-a1-p09,15cacb7214da29f735fe74234e764297d31194371bcebd510dbee27b79d6d12c,4,3380,0
2,ex2-s5-e1-a1-p09,15cacb7214da29f735fe74234e764297d31194371bcebd510dbee27b79d6d12c,4,3381,0
2,ex2-s5-e1-a1-p09,15cacb7214da29f735fe74234e764297d31194371bcebd510dbee27b79d6d12c,4,3382,0
2,ex2-s5-e1-a1-p09,15cacb7214da29f735fe74234e764297d31194371bcebd510dbee27b79d6d12c,4,3383,0
2,ex2-s5-e1-a1-p09,15cacb7214da29f735fe74234e764297d31194371bcebd510dbee27b79d6d12c,4,3384,0
2,ex2-s5-e1-a1-p09,15cacb7214da29f735fe74234e764297d31194371bcebd510dbee27b79d6d12c,4,3385,0
2,ex2-s5-e1-a1-p09,15cacb7214da29f735fe74234e764297d31194371bcebd510dbee27b79d6d12c,4,3386,100
2,ex2-s5-e1-a1-p09,15cacb7214da29f735fe74234e764297d31194371bcebd510dbee27b79d6d12c,4,3387,0
2,ex2-s5-e1-a1-p09,15cacb7214da29f735fe74234e764297d31194371bcebd510dbee27b79d6d12c,4,3388,0
2,ex2-s5-e1-a1-p09,15cacb7214da29f735fe74234e764297d31194371bcebd510dbee27b79d6d12c,4,3389,0
2,ex2-s5-e1-a1-p09,15cacb7214da29f735fe74234e764297d31194371bcebd510dbee27b79d6d12c,4,3390,0
2,ex2-s5-e1-a1-p09,15cacb7214da29f735fe74234e764297d31194371bcebd510dbee27b79d6d12c,4,3391,0
2,ex2-s5-e1-a1-p09,15cacb7214da29f735fe74234e764297d31194371bcebd510dbee27b79d6d12c,4,3392,100
2,ex2-s5-e1-a1-p09,15cacb7214da29f735fe74234e764297d31194371bcebd510dbee27b79d6d12c,4,3393,0
2,ex2-s5-e1-a1-p09,15cacb7214da29f735fe74234e764297d31194371bcebd510dbee27b79d6d12c,4,3394,0
2,ex2-s5-e1-a1-p09,15cacb7214da29f735fe74234e764297d31194371bcebd510dbee27b79d6d12c,4,3395,0
2,ex2-s5-e1-a1-p09,15cacb7214da29f735fe74234e764297d31194371bcebd510dbee27b79d6d12c,4,3396,0
2,ex2-s5-e1-a1-p09,15cacb7214da29f735fe74234e764297d31194371bcebd510dbee27b79d6d12c,4,3397,0
2,ex2-s5-e1-a1-p09,15cacb7214da29f735fe74234e764297d31194371bcebd510dbee27b79d6d12c,4,3398,0
2,ex2-s5-e1-a1-p09,15cacb7214da29f735fe74234e764297d31194371bcebd510dbee27b79d6d12c,4,3399,100
2,ex2-s5-e1-a1-p09,15cacb7214da29f735fe74234e764297d31194371bcebd510dbee27b79d6d12c,4,3400,0
2,ex2-s5-e1-a1-p09,15cacb7214da29f735fe74234e764297d31194371bcebd510dbee27b79d6d12c,4,3401,0
2,ex2-s5-e1-a1-p09,15cacb7214da29f735fe74234e764297d31194371bcebd510dbee27b79d6d12c,4,3402,0
2,ex2-s5-e1-a1-p09,15cacb7214da29f735fe74234e764297d31194371bcebd510dbee27b79d6d12c,4,3403,0
2,ex2-s5-e1-a1-p09,15cacb7214da29f735fe74234e764297d31194371bcebd510dbee27b79d6d12c,4,3404,0
2,ex2-s5-e1-a1-p09,15cacb7214da29f735fe74234e764297d31194371bcebd510dbee27b79d6d12c,4,3405,100
2,ex2-s5-e1-a1-p09,15cacb7214da29f735fe74234e764297d31194371bcebd510dbee27b79d6d12c,4,3406,0
2,ex2-s5-e1-a1-p09,15cacb7214da29f735fe74234e764297d31194371bcebd510dbee27b79d6d12c,4,3407,0
2,ex2-s5-e1-a1-p09,15cacb7214da29f735fe74234e764297d31194371bcebd510dbee27b79d6d12c,4,3408,0
2,ex2-s5-e1-a1-p09,15cacb7214da29f735fe74234e764297d31194371bcebd510dbee27b79d6d12c,4,3409,0
2,ex2-s5-e1-a1-p09,15cacb7214da29f735fe74234e764297d31194371bcebd510dbee27b79d6d12c,4,3410,0
2,ex2-s5-e1-a1-p09,15cacb7214da29f735fe74234e764297d31194371bcebd510dbee27b79d6d12c,4,3411,0
2,ex2-s5-e1-a1-p09,15cacb7214da29f735fe74234e764297d31194371bcebd510dbee27b79d6d12c,4,3412,100
2,ex2-s5-e1-a1-p09,15cacb7214da29f735fe74234e764297d31194371bcebd510dbee27b79d6d12c,4,3413,0
2,ex2-s5-e1-a1-p09,15cacb7214da29f735fe74234e764297d31194371bcebd510dbee27b79d6d12c,4,3414,0
2,ex2-s5-e1-a1-p09,15cacb7214da29f735fe74234e764297d31194371bcebd510dbee27b79d6d12c,4,3415,0
2,ex2-s5-e1-a1-p09,15cacb7214da29f735fe74234e764297d31194371bcebd510dbee27b79d6d12c,4,3416,0
2,ex2-s5-e1-a1-p09,15cacb7214da29f735fe74234e764297d31194371bcebd510dbee27b79d6d12c,4,3417,0
2,ex2-s5-e1-a1-p09,15cacb7214da29f735fe74234e764297d31194371bcebd510dbee27b79d6d12c,4,3418,100
2,ex2-s5-e1-a1-p09,15cacb7214da29f735fe74234e764297d31194371bcebd510dbee27b79d6d12c,4,3419,0
2,ex2-s5-e1-a1-p09,15cacb7214da29f735fe74234e764297d31194371bcebd510dbee27b79d6d12c,4,3420,0
2,ex2-s5-e1-a1-p09,15cacb7214da29f735fe74234e764297d31194371bcebd510dbee27b79d6d12c,4,3421,0
2,ex2-s5-e1-a1-p09,15cacb7214da29f735fe74234e764297d31194371bcebd510dbee27b79d6d12c,4,3422,0
2,ex2-s5-e1-a1-p09,15cacb7214da29f735fe74234e764297d31194371bcebd510dbee27b79d6d12c,4,3423,0
2,ex2-s5-e1-a1-p09,15cacb7214da29f735fe74234e764297d31194371bcebd510dbee27b79d6d12c,4,3424,100
2,ex2-s5-e1-a1-p09,15cacb7214da29f735fe74234e764297d31194371bcebd510dbee27b79d6d12c,4,3425,0
2,ex2-s5-e1-a1-p09,15cacb7214da29f735fe74234e764297d31194371bcebd510dbee27b79d6d12c,4,3426,0
2,ex2-s5-e1-a1-p09,15cacb7214da29f735fe74234e764297d31194371bcebd510dbee27b79d6d12c,4,3427,0
2,ex2-s5-e1-a1-p09,15cacb7214da29f735fe74234e764297d31194371bcebd510dbee27b79d6d12c,4,3428,0
2,ex2-s5-e1-a1-p09,15cacb7214da29f735fe74234e764297d31194371bcebd510dbee27b79d6d12c,4,3429,0
2,ex2-s5-e1-a1-p09,15cacb7214da29f735fe74234e764297d31194371bcebd510dbee27b79d6d12c,4,3430,0
2,ex2-s5-e1-a1-p09,15cacb7214da29f735fe74234e764297d31194371bcebd510dbee27b79d6d12c,4,3431,100
2,ex2-s5-e1-a1-p09,15cacb7214da29f735fe74234e764297d31194371bcebd510dbee27b79d6d12c,4,3432,0
2,ex2-s5-e1-a1-p09,15cacb7214da29f735fe74234e764297d31194371bcebd510dbee27b79d6d12c,4,3433,0
2,ex2-s5-e1-a1-p09,15cacb7214da29f735fe74234e764297d31194371bcebd510dbee27b79d6d12c,4,3434,0
2,ex2-s5-e1-a1-p09,15cacb7214da29f735fe74234e764297d31194371bcebd510dbee27b79d6d12c,4,3435,0
2,ex2-s5-e1-a1-p09,15cacb7214da29f735fe74234e764297d31194371bcebd510dbee27b79d6d12c,4,3436,0
2,ex2-s5-e1-a1-p09,15cacb7214da29f735fe74234e764297d31194371bcebd510dbee27b79d6d12c,4,3437,100
2,ex2-s5-e1-a1-p09,15cacb7214da29f735fe74234e764297d31194371bcebd510dbee27b79d6d12c,4,3438,0
2,ex2-s5-e1-a1-p09,15cacb7214da29f735fe74234e764297d31194371bcebd510dbee27b79d6d12c,4,3439,0
2,ex2-s5-e1-a1-p09,15cacb7214da29f735fe74234e764297d31194371bcebd510dbee27b79d6d12c,4,3440,0
2,ex2-s5-e1-a1-p09,15cacb7214da29f735fe74234e764297d31194371bcebd510dbee27b79d6d12c,4,3441,0
2,ex2-s5-e1-a1-p09,15cacb7214da29f735fe74234e764297d31194371bcebd510dbee27b79d6d12c,4,3442,0
2,ex2-s5-e1-a1-p09,15cacb7214da29f735fe74234e764297d31194371bcebd510dbee27b79d6d12c,4,3443,0
2,ex2-s5-e1-a1-p09,15cacb7214da29f735fe74234e764297d31194371bcebd510dbee27b79d6d12c,4,3444,100
2,ex2-s5-e1-a1-p09,15cacb7214da29f735fe74234e764297d31194371bcebd510dbee27b79d6d12c,4,3445,0
2,ex2-s5-e1-a1-p09,15cacb7214da29f735fe74234e764297d31194371bcebd510dbee27b79d6d12c,4,3446,0
2,ex2-s5-e1-a1-p09,15cacb7214da29f735fe74234e764297d31194371bcebd510dbee27b79d6d12c,4,3447,0
2,ex2-s5-e1-a1-p09,15cacb7214da29f735fe74234e764297d31194371bcebd510dbee27b79d6d12c,4,3448,0
2,ex2-s5-e1-a1-p09,15cacb7214da29f735fe74234e764297d31194371bcebd510dbee27b79d6d12c,4,3449,0
2,ex2-s5-e1-a1-p09,15cacb7214da29f735fe74234e764297d31194371bcebd510dbee27b79d6d12c,4,3450,100
2,ex2-s5-e1-a1-p09,15cacb7214da29f735fe74234e764297d31194371bcebd510dbee27b79d6d12c,4,3451,0
2,ex2-s5-e1-a1-p09,15cacb7214da29f735fe74234e764297d31194371bcebd510dbee27b79d6d12c,4,3452,0
2,ex2-s5-e1-a1-p09,15cacb7214da29f735fe74234e764297d31194371bcebd510dbee27b79d6d12c,4,3453,0
2,ex2-s5-e1-a1-p09,15cacb7214da29f735fe74234e764297d31194371bcebd510dbee27b79d6d12c,4,3454,0
2,ex2-s5-e1-a1-p09,15cacb7214da29f735fe74234e764297d31194371bcebd510dbee27b79d6d12c,4,3455,0
2,ex2-s5-e1-a1-p09,15cacb7214da29f735fe74234e764297d31194371bcebd510dbee27b79d6d12c,4,3456,0
2,ex2-s5-e1-a1-p09,15cacb7214da29f735fe74234e764297d31194371bcebd510dbee27b79d6d12c,4,3457,100
2,ex2-s5-e1-a1-p09,15cacb7214da29f735fe74234e764297d31194371bcebd510dbee27b79d6d12c,4,3458,0
2,ex2-s5-e1-a1-p09,15cacb7214da29f735fe74234e764297d31194371bcebd510dbee27b79d6d12c,4,3459,0
2,ex2-s5-e1-a1-p09,15cacb7214da29f735fe74234e764297d31194371bcebd510dbee27b79d6d12c,4,3460,0
2,ex2-s5-e1-a1-p09,15cacb7214da29f735fe74234e764297d31194371bcebd510dbee27b79d6d12c,4,3461,0
2,ex2-s5-e1-a1-p09,15cacb7214da29f735fe74234e764297d31194371bcebd510dbee27b79d6d12c,4,3462,0
2,ex2-s5-e1-a1-p09,15cacb7214da29f735fe74234e764297d31194371bcebd510dbee27b79d6d12c,4,3463,100
2,ex2-s5-e1-a1-p09,15cacb7214da29f735fe74234e764297d31194371bcebd510dbee27b79d6d12c,4,3464,0
2,ex2-s5-e1-a1-p09,15cacb7214da29f735fe74234e764297d31194371bcebd510dbee27b79d6d12c,4,3465,0
2,ex2-s5-e1-a1-p09,15cacb7214da29f735fe74234e764297d31194371bcebd510dbee27b79d6d12c,4,3466,0
2,ex2-s5-e1-a1-p09,15cacb7214da29f735fe74234e764297d31194371bcebd510dbee27b79d6d12c,4,3467,0
2,ex2-s5-e1-a1-p09,15cacb7214da29f735fe74234e764297d31194371bcebd510dbee27b79d6d12c,4,3468,0
2,ex2-s5-e1-a1-p09,15cacb7214da29f735fe74234e764297d31194371bcebd510dbee27b79d6d12c,4,3469,0
2,ex2-s5-e1-a1-p09,15cacb7214da29f735fe74234e764297d31194371bcebd510dbee27b79d6d12c,4,3470,100
2,ex2-s5-e1-a1-p09,15cacb7214da29f735fe74234e764297d31194371bcebd510dbee27b79d6d12c,4,3471,0
2,ex2-s5-e1-a1-p09,15cacb7214da29f735fe74234e764297d31194371bcebd510dbee27b79d6d12c,4,3472,0
2,ex2-s5-e1-a1-p09,15cacb7214da29f735fe74234e764297d31194371bcebd510dbee27b79d6d12c,4,3473,0
2,ex2-s5-e1-a1-p09,15cacb7214da29f735fe74234e764297d31194371bcebd510dbee27b79d6d12c,4,3474,0
2,ex2-s5-e1-a1-p09,15cacb7214da29f735fe74234e764297d31194371bcebd510dbee27b79d6d12c,4,3475,0
2,ex2-s5-e1-a1-p09,15cacb7214da29f735fe74234e764297d31194371bcebd510dbee27b79d6d12c,4,3476,100
2,ex2-s5-e1-a1-p09,15cacb7214da29f735fe74234e764297d31194371bcebd510dbee27b79d6d12c,4,3477,0
2,ex2-s5-e1-a1-p09,15cacb7214da29f735fe74234e764297d31194371bcebd510dbee27b79d6d12c,4,3478,0
2,ex2-s5-e1-a1-p09,15cacb7214da29f735fe74234e764297d31194371bcebd510dbee27b79d6d12c,4,3479,0
2,ex2-s5-e1-a1-p09,15cacb7214da29f735fe74234e764297d31194371bcebd510dbee27b79d6d12c,4,3480,0
2,ex2-s5-e1-a1-p09,15cacb7214da29f735fe74234e764297d31194371bcebd510dbee27b79d6d12c,4,3481,0
2,ex2-s5-e1-a1-p09,15cacb7214da29f735fe74234e764297d31194371bcebd510dbee27b79d6d12c,4,3482,0
2,ex2-s5-e1-a1-p09,15cacb7214da29f735fe74234e764297d31194371bcebd510dbee27b79d6d12c,4,3483,100
2,ex2-s5-e1-a1-p09,15cacb7214da29f735fe74234e764297d31194371bcebd510dbee27b79d6d12c,4,3484,0
2,ex2-s5-e1-a1-p09,15cacb7214da29f735fe74234e764297d31194371bcebd510dbee27b79d6d12c,4,3485,0
2,ex2-s5-e1-a1-p09,15cacb7214da29f735fe74234e764297d31194371bcebd510dbee27b79d6d12c,4,3486,0
2,ex2-s5-e1-a1-p09,15cacb7214da29f735fe74234e764297d31194371bcebd510dbee27b79d6d12c,4,3487,0
2,ex2-s5-e1-a1-p09,15cacb7214da29f735fe74234e764297d31194371bcebd510dbee27b79d6d12c,4,3488,0
2,ex2-s5-e1-a1-p09,15cacb7214da29f735fe74234e764297d31194371bcebd510dbee27b79d6d12c,4,3489,100
2,ex2-s5-e1-a1-p09,15cacb7214da29f735fe74234e764297d31194371bcebd510dbee27b79d6d12c,4,3490,0
2,ex2-s5-e1-a1-p09,15cacb7214da29f735fe74234e764297d31194371bcebd510dbee27b79d6d12c,4,3491,0
2,ex2-s5-e1-a1-p09,15cacb7214da29f735fe74234e764297d31194371bcebd510dbee27b79d6d12c,4,3492,0
2,ex2-s5-e1-a1-p09,15cacb7214da29f735fe74234e764297d31194371bcebd510dbee27b79d6d12c,4,3493,0
2,ex2-s5-e1-a1-p09,15cacb7214da29f735fe74234e764297d31194371bcebd510dbee27b79d6d12c,4,3494,0
2,ex2-s5-e1-a1-p09,15cacb7214da29f735fe74234e764297d31194371bcebd510dbee27b79d6d12c,4,3495,0
2,ex2-s5-e1-a1-p09,15cacb7214da29f735fe74234e764297d31194371bcebd510dbee27b79d6d12c,4,3496,100
2,ex2-s5-e1-a1-p09,15cacb7214da29f735fe74234e764297d31194371bcebd510dbee27b79d6d12c,4,3497,0
2,ex2-s5-e1-a1-p09,15cacb7214da29f735fe74234e764297d31194371bcebd510dbee27b79d6d12c,4,3498,0
2,ex2-s5-e1-a1-p09,15cacb7214da29f735fe74234e764297d31194371bcebd510dbee27b79d6d12c,4,3499,0
2,ex2-s5-e1-a1-p09,15cacb7214da29f735fe74234e764297d31194371bcebd510dbee27b79d6d12c,4,3500,0
2,ex2-s5-e1-a1-p09,15cacb7214da29f735fe74234e764297d31194371bcebd510dbee27b79d6d12c,4,3501,0
2,ex2-s5-e1-a1-p09,15cacb7214da29f735fe74234e764297d31194371bcebd510dbee27b79d6d12c,4,3502,100
2,ex2-s5-e1-a1-p09,15cacb7214da29f735fe74234e764297d31194371bcebd510dbee27b79d6d12c,4,3503,0
2,ex2-s5-e1-a1-p09,15cacb7214da29f735fe74234e764297d31194371bcebd510dbee27b79d6d12c,4,3504,0
2,ex2-s5-e1-a1-p09,15cacb7214da29f735fe74234e764297d31194371bcebd510dbee27b79d6d12c,4,3505,0
2,ex2-s5-e1-a1-p09,15cacb7214da29f735fe74234e764297d31194371bcebd510dbee27b79d6d12c,4,3506,0
2,ex2-s5-e1-a1-p09,15cacb7214da29f735fe74234e764297d31194371bcebd510dbee27b79d6d12c,4,3507,0
2,ex2-s5-e1-a1-p09,15cacb7214da29f735fe74234e764297d31194371bcebd510dbee27b79d6d12c,4,3508,0
2,ex2-s5-e1-a1-p09,15cacb7214da29f735fe74234e764297d31194371bcebd510dbee27b79d6d12c,4,3509,100
2,ex2-s5-e1-a1-p09,15cacb7214da29f735fe74234e764297d31194371bcebd510dbee27b79d6d12c,4,3510,0
2,ex2-s5-e1-a1-p09,15cacb7214da29f735fe74234e764297d31194371bcebd510dbee27b79d6d12c,4,3511,0
2,ex2-s5-e1-a1-p09,15cacb7214da29f735fe74234e764297d31194371bcebd510dbee27b79d6d12c,4,3512,0
2,ex2-s5-e1-a1-p09,15cacb7214da29f735fe74234e764297d31194371bcebd510dbee27b79d6d12c,4,3513,0
2,ex2-s5-e1-a1-p09,15cacb7214da29f735fe74234e764297d31194371bcebd510dbee27b79d6d12c,4,3514,0
2,ex2-s5-e1-a1-p09,15cacb7214da29f735fe74234e764297d31194371bcebd510dbee27b79d6d12c,4,3515,100
2,ex2-s5-e1-a1-p09,15cacb7214da29f735fe74234e764297d31194371bcebd510dbee27b79d6d12c,4,3516,0
2,ex2-s5-e1-a1-p09,15cacb7214da29f735fe74234e764297d31194371bcebd510dbee27b79d6d12c,4,3517,0
2,ex2-s5-e1-a1-p09,15cacb7214da29f735fe74234e764297d31194371bcebd510dbee27b79d6d12c,4,3518,0
2,ex2-s5-e1-a1-p09,15cacb7214da29f735fe74234e764297d31194371bcebd510dbee27b79d6d12c,4,3519,0
2,ex2-s5-e1-a1-p09,15cacb7214da29f735fe74234e764297d31194371bcebd510dbee27b79d6d12c,4,3520,0
2,ex2-s5-e1-a1-p09,15cacb7214da29f735fe74234e764297d31194371bcebd510dbee27b79d6d12c,4,3521,0
2,ex2-s5-e1-a1-p09,15cacb7214da29f735fe74234e764297d31194371bcebd510dbee27b79d6d12c,4,3522,100
2,ex2-s5-e1-a1-p09,15cacb7214da29f735fe74234e764297d31194371bcebd510dbee27b79d6d12c,4,3523,0
2,ex2-s5-e1-a1-p09,15cacb7214da29f735fe74234e764297d31194371bcebd510dbee27b79d6d12c,4,3524,0
2,ex2-s5-e1-a1-p09,15cacb7214da29f735fe74234e764297d31194371bcebd510dbee27b79d6d12c,4,3525,0
2,ex2-s5-e1-a1-p09,15cacb7214da29f735fe74234e764297d31194371bcebd510dbee27b79d6d12c,4,3526,0
2,ex2-s5-e1-a1-p09,15cacb7214da29f735fe74234e764297d31194371bcebd510dbee27b79d6d12c,4,3527,0
2,ex2-s5-e1-a1-p09,15cacb7214da29f735fe74234e764297d31194371bcebd510dbee27b79d6d12c,4,3528,100
2,ex2-s5-e1-a1-p09,15cacb7214da29f735fe74234e764297d31194371bcebd510dbee27b79d6d12c,4,3529,0
2,ex2-s5-e1-a1-p09,15cacb7214da29f735fe74234e764297d31194371bcebd510dbee27b79d6d12c,4,3530,0
2,ex2-s5-e1-a1-p09,15cacb7214da29f735fe74234e764297d31194371bcebd510dbee27b79d6d12c,4,3531,0
2,ex2-s5-e1-a1-p09,15cacb7214da29f735fe74234e764297d31194371bcebd510dbee27b79d6d12c,4,3532,0
2,ex2-s5-e1-a1-p09,15cacb7214da29f735fe74234e764297d31194371bcebd510dbee27b79d6d12c,4,3533,0
2,ex2-s5-e1-a1-p09,15cacb7214da29f735fe74234e764297d31194371bcebd510dbee27b79d6d12c,4,3534,0
2,ex2-s5-e1-a1-p09,15cacb7214da29f735fe74234e764297d31194371bcebd510dbee27b79d6d12c,4,3535,100
2,ex2-s5-e1-a1-p09,15cacb7214da29f735fe74234e764297d31194371bcebd510dbee27b79d6d12c,4,3536,0
2,ex2-s5-e1-a1-p09,15cacb7214da29f735fe74234e764297d31194371bcebd510dbee27b79d6d12c,4,3537,0
2,ex2-s5-e1-a1-p09,15cacb7214da29f735fe74234e764297d31194371bcebd510dbee27b79d6d12c,4,3538,0
2,ex2-s5-e1-a1-p09,15cacb7214da29f735fe74234e764297d31194371bcebd510dbee27b79d6d12c,4,3539,0
2,ex2-s5-e1-a1-p09,15cacb7214da29f735fe74234e764297d31194371bcebd510dbee27b79d6d12c,4,3540,0
2,ex2-s5-e1-a1-p09,15cacb7214da29f735fe74234e764297d31194371bcebd510dbee27b79d6d12c,4,3541,100
2,ex2-s5-e1-a1-p09,15cacb7214da29f735fe74234e764297d31194371bcebd510dbee27b79d6d12c,4,3542,0
2,ex2-s5-e1-a1-p09,15cacb7214da29f735fe74234e764297d31194371bcebd510dbee27b79d6d12c,4,3543,0
2,ex2-s5-e1-a1-p09,15cacb7214da29f735fe74234e764297d31194371bcebd510dbee27b79d6d12c,4,3544,0
2,ex2-s5-e1-a1-p09,15cacb7214da29f735fe74234e764297d31194371bcebd510dbee27b79d6d12c,4,3545,0
2,ex2-s5-e1-a1-p09,15cacb7214da29f735fe74234e764297d31194371bcebd510dbee27b79d6d12c,4,3546,0
2,ex2-s5-e1-a1-p09,15cacb7214da29f735fe74234e764297d31194371bcebd510dbee27b79d6d12c,4,3547,0
2,ex2-s5-e1-a1-p09,15cacb7214da29f735fe74234e764297d31194371bcebd510dbee27b79d6d12c,4,3548,100
2,ex2-s5-e1-a1-p09,15cacb7214da29f735fe74234e764297d31194371bcebd510dbee27b79d6d12c,4,3549,0
2,ex2-s5-e1-a1-p09,15cacb7214da29f735fe74234e764297d31194371bcebd510dbee27b79d6d12c,4,3550,0
2,ex2-s5-e1-a1-p09,15cacb7214da29f735fe74234e764297d31194371bcebd510dbee27b79d6d12c,4,3551,0
2,ex2-s5-e1-a1-p09,15cacb7214da29f735fe74234e764297d31194371bcebd510dbee27b79d6d12c,4,3552,0
2,ex2-s5-e1-a1-p09,15cacb7214da29f735fe74234e764297d31194371bcebd510dbee27b79d6d12c,4,3553,0
2,ex2-s5-e1-a1-p09,15cacb7214da29f735fe74234e764297d31194371bcebd510dbee27b79d6d12c,4,3554,100
2,ex2-s5-e1-a1-p09,15cacb7214da29f735fe74234e764297d31194371bcebd510dbee27b79d6d12c,4,3555,0
2,ex2-s5-e1-a1-p09,15cacb7214da29f735fe74234e764297d31194371bcebd510dbee27b79d6d12c,4,3556,0
2,ex2-s5-e1-a1-p09,15cacb7214da29f735fe74234e764297d31194371bcebd510dbee27b79d6d12c,4,3557,0
2,ex2-s5-e1-a1-p09,15cacb7214da29f735fe74234e764297d31194371bcebd510dbee27b79d6d12c,4,3558,0
2,ex2-s5-e1-a1-p09,15cacb7214da29f735fe74234e764297d31194371bcebd510dbee27b79d6d12c,4,3559,0
2,ex2-s5-e1-a1-p09,15cacb7214da29f735fe74234e764297d31194371bcebd510dbee27b79d6d12c,4,3560,0
2,ex2-s5-e1-a1-p09,15cacb7214da29f735fe74234e764297d31194371bcebd510dbee27b79d6d12c,4,3561,100
2,ex2-s5-e1-a1-p09,15cacb7214da29f735fe74234e764297d31194371bcebd510dbee27b79d6d12c,4,3562,0
2,ex2-s5-e1-a1-p09,15cacb7214da29f735fe74234e764297d31194371bcebd510dbee27b79d6d12c,4,3563,0
2,ex2-s5-e1-a1-p09,15cacb7214da29f735fe74234e764297d31194371bcebd510dbee27b79d6d12c,4,3564,0
2,ex2-s5-e1-a1-p09,15cacb7214da29f735fe74234e764297d31194371bcebd510dbee27b79d6d12c,4,3565,0
2,ex2-s5-e1-a1-p09,15cacb7214da29f735fe74234e764297d31194371bcebd510dbee27b79d6d12c,4,3566,0
2,ex2-s5-e1-a1-p09,15cacb7214da29f735fe74234e764297d31194371bcebd510dbee27b79d6d12c,4,3567,100
2,ex2-s5-e1-a1-p09,15cacb7214da29f735fe74234e764297d31194371bcebd510dbee27b79d6d12c,4,3568,0
2,ex2-s5-e1-a1-p09,15cacb7214da29f735fe74234e764297d31194371bcebd510dbee27b79d6d12c,4,3569,0
2,ex2-s5-e1-a1-p09,15cacb7214da29f735fe74234e764297d31194371bcebd510dbee27b79d6d12c,4,3570,0
2,ex2-s5-e1-a1-p09,15cacb7214da29f735fe74234e764297d31194371bcebd510dbee27b79d6d12c,4,3571,0
2,ex2-s5-e1-a1-p09,15cacb7214da29f735fe74234e764297d31194371bcebd510dbee27b79d6d12c,4,3572,0
2,ex2-s5-e1-a1-p09,15cacb7214da29f735fe74234e764297d31194371bcebd510dbee27b79d6d12c,4,3573,0
2,ex2-s5-e1-a1-p09,15cacb7214da29f735fe74234e764297d31194371bcebd510dbee27b79d6d12c,4,3574,100
2,ex2-s5-e1-a1-p09,15cacb7214da29f735fe74234e764297d31194371bcebd510dbee27b79d6d12c,4,3575,0
2,ex2-s5-e1-a1-p09,15cacb7214da29f735fe74234e764297d31194371bcebd510dbee27b79d6d12c,4,3576,0
2,ex2-s5-e1-a1-p09,15cacb7214da29f735fe74234e764297d31194371bcebd510dbee27b79d6d12c,4,3577,0
2,ex2-s5-e1-a1-p09,15cacb7214da29f735fe74234e764297d31194371bcebd510dbee27b79d6d12c,4,3578,0
2,ex2-s5-e1-a1-p09,15cacb7214da29f735fe74234e764297d31194371bcebd510dbee27b79d6d12c,4,3579,0
2,ex2-s5-e1-a1-p09,15cacb7214da29f735fe74234e764297d31194371bcebd510dbee27b79d6d12c,4,3580,100
2,ex2-s5-e1-a1-p09,15cacb7214da29f735fe74234e764297d31194371bcebd510dbee27b79d6d12c,4,3581,0
2,ex2-s5-e1-a1-p09,15cacb7214da29f735fe74234e764297d31194371bcebd510dbee27b79d6d12c,4,3582,0
2,ex2-s5-e1-a1-p09,15cacb7214da29f735fe74234e764297d31194371bcebd510dbee27b79d6d12c,4,3583,0
2,ex2-s5-e1-a1-p09,15cacb7214da29f735fe74234e764297d31194371bcebd510dbee27b79d6d12c,4,3584,0
2,ex2-s5-e1-a1-p09,15cacb7214da29f735fe74234e764297d31194371bcebd510dbee27b79d6d12c,4,3585,0
2,ex2-s5-e1-a1-p09,15cacb7214da29f735fe74234e764297d31194371bcebd510dbee27b79d6d12c,4,3586,0
2,ex2-s5-e1-a1-p09,15cacb7214da29f735fe74234e764297d31194371bcebd510dbee27b79d6d12c,4,3587,100
2,ex2-s5-e1-a1-p09,15cacb7214da29f735fe74234e764297d31194371bcebd510dbee27b79d6d12c,4,3588,0
2,ex2-s5-e1-a1-p09,15cacb7214da29f735fe74234e764297d31194371bcebd510dbee27b79d6d12c,4,3589,0
2,ex2-s5-e1-a1-p09,15cacb7214da29f735fe74234e764297d31194371bcebd510dbee27b79d6d12c,4,3590,0
2,ex2-s5-e1-a1-p09,15cacb7214da29f735fe74234e764297d31194371bcebd510dbee27b79d6d12c,4,3591,0
2,ex2-s5-e1-a1-p09,15cacb7214da29f735fe74234e764297d31194371bcebd510dbee27b79d6d12c,4,3592,0
2,ex2-s5-e1-a1-p09,15cacb7214da29f735fe74234e764297d31194371bcebd510dbee27b79d6d12c,4,3593,100
2,ex2-s5-e1-a1-p09,15cacb7214da29f735fe74234e764297d31194371bcebd510dbee27b79d6d12c,4,3594,0
2,ex2-s5-e1-a1-p09,15cacb7214da29f735fe74234e764297d31194371bcebd510dbee27b79d6d12c,4,3595,0
2,ex2-s5-e1-a1-p09,15cacb7214da29f735fe74234e764297d31194371bcebd510dbee27b79d6d12c,4,3596,0
2,ex2-s5-e1-a1-p09,15cacb7214da29f735fe74234e764297d31194371bcebd510dbee27b79d6d12c,4,3597,0
2,ex2-s5-e1-a1-p09,15cacb7214da29f735fe74234e764297d31194371bcebd510dbee27b79d6d12c,4,3598,0
2,ex2-s5-e1-a1-p09,15cacb7214da29f735fe74234e764297d31194371bcebd510dbee27b79d6d12c,4,3599,0
2,ex2-s5-e1-a1-p09,15cacb7214da29f735fe74234e764297d31194371bcebd510dbee27b79d6d12c,4,3600,100
2,ex2-s5-e1-a1-p09,15cacb7214da29f735fe74234e764297d31194371bcebd510dbee27b79d6d12c,4,3601,0
2,ex2-s5-e1-a1-p09,15cacb7214da29f735fe74234e764297d31194371bcebd510dbee27b79d6d12c,4,3602,0
2,ex2-s5-e1-a1-p09,15cacb7214da29f735fe74234e764297d31194371bcebd510dbee27b79d6d12c,4,3603,0
2,ex2-s5-e1-a1-p09,15cacb7214da29f735fe74234e764297d31194371bcebd510dbee27b79d6d12c,4,3604,0
2,ex2-s5-e1-a1-p09,15cacb7214da29f735fe74234e764297d31194371bcebd510dbee27b79d6d12c,4,3605,0
2,ex2-s5-e1-a1-p09,15cacb7214da29f735fe74234e764297d31194371bcebd510dbee27b79d6d12c,4,3606,100
2,ex2-s5-e1-a1-p09,15cacb7214da29f735fe74234e764297d31194371bcebd510dbee27b79d6d12c,4,3607,0
2,ex2-s5-e1-a1-p09,15cacb7214da29f735fe74234e764297d31194371bcebd510dbee27b79d6d12c,4,3608,0
2,ex2-s5-e1-a1-p09,15cacb7214da29f735fe74234e764297d31194371bcebd510dbee27b79d6d12c,4,3609,0
2,ex2-s5-e1-a1-p09,15cacb7214da29f735fe74234e764297d31194371bcebd510dbee27b79d6d12c,4,3610,0
2,ex2-s5-e1-a1-p09,15cacb7214da29f735fe74234e764297d31194371bcebd510dbee27b79d6d12c,4,3611,0
2,ex2-s5-e1-a1-p09,15cacb7214da29f735fe74234e764297d31194371bcebd510dbee27b79d6d12c,4,3612,0
2,ex2-s5-e1-a1-p09,15cacb7214da29f735fe74234e764297d31194371bcebd510dbee27b79d6d12c,4,3613,100
2,ex2-s5-e1-a1-p09,15cacb7214da29f735fe74234e764297d31194371bcebd510dbee27b79d6d12c,4,3614,0
2,ex2-s5-e1-a1-p09,15cacb7214da29f735fe74234e764297d31194371bcebd510dbee27b79d6d12c,4,3615,0
2,ex2-s5-e1-a1-p09,15cacb7214da29f735fe74234e764297d31194371bcebd510dbee27b79d6d12c,4,3616,0
2,ex2-s5-e1-a1-p09,15cacb7214da29f735fe74234e764297d31194371bcebd510dbee27b79d6d12c,4,3617,0
2,ex2-s5-e1-a1-p09,15cacb7214da29f735fe74234e764297d31194371bcebd510dbee27b79d6d12c,4,3618,0
2,ex2-s5-e1-a1-p09,15cacb7214da29f735fe74234e764297d31194371bcebd510dbee27b79d6d12c,4,3619,100
2,ex2-s5-e1-a1-p09,15cacb7214da29f735fe74234e764297d31194371bcebd510dbee27b79d6d12c,4,3620,0
2,ex2-s5-e1-a1-p09,15cacb7214da29f735fe74234e764297d31194371bcebd510dbee27b79d6d12c,4,3621,0
2,ex2-s5-e1-a1-p09,15cacb7214da29f735fe74234e764297d31194371bcebd510dbee27b79d6d12c,4,3622,0
2,ex2-s5-e1-a1-p09,15cacb7214da29f735fe74234e764297d31194371bcebd510dbee27b79d6d12c,4,3623,0
2,ex2-s5-e1-a1-p09,15cacb7214da29f735fe74234e764297d31194371bcebd510dbee27b79d6d12c,4,3624,0
2,ex2-s5-e1-a1-p09,15cacb7214da29f735fe74234e764297d31194371bcebd510dbee27b79d6d12c,4,3625,0
2,ex2-s5-e1-a1-p09,15cacb7214da29f735fe74234e764297d31194371bcebd510dbee27b79d6d12c,4,3626,100
2,ex2-s5-e1-a1-p09,15cacb7214da29f735fe74234e764297d31194371bcebd510dbee27b79d6d12c,4,3627,0
2,ex2-s5-e1-a1-p09,15cacb7214da29f735fe74234e764297d31194371bcebd510dbee27b79d6d12c,4,3628,0
2,ex2-s5-e1-a1-p09,15cacb7214da29f735fe74234e764297d31194371bcebd510dbee27b79d6d12c,4,3629,0
2,ex2-s5-e1-a1-p09,15cacb7214da29f735fe74234e764297d31194371bcebd510dbee27b79d6d12c,4,3630,0
2,ex2-s5-e1-a1-p09,15cacb7214da29f735fe74234e764297d31194371bcebd510dbee27b79d6d12c,4,3631,0
2,ex2-s5-e1-a1-p09,15cacb7214da29f735fe74234e764297d31194371bcebd510dbee27b79d6d12c,4,3632,100
2,ex2-s5-e1-a1-p09,15cacb7214da29f735fe74234e764297d31194371bcebd510dbee27b79d6d12c,4,3633,0
2,ex2-s5-e1-a1-p09,15cacb7214da29f735fe74234e764297d31194371bcebd510dbee27b79d6d12c,4,3634,0
2,ex2-s5-e1-a1-p09,15cacb7214da29f735fe74234e764297d31194371bcebd510dbee27b79d6d12c,4,3635,0
2,ex2-s5-e1-a1-p09,15cacb7214da29f735fe74234e764297d31194371bcebd510dbee27b79d6d12c,4,3636,0
2,ex2-s5-e1-a1-p09,15cacb7214da29f735fe74234e764297d31194371bcebd510dbee27b79d6d12c,4,3637,0
2,ex2-s5-e1-a1-p09,15cacb7214da29f735fe74234e764297d31194371bcebd510dbee27b79d6d12c,4,3638,0
2,ex2-s5-e1-a1-p09,15cacb7214da29f735fe74234e764297d31194371bcebd510dbee27b79d6d12c,4,3639,100
2,ex2-s5-e1-a1-p09,15cacb7214da29f735fe74234e764297d31194371bcebd510dbee27b79d6d12c,4,3640,0
2,ex2-s5-e1-a1-p09,15cacb7214da29f735fe74234e764297d31194371bcebd510dbee27b79d6d12c,4,3641,0
2,ex2-s5-e1-a1-p09,15cacb7214da29f735fe74234e764297d31194371bcebd510dbee27b79d6d12c,4,3642,0
2,ex2-s5-e1-a1-p09,15cacb7214da29f735fe74234e764297d31194371bcebd510dbee27b79d6d12c,4,3643,0
2,ex2-s5-e1-a1-p09,15cacb7214da29f735fe74234e764297d31194371bcebd510dbee27b79d6d12c,4,3644,0
2,ex2-s5-e1-a1-p09,15cacb7214da29f735fe74234e764297d31194371bcebd510dbee27b79d6d12c,4,3645,100
2,ex2-s5-e1-a1-p09,15cacb7214da29f735fe74234e764297d31194371bcebd510dbee27b79d6d12c,4,3646,0
2,ex2-s5-e1-a1-p09,15cacb7214da29f735fe74234e764297d31194371bcebd510dbee27b79d6d12c,4,3647,0
2,ex2-s5-e1-a1-p09,15cacb7214da29f735fe74234e764297d31194371bcebd510dbee27b79d6d12c,4,3648,0
2,ex2-s5-e1-a1-p09,15cacb7214da29f735fe74234e764297d31194371bcebd510dbee27b79d6d12c,4,3649,0
2,ex2-s5-e1-a1-p09,15cacb7214da29f735fe74234e764297d31194371bcebd510dbee27b79d6d12c,4,3650,0
2,ex2-s5-e1-a1-p09,15cacb7214da29f735fe74234e764297d31194371bcebd510dbee27b79d6d12c,4,3651,0
2,ex2-s5-e1-a1-p09,15cacb7214da29f735fe74234e764297d31194371bcebd510dbee27b79d6d12c,4,3652,100
2,ex2-s5-e1-a1-p09,15cacb7214da29f735fe74234e764297d31194371bcebd510dbee27b79d6d12c,4,3653,0
2,ex2-s5-e1-a1-p09,15cacb7214da29f735fe74234e764297d31194371bcebd510dbee27b79d6d12c,4,3654,0
2,ex2-s5-e1-a1-p09,15cacb7214da29f735fe74234e764297d31194371bcebd510dbee27b79d6d12c,4,3655,0
2,ex2-s5-e1-a1-p09,15cacb7214da29f735fe74234e764297d31194371bcebd510dbee27b79d6d12c,4,3656,0
2,ex2-s5-e1-a1-p09,15cacb7214da29f735fe74234e764297d31194371bcebd510dbee27b79d6d12c,4,3657,0
2,ex2-s5-e1-a1-p09,15cacb7214da29f735fe74234e764297d31194371bcebd510dbee27b79d6d12c,4,3658,0
2,ex2-s5-e1-a1-p09,15cacb7214da29f735fe74234e764297d31194371bcebd510dbee27b79d6d12c,4,3659,100
2,ex2-s5-e1-a1-p09,15cacb7214da29f735fe74234e764297d31194371bcebd510dbee27b79d6d12c,4,3660,0
2,ex2-s5-e1-a1-p09,15cacb7214da29f735fe74234e764297d31194371bcebd510dbee27b79d6d12c,4,3661,0
2,ex2-s5-e1-a1-p09,15cacb7214da29f735fe74234e764297d31194371bcebd510dbee27b79d6d12c,4,3662,0
2,ex2-s5-e1-a1-p09,15cacb7214da29f735fe74234e764297d31194371bcebd510dbee27b79d6d12c,4,3663,0
2,ex2-s5-e1-a1-p09,15cacb7214da29f735fe74234e764297d31194371bcebd510dbee27b79d6d12c,4,3664,0
2,ex2-s5-e1-a1-p09,15cacb7214da29f735fe74234e764297d31194371bcebd510dbee27b79d6d12c,4,3665,100
2,ex2-s5-e1-a1-p09,15cacb7214da29f735fe74234e764297d31194371bcebd510dbee27b79d6d12c,4,3666,0
2,ex2-s5-e1-a1-p09,15cacb7214da29f735fe74234e764297d31194371bcebd510dbee27b79d6d12c,4,3667,0
2,ex2-s5-e1-a1-p09,15cacb7214da29f735fe74234e764297d31194371bcebd510dbee27b79d6d12c,4,3668,0
2,ex2-s5-e1-a1-p09,15cacb7214da29f735fe74234e764297d31194371bcebd510dbee27b79d6d12c,4,3669,0
2,ex2-s5-e1-a1-p09,15cacb7214da29f735fe74234e764297d31194371bcebd510dbee27b79d6d12c,4,3670,100
2,ex2-s5-e1-a1-p09,15cacb7214da29f735fe74234e764297d31194371bcebd510dbee27b79d6d12c,4,3671,0
2,ex2-s5-e1-a1-p09,15cacb7214da29f735fe74234e764297d31194371bcebd510dbee27b79d6d12c,4,3672,100
2,ex2-s5-e1-a1-p09,15cacb7214da29f735fe74234e764297d31194371bcebd510dbee27b79d6d12c,4,3673,0
2,ex2-s5-e1-a1-p09,15cacb7214da29f735fe74234e764297d31194371bcebd510dbee27b79d6d12c,4,3674,0
2,ex2-s5-e1-a1-p09,15cacb7214da29f735fe74234e764297d31194371bcebd510dbee27b79d6d12c,4,3675,0
2,ex2-s5-e1-a1-p09,15cacb7214da29f735fe74234e764297d31194371bcebd510dbee27b79d6d12c,4,3676,0
2,ex2-s5-e1-a1-p09,15cacb7214da29f735fe74234e764297d31194371bcebd510dbee27b79d6d12c,4,3677,0
2,ex2-s5-e1-a1-p09,15cacb7214da29f735fe74234e764297d31194371bcebd510dbee27b79d6d12c,4,3678,100
2,ex2-s5-e1-a1-p09,15cacb7214da29f735fe74234e764297d31194371bcebd510dbee27b79d6d12c,4,3679,0
2,ex2-s5-e1-a1-p09,15cacb7214da29f735fe74234e764297d31194371bcebd510dbee27b79d6d12c,4,3680,0
2,ex2-s5-e1-a1-p09,15cacb7214da29f735fe74234e764297d31194371bcebd510dbee27b79d6d12c,4,3681,0
2,ex2-s5-e1-a1-p09,15cacb7214da29f735fe74234e764297d31194371bcebd510dbee27b79d6d12c,4,3682,0
2,ex2-s5-e1-a1-p09,15cacb7214da29f735fe74234e764297d31194371bcebd510dbee27b79d6d12c,4,3683,0
2,ex2-s5-e1-a1-p09,15cacb7214da29f735fe74234e764297d31194371bcebd510dbee27b79d6d12c,4,3684,0
2,ex2-s5-e1-a1-p09,15cacb7214da29f735fe74234e764297d31194371bcebd510dbee27b79d6d12c,4,3685,100
2,ex2-s5-e1-a1-p09,15cacb7214da29f735fe74234e764297d31194371bcebd510dbee27b79d6d12c,4,3686,0
2,ex2-s5-e1-a1-p09,15cacb7214da29f735fe74234e764297d31194371bcebd510dbee27b79d6d12c,4,3687,0
2,ex2-s5-e1-a1-p09,15cacb7214da29f735fe74234e764297d31194371bcebd510dbee27b79d6d12c,4,3688,0
2,ex2-s5-e1-a1-p09,15cacb7214da29f735fe74234e764297d31194371bcebd510dbee27b79d6d12c,4,3689,0
2,ex2-s5-e1-a1-p09,15cacb7214da29f735fe74234e764297d31194371bcebd510dbee27b79d6d12c,4,3690,0
2,ex2-s5-e1-a1-p09,15cacb7214da29f735fe74234e764297d31194371bcebd510dbee27b79d6d12c,4,3691,100
2,ex2-s5-e1-a1-p09,15cacb7214da29f735fe74234e764297d31194371bcebd510dbee27b79d6d12c,4,3692,0
2,ex2-s5-e1-a1-p09,15cacb7214da29f735fe74234e764297d31194371bcebd510dbee27b79d6d12c,4,3693,0
2,ex2-s5-e1-a1-p09,15cacb7214da29f735fe74234e764297d31194371bcebd510dbee27b79d6d12c,4,3694,0
2,ex2-s5-e1-a1-p09,15cacb7214da29f735fe74234e764297d31194371bcebd510dbee27b79d6d12c,4,3695,0
2,ex2-s5-e1-a1-p09,15cacb7214da29f735fe74234e764297d31194371bcebd510dbee27b79d6d12c,4,3696,0
2,ex2-s5-e1-a1-p09,15cacb7214da29f735fe74234e764297d31194371bcebd510dbee27b79d6d12c,4,3697,0
2,ex2-s5-e1-a1-p09,15cacb7214da29f735fe74234e764297d31194371bcebd510dbee27b79d6d12c,4,3698,100
2,ex2-s5-e1-a1-p09,15cacb7214da29f735fe74234e764297d31194371bcebd510dbee27b79d6d12c,4,3699,0
2,ex2-s5-e1-a1-p09,15cacb7214da29f735fe74234e764297d31194371bcebd510dbee27b79d6d12c,4,3700,0
2,ex2-s5-e1-a1-p09,15cacb7214da29f735fe74234e764297d31194371bcebd510dbee27b79d6d12c,4,3701,0
2,ex2-s5-e1-a1-p09,15cacb7214da29f735fe74234e764297d31194371bcebd510dbee27b79d6d12c,4,3702,0
2,ex2-s5-e1-a1-p09,15cacb7214da29f735fe74234e764297d31194371bcebd510dbee27b79d6d12c,4,3703,0
2,ex2-s5-e1-a1-p09,15cacb7214da29f735fe74234e764297d31194371bcebd510dbee27b79d6d12c,4,3704,100
2,ex2-s5-e1-a1-p09,15cacb7214da29f735fe74234e764297d31194371bcebd510dbee27b79d6d12c,4,3705,0
2,ex2-s5-e1-a1-p09,15cacb7214da29f735fe74234e764297d31194371bcebd510dbee27b79d6d12c,4,3706,0
2,ex2-s5-e1-a1-p09,15cacb7214da29f735fe74234e764297d31194371bcebd510dbee27b79d6d12c,4,3707,0
2,ex2-s5-e1-a1-p09,15cacb7214da29f735fe74234e764297d31194371bcebd510dbee27b79d6d12c,4,3708,0
2,ex2-s5-e1-a1-p09,15cacb7214da29f735fe74234e764297d31194371bcebd510dbee27b79d6d12c,4,3709,0
2,ex2-s5-e1-a1-p09,15cacb7214da29f735fe74234e764297d31194371bcebd510dbee27b79d6d12c,4,3710,0
2,ex2-s5-e1-a1-p09,15cacb7214da29f735fe74234e764297d31194371bcebd510dbee27b79d6d12c,4,3711,100
2,ex2-s5-e1-a1-p09,15cacb7214da29f735fe74234e764297d31194371bcebd510dbee27b79d6d12c,4,3712,0
2,ex2-s5-e1-a1-p09,15cacb7214da29f735fe74234e764297d31194371bcebd510dbee27b79d6d12c,4,3713,0
2,ex2-s5-e1-a1-p09,15cacb7214da29f735fe74234e764297d31194371bcebd510dbee27b79d6d12c,4,3714,0
2,ex2-s5-e1-a1-p09,15cacb7214da29f735fe74234e764297d31194371bcebd510dbee27b79d6d12c,4,3715,0
2,ex2-s5-e1-a1-p09,15cacb7214da29f735fe74234e764297d31194371bcebd510dbee27b79d6d12c,4,3716,0
2,ex2-s5-e1-a1-p09,15cacb7214da29f735fe74234e764297d31194371bcebd510dbee27b79d6d12c,4,3717,100
2,ex2-s5-e1-a1-p09,15cacb7214da29f735fe74234e764297d31194371bcebd510dbee27b79d6d12c,4,3718,0
2,ex2-s5-e1-a1-p09,15cacb7214da29f735fe74234e764297d31194371bcebd510dbee27b79d6d12c,4,3719,0
2,ex2-s5-e1-a1-p09,15cacb7214da29f735fe74234e764297d31194371bcebd510dbee27b79d6d12c,4,3720,0
2,ex2-s5-e1-a1-p09,15cacb7214da29f735fe74234e764297d31194371bcebd510dbee27b79d6d12c,4,3721,0
2,ex2-s5-e1-a1-p09,15cacb7214da29f735fe74234e764297d31194371bcebd510dbee27b79d6d12c,4,3722,0
2,ex2-s5-e1-a1-p09,15cacb7214da29f735fe74234e764297d31194371bcebd510dbee27b79d6d12c,4,3723,0
2,ex2-s5-e1-a1-p09,15cacb7214da29f735fe74234e764297d31194371bcebd510dbee27b79d6d12c,4,3724,100
2,ex2-s5-e1-a1-p09,15cacb7214da29f735fe74234e764297d31194371bcebd510dbee27b79d6d12c,4,3725,0
2,ex2-s5-e1-a1-p09,15cacb7214da29f735fe74234e764297d31194371bcebd510dbee27b79d6d12c,4,3726,0
2,ex2-s5-e1-a1-p09,15cacb7214da29f735fe74234e764297d31194371bcebd510dbee27b79d6d12c,4,3727,0
2,ex2-s5-e1-a1-p09,15cacb7214da29f735fe74234e764297d31194371bcebd510dbee27b79d6d12c,4,3728,0
2,ex2-s5-e1-a1-p09,15cacb7214da29f735fe74234e764297d31194371bcebd510dbee27b79d6d12c,4,3729,0
2,ex2-s5-e1-a1-p09,15cacb7214da29f735fe74234e764297d31194371bcebd510dbee27b79d6d12c,4,3730,100
2,ex2-s5-e1-a1-p09,15cacb7214da29f735fe74234e764297d31194371bcebd510dbee27b79d6d12c,4,3731,0
2,ex2-s5-e1-a1-p09,15cacb7214da29f735fe74234e764297d31194371bcebd510dbee27b79d6d12c,4,3732,0
2,ex2-s5-e1-a1-p09,15cacb7214da29f735fe74234e764297d31194371bcebd510dbee27b79d6d12c,4,3733,0
2,ex2-s5-e1-a1-p09,15cacb7214da29f735fe74234e764297d31194371bcebd510dbee27b79d6d12c,4,3734,0
2,ex2-s5-e1-a1-p09,15cacb7214da29f735fe74234e764297d31194371bcebd510dbee27b79d6d12c,4,3735,0
2,ex2-s5-e1-a1-p09,15cacb7214da29f735fe74234e764297d31194371bcebd510dbee27b79d6d12c,4,3736,0
2,ex2-s5-e1-a1-p09,15cacb7214da29f735fe74234e764297d31194371bcebd510dbee27b79d6d12c,4,3737,100
2,ex2-s5-e1-a1-p09,15cacb7214da29f735fe74234e764297d31194371bcebd510dbee27b79d6d12c,4,3738,0
2,ex2-s5-e1-a1-p09,15cacb7214da29f735fe74234e764297d31194371bcebd510dbee27b79d6d12c,4,3739,0
2,ex2-s5-e1-a1-p09,15cacb7214da29f735fe74234e764297d31194371bcebd510dbee27b79d6d12c,4,3740,0
2,ex2-s5-e1-a1-p09,15cacb7214da29f735fe74234e764297d31194371bcebd510dbee27b79d6d12c,4,3741,0
2,ex2-s5-e1-a1-p09,15cacb7214da29f735fe74234e764297d31194371bcebd510dbee27b79d6d12c,4,3742,0
2,ex2-s5-e1-a1-p09,15cacb7214da29f735fe74234e764297d31194371bcebd510dbee27b79d6d12c,4,3743,100
2,ex2-s5-e1-a1-p09,15cacb7214da29f735fe74234e764297d31194371bcebd510dbee27b79d6d12c,4,3744,0
2,ex2-s5-e1-a1-p09,15cacb7214da29f735fe74234e764297d31194371bcebd510dbee27b79d6d12c,4,3745,0
2,ex2-s5-e1-a1-p09,15cacb7214da29f735fe74234e764297d31194371bcebd510dbee27b79d6d12c,4,3746,0
2,ex2-s5-e1-a1-p09,15cacb7214da29f735fe74234e764297d31194371bcebd510dbee27b79d6d12c,4,3747,0
2,ex2-s5-e1-a1-p09,15cacb7214da29f735fe74234e764297d31194371bcebd510dbee27b79d6d12c,4,3748,0
2,ex2-s5-e1-a1-p09,15cacb7214da29f735fe74234e764297d31194371bcebd510dbee27b79d6d12c,4,3749,0
2,ex2-s5-e1-a1-p09,15cacb7214da29f735fe74234e764297d31194371bcebd510dbee27b79d6d12c,4,3750,100
2,ex2-s5-e1-a1-p09,15cacb7214da29f735fe74234e764297d31194371bcebd510dbee27b79d6d12c,4,3751,0
2,ex2-s5-e1-a1-p09,15cacb7214da29f735fe74234e764297d31194371bcebd510dbee27b79d6d12c,4,3752,0
2,ex2-s5-e1-a1-p09,15cacb7214da29f735fe74234e764297d31194371bcebd510dbee27b79d6d12c,4,3753,0
2,ex2-s5-e1-a1-p09,15cacb7214da29f735fe74234e764297d31194371bcebd510dbee27b79d6d12c,4,3754,0
2,ex2-s5-e1-a1-p09,15cacb7214da29f735fe74234e764297d31194371bcebd510dbee27b79d6d12c,4,3755,0
2,ex2-s5-e1-a1-p09,15cacb7214da29f735fe74234e764297d31194371bcebd510dbee27b79d6d12c,4,3756,100
2,ex2-s5-e1-a1-p09,15cacb7214da29f735fe74234e764297d31194371bcebd510dbee27b79d6d12c,4,3757,0
2,ex2-s5-e1-a1-p09,15cacb7214da29f735fe74234e764297d31194371bcebd510dbee27b79d6d12c,4,3758,0
2,ex2-s5-e1-a1-p09,15cacb7214da29f735fe74234e764297d31194371bcebd510dbee27b79d6d12c,4,3759,0
2,ex2-s5-e1-a1-p09,15cacb7214da29f735fe74234e764297d31194371bcebd510dbee27b79d6d12c,4,3760,0
2,ex2-s5-e1-a1-p09,15cacb7214da29f735fe74234e764297d31194371bcebd510dbee27b79d6d12c,4,3761,0
2,ex2-s5-e1-a1-p09,15cacb7214da29f735fe74234e764297d31194371bcebd510dbee27b79d6d12c,4,3762,0
2,ex2-s5-e1-a1-p09,15cacb7214da29f735fe74234e764297d31194371bcebd510dbee27b79d6d12c,4,3763,100
2,ex2-s5-e1-a1-p09,15cacb7214da29f735fe74234e764297d31194371bcebd510dbee27b79d6d12c,4,3764,0
2,ex2-s5-e1-a1-p09,15cacb7214da29f735fe74234e764297d31194371bcebd510dbee27b79d6d12c,4,3765,0
2,ex2-s5-e1-a1-p09,15cacb7214da29f735fe74234e764297d31194371bcebd510dbee27b79d6d12c,4,3766,0
2,ex2-s5-e1-a1-p09,15cacb7214da29f735fe74234e764297d31194371bcebd510dbee27b79d6d12c,4,3767,0
2,ex2-s5-e1-a1-p09,15cacb7214da29f735fe74234e764297d31194371bcebd510dbee27b79d6d12c,4,3768,0
2,ex2-s5-e1-a1-p09,15cacb7214da29f735fe74234e764297d31194371bcebd510dbee27b79d6d12c,4,3769,100
2,ex2-s5-e1-a1-p09,15cacb7214da29f735fe74234e764297d31194371bcebd510dbee27b79d6d12c,4,3770,0
2,ex2-s5-e1-a1-p09,15cacb7214da29f735fe74234e764297d31194371bcebd510dbee27b79d6d12c,4,3771,0
2,ex2-s5-e1-a1-p09,15cacb7214da29f735fe74234e764297d31194371bcebd510dbee27b79d6d12c,4,3772,0
2,ex2-s5-e1-a1-p09,15cacb7214da29f735fe74234e764297d31194371bcebd510dbee27b79d6d12c,4,3773,0
2,ex2-s5-e1-a1-p09,15cacb7214da29f735fe74234e764297d31194371bcebd510dbee27b79d6d12c,4,3774,0
2,ex2-s5-e1-a1-p09,15cacb7214da29f735fe74234e764297d31194371bcebd510dbee27b79d6d12c,4,3775,0
2,ex2-s5-e1-a1-p09,15cacb7214da29f735fe74234e764297d31194371bcebd510dbee27b79d6d12c,4,3776,100
2,ex2-s5-e1-a1-p09,15cacb7214da29f735fe74234e764297d31194371bcebd510dbee27b79d6d12c,4,3777,0
2,ex2-s5-e1-a1-p09,15cacb7214da29f735fe74234e764297d31194371bcebd510dbee27b79d6d12c,4,3778,0
2,ex2-s5-e1-a1-p09,15cacb7214da29f735fe74234e764297d31194371bcebd510dbee27b79d6d12c,4,3779,0
2,ex2-s5-e1-a1-p09,15cacb7214da29f735fe74234e764297d31194371bcebd510dbee27b79d6d12c,4,3780,0
2,ex2-s5-e1-a1-p09,15cacb7214da29f735fe74234e764297d31194371bcebd510dbee27b79d6d12c,4,3781,0
2,ex2-s5-e1-a1-p09,15cacb7214da29f735fe74234e764297d31194371bcebd510dbee27b79d6d12c,4,3782,100
2,ex2-s5-e1-a1-p09,15cacb7214da29f735fe74234e764297d31194371bcebd510dbee27b79d6d12c,4,3783,0
2,ex2-s5-e1-a1-p09,15cacb7214da29f735fe74234e764297d31194371bcebd510dbee27b79d6d12c,4,3784,0
2,ex2-s5-e1-a1-p09,15cacb7214da29f735fe74234e764297d31194371bcebd510dbee27b79d6d12c,4,3785,0
2,ex2-s5-e1-a1-p09,15cacb7214da29f735fe74234e764297d31194371bcebd510dbee27b79d6d12c,4,3786,0
2,ex2-s5-e1-a1-p09,15cacb7214da29f735fe74234e764297d31194371bcebd510dbee27b79d6d12c,4,3787,0
2,ex2-s5-e1-a1-p09,15cacb7214da29f735fe74234e764297d31194371bcebd510dbee27b79d6d12c,4,3788,0
2,ex2-s5-e1-a1-p09,15cacb7214da29f735fe74234e764297d31194371bcebd510dbee27b79d6d12c,4,3789,100
2,ex2-s5-e1-a1-p09,15cacb7214da29f735fe74234e764297d31194371bcebd510dbee27b79d6d12c,4,3790,0
2,ex2-s5-e1-a1-p09,15cacb7214da29f735fe74234e764297d31194371bcebd510dbee27b79d6d12c,4,3791,0
2,ex2-s5-e1-a1-p09,15cacb7214da29f735fe74234e764297d31194371bcebd510dbee27b79d6d12c,4,3792,0
2,ex2-s5-e1-a1-p09,15cacb7214da29f735fe74234e764297d31194371bcebd510dbee27b79d6d12c,4,3793,0
2,ex2-s5-e1-a1-p09,15cacb7214da29f735fe74234e764297d31194371bcebd510dbee27b79d6d12c,4,3794,0
2,ex2-s5-e1-a1-p09,15cacb7214da29f735fe74234e764297d31194371bcebd510dbee27b79d6d12c,4,3795,100
2,ex2-s5-e1-a1-p09,15cacb7214da29f735fe74234e764297d31194371bcebd510dbee27b79d6d12c,4,3796,0
2,ex2-s5-e1-a1-p09,15cacb7214da29f735fe74234e764297d31194371bcebd510dbee27b79d6d12c,4,3797,0
2,ex2-s5-e1-a1-p09,15cacb7214da29f735fe74234e764297d31194371bcebd510dbee27b79d6d12c,4,3798,0
2,ex2-s5-e1-a1-p09,15cacb7214da29f735fe74234e764297d31194371bcebd510dbee27b79d6d12c,4,3799,0
2,ex2-s5-e1-a1-p09,15cacb7214da29f735fe74234e764297d31194371bcebd510dbee27b79d6d12c,4,3800,0
2,ex2-s5-e1-a1-p09,15cacb7214da29f735fe74234e764297d31194371bcebd510dbee27b79d6d12c,4,3801,0
2,ex2-s5-e1-a1-p09,15cacb7214da29f735fe74234e764297d31194371bcebd510dbee27b79d6d12c,4,3802,100
2,ex2-s5-e1-a1-p09,15cacb7214da29f735fe74234e764297d31194371bcebd510dbee27b79d6d12c,4,3803,0
2,ex2-s5-e1-a1-p09,15cacb7214da29f735fe74234e764297d31194371bcebd510dbee27b79d6d12c,4,3804,0
2,ex2-s5-e1-a1-p09,15cacb7214da29f735fe74234e764297d31194371bcebd510dbee27b79d6d12c,4,3805,0
2,ex2-s5-e1-a1-p09,15cacb7214da29f735fe74234e764297d31194371bcebd510dbee27b79d6d12c,4,3806,0
2,ex2-s5-e1-a1-p09,15cacb7214da29f735fe74234e764297d31194371bcebd510dbee27b79d6d12c,4,3807,0
2,ex2-s5-e1-a1-p09,15cacb7214da29f735fe74234e764297d31194371bcebd510dbee27b79d6d12c,4,3808,0
2,ex2-s5-e1-a1-p09,15cacb7214da29f735fe74234e764297d31194371bcebd510dbee27b79d6d12c,4,3809,100
2,ex2-s5-e1-a1-p09,15cacb7214da29f735fe74234e764297d31194371bcebd510dbee27b79d6d12c,4,3810,0
2,ex2-s5-e1-a1-p09,15cacb7214da29f735fe74234e764297d31194371bcebd510dbee27b79d6d12c,4,3811,0
2,ex2-s5-e1-a1-p09,15cacb7214da29f735fe74234e764297d31194371bcebd510dbee27b79d6d12c,4,3812,0
2,ex2-s5-e1-a1-p09,15cacb7214da29f735fe74234e764297d31194371bcebd510dbee27b79d6d12c,4,3813,0
2,ex2-s5-e1-a1-p09,15cacb7214da29f735fe74234e764297d31194371bcebd510dbee27b79d6d12c,4,3814,0
2,ex2-s5-e1-a1-p09,15cacb7214da29f735fe74234e764297d31194371bcebd510dbee27b79d6d12c,4,3815,100
2,ex2-s5-e1-a1-p09,15cacb7214da29f735fe74234e764297d31194371bcebd510dbee27b79d6d12c,4,3816,0
2,ex2-s5-e1-a1-p09,15cacb7214da29f735fe74234e764297d31194371bcebd510dbee27b79d6d12c,4,3817,0
2,ex2-s5-e1-a1-p09,15cacb7214da29f735fe74234e764297d31194371bcebd510dbee27b79d6d12c,4,3818,0
2,ex2-s5-e1-a1-p09,15cacb7214da29f735fe74234e764297d31194371bcebd510dbee27b79d6d12c,4,3819,0
2,ex2-s5-e1-a1-p09,15cacb7214da29f735fe74234e764297d31194371bcebd510dbee27b79d6d12c,4,3820,0
2,ex2-s5-e1-a1-p09,15cacb7214da29f735fe74234e764297d31194371bcebd510dbee27b79d6d12c,4,3821,0
2,ex2-s5-e1-a1-p09,15cacb7214da29f735fe74234e764297d31194371bcebd510dbee27b79d6d12c,4,3822,100
2,ex2-s5-e1-a1-p09,15cacb7214da29f735fe74234e764297d31194371bcebd510dbee27b79d6d12c,4,3823,0
2,ex2-s5-e1-a1-p09,15cacb7214da29f735fe74234e764297d31194371bcebd510dbee27b79d6d12c,4,3824,0
2,ex2-s5-e1-a1-p09,15cacb7214da29f735fe74234e764297d31194371bcebd510dbee27b79d6d12c,4,3825,0
2,ex2-s5-e1-a1-p09,15cacb7214da29f735fe74234e764297d31194371bcebd510dbee27b79d6d12c,4,3826,0
2,ex2-s5-e1-a1-p09,15cacb7214da29f735fe74234e764297d31194371bcebd510dbee27b79d6d12c,4,3827,0
2,ex2-s5-e1-a1-p09,15cacb7214da29f735fe74234e764297d31194371bcebd510dbee27b79d6d12c,4,3828,100
2,ex2-s5-e1-a1-p09,15cacb7214da29f735fe74234e764297d31194371bcebd510dbee27b79d6d12c,4,3829,0
2,ex2-s5-e1-a1-p09,15cacb7214da29f735fe74234e764297d31194371bcebd510dbee27b79d6d12c,4,3830,0
2,ex2-s5-e1-a1-p09,15cacb7214da29f735fe74234e764297d31194371bcebd510dbee27b79d6d12c,4,3831,0
2,ex2-s5-e1-a1-p09,15cacb7214da29f735fe74234e764297d31194371bcebd510dbee27b79d6d12c,4,3832,0
2,ex2-s5-e1-a1-p09,15cacb7214da29f735fe74234e764297d31194371bcebd510dbee27b79d6d12c,4,3833,0
2,ex2-s5-e1-a1-p09,15cacb7214da29f735fe74234e764297d31194371bcebd510dbee27b79d6d12c,4,3834,0
2,ex2-s5-e1-a1-p09,15cacb7214da29f735fe74234e764297d31194371bcebd510dbee27b79d6d12c,4,3835,100
2,ex2-s5-e1-a1-p09,15cacb7214da29f735fe74234e764297d31194371bcebd510dbee27b79d6d12c,4,3836,0
2,ex2-s5-e1-a1-p09,15cacb7214da29f735fe74234e764297d31194371bcebd510dbee27b79d6d12c,4,3837,0
2,ex2-s5-e1-a1-p09,15cacb7214da29f735fe74234e764297d31194371bcebd510dbee27b79d6d12c,4,3838,0
2,ex2-s5-e1-a1-p09,15cacb7214da29f735fe74234e764297d31194371bcebd510dbee27b79d6d12c,4,3839,0
2,ex2-s5-e1-a1-p09,15cacb7214da29f735fe74234e764297d31194371bcebd510dbee27b79d6d12c,4,3840,0
2,ex2-s5-e1-a1-p09,15cacb7214da29f735fe74234e764297d31194371bcebd510dbee27b79d6d12c,4,3841,100
2,ex2-s5-e1-a1-p09,15cacb7214da29f735fe74234e764297d31194371bcebd510dbee27b79d6d12c,4,3842,0
2,ex2-s5-e1-a1-p09,15cacb7214da29f735fe74234e764297d31194371bcebd510dbee27b79d6d12c,4,3843,0
2,ex2-s5-e1-a1-p09,15cacb7214da29f735fe74234e764297d31194371bcebd510dbee27b79d6d12c,4,3844,0
2,ex2-s5-e1-a1-p09,15cacb7214da29f735fe74234e764297d31194371bcebd510dbee27b79d6d12c,4,3845,0
2,ex2-s5-e1-a1-p09,15cacb7214da29f735fe74234e764297d31194371bcebd510dbee27b79d6d12c,4,3846,0
2,ex2-s5-e1-a1-p09,15cacb7214da29f735fe74234e764297d31194371bcebd510dbee27b79d6d12c,4,3847,0
2,ex2-s5-e1-a1-p09,15cacb7214da29f735fe74234e764297d31194371bcebd510dbee27b79d6d12c,4,3848,100
2,ex2-s5-e1-a1-p09,15cacb7214da29f735fe74234e764297d31194371bcebd510dbee27b79d6d12c,4,3849,0
2,ex2-s5-e1-a1-p09,15cacb7214da29f735fe74234e764297d31194371bcebd510dbee27b79d6d12c,4,3850,0
2,ex2-s5-e1-a1-p09,15cacb7214da29f735fe74234e764297d31194371bcebd510dbee27b79d6d12c,4,3851,0
2,ex2-s5-e1-a1-p09,15cacb7214da29f735fe74234e764297d31194371bcebd510dbee27b79d6d12c,4,3852,0
2,ex2-s5-e1-a1-p09,15cacb7214da29f735fe74234e764297d31194371bcebd510dbee27b79d6d12c,4,3853,0
2,ex2-s5-e1-a1-p09,15cacb7214da29f735fe74234e764297d31194371bcebd510dbee27b79d6d12c,4,3854,100
2,ex2-s5-e1-a1-p09,15cacb7214da29f735fe74234e764297d31194371bcebd510dbee27b79d6d12c,4,3855,0
2,ex2-s5-e1-a1-p09,15cacb7214da29f735fe74234e764297d31194371bcebd510dbee27b79d6d12c,4,3856,0
2,ex2-s5-e1-a1-p09,15cacb7214da29f735fe74234e764297d31194371bcebd510dbee27b79d6d12c,4,3857,0
2,ex2-s5-e1-a1-p09,15cacb7214da29f735fe74234e764297d31194371bcebd510dbee27b79d6d12c,4,3858,0
2,ex2-s5-e1-a1-p09,15cacb7214da29f735fe74234e764297d31194371bcebd510dbee27b79d6d12c,4,3859,0
2,ex2-s5-e1-a1-p09,15cacb7214da29f735fe74234e764297d31194371bcebd510dbee27b79d6d12c,4,3860,0
2,ex2-s5-e1-a1-p09,15cacb7214da29f735fe74234e764297d31194371bcebd510dbee27b79d6d12c,4,3861,100
2,ex2-s5-e1-a1-p09,15cacb7214da29f735fe74234e764297d31194371bcebd510dbee27b79d6d12c,4,3862,0
2,ex2-s5-e1-a1-p09,15cacb7214da29f735fe74234e764297d31194371bcebd510dbee27b79d6d12c,4,3863,0
2,ex2-s5-e1-a1-p09,15cacb7214da29f735fe74234e764297d31194371bcebd510dbee27b79d6d12c,4,3864,0
2,ex2-s5-e1-a1-p09,15cacb7214da29f735fe74234e764297d31194371bcebd510dbee27b79d6d12c,4,3865,0
2,ex2-s5-e1-a1-p09,15cacb7214da29f735fe74234e764297d31194371bcebd510dbee27b79d6d12c,4,3866,0
2,ex2-s5-e1-a1-p09,15cacb7214da29f735fe74234e764297d31194371bcebd510dbee27b79d6d12c,4,3867,100
2,ex2-s5-e1-a1-p09,15cacb7214da29f735fe74234e764297d31194371bcebd510dbee27b79d6d12c,4,3868,0
2,ex2-s5-e1-a1-p09,15cacb7214da29f735fe74234e764297d31194371bcebd510dbee27b79d6d12c,4,3869,0
2,ex2-s5-e1-a1-p09,15cacb7214da29f735fe74234e764297d31194371bcebd510dbee27b79d6d12c,4,3870,0
2,ex2-s5-e1-a1-p09,15cacb7214da29f735fe74234e764297d31194371bcebd510dbee27b79d6d12c,4,3871,0
2,ex2-s5-e1-a1-p09,15cacb7214da29f735fe74234e764297d31194371bcebd510dbee27b79d6d12c,4,3872,0
2,ex2-s5-e1-a1-p09,15cacb7214da29f735fe74234e764297d31194371bcebd510dbee27b79d6d12c,4,3873,0
2,ex2-s5-e1-a1-p09,15cacb7214da29f735fe74234e764297d31194371bcebd510dbee27b79d6d12c,4,3874,100
2,ex2-s5-e1-a1-p09,15cacb7214da29f735fe74234e764297d31194371bcebd510dbee27b79d6d12c,4,3875,0
2,ex2-s5-e1-a1-p09,15cacb7214da29f735fe74234e764297d31194371bcebd510dbee27b79d6d12c,4,3876,0
2,ex2-s5-e1-a1-p09,15cacb7214da29f735fe74234e764297d31194371bcebd510dbee27b79d6d12c,4,3877,0
2,ex2-s5-e1-a1-p09,15cacb7214da29f735fe74234e764297d31194371bcebd510dbee27b79d6d12c,4,3878,0
2,ex2-s5-e1-a1-p09,15cacb7214da29f735fe74234e764297d31194371bcebd510dbee27b79d6d12c,4,3879,0
2,ex2-s5-e1-a1-p09,15cacb7214da29f735fe74234e764297d31194371bcebd510dbee27b79d6d12c,4,3880,100
2,ex2-s5-e1-a1-p09,15cacb7214da29f735fe74234e764297d31194371bcebd510dbee27b79d6d12c,4,3881,0
2,ex2-s5-e1-a1-p09,15cacb7214da29f735fe74234e764297d31194371bcebd510dbee27b79d6d12c,4,3882,0
2,ex2-s5-e1-a1-p09,15cacb7214da29f735fe74234e764297d31194371bcebd510dbee27b79d6d12c,4,3883,0
2,ex2-s5-e1-a1-p09,15cacb7214da29f735fe74234e764297d31194371bcebd510dbee27b79d6d12c,4,3884,0
2,ex2-s5-e1-a1-p09,15cacb7214da29f735fe74234e764297d31194371bcebd510dbee27b79d6d12c,4,3885,0
2,ex2-s5-e1-a1-p09,15cacb7214da29f735fe74234e764297d31194371bcebd510dbee27b79d6d12c,4,3886,0
2,ex2-s5-e1-a1-p09,15cacb7214da29f735fe74234e764297d31194371bcebd510dbee27b79d6d12c,4,3887,100
2,ex2-s5-e1-a1-p09,15cacb7214da29f735fe74234e764297d31194371bcebd510dbee27b79d6d12c,4,3888,0
2,ex2-s5-e1-a1-p09,15cacb7214da29f735fe74234e764297d31194371bcebd510dbee27b79d6d12c,4,3889,0
2,ex2-s5-e1-a1-p09,15cacb7214da29f735fe74234e764297d31194371bcebd510dbee27b79d6d12c,4,3890,0
2,ex2-s5-e1-a1-p09,15cacb7214da29f735fe74234e764297d31194371bcebd510dbee27b79d6d12c,4,3891,0
2,ex2-s5-e1-a1-p09,15cacb7214da29f735fe74234e764297d31194371bcebd510dbee27b79d6d12c,4,3892,0
2,ex2-s5-e1-a1-p09,15cacb7214da29f735fe74234e764297d31194371bcebd510dbee27b79d6d12c,4,3893,100
2,ex2-s5-e1-a1-p09,15cacb7214da29f735fe74234e764297d31194371bcebd510dbee27b79d6d12c,4,3894,0
2,ex2-s5-e1-a1-p09,15cacb7214da29f735fe74234e764297d31194371bcebd510dbee27b79d6d12c,4,3895,0
2,ex2-s5-e1-a1-p09,15cacb7214da29f735fe74234e764297d31194371bcebd510dbee27b79d6d12c,4,3896,0
2,ex2-s5-e1-a1-p09,15cacb7214da29f735fe74234e764297d31194371bcebd510dbee27b79d6d12c,4,3897,0
2,ex2-s5-e1-a1-p09,15cacb7214da29f735fe74234e764297d31194371bcebd510dbee27b79d6d12c,4,3898,0
2,ex2-s5-e1-a1-p09,15cacb7214da29f735fe74234e764297d31194371bcebd510dbee27b79d6d12c,4,3899,0
2,ex2-s5-e1-a1-p09,15cacb7214da29f735fe74234e764297d31194371bcebd510dbee27b79d6d12c,4,3900,100
2,ex2-s5-e1-a1-p09,15cacb7214da29f735fe74234e764297d31194371bcebd510dbee27b79d6d12c,4,3901,0
2,ex2-s5-e1-a1-p09,15cacb7214da29f735fe74234e764297d31194371bcebd510dbee27b79d6d12c,4,3902,0
2,ex2-s5-e1-a1-p09,15cacb7214da29f735fe74234e764297d31194371bcebd510dbee27b79d6d12c,4,3903,0
2,ex2-s5-e1-a1-p09,15cacb7214da29f735fe74234e764297d31194371bcebd510dbee27b79d6d12c,4,3904,0
2,ex2-s5-e1-a1-p09,15cacb7214da29f735fe74234e764297d31194371bcebd510dbee27b79d6d12c,4,3905,0
2,ex2-s5-e1-a1-p09,15cacb7214da29f735fe74234e764297d31194371bcebd510dbee27b79d6d12c,4,3906,100
2,ex2-s5-e1-a1-p09,15cacb7214da29f735fe74234e764297d31194371bcebd510dbee27b79d6d12c,4,3907,0
2,ex2-s5-e1-a1-p09,15cacb7214da29f735fe74234e764297d31194371bcebd510dbee27b79d6d12c,4,3908,0
2,ex2-s5-e1-a1-p09,15cacb7214da29f735fe74234e764297d31194371bcebd510dbee27b79d6d12c,4,3909,0
2,ex2-s5-e1-a1-p09,15cacb7214da29f735fe74234e764297d31194371bcebd510dbee27b79d6d12c,4,3910,0
2,ex2-s5-e1-a1-p09,15cacb7214da29f735fe74234e764297d31194371bcebd510dbee27b79d6d12c,4,3911,0
2,ex2-s5-e1-a1-p09,15cacb7214da29f735fe74234e764297d31194371bcebd510dbee27b79d6d12c,4,3912,0
2,ex2-s5-e1-a1-p09,15cacb7214da29f735fe74234e764297d31194371bcebd510dbee27b79d6d12c,4,3913,100
2,ex2-s5-e1-a1-p09,15cacb7214da29f735fe74234e764297d31194371bcebd510dbee27b79d6d12c,4,3914,0
2,ex2-s5-e1-a1-p09,15cacb7214da29f735fe74234e764297d31194371bcebd510dbee27b79d6d12c,4,3915,0
2,ex2-s5-e1-a1-p09,15cacb7214da29f735fe74234e764297d31194371bcebd510dbee27b79d6d12c,4,3916,0
2,ex2-s5-e1-a1-p09,15cacb7214da29f735fe74234e764297d31194371bcebd510dbee27b79d6d12c,4,3917,0
2,ex2-s5-e1-a1-p09,15cacb7214da29f735fe74234e764297d31194371bcebd510dbee27b79d6d12c,4,3918,0
2,ex2-s5-e1-a1-p09,15cacb7214da29f735fe74234e764297d31194371bcebd510dbee27b79d6d12c,4,3919,100
2,ex2-s5-e1-a1-p09,15cacb7214da29f735fe74234e764297d31194371bcebd510dbee27b79d6d12c,4,3920,0
2,ex2-s5-e1-a1-p09,15cacb7214da29f735fe74234e764297d31194371bcebd510dbee27b79d6d12c,4,3921,0
2,ex2-s5-e1-a1-p09,15cacb7214da29f735fe74234e764297d31194371bcebd510dbee27b79d6d12c,4,3922,0
2,ex2-s5-e1-a1-p09,15cacb7214da29f735fe74234e764297d31194371bcebd510dbee27b79d6d12c,4,3923,0
2,ex2-s5-e1-a1-p09,15cacb7214da29f735fe74234e764297d31194371bcebd510dbee27b79d6d12c,4,3924,0
2,ex2-s5-e1-a1-p09,15cacb7214da29f735fe74234e764297d31194371bcebd510dbee27b79d6d12c,4,3925,0
2,ex2-s5-e1-a1-p09,15cacb7214da29f735fe74234e764297d31194371bcebd510dbee27b79d6d12c,4,3926,100
2,ex2-s5-e1-a1-p09,15cacb7214da29f735fe74234e764297d31194371bcebd510dbee27b79d6d12c,4,3927,0
2,ex2-s5-e1-a1-p09,15cacb7214da29f735fe74234e764297d31194371bcebd510dbee27b79d6d12c,4,3928,0
2,ex2-s5-e1-a1-p09,15cacb7214da29f735fe74234e764297d31194371bcebd510dbee27b79d6d12c,4,3929,0
2,ex2-s5-e1-a1-p09,15cacb7214da29f735fe74234e764297d31194371bcebd510dbee27b79d6d12c,4,3930,0
2,ex2-s5-e1-a1-p09,15cacb7214da29f735fe74234e764297d31194371bcebd510dbee27b79d6d12c,4,3931,0
2,ex2-s5-e1-a1-p09,15cacb7214da29f735fe74234e764297d31194371bcebd510dbee27b79d6d12c,4,3932,100
2,ex2-s5-e1-a1-p09,15cacb7214da29f735fe74234e764297d31194371bcebd510dbee27b79d6d12c,4,3933,0
2,ex2-s5-e1-a1-p09,15cacb7214da29f735fe74234e764297d31194371bcebd510dbee27b79d6d12c,4,3934,0
2,ex2-s5-e1-a1-p09,15cacb7214da29f735fe74234e764297d31194371bcebd510dbee27b79d6d12c,4,3935,0
2,ex2-s5-e1-a1-p09,15cacb7214da29f735fe74234e764297d31194371bcebd510dbee27b79d6d12c,4,3936,0
2,ex2-s5-e1-a1-p09,15cacb7214da29f735fe74234e764297d31194371bcebd510dbee27b79d6d12c,4,3937,0
2,ex2-s5-e1-a1-p09,15cacb7214da29f735fe74234e764297d31194371bcebd510dbee27b79d6d12c,4,3938,0
2,ex2-s5-e1-a1-p09,15cacb7214da29f735fe74234e764297d31194371bcebd510dbee27b79d6d12c,4,3939,100
2,ex2-s5-e1-a1-p09,15cacb7214da29f735fe74234e764297d31194371bcebd510dbee27b79d6d12c,4,3940,0
2,ex2-s5-e1-a1-p09,15cacb7214da29f735fe74234e764297d31194371bcebd510dbee27b79d6d12c,4,3941,0
2,ex2-s5-e1-a1-p09,15cacb7214da29f735fe74234e764297d31194371bcebd510dbee27b79d6d12c,4,3942,0
2,ex2-s5-e1-a1-p09,15cacb7214da29f735fe74234e764297d31194371bcebd510dbee27b79d6d12c,4,3943,0
2,ex2-s5-e1-a1-p09,15cacb7214da29f735fe74234e764297d31194371bcebd510dbee27b79d6d12c,4,3944,0
2,ex2-s5-e1-a1-p09,15cacb7214da29f735fe74234e764297d31194371bcebd510dbee27b79d6d12c,4,3945,100
2,ex2-s5-e1-a1-p09,15cacb7214da29f735fe74234e764297d31194371bcebd510dbee27b79d6d12c,4,3946,0
2,ex2-s5-e1-a1-p09,15cacb7214da29f735fe74234e764297d31194371bcebd510dbee27b79d6d12c,4,3947,0
2,ex2-s5-e1-a1-p09,15cacb7214da29f735fe74234e764297d31194371bcebd510dbee27b79d6d12c,4,3948,0
2,ex2-s5-e1-a1-p09,15cacb7214da29f735fe74234e764297d31194371bcebd510dbee27b79d6d12c,4,3949,0
2,ex2-s5-e1-a1-p09,15cacb7214da29f735fe74234e764297d31194371bcebd510dbee27b79d6d12c,4,3950,0
2,ex2-s5-e1-a1-p09,15cacb7214da29f735fe74234e764297d31194371bcebd510dbee27b79d6d12c,4,3951,0
2,ex2-s5-e1-a1-p09,15cacb7214da29f735fe74234e764297d31194371bcebd510dbee27b79d6d12c,4,3952,100
2,ex2-s5-e1-a1-p09,15cacb7214da29f735fe74234e764297d31194371bcebd510dbee27b79d6d12c,4,3953,0
2,ex2-s5-e1-a1-p09,15cacb7214da29f735fe74234e764297d31194371bcebd510dbee27b79d6d12c,4,3954,0
2,ex2-s5-e1-a1-p09,15cacb7214da29f735fe74234e764297d31194371bcebd510dbee27b79d6d12c,4,3955,0
2,ex2-s5-e1-a1-p09,15cacb7214da29f735fe74234e764297d31194371bcebd510dbee27b79d6d12c,4,3956,0
2,ex2-s5-e1-a1-p09,15cacb7214da29f735fe74234e764297d31194371bcebd510dbee27b79d6d12c,4,3957,0
2,ex2-s5-e1-a1-p09,15cacb7214da29f735fe74234e764297d31194371bcebd510dbee27b79d6d12c,4,3958,100
2,ex2-s5-e1-a1-p09,15cacb7214da29f735fe74234e764297d31194371bcebd510dbee27b79d6d12c,4,3959,0
2,ex2-s5-e1-a1-p09,15cacb7214da29f735fe74234e764297d31194371bcebd510dbee27b79d6d12c,4,3960,0
2,ex2-s5-e1-a1-p09,15cacb7214da29f735fe74234e764297d31194371bcebd510dbee27b79d6d12c,4,3961,0
2,ex2-s5-e1-a1-p09,15cacb7214da29f735fe74234e764297d31194371bcebd510dbee27b79d6d12c,4,3962,0
2,ex2-s5-e1-a1-p09,15cacb7214da29f735fe74234e764297d31194371bcebd510dbee27b79d6d12c,4,3963,0
2,ex2-s5-e1-a1-p09,15cacb7214da29f735fe74234e764297d31194371bcebd510dbee27b79d6d12c,4,3964,0
2,ex2-s5-e1-a1-p09,15cacb7214da29f735fe74234e764297d31194371bcebd510dbee27b79d6d12c,4,3965,100
2,ex2-s5-e1-a1-p09,15cacb7214da29f735fe74234e764297d31194371bcebd510dbee27b79d6d12c,4,3966,0
2,ex2-s5-e1-a1-p09,15cacb7214da29f735fe74234e764297d31194371bcebd510dbee27b79d6d12c,4,3967,0
2,ex2-s5-e1-a1-p09,15cacb7214da29f735fe74234e764297d31194371bcebd510dbee27b79d6d12c,4,3968,0
2,ex2-s5-e1-a1-p09,15cacb7214da29f735fe74234e764297d31194371bcebd510dbee27b79d6d12c,4,3969,0
2,ex2-s5-e1-a1-p09,15cacb7214da29f735fe74234e764297d31194371bcebd510dbee27b79d6d12c,4,3970,0
2,ex2-s5-e1-a1-p09,15cacb7214da29f735fe74234e764297d31194371bcebd510dbee27b79d6d12c,4,3971,100
2,ex2-s5-e1-a1-p09,15cacb7214da29f735fe74234e764297d31194371bcebd510dbee27b79d6d12c,4,3972,0
2,ex2-s5-e1-a1-p09,15cacb7214da29f735fe74234e764297d31194371bcebd510dbee27b79d6d12c,4,3973,0
2,ex2-s5-e1-a1-p09,15cacb7214da29f735fe74234e764297d31194371bcebd510dbee27b79d6d12c,4,3974,0
2,ex2-s5-e1-a1-p09,15cacb7214da29f735fe74234e764297d31194371bcebd510dbee27b79d6d12c,4,3975,0
2,ex2-s5-e1-a1-p09,15cacb7214da29f735fe74234e764297d31194371bcebd510dbee27b79d6d12c,4,3976,0
2,ex2-s5-e1-a1-p09,15cacb7214da29f735fe74234e764297d31194371bcebd510dbee27b79d6d12c,4,3977,0
2,ex2-s5-e1-a1-p09,15cacb7214da29f735fe74234e764297d31194371bcebd510dbee27b79d6d12c,4,3978,100
2,ex2-s5-e1-a1-p09,15cacb7214da29f735fe74234e764297d31194371bcebd510dbee27b79d6d12c,4,3979,0
2,ex2-s5-e1-a1-p09,15cacb7214da29f735fe74234e764297d31194371bcebd510dbee27b79d6d12c,4,3980,0
2,ex2-s5-e1-a1-p09,15cacb7214da29f735fe74234e764297d31194371bcebd510dbee27b79d6d12c,4,3981,0
2,ex2-s5-e1-a1-p09,15cacb7214da29f735fe74234e764297d31194371bcebd510dbee27b79d6d12c,4,3982,0
2,ex2-s5-e1-a1-p09,15cacb7214da29f735fe74234e764297d31194371bcebd510dbee27b79d6d12c,4,3983,0
2,ex2-s5-e1-a1-p09,15cacb7214da29f735fe74234e764297d31194371bcebd510dbee27b79d6d12c,4,3984,100
2,ex2-s5-e1-a1-p09,15cacb7214da29f735fe74234e764297d31194371bcebd510dbee27b79d6d12c,4,3985,0
2,ex2-s5-e1-a1-p09,15cacb7214da29f735fe74234e764297d31194371bcebd510dbee27b79d6d12c,4,3986,0
2,ex2-s5-e1-a1-p09,15cacb7214da29f735fe74234e764297d31194371bcebd510dbee27b79d6d12c,4,3987,0
2,ex2-s5-e1-a1-p09,15cacb7214da29f735fe74234e764297d31194371bcebd510dbee27b79d6d12c,4,3988,0
2,ex2-s5-e1-a1-p09,15cacb7214da29f735fe74234e764297d31194371bcebd510dbee27b79d6d12c,4,3989,0
2,ex2-s5-e1-a1-p09,15cacb7214da29f735fe74234e764297d31194371bcebd510dbee27b79d6d12c,4,3990,0
2,ex2-s5-e1-a1-p09,15cacb7214da29f735fe74234e764297d31194371bcebd510dbee27b79d6d12c,4,3991,100
2,ex2-s5-e1-a1-p09,15cacb7214da29f735fe74234e764297d31194371bcebd510dbee27b79d6d12c,4,3992,0
2,ex2-s5-e1-a1-p09,15cacb7214da29f735fe74234e764297d31194371bcebd510dbee27b79d6d12c,4,3993,0
2,ex2-s5-e1-a1-p09,15cacb7214da29f735fe74234e764297d31194371bcebd510dbee27b79d6d12c,4,3994,0
2,ex2-s5-e1-a1-p09,15cacb7214da29f735fe74234e764297d31194371bcebd510dbee27b79d6d12c,4,3995,0
2,ex2-s5-e1-a1-p09,15cacb7214da29f735fe74234e764297d31194371bcebd510dbee27b79d6d12c,4,3996,0
2,ex2-s5-e1-a1-p09,15cacb7214da29f735fe74234e764297d31194371bcebd510dbee27b79d6d12c,4,3997,100
2,ex2-s5-e1-a1-p09,15cacb7214da29f735fe74234e764297d31194371bcebd510dbee27b79d6d12c,4,3998,0
2,ex2-s5-e1-a1-p09,15cacb7214da29f735fe74234e764297d31194371bcebd510dbee27b79d6d12c,4,3999,0
2,ex2-s5-e1-a1-p09,15cacb7214da29f735fe74234e764297d31194371bcebd510dbee27b79d6d12c,4,4000,0
2,ex2-s5-e1-a1-p09,15cacb7214da29f735fe74234e764297d31194371bcebd510dbee27b79d6d12c,4,4001,0
2,ex2-s5-e1-a1-p09,15cacb7214da29f735fe74234e764297d31194371bcebd510dbee27b79d6d12c,4,4002,0
2,ex2-s5-e1-a1-p09,15cacb7214da29f735fe74234e764297d31194371bcebd510dbee27b79d6d12c,4,4003,0
2,ex2-s5-e1-a1-p09,15cacb7214da29f735fe74234e764297d31194371bcebd510dbee27b79d6d12c,4,4004,100
2,ex2-s5-e1-a1-p09,15cacb7214da29f735fe74234e764297d31194371bcebd510dbee27b79d6d12c,4,4005,0
2,ex2-s5-e1-a1-p09,15cacb7214da29f735fe74234e764297d31194371bcebd510dbee27b79d6d12c,4,4006,0
2,ex2-s5-e1-a1-p09,15cacb7214da29f735fe74234e764297d31194371bcebd510dbee27b79d6d12c,4,4007,0
2,ex2-s5-e1-a1-p09,15cacb7214da29f735fe74234e764297d31194371bcebd510dbee27b79d6d12c,4,4008,0
2,ex2-s5-e1-a1-p09,15cacb7214da29f735fe74234e764297d31194371bcebd510dbee27b79d6d12c,4,4009,0
2,ex2-s5-e1-a1-p09,15cacb7214da29f735fe74234e764297d31194371bcebd510dbee27b79d6d12c,4,4010,100
2,ex2-s5-e1-a1-p09,15cacb7214da29f735fe74234e764297d31194371bcebd510dbee27b79d6d12c,4,4011,0
2,ex2-s5-e1-a1-p09,15cacb7214da29f735fe74234e764297d31194371bcebd510dbee27b79d6d12c,4,4012,0
2,ex2-s5-e1-a1-p09,15cacb7214da29f735fe74234e764297d31194371bcebd510dbee27b79d6d12c,4,4013,0
2,ex2-s5-e1-a1-p09,15cacb7214da29f735fe74234e764297d31194371bcebd510dbee27b79d6d12c,4,4014,0
2,ex2-s5-e1-a1-p09,15cacb7214da29f735fe74234e764297d31194371bcebd510dbee27b79d6d12c,4,4015,0
2,ex2-s5-e1-a1-p09,15cacb7214da29f735fe74234e764297d31194371bcebd510dbee27b79d6d12c,4,4016,0
2,ex2-s5-e1-a1-p09,15cacb7214da29f735fe74234e764297d31194371bcebd510dbee27b79d6d12c,4,4017,100
2,ex2-s5-e1-a1-p09,15cacb7214da29f735fe74234e764297d31194371bcebd510dbee27b79d6d12c,4,4018,0
2,ex2-s5-e1-a1-p09,15cacb7214da29f735fe74234e764297d31194371bcebd510dbee27b79d6d12c,4,4019,0
2,ex2-s5-e1-a1-p09,15cacb7214da29f735fe74234e764297d31194371bcebd510dbee27b79d6d12c,4,4020,0
2,ex2-s5-e1-a1-p09,15cacb7214da29f735fe74234e764297d31194371bcebd510dbee27b79d6d12c,4,4021,0
2,ex2-s5-e1-a1-p09,15cacb7214da29f735fe74234e764297d31194371bcebd510dbee27b79d6d12c,4,4022,0
2,ex2-s5-e1-a1-p09,15cacb7214da29f735fe74234e764297d31194371bcebd510dbee27b79d6d12c,4,4023,100
2,ex2-s5-e1-a1-p09,15cacb7214da29f735fe74234e764297d31194371bcebd510dbee27b79d6d12c,4,4024,0
2,ex2-s5-e1-a1-p09,15cacb7214da29f735fe74234e764297d31194371bcebd510dbee27b79d6d12c,4,4025,0
2,ex2-s5-e1-a1-p09,15cacb7214da29f735fe74234e764297d31194371bcebd510dbee27b79d6d12c,4,4026,0
2,ex2-s5-e1-a1-p09,15cacb7214da29f735fe74234e764297d31194371bcebd510dbee27b79d6d12c,4,4027,0
2,ex2-s5-e1-a1-p09,15cacb7214da29f735fe74234e764297d31194371bcebd510dbee27b79d6d12c,4,4028,0
2,ex2-s5-e1-a1-p09,15cacb7214da29f735fe74234e764297d31194371bcebd510dbee27b79d6d12c,4,4029,0
2,ex2-s5-e1-a1-p09,15cacb7214da29f735fe74234e764297d31194371bcebd510dbee27b79d6d12c,4,4030,100
2,ex2-s5-e1-a1-p09,15cacb7214da29f735fe74234e764297d31194371bcebd510dbee27b79d6d12c,4,4031,0
2,ex2-s5-e1-a1-p09,15cacb7214da29f735fe74234e764297d31194371bcebd510dbee27b79d6d12c,4,4032,0
2,ex2-s5-e1-a1-p09,15cacb7214da29f735fe74234e764297d31194371bcebd510dbee27b79d6d12c,4,4033,0
2,ex2-s5-e1-a1-p09,15cacb7214da29f735fe74234e764297d31194371bcebd510dbee27b79d6d12c,4,4034,0
2,ex2-s5-e1-a1-p09,15cacb7214da29f735fe74234e764297d31194371bcebd510dbee27b79d6d12c,4,4035,0
2,ex2-s5-e1-a1-p09,15cacb7214da29f735fe74234e764297d31194371bcebd510dbee27b79d6d12c,4,4036,100
2,ex2-s5-e1-a1-p09,15cacb7214da29f735fe74234e764297d31194371bcebd510dbee27b79d6d12c,4,4037,0
2,ex2-s5-e1-a1-p09,15cacb7214da29f735fe74234e764297d31194371bcebd510dbee27b79d6d12c,4,4038,0
2,ex2-s5-e1-a1-p09,15cacb7214da29f735fe74234e764297d31194371bcebd510dbee27b79d6d12c,4,4039,0
2,ex2-s5-e1-a1-p09,15cacb7214da29f735fe74234e764297d31194371bcebd510dbee27b79d6d12c,4,4040,0
2,ex2-s5-e1-a1-p09,15cacb7214da29f735fe74234e764297d31194371bcebd510dbee27b79d6d12c,4,4041,0
2,ex2-s5-e1-a1-p09,15cacb7214da29f735fe74234e764297d31194371bcebd510dbee27b79d6d12c,4,4042,0
2,ex2-s5-e1-a1-p09,15cacb7214da29f735fe74234e764297d31194371bcebd510dbee27b79d6d12c,4,4043,100
2,ex2-s5-e1-a1-p09,15cacb7214da29f735fe74234e764297d31194371bcebd510dbee27b79d6d12c,4,4044,0
2,ex2-s5-e1-a1-p09,15cacb7214da29f735fe74234e764297d31194371bcebd510dbee27b79d6d12c,4,4045,0
2,ex2-s5-e1-a1-p09,15cacb7214da29f735fe74234e764297d31194371bcebd510dbee27b79d6d12c,4,4046,0
2,ex2-s5-e1-a1-p09,15cacb7214da29f735fe74234e764297d31194371bcebd510dbee27b79d6d12c,4,4047,0
2,ex2-s5-e1-a1-p09,15cacb7214da29f735fe74234e764297d31194371bcebd510dbee27b79d6d12c,4,4048,0
2,ex2-s5-e1-a1-p09,15cacb7214da29f735fe74234e764297d31194371bcebd510dbee27b79d6d12c,4,4049,100
2,ex2-s5-e1-a1-p09,15cacb7214da29f735fe74234e764297d31194371bcebd510dbee27b79d6d12c,4,4050,0
2,ex2-s5-e1-a1-p09,15cacb7214da29f735fe74234e764297d31194371bcebd510dbee27b79d6d12c,4,4051,0
2,ex2-s5-e1-a1-p09,15cacb7214da29f735fe74234e764297d31194371bcebd510dbee27b79d6d12c,4,4052,0
2,ex2-s5-e1-a1-p09,15cacb7214da29f735fe74234e764297d31194371bcebd510dbee27b79d6d12c,4,4053,0
2,ex2-s5-e1-a1-p09,15cacb7214da29f735fe74234e764297d31194371bcebd510dbee27b79d6d12c,4,4054,0
2,ex2-s5-e1-a1-p09,15cacb7214da29f735fe74234e764297d31194371bcebd510dbee27b79d6d12c,4,4055,0
2,ex2-s5-e1-a1-p09,15cacb7214da29f735fe74234e764297d31194371bcebd510dbee27b79d6d12c,4,4056,100
2,ex2-s5-e1-a1-p09,15cacb7214da29f735fe74234e764297d31194371bcebd510dbee27b79d6d12c,4,4057,0
2,ex2-s5-e1-a1-p09,15cacb7214da29f735fe74234e764297d31194371bcebd510dbee27b79d6d12c,4,4058,0
2,ex2-s5-e1-a1-p09,15cacb7214da29f735fe74234e764297d31194371bcebd510dbee27b79d6d12c,4,4059,0
2,ex2-s5-e1-a1-p09,15cacb7214da29f735fe74234e764297d31194371bcebd510dbee27b79d6d12c,4,4060,0
2,ex2-s5-e1-a1-p09,15cacb7214da29f735fe74234e764297d31194371bcebd510dbee27b79d6d12c,4,4061,0
2,ex2-s5-e1-a1-p09,15cacb7214da29f735fe74234e764297d31194371bcebd510dbee27b79d6d12c,4,4062,100
2,ex2-s5-e1-a1-p09,15cacb7214da29f735fe74234e764297d31194371bcebd510dbee27b79d6d12c,4,4063,0
2,ex2-s5-e1-a1-p09,15cacb7214da29f735fe74234e764297d31194371bcebd510dbee27b79d6d12c,4,4064,0
2,ex2-s5-e1-a1-p09,15cacb7214da29f735fe74234e764297d31194371bcebd510dbee27b79d6d12c,4,4065,0
2,ex2-s5-e1-a1-p09,15cacb7214da29f735fe74234e764297d31194371bcebd510dbee27b79d6d12c,4,4066,0
2,ex2-s5-e1-a1-p09,15cacb7214da29f735fe74234e764297d31194371bcebd510dbee27b79d6d12c,4,4067,0
2,ex2-s5-e1-a1-p09,15cacb7214da29f735fe74234e764297d31194371bcebd510dbee27b79d6d12c,4,4068,0
2,ex2-s5-e1-a1-p09,15cacb7214da29f735fe74234e764297d31194371bcebd510dbee27b79d6d12c,4,4069,100
2,ex2-s5-e1-a1-p09,15cacb7214da29f735fe74234e764297d31194371bcebd510dbee27b79d6d12c,4,4070,0
2,ex2-s5-e1-a1-p09,15cacb7214da29f735fe74234e764297d31194371bcebd510dbee27b79d6d12c,4,4071,0
2,ex2-s5-e1-a1-p09,15cacb7214da29f735fe74234e764297d31194371bcebd510dbee27b79d6d12c,4,4072,0
2,ex2-s5-e1-a1-p09,15cacb7214da29f735fe74234e764297d31194371bcebd510dbee27b79d6d12c,4,4073,0
2,ex2-s5-e1-a1-p09,15cacb7214da29f735fe74234e764297d31194371bcebd510dbee27b79d6d12c,4,4074,0
2,ex2-s5-e1-a1-p09,15cacb7214da29f735fe74234e764297d31194371bcebd510dbee27b79d6d12c,4,4075,0
2,ex2-s5-e1-a1-p09,15cacb7214da29f735fe74234e764297d31194371bcebd510dbee27b79d6d12c,4,4076,100
2,ex2-s5-e1-a1-p09,15cacb7214da29f735fe74234e764297d31194371bcebd510dbee27b79d6d12c,4,4077,0
2,ex2-s5-e1-a1-p09,15cacb7214da29f735fe74234e764297d31194371bcebd510dbee27b79d6d12c,4,4078,0
2,ex2-s5-e1-a1-p09,15cacb7214da29f735fe74234e764297d31194371bcebd510dbee27b79d6d12c,4,4079,0
2,ex2-s5-e1-a1-p09,15cacb7214da29f735fe74234e764297d31194371bcebd510dbee27b79d6d12c,4,4080,0
2,ex2-s5-e1-a1-p09,15cacb7214da29f735fe74234e764297d31194371bcebd510dbee27b79d6d12c,4,4081,0
2,ex2-s5-e1-a1-p09,15cacb7214da29f735fe74234e764297d31194371bcebd510dbee27b79d6d12c,4,4082,100
2,ex2-s5-e1-a1-p09,15cacb7214da29f735fe74234e764297d31194371bcebd510dbee27b79d6d12c,4,4083,0
2,ex2-s5-e1-a1-p09,15cacb7214da29f735fe74234e764297d31194371bcebd510dbee27b79d6d12c,4,4084,0
2,ex2-s5-e1-a1-p09,15cacb7214da29f735fe74234e764297d31194371bcebd510dbee27b79d6d12c,4,4085,0
2,ex2-s5-e1-a1-p09,15cacb7214da29f735fe74234e764297d31194371bcebd510dbee27b79d6d12c,4,4086,0
2,ex2-s5-e1-a1-p09,15cacb7214da29f735fe74234e764297d31194371bcebd510dbee27b79d6d12c,4,4087,0
2,ex2-s5-e1-a1-p09,15cacb7214da29f735fe74234e764297d31194371bcebd510dbee27b79d6d12c,4,4088,100
2,ex2-s5-e1-a1-p09,15cacb7214da29f735fe74234e764297d31194371bcebd510dbee27b79d6d12c,4,4089,0
2,ex2-s5-e1-a1-p09,15cacb7214da29f735fe74234e764297d31194371bcebd510dbee27b79d6d12c,4,4090,0
2,ex2-s5-e1-a1-p09,15cacb7214da29f735fe74234e764297d31194371bcebd510dbee27b79d6d12c,4,4091,0
2,ex2-s5-e1-a1-p09,15cacb7214da29f735fe74234e764297d31194371bcebd510dbee27b79d6d12c,4,4092,0
2,ex2-s5-e1-a1-p09,15cacb7214da29f735fe74234e764297d31194371bcebd510dbee27b79d6d12c,4,4093,0
2,ex2-s5-e1-a1-p09,15cacb7214da29f735fe74234e764297d31194371bcebd510dbee27b79d6d12c,4,4094,0
