schema_version,run_id,series_id,process_index,sequence_index,delta_ns
2,ex2-s5-e1-d1w-p01,24ffd9b1737d030752785836bd5868fd2bf79378d66c43e34e820495df755584,0,0,100
2,ex2-s5-e1-d1w-p01,24ffd9b1737d030752785836bd5868fd2bf79378d66c43e34e820495df755584,0,1,0
2,ex2-s5-e1-d1w-p01,24ffd9b1737d030752785836bd5868fd2bf79378d66c43e34e820495df755584,0,2,0
2,ex2-s5-e1-d1w-p01,24ffd9b1737d030752785836bd5868fd2bf79378d66c43e34e820495df755584,0,3,100
2,ex2-s5-e1-d1w-p01,24ffd9b1737d030752785836bd5868fd2bf79378d66c43e34e820495df755584,0,4,0
2,ex2-s5-e1-d1w-p01,24ffd9b1737d030752785836bd5868fd2bf79378d66c43e34e820495df755584,0,5,100
2,ex2-s5-e1-d1w-p01,24ffd9b1737d030752785836bd5868fd2bf79378d66c43e34e820495df755584,0,6,0
2,ex2-s5-e1-d1w-p01,24ffd9b1737d030752785836bd5868fd2bf79378d66c43e34e820495df755584,0,7,0
2,ex2-s5-e1-d1w-p01,24ffd9b1737d030752785836bd5868fd2bf79378d66c43e34e820495df755584,0,8,0
2,ex2-s5-e1-d1w-p01,24ffd9b1737d030752785836bd5868fd2bf79378d66c43e34e820495df755584,0,9,100
2,ex2-s5-e1-d1w-p01,24ffd9b1737d030752785836bd5868fd2bf79378d66c43e34e820495df755584,0,10,0
2,ex2-s5-e1-d1w-p01,24ffd9b1737d030752785836bd5868fd2bf79378d66c43e34e820495df755584,0,11,0
2,ex2-s5-e1-d1w-p01,24ffd9b1737d030752785836bd5868fd2bf79378d66c43e34e820495df755584,0,12,100
2,ex2-s5-e1-d1w-p01,24ffd9b1737d030752785836bd5868fd2bf79378d66c43e34e820495df755584,0,13,0
2,ex2-s5-e1-d1w-p01,24ffd9b1737d030752785836bd5868fd2bf79378d66c43e34e820495df755584,0,14,0
2,ex2-s5-e1-d1w-p01,24ffd9b1737d030752785836bd5868fd2bf79378d66c43e34e820495df755584,0,15,0
2,ex2-s5-e1-d1w-p01,24ffd9b1737d030752785836bd5868fd2bf79378d66c43e34e820495df755584,0,16,100
2,ex2-s5-e1-d1w-p01,24ffd9b1737d030752785836bd5868fd2bf79378d66c43e34e820495df755584,0,17,0
2,ex2-s5-e1-d1w-p01,24ffd9b1737d030752785836bd5868fd2bf79378d66c43e34e820495df755584,0,18,0
2,ex2-s5-e1-d1w-p01,24ffd9b1737d030752785836bd5868fd2bf79378d66c43e34e820495df755584,0,19,0
2,ex2-s5-e1-d1w-p01,24ffd9b1737d030752785836bd5868fd2bf79378d66c43e34e820495df755584,0,20,100
2,ex2-s5-e1-d1w-p01,24ffd9b1737d030752785836bd5868fd2bf79378d66c43e34e820495df755584,0,21,0
2,ex2-s5-e1-d1w-p01,24ffd9b1737d030752785836bd5868fd2bf79378d66c43e34e820495df755584,0,22,0
2,ex2-s5-e1-d1w-p01,24ffd9b1737d030752785836bd5868fd2bf79378d66c43e34e820495df755584,0,23,100
2,ex2-s5-e1-d1w-p01,24ffd9b1737d030752785836bd5868fd2bf79378d66c43e34e820495df755584,0,24,0
2,ex2-s5-e1-d1w-p01,24ffd9b1737d030752785836bd5868fd2bf79378d66c43e34e820495df755584,0,25,0
2,ex2-s5-e1-d1w-p01,24ffd9b1737d030752785836bd5868fd2bf79378d66c43e34e820495df755584,0,26,0
2,ex2-s5-e1-d1w-p01,24ffd9b1737d030752785836bd5868fd2bf79378d66c43e34e820495df755584,0,27,100
2,ex2-s5-e1-d1w-p01,24ffd9b1737d030752785836bd5868fd2bf79378d66c43e34e820495df755584,0,28,0
2,ex2-s5-e1-d1w-p01,24ffd9b1737d030752785836bd5868fd2bf79378d66c43e34e820495df755584,0,29,0
2,ex2-s5-e1-d1w-p01,24ffd9b1737d030752785836bd5868fd2bf79378d66c43e34e820495df755584,0,30,0
2,ex2-s5-e1-d1w-p01,24ffd9b1737d030752785836bd5868fd2bf79378d66c43e34e820495df755584,0,31,100
2,ex2-s5-e1-d1w-p01,24ffd9b1737d030752785836bd5868fd2bf79378d66c43e34e820495df755584,0,32,0
2,ex2-s5-e1-d1w-p01,24ffd9b1737d030752785836bd5868fd2bf79378d66c43e34e820495df755584,0,33,0
2,ex2-s5-e1-d1w-p01,24ffd9b1737d030752785836bd5868fd2bf79378d66c43e34e820495df755584,0,34,100
2,ex2-s5-e1-d1w-p01,24ffd9b1737d030752785836bd5868fd2bf79378d66c43e34e820495df755584,0,35,0
2,ex2-s5-e1-d1w-p01,24ffd9b1737d030752785836bd5868fd2bf79378d66c43e34e820495df755584,0,36,0
2,ex2-s5-e1-d1w-p01,24ffd9b1737d030752785836bd5868fd2bf79378d66c43e34e820495df755584,0,37,0
2,ex2-s5-e1-d1w-p01,24ffd9b1737d030752785836bd5868fd2bf79378d66c43e34e820495df755584,0,38,100
2,ex2-s5-e1-d1w-p01,24ffd9b1737d030752785836bd5868fd2bf79378d66c43e34e820495df755584,0,39,0
2,ex2-s5-e1-d1w-p01,24ffd9b1737d030752785836bd5868fd2bf79378d66c43e34e820495df755584,0,40,0
2,ex2-s5-e1-d1w-p01,24ffd9b1737d030752785836bd5868fd2bf79378d66c43e34e820495df755584,0,41,0
2,ex2-s5-e1-d1w-p01,24ffd9b1737d030752785836bd5868fd2bf79378d66c43e34e820495df755584,0,42,100
2,ex2-s5-e1-d1w-p01,24ffd9b1737d030752785836bd5868fd2bf79378d66c43e34e820495df755584,0,43,0
2,ex2-s5-e1-d1w-p01,24ffd9b1737d030752785836bd5868fd2bf79378d66c43e34e820495df755584,0,44,0
2,ex2-s5-e1-d1w-p01,24ffd9b1737d030752785836bd5868fd2bf79378d66c43e34e820495df755584,0,45,0
2,ex2-s5-e1-d1w-p01,24ffd9b1737d030752785836bd5868fd2bf79378d66c43e34e820495df755584,0,46,100
2,ex2-s5-e1-d1w-p01,24ffd9b1737d030752785836bd5868fd2bf79378d66c43e34e820495df755584,0,47,0
2,ex2-s5-e1-d1w-p01,24ffd9b1737d030752785836bd5868fd2bf79378d66c43e34e820495df755584,0,48,0
2,ex2-s5-e1-d1w-p01,24ffd9b1737d030752785836bd5868fd2bf79378d66c43e34e820495df755584,0,49,100
2,ex2-s5-e1-d1w-p01,24ffd9b1737d030752785836bd5868fd2bf79378d66c43e34e820495df755584,0,50,0
2,ex2-s5-e1-d1w-p01,24ffd9b1737d030752785836bd5868fd2bf79378d66c43e34e820495df755584,0,51,0
2,ex2-s5-e1-d1w-p01,24ffd9b1737d030752785836bd5868fd2bf79378d66c43e34e820495df755584,0,52,0
2,ex2-s5-e1-d1w-p01,24ffd9b1737d030752785836bd5868fd2bf79378d66c43e34e820495df755584,0,53,100
2,ex2-s5-e1-d1w-p01,24ffd9b1737d030752785836bd5868fd2bf79378d66c43e34e820495df755584,0,54,0
2,ex2-s5-e1-d1w-p01,24ffd9b1737d030752785836bd5868fd2bf79378d66c43e34e820495df755584,0,55,0
2,ex2-s5-e1-d1w-p01,24ffd9b1737d030752785836bd5868fd2bf79378d66c43e34e820495df755584,0,56,0
2,ex2-s5-e1-d1w-p01,24ffd9b1737d030752785836bd5868fd2bf79378d66c43e34e820495df755584,0,57,100
2,ex2-s5-e1-d1w-p01,24ffd9b1737d030752785836bd5868fd2bf79378d66c43e34e820495df755584,0,58,0
2,ex2-s5-e1-d1w-p01,24ffd9b1737d030752785836bd5868fd2bf79378d66c43e34e820495df755584,0,59,0
2,ex2-s5-e1-d1w-p01,24ffd9b1737d030752785836bd5868fd2bf79378d66c43e34e820495df755584,0,60,100
2,ex2-s5-e1-d1w-p01,24ffd9b1737d030752785836bd5868fd2bf79378d66c43e34e820495df755584,0,61,0
2,ex2-s5-e1-d1w-p01,24ffd9b1737d030752785836bd5868fd2bf79378d66c43e34e820495df755584,0,62,0
2,ex2-s5-e1-d1w-p01,24ffd9b1737d030752785836bd5868fd2bf79378d66c43e34e820495df755584,0,63,0
2,ex2-s5-e1-d1w-p01,24ffd9b1737d030752785836bd5868fd2bf79378d66c43e34e820495df755584,0,64,100
2,ex2-s5-e1-d1w-p01,24ffd9b1737d030752785836bd5868fd2bf79378d66c43e34e820495df755584,0,65,0
2,ex2-s5-e1-d1w-p01,24ffd9b1737d030752785836bd5868fd2bf79378d66c43e34e820495df755584,0,66,0
2,ex2-s5-e1-d1w-p01,24ffd9b1737d030752785836bd5868fd2bf79378d66c43e34e820495df755584,0,67,0
2,ex2-s5-e1-d1w-p01,24ffd9b1737d030752785836bd5868fd2bf79378d66c43e34e820495df755584,0,68,100
2,ex2-s5-e1-d1w-p01,24ffd9b1737d030752785836bd5868fd2bf79378d66c43e34e820495df755584,0,69,0
2,ex2-s5-e1-d1w-p01,24ffd9b1737d030752785836bd5868fd2bf79378d66c43e34e820495df755584,0,70,0
2,ex2-s5-e1-d1w-p01,24ffd9b1737d030752785836bd5868fd2bf79378d66c43e34e820495df755584,0,71,100
2,ex2-s5-e1-d1w-p01,24ffd9b1737d030752785836bd5868fd2bf79378d66c43e34e820495df755584,0,72,0
2,ex2-s5-e1-d1w-p01,24ffd9b1737d030752785836bd5868fd2bf79378d66c43e34e820495df755584,0,73,0
2,ex2-s5-e1-d1w-p01,24ffd9b1737d030752785836bd5868fd2bf79378d66c43e34e820495df755584,0,74,0
2,ex2-s5-e1-d1w-p01,24ffd9b1737d030752785836bd5868fd2bf79378d66c43e34e820495df755584,0,75,100
2,ex2-s5-e1-d1w-p01,24ffd9b1737d030752785836bd5868fd2bf79378d66c43e34e820495df755584,0,76,0
2,ex2-s5-e1-d1w-p01,24ffd9b1737d030752785836bd5868fd2bf79378d66c43e34e820495df755584,0,77,0
2,ex2-s5-e1-d1w-p01,24ffd9b1737d030752785836bd5868fd2bf79378d66c43e34e820495df755584,0,78,0
2,ex2-s5-e1-d1w-p01,24ffd9b1737d030752785836bd5868fd2bf79378d66c43e34e820495df755584,0,79,100
2,ex2-s5-e1-d1w-p01,24ffd9b1737d030752785836bd5868fd2bf79378d66c43e34e820495df755584,0,80,0
2,ex2-s5-e1-d1w-p01,24ffd9b1737d030752785836bd5868fd2bf79378d66c43e34e820495df755584,0,81,0
2,ex2-s5-e1-d1w-p01,24ffd9b1737d030752785836bd5868fd2bf79378d66c43e34e820495df755584,0,82,100
2,ex2-s5-e1-d1w-p01,24ffd9b1737d030752785836bd5868fd2bf79378d66c43e34e820495df755584,0,83,0
2,ex2-s5-e1-d1w-p01,24ffd9b1737d030752785836bd5868fd2bf79378d66c43e34e820495df755584,0,84,0
2,ex2-s5-e1-d1w-p01,24ffd9b1737d030752785836bd5868fd2bf79378d66c43e34e820495df755584,0,85,0
2,ex2-s5-e1-d1w-p01,24ffd9b1737d030752785836bd5868fd2bf79378d66c43e34e820495df755584,0,86,100
2,ex2-s5-e1-d1w-p01,24ffd9b1737d030752785836bd5868fd2bf79378d66c43e34e820495df755584,0,87,0
2,ex2-s5-e1-d1w-p01,24ffd9b1737d030752785836bd5868fd2bf79378d66c43e34e820495df755584,0,88,0
2,ex2-s5-e1-d1w-p01,24ffd9b1737d030752785836bd5868fd2bf79378d66c43e34e820495df755584,0,89,0
2,ex2-s5-e1-d1w-p01,24ffd9b1737d030752785836bd5868fd2bf79378d66c43e34e820495df755584,0,90,100
2,ex2-s5-e1-d1w-p01,24ffd9b1737d030752785836bd5868fd2bf79378d66c43e34e820495df755584,0,91,0
2,ex2-s5-e1-d1w-p01,24ffd9b1737d030752785836bd5868fd2bf79378d66c43e34e820495df755584,0,92,0
2,ex2-s5-e1-d1w-p01,24ffd9b1737d030752785836bd5868fd2bf79378d66c43e34e820495df755584,0,93,100
2,ex2-s5-e1-d1w-p01,24ffd9b1737d030752785836bd5868fd2bf79378d66c43e34e820495df755584,0,94,0
2,ex2-s5-e1-d1w-p01,24ffd9b1737d030752785836bd5868fd2bf79378d66c43e34e820495df755584,0,95,0
2,ex2-s5-e1-d1w-p01,24ffd9b1737d030752785836bd5868fd2bf79378d66c43e34e820495df755584,0,96,0
2,ex2-s5-e1-d1w-p01,24ffd9b1737d030752785836bd5868fd2bf79378d66c43e34e820495df755584,0,97,100
2,ex2-s5-e1-d1w-p01,24ffd9b1737d030752785836bd5868fd2bf79378d66c43e34e820495df755584,0,98,0
2,ex2-s5-e1-d1w-p01,24ffd9b1737d030752785836bd5868fd2bf79378d66c43e34e820495df755584,0,99,0
2,ex2-s5-e1-d1w-p01,24ffd9b1737d030752785836bd5868fd2bf79378d66c43e34e820495df755584,0,100,100
2,ex2-s5-e1-d1w-p01,24ffd9b1737d030752785836bd5868fd2bf79378d66c43e34e820495df755584,0,101,0
2,ex2-s5-e1-d1w-p01,24ffd9b1737d030752785836bd5868fd2bf79378d66c43e34e820495df755584,0,102,0
2,ex2-s5-e1-d1w-p01,24ffd9b1737d030752785836bd5868fd2bf79378d66c43e34e820495df755584,0,103,0
2,ex2-s5-e1-d1w-p01,24ffd9b1737d030752785836bd5868fd2bf79378d66c43e34e820495df755584,0,104,100
2,ex2-s5-e1-d1w-p01,24ffd9b1737d030752785836bd5868fd2bf79378d66c43e34e820495df755584,0,105,0
2,ex2-s5-e1-d1w-p01,24ffd9b1737d030752785836bd5868fd2bf79378d66c43e34e820495df755584,0,106,0
2,ex2-s5-e1-d1w-p01,24ffd9b1737d030752785836bd5868fd2bf79378d66c43e34e820495df755584,0,107,0
2,ex2-s5-e1-d1w-p01,24ffd9b1737d030752785836bd5868fd2bf79378d66c43e34e820495df755584,0,108,100
2,ex2-s5-e1-d1w-p01,24ffd9b1737d030752785836bd5868fd2bf79378d66c43e34e820495df755584,0,109,0
2,ex2-s5-e1-d1w-p01,24ffd9b1737d030752785836bd5868fd2bf79378d66c43e34e820495df755584,0,110,0
2,ex2-s5-e1-d1w-p01,24ffd9b1737d030752785836bd5868fd2bf79378d66c43e34e820495df755584,0,111,0
2,ex2-s5-e1-d1w-p01,24ffd9b1737d030752785836bd5868fd2bf79378d66c43e34e820495df755584,0,112,100
2,ex2-s5-e1-d1w-p01,24ffd9b1737d030752785836bd5868fd2bf79378d66c43e34e820495df755584,0,113,0
2,ex2-s5-e1-d1w-p01,24ffd9b1737d030752785836bd5868fd2bf79378d66c43e34e820495df755584,0,114,0
2,ex2-s5-e1-d1w-p01,24ffd9b1737d030752785836bd5868fd2bf79378d66c43e34e820495df755584,0,115,100
2,ex2-s5-e1-d1w-p01,24ffd9b1737d030752785836bd5868fd2bf79378d66c43e34e820495df755584,0,116,0
2,ex2-s5-e1-d1w-p01,24ffd9b1737d030752785836bd5868fd2bf79378d66c43e34e820495df755584,0,117,0
2,ex2-s5-e1-d1w-p01,24ffd9b1737d030752785836bd5868fd2bf79378d66c43e34e820495df755584,0,118,0
2,ex2-s5-e1-d1w-p01,24ffd9b1737d030752785836bd5868fd2bf79378d66c43e34e820495df755584,0,119,100
2,ex2-s5-e1-d1w-p01,24ffd9b1737d030752785836bd5868fd2bf79378d66c43e34e820495df755584,0,120,0
2,ex2-s5-e1-d1w-p01,24ffd9b1737d030752785836bd5868fd2bf79378d66c43e34e820495df755584,0,121,0
2,ex2-s5-e1-d1w-p01,24ffd9b1737d030752785836bd5868fd2bf79378d66c43e34e820495df755584,0,122,0
2,ex2-s5-e1-d1w-p01,24ffd9b1737d030752785836bd5868fd2bf79378d66c43e34e820495df755584,0,123,100
2,ex2-s5-e1-d1w-p01,24ffd9b1737d030752785836bd5868fd2bf79378d66c43e34e820495df755584,0,124,0
2,ex2-s5-e1-d1w-p01,24ffd9b1737d030752785836bd5868fd2bf79378d66c43e34e820495df755584,0,125,0
2,ex2-s5-e1-d1w-p01,24ffd9b1737d030752785836bd5868fd2bf79378d66c43e34e820495df755584,0,126,100
2,ex2-s5-e1-d1w-p01,24ffd9b1737d030752785836bd5868fd2bf79378d66c43e34e820495df755584,0,127,0
2,ex2-s5-e1-d1w-p01,24ffd9b1737d030752785836bd5868fd2bf79378d66c43e34e820495df755584,0,128,0
2,ex2-s5-e1-d1w-p01,24ffd9b1737d030752785836bd5868fd2bf79378d66c43e34e820495df755584,0,129,0
2,ex2-s5-e1-d1w-p01,24ffd9b1737d030752785836bd5868fd2bf79378d66c43e34e820495df755584,0,130,100
2,ex2-s5-e1-d1w-p01,24ffd9b1737d030752785836bd5868fd2bf79378d66c43e34e820495df755584,0,131,0
2,ex2-s5-e1-d1w-p01,24ffd9b1737d030752785836bd5868fd2bf79378d66c43e34e820495df755584,0,132,0
2,ex2-s5-e1-d1w-p01,24ffd9b1737d030752785836bd5868fd2bf79378d66c43e34e820495df755584,0,133,0
2,ex2-s5-e1-d1w-p01,24ffd9b1737d030752785836bd5868fd2bf79378d66c43e34e820495df755584,0,134,100
2,ex2-s5-e1-d1w-p01,24ffd9b1737d030752785836bd5868fd2bf79378d66c43e34e820495df755584,0,135,0
2,ex2-s5-e1-d1w-p01,24ffd9b1737d030752785836bd5868fd2bf79378d66c43e34e820495df755584,0,136,0
2,ex2-s5-e1-d1w-p01,24ffd9b1737d030752785836bd5868fd2bf79378d66c43e34e820495df755584,0,137,100
2,ex2-s5-e1-d1w-p01,24ffd9b1737d030752785836bd5868fd2bf79378d66c43e34e820495df755584,0,138,0
2,ex2-s5-e1-d1w-p01,24ffd9b1737d030752785836bd5868fd2bf79378d66c43e34e820495df755584,0,139,0
2,ex2-s5-e1-d1w-p01,24ffd9b1737d030752785836bd5868fd2bf79378d66c43e34e820495df755584,0,140,0
2,ex2-s5-e1-d1w-p01,24ffd9b1737d030752785836bd5868fd2bf79378d66c43e34e820495df755584,0,141,100
2,ex2-s5-e1-d1w-p01,24ffd9b1737d030752785836bd5868fd2bf79378d66c43e34e820495df755584,0,142,0
2,ex2-s5-e1-d1w-p01,24ffd9b1737d030752785836bd5868fd2bf79378d66c43e34e820495df755584,0,143,0
2,ex2-s5-e1-d1w-p01,24ffd9b1737d030752785836bd5868fd2bf79378d66c43e34e820495df755584,0,144,0
2,ex2-s5-e1-d1w-p01,24ffd9b1737d030752785836bd5868fd2bf79378d66c43e34e820495df755584,0,145,100
2,ex2-s5-e1-d1w-p01,24ffd9b1737d030752785836bd5868fd2bf79378d66c43e34e820495df755584,0,146,0
2,ex2-s5-e1-d1w-p01,24ffd9b1737d030752785836bd5868fd2bf79378d66c43e34e820495df755584,0,147,0
2,ex2-s5-e1-d1w-p01,24ffd9b1737d030752785836bd5868fd2bf79378d66c43e34e820495df755584,0,148,100
2,ex2-s5-e1-d1w-p01,24ffd9b1737d030752785836bd5868fd2bf79378d66c43e34e820495df755584,0,149,0
2,ex2-s5-e1-d1w-p01,24ffd9b1737d030752785836bd5868fd2bf79378d66c43e34e820495df755584,0,150,0
2,ex2-s5-e1-d1w-p01,24ffd9b1737d030752785836bd5868fd2bf79378d66c43e34e820495df755584,0,151,0
2,ex2-s5-e1-d1w-p01,24ffd9b1737d030752785836bd5868fd2bf79378d66c43e34e820495df755584,0,152,100
2,ex2-s5-e1-d1w-p01,24ffd9b1737d030752785836bd5868fd2bf79378d66c43e34e820495df755584,0,153,0
2,ex2-s5-e1-d1w-p01,24ffd9b1737d030752785836bd5868fd2bf79378d66c43e34e820495df755584,0,154,0
2,ex2-s5-e1-d1w-p01,24ffd9b1737d030752785836bd5868fd2bf79378d66c43e34e820495df755584,0,155,0
2,ex2-s5-e1-d1w-p01,24ffd9b1737d030752785836bd5868fd2bf79378d66c43e34e820495df755584,0,156,100
2,ex2-s5-e1-d1w-p01,24ffd9b1737d030752785836bd5868fd2bf79378d66c43e34e820495df755584,0,157,0
2,ex2-s5-e1-d1w-p01,24ffd9b1737d030752785836bd5868fd2bf79378d66c43e34e820495df755584,0,158,0
2,ex2-s5-e1-d1w-p01,24ffd9b1737d030752785836bd5868fd2bf79378d66c43e34e820495df755584,0,159,100
2,ex2-s5-e1-d1w-p01,24ffd9b1737d030752785836bd5868fd2bf79378d66c43e34e820495df755584,0,160,0
2,ex2-s5-e1-d1w-p01,24ffd9b1737d030752785836bd5868fd2bf79378d66c43e34e820495df755584,0,161,0
2,ex2-s5-e1-d1w-p01,24ffd9b1737d030752785836bd5868fd2bf79378d66c43e34e820495df755584,0,162,0
2,ex2-s5-e1-d1w-p01,24ffd9b1737d030752785836bd5868fd2bf79378d66c43e34e820495df755584,0,163,100
2,ex2-s5-e1-d1w-p01,24ffd9b1737d030752785836bd5868fd2bf79378d66c43e34e820495df755584,0,164,0
2,ex2-s5-e1-d1w-p01,24ffd9b1737d030752785836bd5868fd2bf79378d66c43e34e820495df755584,0,165,0
2,ex2-s5-e1-d1w-p01,24ffd9b1737d030752785836bd5868fd2bf79378d66c43e34e820495df755584,0,166,0
2,ex2-s5-e1-d1w-p01,24ffd9b1737d030752785836bd5868fd2bf79378d66c43e34e820495df755584,0,167,100
2,ex2-s5-e1-d1w-p01,24ffd9b1737d030752785836bd5868fd2bf79378d66c43e34e820495df755584,0,168,0
2,ex2-s5-e1-d1w-p01,24ffd9b1737d030752785836bd5868fd2bf79378d66c43e34e820495df755584,0,169,0
2,ex2-s5-e1-d1w-p01,24ffd9b1737d030752785836bd5868fd2bf79378d66c43e34e820495df755584,0,170,0
2,ex2-s5-e1-d1w-p01,24ffd9b1737d030752785836bd5868fd2bf79378d66c43e34e820495df755584,0,171,100
2,ex2-s5-e1-d1w-p01,24ffd9b1737d030752785836bd5868fd2bf79378d66c43e34e820495df755584,0,172,0
2,ex2-s5-e1-d1w-p01,24ffd9b1737d030752785836bd5868fd2bf79378d66c43e34e820495df755584,0,173,0
2,ex2-s5-e1-d1w-p01,24ffd9b1737d030752785836bd5868fd2bf79378d66c43e34e820495df755584,0,174,100
2,ex2-s5-e1-d1w-p01,24ffd9b1737d030752785836bd5868fd2bf79378d66c43e34e820495df755584,0,175,0
2,ex2-s5-e1-d1w-p01,24ffd9b1737d030752785836bd5868fd2bf79378d66c43e34e820495df755584,0,176,0
2,ex2-s5-e1-d1w-p01,24ffd9b1737d030752785836bd5868fd2bf79378d66c43e34e820495df755584,0,177,0
2,ex2-s5-e1-d1w-p01,24ffd9b1737d030752785836bd5868fd2bf79378d66c43e34e820495df755584,0,178,100
2,ex2-s5-e1-d1w-p01,24ffd9b1737d030752785836bd5868fd2bf79378d66c43e34e820495df755584,0,179,0
2,ex2-s5-e1-d1w-p01,24ffd9b1737d030752785836bd5868fd2bf79378d66c43e34e820495df755584,0,180,0
2,ex2-s5-e1-d1w-p01,24ffd9b1737d030752785836bd5868fd2bf79378d66c43e34e820495df755584,0,181,0
2,ex2-s5-e1-d1w-p01,24ffd9b1737d030752785836bd5868fd2bf79378d66c43e34e820495df755584,0,182,100
2,ex2-s5-e1-d1w-p01,24ffd9b1737d030752785836bd5868fd2bf79378d66c43e34e820495df755584,0,183,0
2,ex2-s5-e1-d1w-p01,24ffd9b1737d030752785836bd5868fd2bf79378d66c43e34e820495df755584,0,184,0
2,ex2-s5-e1-d1w-p01,24ffd9b1737d030752785836bd5868fd2bf79378d66c43e34e820495df755584,0,185,100
2,ex2-s5-e1-d1w-p01,24ffd9b1737d030752785836bd5868fd2bf79378d66c43e34e820495df755584,0,186,0
2,ex2-s5-e1-d1w-p01,24ffd9b1737d030752785836bd5868fd2bf79378d66c43e34e820495df755584,0,187,0
2,ex2-s5-e1-d1w-p01,24ffd9b1737d030752785836bd5868fd2bf79378d66c43e34e820495df755584,0,188,0
2,ex2-s5-e1-d1w-p01,24ffd9b1737d030752785836bd5868fd2bf79378d66c43e34e820495df755584,0,189,100
2,ex2-s5-e1-d1w-p01,24ffd9b1737d030752785836bd5868fd2bf79378d66c43e34e820495df755584,0,190,0
2,ex2-s5-e1-d1w-p01,24ffd9b1737d030752785836bd5868fd2bf79378d66c43e34e820495df755584,0,191,0
2,ex2-s5-e1-d1w-p01,24ffd9b1737d030752785836bd5868fd2bf79378d66c43e34e820495df755584,0,192,0
2,ex2-s5-e1-d1w-p01,24ffd9b1737d030752785836bd5868fd2bf79378d66c43e34e820495df755584,0,193,100
2,ex2-s5-e1-d1w-p01,24ffd9b1737d030752785836bd5868fd2bf79378d66c43e34e820495df755584,0,194,0
2,ex2-s5-e1-d1w-p01,24ffd9b1737d030752785836bd5868fd2bf79378d66c43e34e820495df755584,0,195,0
2,ex2-s5-e1-d1w-p01,24ffd9b1737d030752785836bd5868fd2bf79378d66c43e34e820495df755584,0,196,100
2,ex2-s5-e1-d1w-p01,24ffd9b1737d030752785836bd5868fd2bf79378d66c43e34e820495df755584,0,197,0
2,ex2-s5-e1-d1w-p01,24ffd9b1737d030752785836bd5868fd2bf79378d66c43e34e820495df755584,0,198,0
2,ex2-s5-e1-d1w-p01,24ffd9b1737d030752785836bd5868fd2bf79378d66c43e34e820495df755584,0,199,0
2,ex2-s5-e1-d1w-p01,24ffd9b1737d030752785836bd5868fd2bf79378d66c43e34e820495df755584,0,200,100
2,ex2-s5-e1-d1w-p01,24ffd9b1737d030752785836bd5868fd2bf79378d66c43e34e820495df755584,0,201,0
2,ex2-s5-e1-d1w-p01,24ffd9b1737d030752785836bd5868fd2bf79378d66c43e34e820495df755584,0,202,0
2,ex2-s5-e1-d1w-p01,24ffd9b1737d030752785836bd5868fd2bf79378d66c43e34e820495df755584,0,203,0
2,ex2-s5-e1-d1w-p01,24ffd9b1737d030752785836bd5868fd2bf79378d66c43e34e820495df755584,0,204,100
2,ex2-s5-e1-d1w-p01,24ffd9b1737d030752785836bd5868fd2bf79378d66c43e34e820495df755584,0,205,0
2,ex2-s5-e1-d1w-p01,24ffd9b1737d030752785836bd5868fd2bf79378d66c43e34e820495df755584,0,206,0
2,ex2-s5-e1-d1w-p01,24ffd9b1737d030752785836bd5868fd2bf79378d66c43e34e820495df755584,0,207,100
2,ex2-s5-e1-d1w-p01,24ffd9b1737d030752785836bd5868fd2bf79378d66c43e34e820495df755584,0,208,0
2,ex2-s5-e1-d1w-p01,24ffd9b1737d030752785836bd5868fd2bf79378d66c43e34e820495df755584,0,209,0
2,ex2-s5-e1-d1w-p01,24ffd9b1737d030752785836bd5868fd2bf79378d66c43e34e820495df755584,0,210,0
2,ex2-s5-e1-d1w-p01,24ffd9b1737d030752785836bd5868fd2bf79378d66c43e34e820495df755584,0,211,100
2,ex2-s5-e1-d1w-p01,24ffd9b1737d030752785836bd5868fd2bf79378d66c43e34e820495df755584,0,212,0
2,ex2-s5-e1-d1w-p01,24ffd9b1737d030752785836bd5868fd2bf79378d66c43e34e820495df755584,0,213,0
2,ex2-s5-e1-d1w-p01,24ffd9b1737d030752785836bd5868fd2bf79378d66c43e34e820495df755584,0,214,0
2,ex2-s5-e1-d1w-p01,24ffd9b1737d030752785836bd5868fd2bf79378d66c43e34e820495df755584,0,215,100
2,ex2-s5-e1-d1w-p01,24ffd9b1737d030752785836bd5868fd2bf79378d66c43e34e820495df755584,0,216,0
2,ex2-s5-e1-d1w-p01,24ffd9b1737d030752785836bd5868fd2bf79378d66c43e34e820495df755584,0,217,0
2,ex2-s5-e1-d1w-p01,24ffd9b1737d030752785836bd5868fd2bf79378d66c43e34e820495df755584,0,218,100
2,ex2-s5-e1-d1w-p01,24ffd9b1737d030752785836bd5868fd2bf79378d66c43e34e820495df755584,0,219,0
2,ex2-s5-e1-d1w-p01,24ffd9b1737d030752785836bd5868fd2bf79378d66c43e34e820495df755584,0,220,0
2,ex2-s5-e1-d1w-p01,24ffd9b1737d030752785836bd5868fd2bf79378d66c43e34e820495df755584,0,221,0
2,ex2-s5-e1-d1w-p01,24ffd9b1737d030752785836bd5868fd2bf79378d66c43e34e820495df755584,0,222,100
2,ex2-s5-e1-d1w-p01,24ffd9b1737d030752785836bd5868fd2bf79378d66c43e34e820495df755584,0,223,0
2,ex2-s5-e1-d1w-p01,24ffd9b1737d030752785836bd5868fd2bf79378d66c43e34e820495df755584,0,224,0
2,ex2-s5-e1-d1w-p01,24ffd9b1737d030752785836bd5868fd2bf79378d66c43e34e820495df755584,0,225,0
2,ex2-s5-e1-d1w-p01,24ffd9b1737d030752785836bd5868fd2bf79378d66c43e34e820495df755584,0,226,100
2,ex2-s5-e1-d1w-p01,24ffd9b1737d030752785836bd5868fd2bf79378d66c43e34e820495df755584,0,227,0
2,ex2-s5-e1-d1w-p01,24ffd9b1737d030752785836bd5868fd2bf79378d66c43e34e820495df755584,0,228,0
2,ex2-s5-e1-d1w-p01,24ffd9b1737d030752785836bd5868fd2bf79378d66c43e34e820495df755584,0,229,100
2,ex2-s5-e1-d1w-p01,24ffd9b1737d030752785836bd5868fd2bf79378d66c43e34e820495df755584,0,230,0
2,ex2-s5-e1-d1w-p01,24ffd9b1737d030752785836bd5868fd2bf79378d66c43e34e820495df755584,0,231,0
2,ex2-s5-e1-d1w-p01,24ffd9b1737d030752785836bd5868fd2bf79378d66c43e34e820495df755584,0,232,0
2,ex2-s5-e1-d1w-p01,24ffd9b1737d030752785836bd5868fd2bf79378d66c43e34e820495df755584,0,233,100
2,ex2-s5-e1-d1w-p01,24ffd9b1737d030752785836bd5868fd2bf79378d66c43e34e820495df755584,0,234,0
2,ex2-s5-e1-d1w-p01,24ffd9b1737d030752785836bd5868fd2bf79378d66c43e34e820495df755584,0,235,0
2,ex2-s5-e1-d1w-p01,24ffd9b1737d030752785836bd5868fd2bf79378d66c43e34e820495df755584,0,236,0
2,ex2-s5-e1-d1w-p01,24ffd9b1737d030752785836bd5868fd2bf79378d66c43e34e820495df755584,0,237,100
2,ex2-s5-e1-d1w-p01,24ffd9b1737d030752785836bd5868fd2bf79378d66c43e34e820495df755584,0,238,0
2,ex2-s5-e1-d1w-p01,24ffd9b1737d030752785836bd5868fd2bf79378d66c43e34e820495df755584,0,239,0
2,ex2-s5-e1-d1w-p01,24ffd9b1737d030752785836bd5868fd2bf79378d66c43e34e820495df755584,0,240,0
2,ex2-s5-e1-d1w-p01,24ffd9b1737d030752785836bd5868fd2bf79378d66c43e34e820495df755584,0,241,100
2,ex2-s5-e1-d1w-p01,24ffd9b1737d030752785836bd5868fd2bf79378d66c43e34e820495df755584,0,242,0
2,ex2-s5-e1-d1w-p01,24ffd9b1737d030752785836bd5868fd2bf79378d66c43e34e820495df755584,0,243,0
2,ex2-s5-e1-d1w-p01,24ffd9b1737d030752785836bd5868fd2bf79378d66c43e34e820495df755584,0,244,100
2,ex2-s5-e1-d1w-p01,24ffd9b1737d030752785836bd5868fd2bf79378d66c43e34e820495df755584,0,245,0
2,ex2-s5-e1-d1w-p01,24ffd9b1737d030752785836bd5868fd2bf79378d66c43e34e820495df755584,0,246,0
2,ex2-s5-e1-d1w-p01,24ffd9b1737d030752785836bd5868fd2bf79378d66c43e34e820495df755584,0,247,0
2,ex2-s5-e1-d1w-p01,24ffd9b1737d030752785836bd5868fd2bf79378d66c43e34e820495df755584,0,248,100
2,ex2-s5-e1-d1w-p01,24ffd9b1737d030752785836bd5868fd2bf79378d66c43e34e820495df755584,0,249,0
2,ex2-s5-e1-d1w-p01,24ffd9b1737d030752785836bd5868fd2bf79378d66c43e34e820495df755584,0,250,0
2,ex2-s5-e1-d1w-p01,24ffd9b1737d030752785836bd5868fd2bf79378d66c43e34e820495df755584,0,251,0
2,ex2-s5-e1-d1w-p01,24ffd9b1737d030752785836bd5868fd2bf79378d66c43e34e820495df755584,0,252,100
2,ex2-s5-e1-d1w-p01,24ffd9b1737d030752785836bd5868fd2bf79378d66c43e34e820495df755584,0,253,0
2,ex2-s5-e1-d1w-p01,24ffd9b1737d030752785836bd5868fd2bf79378d66c43e34e820495df755584,0,254,0
2,ex2-s5-e1-d1w-p01,24ffd9b1737d030752785836bd5868fd2bf79378d66c43e34e820495df755584,0,255,100
2,ex2-s5-e1-d1w-p01,24ffd9b1737d030752785836bd5868fd2bf79378d66c43e34e820495df755584,0,256,0
2,ex2-s5-e1-d1w-p01,24ffd9b1737d030752785836bd5868fd2bf79378d66c43e34e820495df755584,0,257,0
2,ex2-s5-e1-d1w-p01,24ffd9b1737d030752785836bd5868fd2bf79378d66c43e34e820495df755584,0,258,0
2,ex2-s5-e1-d1w-p01,24ffd9b1737d030752785836bd5868fd2bf79378d66c43e34e820495df755584,0,259,100
2,ex2-s5-e1-d1w-p01,24ffd9b1737d030752785836bd5868fd2bf79378d66c43e34e820495df755584,0,260,0
2,ex2-s5-e1-d1w-p01,24ffd9b1737d030752785836bd5868fd2bf79378d66c43e34e820495df755584,0,261,0
2,ex2-s5-e1-d1w-p01,24ffd9b1737d030752785836bd5868fd2bf79378d66c43e34e820495df755584,0,262,0
2,ex2-s5-e1-d1w-p01,24ffd9b1737d030752785836bd5868fd2bf79378d66c43e34e820495df755584,0,263,100
2,ex2-s5-e1-d1w-p01,24ffd9b1737d030752785836bd5868fd2bf79378d66c43e34e820495df755584,0,264,0
2,ex2-s5-e1-d1w-p01,24ffd9b1737d030752785836bd5868fd2bf79378d66c43e34e820495df755584,0,265,0
2,ex2-s5-e1-d1w-p01,24ffd9b1737d030752785836bd5868fd2bf79378d66c43e34e820495df755584,0,266,100
2,ex2-s5-e1-d1w-p01,24ffd9b1737d030752785836bd5868fd2bf79378d66c43e34e820495df755584,0,267,0
2,ex2-s5-e1-d1w-p01,24ffd9b1737d030752785836bd5868fd2bf79378d66c43e34e820495df755584,0,268,0
2,ex2-s5-e1-d1w-p01,24ffd9b1737d030752785836bd5868fd2bf79378d66c43e34e820495df755584,0,269,0
2,ex2-s5-e1-d1w-p01,24ffd9b1737d030752785836bd5868fd2bf79378d66c43e34e820495df755584,0,270,100
2,ex2-s5-e1-d1w-p01,24ffd9b1737d030752785836bd5868fd2bf79378d66c43e34e820495df755584,0,271,0
2,ex2-s5-e1-d1w-p01,24ffd9b1737d030752785836bd5868fd2bf79378d66c43e34e820495df755584,0,272,0
2,ex2-s5-e1-d1w-p01,24ffd9b1737d030752785836bd5868fd2bf79378d66c43e34e820495df755584,0,273,0
2,ex2-s5-e1-d1w-p01,24ffd9b1737d030752785836bd5868fd2bf79378d66c43e34e820495df755584,0,274,100
2,ex2-s5-e1-d1w-p01,24ffd9b1737d030752785836bd5868fd2bf79378d66c43e34e820495df755584,0,275,0
2,ex2-s5-e1-d1w-p01,24ffd9b1737d030752785836bd5868fd2bf79378d66c43e34e820495df755584,0,276,0
2,ex2-s5-e1-d1w-p01,24ffd9b1737d030752785836bd5868fd2bf79378d66c43e34e820495df755584,0,277,100
2,ex2-s5-e1-d1w-p01,24ffd9b1737d030752785836bd5868fd2bf79378d66c43e34e820495df755584,0,278,0
2,ex2-s5-e1-d1w-p01,24ffd9b1737d030752785836bd5868fd2bf79378d66c43e34e820495df755584,0,279,0
2,ex2-s5-e1-d1w-p01,24ffd9b1737d030752785836bd5868fd2bf79378d66c43e34e820495df755584,0,280,0
2,ex2-s5-e1-d1w-p01,24ffd9b1737d030752785836bd5868fd2bf79378d66c43e34e820495df755584,0,281,100
2,ex2-s5-e1-d1w-p01,24ffd9b1737d030752785836bd5868fd2bf79378d66c43e34e820495df755584,0,282,0
2,ex2-s5-e1-d1w-p01,24ffd9b1737d030752785836bd5868fd2bf79378d66c43e34e820495df755584,0,283,0
2,ex2-s5-e1-d1w-p01,24ffd9b1737d030752785836bd5868fd2bf79378d66c43e34e820495df755584,0,284,0
2,ex2-s5-e1-d1w-p01,24ffd9b1737d030752785836bd5868fd2bf79378d66c43e34e820495df755584,0,285,100
2,ex2-s5-e1-d1w-p01,24ffd9b1737d030752785836bd5868fd2bf79378d66c43e34e820495df755584,0,286,0
2,ex2-s5-e1-d1w-p01,24ffd9b1737d030752785836bd5868fd2bf79378d66c43e34e820495df755584,0,287,0
2,ex2-s5-e1-d1w-p01,24ffd9b1737d030752785836bd5868fd2bf79378d66c43e34e820495df755584,0,288,100
2,ex2-s5-e1-d1w-p01,24ffd9b1737d030752785836bd5868fd2bf79378d66c43e34e820495df755584,0,289,0
2,ex2-s5-e1-d1w-p01,24ffd9b1737d030752785836bd5868fd2bf79378d66c43e34e820495df755584,0,290,0
2,ex2-s5-e1-d1w-p01,24ffd9b1737d030752785836bd5868fd2bf79378d66c43e34e820495df755584,0,291,0
2,ex2-s5-e1-d1w-p01,24ffd9b1737d030752785836bd5868fd2bf79378d66c43e34e820495df755584,0,292,100
2,ex2-s5-e1-d1w-p01,24ffd9b1737d030752785836bd5868fd2bf79378d66c43e34e820495df755584,0,293,0
2,ex2-s5-e1-d1w-p01,24ffd9b1737d030752785836bd5868fd2bf79378d66c43e34e820495df755584,0,294,0
2,ex2-s5-e1-d1w-p01,24ffd9b1737d030752785836bd5868fd2bf79378d66c43e34e820495df755584,0,295,0
2,ex2-s5-e1-d1w-p01,24ffd9b1737d030752785836bd5868fd2bf79378d66c43e34e820495df755584,0,296,100
2,ex2-s5-e1-d1w-p01,24ffd9b1737d030752785836bd5868fd2bf79378d66c43e34e820495df755584,0,297,0
2,ex2-s5-e1-d1w-p01,24ffd9b1737d030752785836bd5868fd2bf79378d66c43e34e820495df755584,0,298,0
2,ex2-s5-e1-d1w-p01,24ffd9b1737d030752785836bd5868fd2bf79378d66c43e34e820495df755584,0,299,100
2,ex2-s5-e1-d1w-p01,24ffd9b1737d030752785836bd5868fd2bf79378d66c43e34e820495df755584,0,300,0
2,ex2-s5-e1-d1w-p01,24ffd9b1737d030752785836bd5868fd2bf79378d66c43e34e820495df755584,0,301,0
2,ex2-s5-e1-d1w-p01,24ffd9b1737d030752785836bd5868fd2bf79378d66c43e34e820495df755584,0,302,0
2,ex2-s5-e1-d1w-p01,24ffd9b1737d030752785836bd5868fd2bf79378d66c43e34e820495df755584,0,303,100
2,ex2-s5-e1-d1w-p01,24ffd9b1737d030752785836bd5868fd2bf79378d66c43e34e820495df755584,0,304,0
2,ex2-s5-e1-d1w-p01,24ffd9b1737d030752785836bd5868fd2bf79378d66c43e34e820495df755584,0,305,0
2,ex2-s5-e1-d1w-p01,24ffd9b1737d030752785836bd5868fd2bf79378d66c43e34e820495df755584,0,306,0
2,ex2-s5-e1-d1w-p01,24ffd9b1737d030752785836bd5868fd2bf79378d66c43e34e820495df755584,0,307,100
2,ex2-s5-e1-d1w-p01,24ffd9b1737d030752785836bd5868fd2bf79378d66c43e34e820495df755584,0,308,0
2,ex2-s5-e1-d1w-p01,24ffd9b1737d030752785836bd5868fd2bf79378d66c43e34e820495df755584,0,309,0
2,ex2-s5-e1-d1w-p01,24ffd9b1737d030752785836bd5868fd2bf79378d66c43e34e820495df755584,0,310,100
2,ex2-s5-e1-d1w-p01,24ffd9b1737d030752785836bd5868fd2bf79378d66c43e34e820495df755584,0,311,0
2,ex2-s5-e1-d1w-p01,24ffd9b1737d030752785836bd5868fd2bf79378d66c43e34e820495df755584,0,312,0
2,ex2-s5-e1-d1w-p01,24ffd9b1737d030752785836bd5868fd2bf79378d66c43e34e820495df755584,0,313,0
2,ex2-s5-e1-d1w-p01,24ffd9b1737d030752785836bd5868fd2bf79378d66c43e34e820495df755584,0,314,100
2,ex2-s5-e1-d1w-p01,24ffd9b1737d030752785836bd5868fd2bf79378d66c43e34e820495df755584,0,315,0
2,ex2-s5-e1-d1w-p01,24ffd9b1737d030752785836bd5868fd2bf79378d66c43e34e820495df755584,0,316,0
2,ex2-s5-e1-d1w-p01,24ffd9b1737d030752785836bd5868fd2bf79378d66c43e34e820495df755584,0,317,0
2,ex2-s5-e1-d1w-p01,24ffd9b1737d030752785836bd5868fd2bf79378d66c43e34e820495df755584,0,318,100
2,ex2-s5-e1-d1w-p01,24ffd9b1737d030752785836bd5868fd2bf79378d66c43e34e820495df755584,0,319,0
2,ex2-s5-e1-d1w-p01,24ffd9b1737d030752785836bd5868fd2bf79378d66c43e34e820495df755584,0,320,0
2,ex2-s5-e1-d1w-p01,24ffd9b1737d030752785836bd5868fd2bf79378d66c43e34e820495df755584,0,321,100
2,ex2-s5-e1-d1w-p01,24ffd9b1737d030752785836bd5868fd2bf79378d66c43e34e820495df755584,0,322,0
2,ex2-s5-e1-d1w-p01,24ffd9b1737d030752785836bd5868fd2bf79378d66c43e34e820495df755584,0,323,0
2,ex2-s5-e1-d1w-p01,24ffd9b1737d030752785836bd5868fd2bf79378d66c43e34e820495df755584,0,324,0
2,ex2-s5-e1-d1w-p01,24ffd9b1737d030752785836bd5868fd2bf79378d66c43e34e820495df755584,0,325,100
2,ex2-s5-e1-d1w-p01,24ffd9b1737d030752785836bd5868fd2bf79378d66c43e34e820495df755584,0,326,0
2,ex2-s5-e1-d1w-p01,24ffd9b1737d030752785836bd5868fd2bf79378d66c43e34e820495df755584,0,327,0
2,ex2-s5-e1-d1w-p01,24ffd9b1737d030752785836bd5868fd2bf79378d66c43e34e820495df755584,0,328,0
2,ex2-s5-e1-d1w-p01,24ffd9b1737d030752785836bd5868fd2bf79378d66c43e34e820495df755584,0,329,100
2,ex2-s5-e1-d1w-p01,24ffd9b1737d030752785836bd5868fd2bf79378d66c43e34e820495df755584,0,330,0
2,ex2-s5-e1-d1w-p01,24ffd9b1737d030752785836bd5868fd2bf79378d66c43e34e820495df755584,0,331,0
2,ex2-s5-e1-d1w-p01,24ffd9b1737d030752785836bd5868fd2bf79378d66c43e34e820495df755584,0,332,0
2,ex2-s5-e1-d1w-p01,24ffd9b1737d030752785836bd5868fd2bf79378d66c43e34e820495df755584,0,333,100
2,ex2-s5-e1-d1w-p01,24ffd9b1737d030752785836bd5868fd2bf79378d66c43e34e820495df755584,0,334,0
2,ex2-s5-e1-d1w-p01,24ffd9b1737d030752785836bd5868fd2bf79378d66c43e34e820495df755584,0,335,0
2,ex2-s5-e1-d1w-p01,24ffd9b1737d030752785836bd5868fd2bf79378d66c43e34e820495df755584,0,336,100
2,ex2-s5-e1-d1w-p01,24ffd9b1737d030752785836bd5868fd2bf79378d66c43e34e820495df755584,0,337,0
2,ex2-s5-e1-d1w-p01,24ffd9b1737d030752785836bd5868fd2bf79378d66c43e34e820495df755584,0,338,0
2,ex2-s5-e1-d1w-p01,24ffd9b1737d030752785836bd5868fd2bf79378d66c43e34e820495df755584,0,339,0
2,ex2-s5-e1-d1w-p01,24ffd9b1737d030752785836bd5868fd2bf79378d66c43e34e820495df755584,0,340,100
2,ex2-s5-e1-d1w-p01,24ffd9b1737d030752785836bd5868fd2bf79378d66c43e34e820495df755584,0,341,0
2,ex2-s5-e1-d1w-p01,24ffd9b1737d030752785836bd5868fd2bf79378d66c43e34e820495df755584,0,342,0
2,ex2-s5-e1-d1w-p01,24ffd9b1737d030752785836bd5868fd2bf79378d66c43e34e820495df755584,0,343,0
2,ex2-s5-e1-d1w-p01,24ffd9b1737d030752785836bd5868fd2bf79378d66c43e34e820495df755584,0,344,100
2,ex2-s5-e1-d1w-p01,24ffd9b1737d030752785836bd5868fd2bf79378d66c43e34e820495df755584,0,345,0
2,ex2-s5-e1-d1w-p01,24ffd9b1737d030752785836bd5868fd2bf79378d66c43e34e820495df755584,0,346,0
2,ex2-s5-e1-d1w-p01,24ffd9b1737d030752785836bd5868fd2bf79378d66c43e34e820495df755584,0,347,100
2,ex2-s5-e1-d1w-p01,24ffd9b1737d030752785836bd5868fd2bf79378d66c43e34e820495df755584,0,348,0
2,ex2-s5-e1-d1w-p01,24ffd9b1737d030752785836bd5868fd2bf79378d66c43e34e820495df755584,0,349,0
2,ex2-s5-e1-d1w-p01,24ffd9b1737d030752785836bd5868fd2bf79378d66c43e34e820495df755584,0,350,0
2,ex2-s5-e1-d1w-p01,24ffd9b1737d030752785836bd5868fd2bf79378d66c43e34e820495df755584,0,351,100
2,ex2-s5-e1-d1w-p01,24ffd9b1737d030752785836bd5868fd2bf79378d66c43e34e820495df755584,0,352,0
2,ex2-s5-e1-d1w-p01,24ffd9b1737d030752785836bd5868fd2bf79378d66c43e34e820495df755584,0,353,0
2,ex2-s5-e1-d1w-p01,24ffd9b1737d030752785836bd5868fd2bf79378d66c43e34e820495df755584,0,354,0
2,ex2-s5-e1-d1w-p01,24ffd9b1737d030752785836bd5868fd2bf79378d66c43e34e820495df755584,0,355,100
2,ex2-s5-e1-d1w-p01,24ffd9b1737d030752785836bd5868fd2bf79378d66c43e34e820495df755584,0,356,0
2,ex2-s5-e1-d1w-p01,24ffd9b1737d030752785836bd5868fd2bf79378d66c43e34e820495df755584,0,357,0
2,ex2-s5-e1-d1w-p01,24ffd9b1737d030752785836bd5868fd2bf79378d66c43e34e820495df755584,0,358,100
2,ex2-s5-e1-d1w-p01,24ffd9b1737d030752785836bd5868fd2bf79378d66c43e34e820495df755584,0,359,0
2,ex2-s5-e1-d1w-p01,24ffd9b1737d030752785836bd5868fd2bf79378d66c43e34e820495df755584,0,360,0
2,ex2-s5-e1-d1w-p01,24ffd9b1737d030752785836bd5868fd2bf79378d66c43e34e820495df755584,0,361,0
2,ex2-s5-e1-d1w-p01,24ffd9b1737d030752785836bd5868fd2bf79378d66c43e34e820495df755584,0,362,100
2,ex2-s5-e1-d1w-p01,24ffd9b1737d030752785836bd5868fd2bf79378d66c43e34e820495df755584,0,363,0
2,ex2-s5-e1-d1w-p01,24ffd9b1737d030752785836bd5868fd2bf79378d66c43e34e820495df755584,0,364,0
2,ex2-s5-e1-d1w-p01,24ffd9b1737d030752785836bd5868fd2bf79378d66c43e34e820495df755584,0,365,0
2,ex2-s5-e1-d1w-p01,24ffd9b1737d030752785836bd5868fd2bf79378d66c43e34e820495df755584,0,366,100
2,ex2-s5-e1-d1w-p01,24ffd9b1737d030752785836bd5868fd2bf79378d66c43e34e820495df755584,0,367,0
2,ex2-s5-e1-d1w-p01,24ffd9b1737d030752785836bd5868fd2bf79378d66c43e34e820495df755584,0,368,0
2,ex2-s5-e1-d1w-p01,24ffd9b1737d030752785836bd5868fd2bf79378d66c43e34e820495df755584,0,369,100
2,ex2-s5-e1-d1w-p01,24ffd9b1737d030752785836bd5868fd2bf79378d66c43e34e820495df755584,0,370,0
2,ex2-s5-e1-d1w-p01,24ffd9b1737d030752785836bd5868fd2bf79378d66c43e34e820495df755584,0,371,0
2,ex2-s5-e1-d1w-p01,24ffd9b1737d030752785836bd5868fd2bf79378d66c43e34e820495df755584,0,372,0
2,ex2-s5-e1-d1w-p01,24ffd9b1737d030752785836bd5868fd2bf79378d66c43e34e820495df755584,0,373,100
2,ex2-s5-e1-d1w-p01,24ffd9b1737d030752785836bd5868fd2bf79378d66c43e34e820495df755584,0,374,0
2,ex2-s5-e1-d1w-p01,24ffd9b1737d030752785836bd5868fd2bf79378d66c43e34e820495df755584,0,375,0
2,ex2-s5-e1-d1w-p01,24ffd9b1737d030752785836bd5868fd2bf79378d66c43e34e820495df755584,0,376,0
2,ex2-s5-e1-d1w-p01,24ffd9b1737d030752785836bd5868fd2bf79378d66c43e34e820495df755584,0,377,100
2,ex2-s5-e1-d1w-p01,24ffd9b1737d030752785836bd5868fd2bf79378d66c43e34e820495df755584,0,378,0
2,ex2-s5-e1-d1w-p01,24ffd9b1737d030752785836bd5868fd2bf79378d66c43e34e820495df755584,0,379,0
2,ex2-s5-e1-d1w-p01,24ffd9b1737d030752785836bd5868fd2bf79378d66c43e34e820495df755584,0,380,100
2,ex2-s5-e1-d1w-p01,24ffd9b1737d030752785836bd5868fd2bf79378d66c43e34e820495df755584,0,381,0
2,ex2-s5-e1-d1w-p01,24ffd9b1737d030752785836bd5868fd2bf79378d66c43e34e820495df755584,0,382,0
2,ex2-s5-e1-d1w-p01,24ffd9b1737d030752785836bd5868fd2bf79378d66c43e34e820495df755584,0,383,0
2,ex2-s5-e1-d1w-p01,24ffd9b1737d030752785836bd5868fd2bf79378d66c43e34e820495df755584,0,384,100
2,ex2-s5-e1-d1w-p01,24ffd9b1737d030752785836bd5868fd2bf79378d66c43e34e820495df755584,0,385,0
2,ex2-s5-e1-d1w-p01,24ffd9b1737d030752785836bd5868fd2bf79378d66c43e34e820495df755584,0,386,0
2,ex2-s5-e1-d1w-p01,24ffd9b1737d030752785836bd5868fd2bf79378d66c43e34e820495df755584,0,387,0
2,ex2-s5-e1-d1w-p01,24ffd9b1737d030752785836bd5868fd2bf79378d66c43e34e820495df755584,0,388,100
2,ex2-s5-e1-d1w-p01,24ffd9b1737d030752785836bd5868fd2bf79378d66c43e34e820495df755584,0,389,0
2,ex2-s5-e1-d1w-p01,24ffd9b1737d030752785836bd5868fd2bf79378d66c43e34e820495df755584,0,390,0
2,ex2-s5-e1-d1w-p01,24ffd9b1737d030752785836bd5868fd2bf79378d66c43e34e820495df755584,0,391,100
2,ex2-s5-e1-d1w-p01,24ffd9b1737d030752785836bd5868fd2bf79378d66c43e34e820495df755584,0,392,0
2,ex2-s5-e1-d1w-p01,24ffd9b1737d030752785836bd5868fd2bf79378d66c43e34e820495df755584,0,393,0
2,ex2-s5-e1-d1w-p01,24ffd9b1737d030752785836bd5868fd2bf79378d66c43e34e820495df755584,0,394,0
2,ex2-s5-e1-d1w-p01,24ffd9b1737d030752785836bd5868fd2bf79378d66c43e34e820495df755584,0,395,100
2,ex2-s5-e1-d1w-p01,24ffd9b1737d030752785836bd5868fd2bf79378d66c43e34e820495df755584,0,396,0
2,ex2-s5-e1-d1w-p01,24ffd9b1737d030752785836bd5868fd2bf79378d66c43e34e820495df755584,0,397,0
2,ex2-s5-e1-d1w-p01,24ffd9b1737d030752785836bd5868fd2bf79378d66c43e34e820495df755584,0,398,0
2,ex2-s5-e1-d1w-p01,24ffd9b1737d030752785836bd5868fd2bf79378d66c43e34e820495df755584,0,399,100
2,ex2-s5-e1-d1w-p01,24ffd9b1737d030752785836bd5868fd2bf79378d66c43e34e820495df755584,0,400,0
2,ex2-s5-e1-d1w-p01,24ffd9b1737d030752785836bd5868fd2bf79378d66c43e34e820495df755584,0,401,0
2,ex2-s5-e1-d1w-p01,24ffd9b1737d030752785836bd5868fd2bf79378d66c43e34e820495df755584,0,402,100
2,ex2-s5-e1-d1w-p01,24ffd9b1737d030752785836bd5868fd2bf79378d66c43e34e820495df755584,0,403,0
2,ex2-s5-e1-d1w-p01,24ffd9b1737d030752785836bd5868fd2bf79378d66c43e34e820495df755584,0,404,0
2,ex2-s5-e1-d1w-p01,24ffd9b1737d030752785836bd5868fd2bf79378d66c43e34e820495df755584,0,405,0
2,ex2-s5-e1-d1w-p01,24ffd9b1737d030752785836bd5868fd2bf79378d66c43e34e820495df755584,0,406,100
2,ex2-s5-e1-d1w-p01,24ffd9b1737d030752785836bd5868fd2bf79378d66c43e34e820495df755584,0,407,0
2,ex2-s5-e1-d1w-p01,24ffd9b1737d030752785836bd5868fd2bf79378d66c43e34e820495df755584,0,408,0
2,ex2-s5-e1-d1w-p01,24ffd9b1737d030752785836bd5868fd2bf79378d66c43e34e820495df755584,0,409,0
2,ex2-s5-e1-d1w-p01,24ffd9b1737d030752785836bd5868fd2bf79378d66c43e34e820495df755584,0,410,100
2,ex2-s5-e1-d1w-p01,24ffd9b1737d030752785836bd5868fd2bf79378d66c43e34e820495df755584,0,411,0
2,ex2-s5-e1-d1w-p01,24ffd9b1737d030752785836bd5868fd2bf79378d66c43e34e820495df755584,0,412,0
2,ex2-s5-e1-d1w-p01,24ffd9b1737d030752785836bd5868fd2bf79378d66c43e34e820495df755584,0,413,100
2,ex2-s5-e1-d1w-p01,24ffd9b1737d030752785836bd5868fd2bf79378d66c43e34e820495df755584,0,414,0
2,ex2-s5-e1-d1w-p01,24ffd9b1737d030752785836bd5868fd2bf79378d66c43e34e820495df755584,0,415,0
2,ex2-s5-e1-d1w-p01,24ffd9b1737d030752785836bd5868fd2bf79378d66c43e34e820495df755584,0,416,0
2,ex2-s5-e1-d1w-p01,24ffd9b1737d030752785836bd5868fd2bf79378d66c43e34e820495df755584,0,417,100
2,ex2-s5-e1-d1w-p01,24ffd9b1737d030752785836bd5868fd2bf79378d66c43e34e820495df755584,0,418,0
2,ex2-s5-e1-d1w-p01,24ffd9b1737d030752785836bd5868fd2bf79378d66c43e34e820495df755584,0,419,0
2,ex2-s5-e1-d1w-p01,24ffd9b1737d030752785836bd5868fd2bf79378d66c43e34e820495df755584,0,420,0
2,ex2-s5-e1-d1w-p01,24ffd9b1737d030752785836bd5868fd2bf79378d66c43e34e820495df755584,0,421,100
2,ex2-s5-e1-d1w-p01,24ffd9b1737d030752785836bd5868fd2bf79378d66c43e34e820495df755584,0,422,0
2,ex2-s5-e1-d1w-p01,24ffd9b1737d030752785836bd5868fd2bf79378d66c43e34e820495df755584,0,423,0
2,ex2-s5-e1-d1w-p01,24ffd9b1737d030752785836bd5868fd2bf79378d66c43e34e820495df755584,0,424,0
2,ex2-s5-e1-d1w-p01,24ffd9b1737d030752785836bd5868fd2bf79378d66c43e34e820495df755584,0,425,100
2,ex2-s5-e1-d1w-p01,24ffd9b1737d030752785836bd5868fd2bf79378d66c43e34e820495df755584,0,426,0
2,ex2-s5-e1-d1w-p01,24ffd9b1737d030752785836bd5868fd2bf79378d66c43e34e820495df755584,0,427,0
2,ex2-s5-e1-d1w-p01,24ffd9b1737d030752785836bd5868fd2bf79378d66c43e34e820495df755584,0,428,100
2,ex2-s5-e1-d1w-p01,24ffd9b1737d030752785836bd5868fd2bf79378d66c43e34e820495df755584,0,429,0
2,ex2-s5-e1-d1w-p01,24ffd9b1737d030752785836bd5868fd2bf79378d66c43e34e820495df755584,0,430,0
2,ex2-s5-e1-d1w-p01,24ffd9b1737d030752785836bd5868fd2bf79378d66c43e34e820495df755584,0,431,0
2,ex2-s5-e1-d1w-p01,24ffd9b1737d030752785836bd5868fd2bf79378d66c43e34e820495df755584,0,432,100
2,ex2-s5-e1-d1w-p01,24ffd9b1737d030752785836bd5868fd2bf79378d66c43e34e820495df755584,0,433,0
2,ex2-s5-e1-d1w-p01,24ffd9b1737d030752785836bd5868fd2bf79378d66c43e34e820495df755584,0,434,0
2,ex2-s5-e1-d1w-p01,24ffd9b1737d030752785836bd5868fd2bf79378d66c43e34e820495df755584,0,435,0
2,ex2-s5-e1-d1w-p01,24ffd9b1737d030752785836bd5868fd2bf79378d66c43e34e820495df755584,0,436,100
2,ex2-s5-e1-d1w-p01,24ffd9b1737d030752785836bd5868fd2bf79378d66c43e34e820495df755584,0,437,0
2,ex2-s5-e1-d1w-p01,24ffd9b1737d030752785836bd5868fd2bf79378d66c43e34e820495df755584,0,438,0
2,ex2-s5-e1-d1w-p01,24ffd9b1737d030752785836bd5868fd2bf79378d66c43e34e820495df755584,0,439,100
2,ex2-s5-e1-d1w-p01,24ffd9b1737d030752785836bd5868fd2bf79378d66c43e34e820495df755584,0,440,0
2,ex2-s5-e1-d1w-p01,24ffd9b1737d030752785836bd5868fd2bf79378d66c43e34e820495df755584,0,441,0
2,ex2-s5-e1-d1w-p01,24ffd9b1737d030752785836bd5868fd2bf79378d66c43e34e820495df755584,0,442,0
2,ex2-s5-e1-d1w-p01,24ffd9b1737d030752785836bd5868fd2bf79378d66c43e34e820495df755584,0,443,100
2,ex2-s5-e1-d1w-p01,24ffd9b1737d030752785836bd5868fd2bf79378d66c43e34e820495df755584,0,444,0
2,ex2-s5-e1-d1w-p01,24ffd9b1737d030752785836bd5868fd2bf79378d66c43e34e820495df755584,0,445,0
2,ex2-s5-e1-d1w-p01,24ffd9b1737d030752785836bd5868fd2bf79378d66c43e34e820495df755584,0,446,0
2,ex2-s5-e1-d1w-p01,24ffd9b1737d030752785836bd5868fd2bf79378d66c43e34e820495df755584,0,447,100
2,ex2-s5-e1-d1w-p01,24ffd9b1737d030752785836bd5868fd2bf79378d66c43e34e820495df755584,0,448,0
2,ex2-s5-e1-d1w-p01,24ffd9b1737d030752785836bd5868fd2bf79378d66c43e34e820495df755584,0,449,0
2,ex2-s5-e1-d1w-p01,24ffd9b1737d030752785836bd5868fd2bf79378d66c43e34e820495df755584,0,450,100
2,ex2-s5-e1-d1w-p01,24ffd9b1737d030752785836bd5868fd2bf79378d66c43e34e820495df755584,0,451,0
2,ex2-s5-e1-d1w-p01,24ffd9b1737d030752785836bd5868fd2bf79378d66c43e34e820495df755584,0,452,0
2,ex2-s5-e1-d1w-p01,24ffd9b1737d030752785836bd5868fd2bf79378d66c43e34e820495df755584,0,453,0
2,ex2-s5-e1-d1w-p01,24ffd9b1737d030752785836bd5868fd2bf79378d66c43e34e820495df755584,0,454,100
2,ex2-s5-e1-d1w-p01,24ffd9b1737d030752785836bd5868fd2bf79378d66c43e34e820495df755584,0,455,0
2,ex2-s5-e1-d1w-p01,24ffd9b1737d030752785836bd5868fd2bf79378d66c43e34e820495df755584,0,456,0
2,ex2-s5-e1-d1w-p01,24ffd9b1737d030752785836bd5868fd2bf79378d66c43e34e820495df755584,0,457,0
2,ex2-s5-e1-d1w-p01,24ffd9b1737d030752785836bd5868fd2bf79378d66c43e34e820495df755584,0,458,100
2,ex2-s5-e1-d1w-p01,24ffd9b1737d030752785836bd5868fd2bf79378d66c43e34e820495df755584,0,459,0
2,ex2-s5-e1-d1w-p01,24ffd9b1737d030752785836bd5868fd2bf79378d66c43e34e820495df755584,0,460,0
2,ex2-s5-e1-d1w-p01,24ffd9b1737d030752785836bd5868fd2bf79378d66c43e34e820495df755584,0,461,100
2,ex2-s5-e1-d1w-p01,24ffd9b1737d030752785836bd5868fd2bf79378d66c43e34e820495df755584,0,462,0
2,ex2-s5-e1-d1w-p01,24ffd9b1737d030752785836bd5868fd2bf79378d66c43e34e820495df755584,0,463,0
2,ex2-s5-e1-d1w-p01,24ffd9b1737d030752785836bd5868fd2bf79378d66c43e34e820495df755584,0,464,0
2,ex2-s5-e1-d1w-p01,24ffd9b1737d030752785836bd5868fd2bf79378d66c43e34e820495df755584,0,465,100
2,ex2-s5-e1-d1w-p01,24ffd9b1737d030752785836bd5868fd2bf79378d66c43e34e820495df755584,0,466,0
2,ex2-s5-e1-d1w-p01,24ffd9b1737d030752785836bd5868fd2bf79378d66c43e34e820495df755584,0,467,0
2,ex2-s5-e1-d1w-p01,24ffd9b1737d030752785836bd5868fd2bf79378d66c43e34e820495df755584,0,468,0
2,ex2-s5-e1-d1w-p01,24ffd9b1737d030752785836bd5868fd2bf79378d66c43e34e820495df755584,0,469,100
2,ex2-s5-e1-d1w-p01,24ffd9b1737d030752785836bd5868fd2bf79378d66c43e34e820495df755584,0,470,0
2,ex2-s5-e1-d1w-p01,24ffd9b1737d030752785836bd5868fd2bf79378d66c43e34e820495df755584,0,471,0
2,ex2-s5-e1-d1w-p01,24ffd9b1737d030752785836bd5868fd2bf79378d66c43e34e820495df755584,0,472,100
2,ex2-s5-e1-d1w-p01,24ffd9b1737d030752785836bd5868fd2bf79378d66c43e34e820495df755584,0,473,0
2,ex2-s5-e1-d1w-p01,24ffd9b1737d030752785836bd5868fd2bf79378d66c43e34e820495df755584,0,474,0
2,ex2-s5-e1-d1w-p01,24ffd9b1737d030752785836bd5868fd2bf79378d66c43e34e820495df755584,0,475,0
2,ex2-s5-e1-d1w-p01,24ffd9b1737d030752785836bd5868fd2bf79378d66c43e34e820495df755584,0,476,100
2,ex2-s5-e1-d1w-p01,24ffd9b1737d030752785836bd5868fd2bf79378d66c43e34e820495df755584,0,477,0
2,ex2-s5-e1-d1w-p01,24ffd9b1737d030752785836bd5868fd2bf79378d66c43e34e820495df755584,0,478,0
2,ex2-s5-e1-d1w-p01,24ffd9b1737d030752785836bd5868fd2bf79378d66c43e34e820495df755584,0,479,0
2,ex2-s5-e1-d1w-p01,24ffd9b1737d030752785836bd5868fd2bf79378d66c43e34e820495df755584,0,480,100
2,ex2-s5-e1-d1w-p01,24ffd9b1737d030752785836bd5868fd2bf79378d66c43e34e820495df755584,0,481,0
2,ex2-s5-e1-d1w-p01,24ffd9b1737d030752785836bd5868fd2bf79378d66c43e34e820495df755584,0,482,0
2,ex2-s5-e1-d1w-p01,24ffd9b1737d030752785836bd5868fd2bf79378d66c43e34e820495df755584,0,483,100
2,ex2-s5-e1-d1w-p01,24ffd9b1737d030752785836bd5868fd2bf79378d66c43e34e820495df755584,0,484,0
2,ex2-s5-e1-d1w-p01,24ffd9b1737d030752785836bd5868fd2bf79378d66c43e34e820495df755584,0,485,0
2,ex2-s5-e1-d1w-p01,24ffd9b1737d030752785836bd5868fd2bf79378d66c43e34e820495df755584,0,486,0
2,ex2-s5-e1-d1w-p01,24ffd9b1737d030752785836bd5868fd2bf79378d66c43e34e820495df755584,0,487,100
2,ex2-s5-e1-d1w-p01,24ffd9b1737d030752785836bd5868fd2bf79378d66c43e34e820495df755584,0,488,0
2,ex2-s5-e1-d1w-p01,24ffd9b1737d030752785836bd5868fd2bf79378d66c43e34e820495df755584,0,489,0
2,ex2-s5-e1-d1w-p01,24ffd9b1737d030752785836bd5868fd2bf79378d66c43e34e820495df755584,0,490,0
2,ex2-s5-e1-d1w-p01,24ffd9b1737d030752785836bd5868fd2bf79378d66c43e34e820495df755584,0,491,100
2,ex2-s5-e1-d1w-p01,24ffd9b1737d030752785836bd5868fd2bf79378d66c43e34e820495df755584,0,492,0
2,ex2-s5-e1-d1w-p01,24ffd9b1737d030752785836bd5868fd2bf79378d66c43e34e820495df755584,0,493,0
2,ex2-s5-e1-d1w-p01,24ffd9b1737d030752785836bd5868fd2bf79378d66c43e34e820495df755584,0,494,100
2,ex2-s5-e1-d1w-p01,24ffd9b1737d030752785836bd5868fd2bf79378d66c43e34e820495df755584,0,495,0
2,ex2-s5-e1-d1w-p01,24ffd9b1737d030752785836bd5868fd2bf79378d66c43e34e820495df755584,0,496,0
2,ex2-s5-e1-d1w-p01,24ffd9b1737d030752785836bd5868fd2bf79378d66c43e34e820495df755584,0,497,0
2,ex2-s5-e1-d1w-p01,24ffd9b1737d030752785836bd5868fd2bf79378d66c43e34e820495df755584,0,498,100
2,ex2-s5-e1-d1w-p01,24ffd9b1737d030752785836bd5868fd2bf79378d66c43e34e820495df755584,0,499,0
2,ex2-s5-e1-d1w-p01,24ffd9b1737d030752785836bd5868fd2bf79378d66c43e34e820495df755584,0,500,0
2,ex2-s5-e1-d1w-p01,24ffd9b1737d030752785836bd5868fd2bf79378d66c43e34e820495df755584,0,501,0
2,ex2-s5-e1-d1w-p01,24ffd9b1737d030752785836bd5868fd2bf79378d66c43e34e820495df755584,0,502,100
2,ex2-s5-e1-d1w-p01,24ffd9b1737d030752785836bd5868fd2bf79378d66c43e34e820495df755584,0,503,0
2,ex2-s5-e1-d1w-p01,24ffd9b1737d030752785836bd5868fd2bf79378d66c43e34e820495df755584,0,504,0
2,ex2-s5-e1-d1w-p01,24ffd9b1737d030752785836bd5868fd2bf79378d66c43e34e820495df755584,0,505,100
2,ex2-s5-e1-d1w-p01,24ffd9b1737d030752785836bd5868fd2bf79378d66c43e34e820495df755584,0,506,0
2,ex2-s5-e1-d1w-p01,24ffd9b1737d030752785836bd5868fd2bf79378d66c43e34e820495df755584,0,507,0
2,ex2-s5-e1-d1w-p01,24ffd9b1737d030752785836bd5868fd2bf79378d66c43e34e820495df755584,0,508,0
2,ex2-s5-e1-d1w-p01,24ffd9b1737d030752785836bd5868fd2bf79378d66c43e34e820495df755584,0,509,100
2,ex2-s5-e1-d1w-p01,24ffd9b1737d030752785836bd5868fd2bf79378d66c43e34e820495df755584,0,510,0
2,ex2-s5-e1-d1w-p01,24ffd9b1737d030752785836bd5868fd2bf79378d66c43e34e820495df755584,0,511,0
2,ex2-s5-e1-d1w-p01,24ffd9b1737d030752785836bd5868fd2bf79378d66c43e34e820495df755584,0,512,0
2,ex2-s5-e1-d1w-p01,24ffd9b1737d030752785836bd5868fd2bf79378d66c43e34e820495df755584,0,513,100
2,ex2-s5-e1-d1w-p01,24ffd9b1737d030752785836bd5868fd2bf79378d66c43e34e820495df755584,0,514,0
2,ex2-s5-e1-d1w-p01,24ffd9b1737d030752785836bd5868fd2bf79378d66c43e34e820495df755584,0,515,0
2,ex2-s5-e1-d1w-p01,24ffd9b1737d030752785836bd5868fd2bf79378d66c43e34e820495df755584,0,516,100
2,ex2-s5-e1-d1w-p01,24ffd9b1737d030752785836bd5868fd2bf79378d66c43e34e820495df755584,0,517,0
2,ex2-s5-e1-d1w-p01,24ffd9b1737d030752785836bd5868fd2bf79378d66c43e34e820495df755584,0,518,0
2,ex2-s5-e1-d1w-p01,24ffd9b1737d030752785836bd5868fd2bf79378d66c43e34e820495df755584,0,519,0
2,ex2-s5-e1-d1w-p01,24ffd9b1737d030752785836bd5868fd2bf79378d66c43e34e820495df755584,0,520,100
2,ex2-s5-e1-d1w-p01,24ffd9b1737d030752785836bd5868fd2bf79378d66c43e34e820495df755584,0,521,0
2,ex2-s5-e1-d1w-p01,24ffd9b1737d030752785836bd5868fd2bf79378d66c43e34e820495df755584,0,522,0
2,ex2-s5-e1-d1w-p01,24ffd9b1737d030752785836bd5868fd2bf79378d66c43e34e820495df755584,0,523,0
2,ex2-s5-e1-d1w-p01,24ffd9b1737d030752785836bd5868fd2bf79378d66c43e34e820495df755584,0,524,100
2,ex2-s5-e1-d1w-p01,24ffd9b1737d030752785836bd5868fd2bf79378d66c43e34e820495df755584,0,525,0
2,ex2-s5-e1-d1w-p01,24ffd9b1737d030752785836bd5868fd2bf79378d66c43e34e820495df755584,0,526,0
2,ex2-s5-e1-d1w-p01,24ffd9b1737d030752785836bd5868fd2bf79378d66c43e34e820495df755584,0,527,100
2,ex2-s5-e1-d1w-p01,24ffd9b1737d030752785836bd5868fd2bf79378d66c43e34e820495df755584,0,528,0
2,ex2-s5-e1-d1w-p01,24ffd9b1737d030752785836bd5868fd2bf79378d66c43e34e820495df755584,0,529,0
2,ex2-s5-e1-d1w-p01,24ffd9b1737d030752785836bd5868fd2bf79378d66c43e34e820495df755584,0,530,0
2,ex2-s5-e1-d1w-p01,24ffd9b1737d030752785836bd5868fd2bf79378d66c43e34e820495df755584,0,531,100
2,ex2-s5-e1-d1w-p01,24ffd9b1737d030752785836bd5868fd2bf79378d66c43e34e820495df755584,0,532,0
2,ex2-s5-e1-d1w-p01,24ffd9b1737d030752785836bd5868fd2bf79378d66c43e34e820495df755584,0,533,0
2,ex2-s5-e1-d1w-p01,24ffd9b1737d030752785836bd5868fd2bf79378d66c43e34e820495df755584,0,534,0
2,ex2-s5-e1-d1w-p01,24ffd9b1737d030752785836bd5868fd2bf79378d66c43e34e820495df755584,0,535,100
2,ex2-s5-e1-d1w-p01,24ffd9b1737d030752785836bd5868fd2bf79378d66c43e34e820495df755584,0,536,0
2,ex2-s5-e1-d1w-p01,24ffd9b1737d030752785836bd5868fd2bf79378d66c43e34e820495df755584,0,537,0
2,ex2-s5-e1-d1w-p01,24ffd9b1737d030752785836bd5868fd2bf79378d66c43e34e820495df755584,0,538,100
2,ex2-s5-e1-d1w-p01,24ffd9b1737d030752785836bd5868fd2bf79378d66c43e34e820495df755584,0,539,0
2,ex2-s5-e1-d1w-p01,24ffd9b1737d030752785836bd5868fd2bf79378d66c43e34e820495df755584,0,540,0
2,ex2-s5-e1-d1w-p01,24ffd9b1737d030752785836bd5868fd2bf79378d66c43e34e820495df755584,0,541,0
2,ex2-s5-e1-d1w-p01,24ffd9b1737d030752785836bd5868fd2bf79378d66c43e34e820495df755584,0,542,100
2,ex2-s5-e1-d1w-p01,24ffd9b1737d030752785836bd5868fd2bf79378d66c43e34e820495df755584,0,543,0
2,ex2-s5-e1-d1w-p01,24ffd9b1737d030752785836bd5868fd2bf79378d66c43e34e820495df755584,0,544,0
2,ex2-s5-e1-d1w-p01,24ffd9b1737d030752785836bd5868fd2bf79378d66c43e34e820495df755584,0,545,0
2,ex2-s5-e1-d1w-p01,24ffd9b1737d030752785836bd5868fd2bf79378d66c43e34e820495df755584,0,546,100
2,ex2-s5-e1-d1w-p01,24ffd9b1737d030752785836bd5868fd2bf79378d66c43e34e820495df755584,0,547,0
2,ex2-s5-e1-d1w-p01,24ffd9b1737d030752785836bd5868fd2bf79378d66c43e34e820495df755584,0,548,0
2,ex2-s5-e1-d1w-p01,24ffd9b1737d030752785836bd5868fd2bf79378d66c43e34e820495df755584,0,549,100
2,ex2-s5-e1-d1w-p01,24ffd9b1737d030752785836bd5868fd2bf79378d66c43e34e820495df755584,0,550,0
2,ex2-s5-e1-d1w-p01,24ffd9b1737d030752785836bd5868fd2bf79378d66c43e34e820495df755584,0,551,0
2,ex2-s5-e1-d1w-p01,24ffd9b1737d030752785836bd5868fd2bf79378d66c43e34e820495df755584,0,552,0
2,ex2-s5-e1-d1w-p01,24ffd9b1737d030752785836bd5868fd2bf79378d66c43e34e820495df755584,0,553,100
2,ex2-s5-e1-d1w-p01,24ffd9b1737d030752785836bd5868fd2bf79378d66c43e34e820495df755584,0,554,0
2,ex2-s5-e1-d1w-p01,24ffd9b1737d030752785836bd5868fd2bf79378d66c43e34e820495df755584,0,555,0
2,ex2-s5-e1-d1w-p01,24ffd9b1737d030752785836bd5868fd2bf79378d66c43e34e820495df755584,0,556,0
2,ex2-s5-e1-d1w-p01,24ffd9b1737d030752785836bd5868fd2bf79378d66c43e34e820495df755584,0,557,100
2,ex2-s5-e1-d1w-p01,24ffd9b1737d030752785836bd5868fd2bf79378d66c43e34e820495df755584,0,558,0
2,ex2-s5-e1-d1w-p01,24ffd9b1737d030752785836bd5868fd2bf79378d66c43e34e820495df755584,0,559,0
2,ex2-s5-e1-d1w-p01,24ffd9b1737d030752785836bd5868fd2bf79378d66c43e34e820495df755584,0,560,0
2,ex2-s5-e1-d1w-p01,24ffd9b1737d030752785836bd5868fd2bf79378d66c43e34e820495df755584,0,561,100
2,ex2-s5-e1-d1w-p01,24ffd9b1737d030752785836bd5868fd2bf79378d66c43e34e820495df755584,0,562,0
2,ex2-s5-e1-d1w-p01,24ffd9b1737d030752785836bd5868fd2bf79378d66c43e34e820495df755584,0,563,0
2,ex2-s5-e1-d1w-p01,24ffd9b1737d030752785836bd5868fd2bf79378d66c43e34e820495df755584,0,564,100
2,ex2-s5-e1-d1w-p01,24ffd9b1737d030752785836bd5868fd2bf79378d66c43e34e820495df755584,0,565,0
2,ex2-s5-e1-d1w-p01,24ffd9b1737d030752785836bd5868fd2bf79378d66c43e34e820495df755584,0,566,0
2,ex2-s5-e1-d1w-p01,24ffd9b1737d030752785836bd5868fd2bf79378d66c43e34e820495df755584,0,567,0
2,ex2-s5-e1-d1w-p01,24ffd9b1737d030752785836bd5868fd2bf79378d66c43e34e820495df755584,0,568,100
2,ex2-s5-e1-d1w-p01,24ffd9b1737d030752785836bd5868fd2bf79378d66c43e34e820495df755584,0,569,0
2,ex2-s5-e1-d1w-p01,24ffd9b1737d030752785836bd5868fd2bf79378d66c43e34e820495df755584,0,570,0
2,ex2-s5-e1-d1w-p01,24ffd9b1737d030752785836bd5868fd2bf79378d66c43e34e820495df755584,0,571,100
2,ex2-s5-e1-d1w-p01,24ffd9b1737d030752785836bd5868fd2bf79378d66c43e34e820495df755584,0,572,0
2,ex2-s5-e1-d1w-p01,24ffd9b1737d030752785836bd5868fd2bf79378d66c43e34e820495df755584,0,573,0
2,ex2-s5-e1-d1w-p01,24ffd9b1737d030752785836bd5868fd2bf79378d66c43e34e820495df755584,0,574,0
2,ex2-s5-e1-d1w-p01,24ffd9b1737d030752785836bd5868fd2bf79378d66c43e34e820495df755584,0,575,100
2,ex2-s5-e1-d1w-p01,24ffd9b1737d030752785836bd5868fd2bf79378d66c43e34e820495df755584,0,576,0
2,ex2-s5-e1-d1w-p01,24ffd9b1737d030752785836bd5868fd2bf79378d66c43e34e820495df755584,0,577,0
2,ex2-s5-e1-d1w-p01,24ffd9b1737d030752785836bd5868fd2bf79378d66c43e34e820495df755584,0,578,0
2,ex2-s5-e1-d1w-p01,24ffd9b1737d030752785836bd5868fd2bf79378d66c43e34e820495df755584,0,579,100
2,ex2-s5-e1-d1w-p01,24ffd9b1737d030752785836bd5868fd2bf79378d66c43e34e820495df755584,0,580,0
2,ex2-s5-e1-d1w-p01,24ffd9b1737d030752785836bd5868fd2bf79378d66c43e34e820495df755584,0,581,0
2,ex2-s5-e1-d1w-p01,24ffd9b1737d030752785836bd5868fd2bf79378d66c43e34e820495df755584,0,582,0
2,ex2-s5-e1-d1w-p01,24ffd9b1737d030752785836bd5868fd2bf79378d66c43e34e820495df755584,0,583,100
2,ex2-s5-e1-d1w-p01,24ffd9b1737d030752785836bd5868fd2bf79378d66c43e34e820495df755584,0,584,0
2,ex2-s5-e1-d1w-p01,24ffd9b1737d030752785836bd5868fd2bf79378d66c43e34e820495df755584,0,585,0
2,ex2-s5-e1-d1w-p01,24ffd9b1737d030752785836bd5868fd2bf79378d66c43e34e820495df755584,0,586,100
2,ex2-s5-e1-d1w-p01,24ffd9b1737d030752785836bd5868fd2bf79378d66c43e34e820495df755584,0,587,0
2,ex2-s5-e1-d1w-p01,24ffd9b1737d030752785836bd5868fd2bf79378d66c43e34e820495df755584,0,588,0
2,ex2-s5-e1-d1w-p01,24ffd9b1737d030752785836bd5868fd2bf79378d66c43e34e820495df755584,0,589,0
2,ex2-s5-e1-d1w-p01,24ffd9b1737d030752785836bd5868fd2bf79378d66c43e34e820495df755584,0,590,100
2,ex2-s5-e1-d1w-p01,24ffd9b1737d030752785836bd5868fd2bf79378d66c43e34e820495df755584,0,591,0
2,ex2-s5-e1-d1w-p01,24ffd9b1737d030752785836bd5868fd2bf79378d66c43e34e820495df755584,0,592,0
2,ex2-s5-e1-d1w-p01,24ffd9b1737d030752785836bd5868fd2bf79378d66c43e34e820495df755584,0,593,0
2,ex2-s5-e1-d1w-p01,24ffd9b1737d030752785836bd5868fd2bf79378d66c43e34e820495df755584,0,594,100
2,ex2-s5-e1-d1w-p01,24ffd9b1737d030752785836bd5868fd2bf79378d66c43e34e820495df755584,0,595,0
2,ex2-s5-e1-d1w-p01,24ffd9b1737d030752785836bd5868fd2bf79378d66c43e34e820495df755584,0,596,0
2,ex2-s5-e1-d1w-p01,24ffd9b1737d030752785836bd5868fd2bf79378d66c43e34e820495df755584,0,597,100
2,ex2-s5-e1-d1w-p01,24ffd9b1737d030752785836bd5868fd2bf79378d66c43e34e820495df755584,0,598,0
2,ex2-s5-e1-d1w-p01,24ffd9b1737d030752785836bd5868fd2bf79378d66c43e34e820495df755584,0,599,0
2,ex2-s5-e1-d1w-p01,24ffd9b1737d030752785836bd5868fd2bf79378d66c43e34e820495df755584,0,600,0
2,ex2-s5-e1-d1w-p01,24ffd9b1737d030752785836bd5868fd2bf79378d66c43e34e820495df755584,0,601,100
2,ex2-s5-e1-d1w-p01,24ffd9b1737d030752785836bd5868fd2bf79378d66c43e34e820495df755584,0,602,0
2,ex2-s5-e1-d1w-p01,24ffd9b1737d030752785836bd5868fd2bf79378d66c43e34e820495df755584,0,603,0
2,ex2-s5-e1-d1w-p01,24ffd9b1737d030752785836bd5868fd2bf79378d66c43e34e820495df755584,0,604,0
2,ex2-s5-e1-d1w-p01,24ffd9b1737d030752785836bd5868fd2bf79378d66c43e34e820495df755584,0,605,100
2,ex2-s5-e1-d1w-p01,24ffd9b1737d030752785836bd5868fd2bf79378d66c43e34e820495df755584,0,606,0
2,ex2-s5-e1-d1w-p01,24ffd9b1737d030752785836bd5868fd2bf79378d66c43e34e820495df755584,0,607,0
2,ex2-s5-e1-d1w-p01,24ffd9b1737d030752785836bd5868fd2bf79378d66c43e34e820495df755584,0,608,100
2,ex2-s5-e1-d1w-p01,24ffd9b1737d030752785836bd5868fd2bf79378d66c43e34e820495df755584,0,609,0
2,ex2-s5-e1-d1w-p01,24ffd9b1737d030752785836bd5868fd2bf79378d66c43e34e820495df755584,0,610,0
2,ex2-s5-e1-d1w-p01,24ffd9b1737d030752785836bd5868fd2bf79378d66c43e34e820495df755584,0,611,0
2,ex2-s5-e1-d1w-p01,24ffd9b1737d030752785836bd5868fd2bf79378d66c43e34e820495df755584,0,612,100
2,ex2-s5-e1-d1w-p01,24ffd9b1737d030752785836bd5868fd2bf79378d66c43e34e820495df755584,0,613,0
2,ex2-s5-e1-d1w-p01,24ffd9b1737d030752785836bd5868fd2bf79378d66c43e34e820495df755584,0,614,0
2,ex2-s5-e1-d1w-p01,24ffd9b1737d030752785836bd5868fd2bf79378d66c43e34e820495df755584,0,615,0
2,ex2-s5-e1-d1w-p01,24ffd9b1737d030752785836bd5868fd2bf79378d66c43e34e820495df755584,0,616,100
2,ex2-s5-e1-d1w-p01,24ffd9b1737d030752785836bd5868fd2bf79378d66c43e34e820495df755584,0,617,0
2,ex2-s5-e1-d1w-p01,24ffd9b1737d030752785836bd5868fd2bf79378d66c43e34e820495df755584,0,618,0
2,ex2-s5-e1-d1w-p01,24ffd9b1737d030752785836bd5868fd2bf79378d66c43e34e820495df755584,0,619,100
2,ex2-s5-e1-d1w-p01,24ffd9b1737d030752785836bd5868fd2bf79378d66c43e34e820495df755584,0,620,0
2,ex2-s5-e1-d1w-p01,24ffd9b1737d030752785836bd5868fd2bf79378d66c43e34e820495df755584,0,621,0
2,ex2-s5-e1-d1w-p01,24ffd9b1737d030752785836bd5868fd2bf79378d66c43e34e820495df755584,0,622,0
2,ex2-s5-e1-d1w-p01,24ffd9b1737d030752785836bd5868fd2bf79378d66c43e34e820495df755584,0,623,100
2,ex2-s5-e1-d1w-p01,24ffd9b1737d030752785836bd5868fd2bf79378d66c43e34e820495df755584,0,624,0
2,ex2-s5-e1-d1w-p01,24ffd9b1737d030752785836bd5868fd2bf79378d66c43e34e820495df755584,0,625,0
2,ex2-s5-e1-d1w-p01,24ffd9b1737d030752785836bd5868fd2bf79378d66c43e34e820495df755584,0,626,0
2,ex2-s5-e1-d1w-p01,24ffd9b1737d030752785836bd5868fd2bf79378d66c43e34e820495df755584,0,627,100
2,ex2-s5-e1-d1w-p01,24ffd9b1737d030752785836bd5868fd2bf79378d66c43e34e820495df755584,0,628,0
2,ex2-s5-e1-d1w-p01,24ffd9b1737d030752785836bd5868fd2bf79378d66c43e34e820495df755584,0,629,0
2,ex2-s5-e1-d1w-p01,24ffd9b1737d030752785836bd5868fd2bf79378d66c43e34e820495df755584,0,630,100
2,ex2-s5-e1-d1w-p01,24ffd9b1737d030752785836bd5868fd2bf79378d66c43e34e820495df755584,0,631,0
2,ex2-s5-e1-d1w-p01,24ffd9b1737d030752785836bd5868fd2bf79378d66c43e34e820495df755584,0,632,0
2,ex2-s5-e1-d1w-p01,24ffd9b1737d030752785836bd5868fd2bf79378d66c43e34e820495df755584,0,633,0
2,ex2-s5-e1-d1w-p01,24ffd9b1737d030752785836bd5868fd2bf79378d66c43e34e820495df755584,0,634,100
2,ex2-s5-e1-d1w-p01,24ffd9b1737d030752785836bd5868fd2bf79378d66c43e34e820495df755584,0,635,0
2,ex2-s5-e1-d1w-p01,24ffd9b1737d030752785836bd5868fd2bf79378d66c43e34e820495df755584,0,636,0
2,ex2-s5-e1-d1w-p01,24ffd9b1737d030752785836bd5868fd2bf79378d66c43e34e820495df755584,0,637,0
2,ex2-s5-e1-d1w-p01,24ffd9b1737d030752785836bd5868fd2bf79378d66c43e34e820495df755584,0,638,100
2,ex2-s5-e1-d1w-p01,24ffd9b1737d030752785836bd5868fd2bf79378d66c43e34e820495df755584,0,639,0
2,ex2-s5-e1-d1w-p01,24ffd9b1737d030752785836bd5868fd2bf79378d66c43e34e820495df755584,0,640,0
2,ex2-s5-e1-d1w-p01,24ffd9b1737d030752785836bd5868fd2bf79378d66c43e34e820495df755584,0,641,100
2,ex2-s5-e1-d1w-p01,24ffd9b1737d030752785836bd5868fd2bf79378d66c43e34e820495df755584,0,642,0
2,ex2-s5-e1-d1w-p01,24ffd9b1737d030752785836bd5868fd2bf79378d66c43e34e820495df755584,0,643,0
2,ex2-s5-e1-d1w-p01,24ffd9b1737d030752785836bd5868fd2bf79378d66c43e34e820495df755584,0,644,0
2,ex2-s5-e1-d1w-p01,24ffd9b1737d030752785836bd5868fd2bf79378d66c43e34e820495df755584,0,645,100
2,ex2-s5-e1-d1w-p01,24ffd9b1737d030752785836bd5868fd2bf79378d66c43e34e820495df755584,0,646,0
2,ex2-s5-e1-d1w-p01,24ffd9b1737d030752785836bd5868fd2bf79378d66c43e34e820495df755584,0,647,0
2,ex2-s5-e1-d1w-p01,24ffd9b1737d030752785836bd5868fd2bf79378d66c43e34e820495df755584,0,648,0
2,ex2-s5-e1-d1w-p01,24ffd9b1737d030752785836bd5868fd2bf79378d66c43e34e820495df755584,0,649,100
2,ex2-s5-e1-d1w-p01,24ffd9b1737d030752785836bd5868fd2bf79378d66c43e34e820495df755584,0,650,0
2,ex2-s5-e1-d1w-p01,24ffd9b1737d030752785836bd5868fd2bf79378d66c43e34e820495df755584,0,651,0
2,ex2-s5-e1-d1w-p01,24ffd9b1737d030752785836bd5868fd2bf79378d66c43e34e820495df755584,0,652,100
2,ex2-s5-e1-d1w-p01,24ffd9b1737d030752785836bd5868fd2bf79378d66c43e34e820495df755584,0,653,0
2,ex2-s5-e1-d1w-p01,24ffd9b1737d030752785836bd5868fd2bf79378d66c43e34e820495df755584,0,654,0
2,ex2-s5-e1-d1w-p01,24ffd9b1737d030752785836bd5868fd2bf79378d66c43e34e820495df755584,0,655,0
2,ex2-s5-e1-d1w-p01,24ffd9b1737d030752785836bd5868fd2bf79378d66c43e34e820495df755584,0,656,100
2,ex2-s5-e1-d1w-p01,24ffd9b1737d030752785836bd5868fd2bf79378d66c43e34e820495df755584,0,657,0
2,ex2-s5-e1-d1w-p01,24ffd9b1737d030752785836bd5868fd2bf79378d66c43e34e820495df755584,0,658,0
2,ex2-s5-e1-d1w-p01,24ffd9b1737d030752785836bd5868fd2bf79378d66c43e34e820495df755584,0,659,0
2,ex2-s5-e1-d1w-p01,24ffd9b1737d030752785836bd5868fd2bf79378d66c43e34e820495df755584,0,660,100
2,ex2-s5-e1-d1w-p01,24ffd9b1737d030752785836bd5868fd2bf79378d66c43e34e820495df755584,0,661,0
2,ex2-s5-e1-d1w-p01,24ffd9b1737d030752785836bd5868fd2bf79378d66c43e34e820495df755584,0,662,0
2,ex2-s5-e1-d1w-p01,24ffd9b1737d030752785836bd5868fd2bf79378d66c43e34e820495df755584,0,663,100
2,ex2-s5-e1-d1w-p01,24ffd9b1737d030752785836bd5868fd2bf79378d66c43e34e820495df755584,0,664,0
2,ex2-s5-e1-d1w-p01,24ffd9b1737d030752785836bd5868fd2bf79378d66c43e34e820495df755584,0,665,0
2,ex2-s5-e1-d1w-p01,24ffd9b1737d030752785836bd5868fd2bf79378d66c43e34e820495df755584,0,666,0
2,ex2-s5-e1-d1w-p01,24ffd9b1737d030752785836bd5868fd2bf79378d66c43e34e820495df755584,0,667,100
2,ex2-s5-e1-d1w-p01,24ffd9b1737d030752785836bd5868fd2bf79378d66c43e34e820495df755584,0,668,0
2,ex2-s5-e1-d1w-p01,24ffd9b1737d030752785836bd5868fd2bf79378d66c43e34e820495df755584,0,669,0
2,ex2-s5-e1-d1w-p01,24ffd9b1737d030752785836bd5868fd2bf79378d66c43e34e820495df755584,0,670,0
2,ex2-s5-e1-d1w-p01,24ffd9b1737d030752785836bd5868fd2bf79378d66c43e34e820495df755584,0,671,100
2,ex2-s5-e1-d1w-p01,24ffd9b1737d030752785836bd5868fd2bf79378d66c43e34e820495df755584,0,672,0
2,ex2-s5-e1-d1w-p01,24ffd9b1737d030752785836bd5868fd2bf79378d66c43e34e820495df755584,0,673,0
2,ex2-s5-e1-d1w-p01,24ffd9b1737d030752785836bd5868fd2bf79378d66c43e34e820495df755584,0,674,0
2,ex2-s5-e1-d1w-p01,24ffd9b1737d030752785836bd5868fd2bf79378d66c43e34e820495df755584,0,675,100
2,ex2-s5-e1-d1w-p01,24ffd9b1737d030752785836bd5868fd2bf79378d66c43e34e820495df755584,0,676,0
2,ex2-s5-e1-d1w-p01,24ffd9b1737d030752785836bd5868fd2bf79378d66c43e34e820495df755584,0,677,0
2,ex2-s5-e1-d1w-p01,24ffd9b1737d030752785836bd5868fd2bf79378d66c43e34e820495df755584,0,678,100
2,ex2-s5-e1-d1w-p01,24ffd9b1737d030752785836bd5868fd2bf79378d66c43e34e820495df755584,0,679,0
2,ex2-s5-e1-d1w-p01,24ffd9b1737d030752785836bd5868fd2bf79378d66c43e34e820495df755584,0,680,0
2,ex2-s5-e1-d1w-p01,24ffd9b1737d030752785836bd5868fd2bf79378d66c43e34e820495df755584,0,681,0
2,ex2-s5-e1-d1w-p01,24ffd9b1737d030752785836bd5868fd2bf79378d66c43e34e820495df755584,0,682,100
2,ex2-s5-e1-d1w-p01,24ffd9b1737d030752785836bd5868fd2bf79378d66c43e34e820495df755584,0,683,0
2,ex2-s5-e1-d1w-p01,24ffd9b1737d030752785836bd5868fd2bf79378d66c43e34e820495df755584,0,684,0
2,ex2-s5-e1-d1w-p01,24ffd9b1737d030752785836bd5868fd2bf79378d66c43e34e820495df755584,0,685,0
2,ex2-s5-e1-d1w-p01,24ffd9b1737d030752785836bd5868fd2bf79378d66c43e34e820495df755584,0,686,100
2,ex2-s5-e1-d1w-p01,24ffd9b1737d030752785836bd5868fd2bf79378d66c43e34e820495df755584,0,687,0
2,ex2-s5-e1-d1w-p01,24ffd9b1737d030752785836bd5868fd2bf79378d66c43e34e820495df755584,0,688,0
2,ex2-s5-e1-d1w-p01,24ffd9b1737d030752785836bd5868fd2bf79378d66c43e34e820495df755584,0,689,100
2,ex2-s5-e1-d1w-p01,24ffd9b1737d030752785836bd5868fd2bf79378d66c43e34e820495df755584,0,690,0
2,ex2-s5-e1-d1w-p01,24ffd9b1737d030752785836bd5868fd2bf79378d66c43e34e820495df755584,0,691,0
2,ex2-s5-e1-d1w-p01,24ffd9b1737d030752785836bd5868fd2bf79378d66c43e34e820495df755584,0,692,0
2,ex2-s5-e1-d1w-p01,24ffd9b1737d030752785836bd5868fd2bf79378d66c43e34e820495df755584,0,693,100
2,ex2-s5-e1-d1w-p01,24ffd9b1737d030752785836bd5868fd2bf79378d66c43e34e820495df755584,0,694,0
2,ex2-s5-e1-d1w-p01,24ffd9b1737d030752785836bd5868fd2bf79378d66c43e34e820495df755584,0,695,0
2,ex2-s5-e1-d1w-p01,24ffd9b1737d030752785836bd5868fd2bf79378d66c43e34e820495df755584,0,696,0
2,ex2-s5-e1-d1w-p01,24ffd9b1737d030752785836bd5868fd2bf79378d66c43e34e820495df755584,0,697,100
2,ex2-s5-e1-d1w-p01,24ffd9b1737d030752785836bd5868fd2bf79378d66c43e34e820495df755584,0,698,0
2,ex2-s5-e1-d1w-p01,24ffd9b1737d030752785836bd5868fd2bf79378d66c43e34e820495df755584,0,699,0
2,ex2-s5-e1-d1w-p01,24ffd9b1737d030752785836bd5868fd2bf79378d66c43e34e820495df755584,0,700,100
2,ex2-s5-e1-d1w-p01,24ffd9b1737d030752785836bd5868fd2bf79378d66c43e34e820495df755584,0,701,0
2,ex2-s5-e1-d1w-p01,24ffd9b1737d030752785836bd5868fd2bf79378d66c43e34e820495df755584,0,702,0
2,ex2-s5-e1-d1w-p01,24ffd9b1737d030752785836bd5868fd2bf79378d66c43e34e820495df755584,0,703,0
2,ex2-s5-e1-d1w-p01,24ffd9b1737d030752785836bd5868fd2bf79378d66c43e34e820495df755584,0,704,100
2,ex2-s5-e1-d1w-p01,24ffd9b1737d030752785836bd5868fd2bf79378d66c43e34e820495df755584,0,705,0
2,ex2-s5-e1-d1w-p01,24ffd9b1737d030752785836bd5868fd2bf79378d66c43e34e820495df755584,0,706,0
2,ex2-s5-e1-d1w-p01,24ffd9b1737d030752785836bd5868fd2bf79378d66c43e34e820495df755584,0,707,0
2,ex2-s5-e1-d1w-p01,24ffd9b1737d030752785836bd5868fd2bf79378d66c43e34e820495df755584,0,708,100
2,ex2-s5-e1-d1w-p01,24ffd9b1737d030752785836bd5868fd2bf79378d66c43e34e820495df755584,0,709,0
2,ex2-s5-e1-d1w-p01,24ffd9b1737d030752785836bd5868fd2bf79378d66c43e34e820495df755584,0,710,0
2,ex2-s5-e1-d1w-p01,24ffd9b1737d030752785836bd5868fd2bf79378d66c43e34e820495df755584,0,711,100
2,ex2-s5-e1-d1w-p01,24ffd9b1737d030752785836bd5868fd2bf79378d66c43e34e820495df755584,0,712,0
2,ex2-s5-e1-d1w-p01,24ffd9b1737d030752785836bd5868fd2bf79378d66c43e34e820495df755584,0,713,0
2,ex2-s5-e1-d1w-p01,24ffd9b1737d030752785836bd5868fd2bf79378d66c43e34e820495df755584,0,714,0
2,ex2-s5-e1-d1w-p01,24ffd9b1737d030752785836bd5868fd2bf79378d66c43e34e820495df755584,0,715,100
2,ex2-s5-e1-d1w-p01,24ffd9b1737d030752785836bd5868fd2bf79378d66c43e34e820495df755584,0,716,0
2,ex2-s5-e1-d1w-p01,24ffd9b1737d030752785836bd5868fd2bf79378d66c43e34e820495df755584,0,717,0
2,ex2-s5-e1-d1w-p01,24ffd9b1737d030752785836bd5868fd2bf79378d66c43e34e820495df755584,0,718,0
2,ex2-s5-e1-d1w-p01,24ffd9b1737d030752785836bd5868fd2bf79378d66c43e34e820495df755584,0,719,100
2,ex2-s5-e1-d1w-p01,24ffd9b1737d030752785836bd5868fd2bf79378d66c43e34e820495df755584,0,720,0
2,ex2-s5-e1-d1w-p01,24ffd9b1737d030752785836bd5868fd2bf79378d66c43e34e820495df755584,0,721,0
2,ex2-s5-e1-d1w-p01,24ffd9b1737d030752785836bd5868fd2bf79378d66c43e34e820495df755584,0,722,100
2,ex2-s5-e1-d1w-p01,24ffd9b1737d030752785836bd5868fd2bf79378d66c43e34e820495df755584,0,723,0
2,ex2-s5-e1-d1w-p01,24ffd9b1737d030752785836bd5868fd2bf79378d66c43e34e820495df755584,0,724,0
2,ex2-s5-e1-d1w-p01,24ffd9b1737d030752785836bd5868fd2bf79378d66c43e34e820495df755584,0,725,0
2,ex2-s5-e1-d1w-p01,24ffd9b1737d030752785836bd5868fd2bf79378d66c43e34e820495df755584,0,726,100
2,ex2-s5-e1-d1w-p01,24ffd9b1737d030752785836bd5868fd2bf79378d66c43e34e820495df755584,0,727,0
2,ex2-s5-e1-d1w-p01,24ffd9b1737d030752785836bd5868fd2bf79378d66c43e34e820495df755584,0,728,0
2,ex2-s5-e1-d1w-p01,24ffd9b1737d030752785836bd5868fd2bf79378d66c43e34e820495df755584,0,729,0
2,ex2-s5-e1-d1w-p01,24ffd9b1737d030752785836bd5868fd2bf79378d66c43e34e820495df755584,0,730,100
2,ex2-s5-e1-d1w-p01,24ffd9b1737d030752785836bd5868fd2bf79378d66c43e34e820495df755584,0,731,0
2,ex2-s5-e1-d1w-p01,24ffd9b1737d030752785836bd5868fd2bf79378d66c43e34e820495df755584,0,732,0
2,ex2-s5-e1-d1w-p01,24ffd9b1737d030752785836bd5868fd2bf79378d66c43e34e820495df755584,0,733,100
2,ex2-s5-e1-d1w-p01,24ffd9b1737d030752785836bd5868fd2bf79378d66c43e34e820495df755584,0,734,0
2,ex2-s5-e1-d1w-p01,24ffd9b1737d030752785836bd5868fd2bf79378d66c43e34e820495df755584,0,735,0
2,ex2-s5-e1-d1w-p01,24ffd9b1737d030752785836bd5868fd2bf79378d66c43e34e820495df755584,0,736,0
2,ex2-s5-e1-d1w-p01,24ffd9b1737d030752785836bd5868fd2bf79378d66c43e34e820495df755584,0,737,100
2,ex2-s5-e1-d1w-p01,24ffd9b1737d030752785836bd5868fd2bf79378d66c43e34e820495df755584,0,738,0
2,ex2-s5-e1-d1w-p01,24ffd9b1737d030752785836bd5868fd2bf79378d66c43e34e820495df755584,0,739,0
2,ex2-s5-e1-d1w-p01,24ffd9b1737d030752785836bd5868fd2bf79378d66c43e34e820495df755584,0,740,0
2,ex2-s5-e1-d1w-p01,24ffd9b1737d030752785836bd5868fd2bf79378d66c43e34e820495df755584,0,741,100
2,ex2-s5-e1-d1w-p01,24ffd9b1737d030752785836bd5868fd2bf79378d66c43e34e820495df755584,0,742,0
2,ex2-s5-e1-d1w-p01,24ffd9b1737d030752785836bd5868fd2bf79378d66c43e34e820495df755584,0,743,0
2,ex2-s5-e1-d1w-p01,24ffd9b1737d030752785836bd5868fd2bf79378d66c43e34e820495df755584,0,744,100
2,ex2-s5-e1-d1w-p01,24ffd9b1737d030752785836bd5868fd2bf79378d66c43e34e820495df755584,0,745,0
2,ex2-s5-e1-d1w-p01,24ffd9b1737d030752785836bd5868fd2bf79378d66c43e34e820495df755584,0,746,0
2,ex2-s5-e1-d1w-p01,24ffd9b1737d030752785836bd5868fd2bf79378d66c43e34e820495df755584,0,747,0
2,ex2-s5-e1-d1w-p01,24ffd9b1737d030752785836bd5868fd2bf79378d66c43e34e820495df755584,0,748,100
2,ex2-s5-e1-d1w-p01,24ffd9b1737d030752785836bd5868fd2bf79378d66c43e34e820495df755584,0,749,0
2,ex2-s5-e1-d1w-p01,24ffd9b1737d030752785836bd5868fd2bf79378d66c43e34e820495df755584,0,750,0
2,ex2-s5-e1-d1w-p01,24ffd9b1737d030752785836bd5868fd2bf79378d66c43e34e820495df755584,0,751,0
2,ex2-s5-e1-d1w-p01,24ffd9b1737d030752785836bd5868fd2bf79378d66c43e34e820495df755584,0,752,100
2,ex2-s5-e1-d1w-p01,24ffd9b1737d030752785836bd5868fd2bf79378d66c43e34e820495df755584,0,753,0
2,ex2-s5-e1-d1w-p01,24ffd9b1737d030752785836bd5868fd2bf79378d66c43e34e820495df755584,0,754,0
2,ex2-s5-e1-d1w-p01,24ffd9b1737d030752785836bd5868fd2bf79378d66c43e34e820495df755584,0,755,0
2,ex2-s5-e1-d1w-p01,24ffd9b1737d030752785836bd5868fd2bf79378d66c43e34e820495df755584,0,756,100
2,ex2-s5-e1-d1w-p01,24ffd9b1737d030752785836bd5868fd2bf79378d66c43e34e820495df755584,0,757,0
2,ex2-s5-e1-d1w-p01,24ffd9b1737d030752785836bd5868fd2bf79378d66c43e34e820495df755584,0,758,0
2,ex2-s5-e1-d1w-p01,24ffd9b1737d030752785836bd5868fd2bf79378d66c43e34e820495df755584,0,759,100
2,ex2-s5-e1-d1w-p01,24ffd9b1737d030752785836bd5868fd2bf79378d66c43e34e820495df755584,0,760,0
2,ex2-s5-e1-d1w-p01,24ffd9b1737d030752785836bd5868fd2bf79378d66c43e34e820495df755584,0,761,0
2,ex2-s5-e1-d1w-p01,24ffd9b1737d030752785836bd5868fd2bf79378d66c43e34e820495df755584,0,762,0
2,ex2-s5-e1-d1w-p01,24ffd9b1737d030752785836bd5868fd2bf79378d66c43e34e820495df755584,0,763,100
2,ex2-s5-e1-d1w-p01,24ffd9b1737d030752785836bd5868fd2bf79378d66c43e34e820495df755584,0,764,0
2,ex2-s5-e1-d1w-p01,24ffd9b1737d030752785836bd5868fd2bf79378d66c43e34e820495df755584,0,765,0
2,ex2-s5-e1-d1w-p01,24ffd9b1737d030752785836bd5868fd2bf79378d66c43e34e820495df755584,0,766,0
2,ex2-s5-e1-d1w-p01,24ffd9b1737d030752785836bd5868fd2bf79378d66c43e34e820495df755584,0,767,100
2,ex2-s5-e1-d1w-p01,24ffd9b1737d030752785836bd5868fd2bf79378d66c43e34e820495df755584,0,768,0
2,ex2-s5-e1-d1w-p01,24ffd9b1737d030752785836bd5868fd2bf79378d66c43e34e820495df755584,0,769,0
2,ex2-s5-e1-d1w-p01,24ffd9b1737d030752785836bd5868fd2bf79378d66c43e34e820495df755584,0,770,100
2,ex2-s5-e1-d1w-p01,24ffd9b1737d030752785836bd5868fd2bf79378d66c43e34e820495df755584,0,771,0
2,ex2-s5-e1-d1w-p01,24ffd9b1737d030752785836bd5868fd2bf79378d66c43e34e820495df755584,0,772,0
2,ex2-s5-e1-d1w-p01,24ffd9b1737d030752785836bd5868fd2bf79378d66c43e34e820495df755584,0,773,0
2,ex2-s5-e1-d1w-p01,24ffd9b1737d030752785836bd5868fd2bf79378d66c43e34e820495df755584,0,774,100
2,ex2-s5-e1-d1w-p01,24ffd9b1737d030752785836bd5868fd2bf79378d66c43e34e820495df755584,0,775,0
2,ex2-s5-e1-d1w-p01,24ffd9b1737d030752785836bd5868fd2bf79378d66c43e34e820495df755584,0,776,0
2,ex2-s5-e1-d1w-p01,24ffd9b1737d030752785836bd5868fd2bf79378d66c43e34e820495df755584,0,777,0
2,ex2-s5-e1-d1w-p01,24ffd9b1737d030752785836bd5868fd2bf79378d66c43e34e820495df755584,0,778,100
2,ex2-s5-e1-d1w-p01,24ffd9b1737d030752785836bd5868fd2bf79378d66c43e34e820495df755584,0,779,0
2,ex2-s5-e1-d1w-p01,24ffd9b1737d030752785836bd5868fd2bf79378d66c43e34e820495df755584,0,780,0
2,ex2-s5-e1-d1w-p01,24ffd9b1737d030752785836bd5868fd2bf79378d66c43e34e820495df755584,0,781,100
2,ex2-s5-e1-d1w-p01,24ffd9b1737d030752785836bd5868fd2bf79378d66c43e34e820495df755584,0,782,0
2,ex2-s5-e1-d1w-p01,24ffd9b1737d030752785836bd5868fd2bf79378d66c43e34e820495df755584,0,783,0
2,ex2-s5-e1-d1w-p01,24ffd9b1737d030752785836bd5868fd2bf79378d66c43e34e820495df755584,0,784,0
2,ex2-s5-e1-d1w-p01,24ffd9b1737d030752785836bd5868fd2bf79378d66c43e34e820495df755584,0,785,100
2,ex2-s5-e1-d1w-p01,24ffd9b1737d030752785836bd5868fd2bf79378d66c43e34e820495df755584,0,786,0
2,ex2-s5-e1-d1w-p01,24ffd9b1737d030752785836bd5868fd2bf79378d66c43e34e820495df755584,0,787,0
2,ex2-s5-e1-d1w-p01,24ffd9b1737d030752785836bd5868fd2bf79378d66c43e34e820495df755584,0,788,0
2,ex2-s5-e1-d1w-p01,24ffd9b1737d030752785836bd5868fd2bf79378d66c43e34e820495df755584,0,789,100
2,ex2-s5-e1-d1w-p01,24ffd9b1737d030752785836bd5868fd2bf79378d66c43e34e820495df755584,0,790,0
2,ex2-s5-e1-d1w-p01,24ffd9b1737d030752785836bd5868fd2bf79378d66c43e34e820495df755584,0,791,0
2,ex2-s5-e1-d1w-p01,24ffd9b1737d030752785836bd5868fd2bf79378d66c43e34e820495df755584,0,792,100
2,ex2-s5-e1-d1w-p01,24ffd9b1737d030752785836bd5868fd2bf79378d66c43e34e820495df755584,0,793,0
2,ex2-s5-e1-d1w-p01,24ffd9b1737d030752785836bd5868fd2bf79378d66c43e34e820495df755584,0,794,0
2,ex2-s5-e1-d1w-p01,24ffd9b1737d030752785836bd5868fd2bf79378d66c43e34e820495df755584,0,795,0
2,ex2-s5-e1-d1w-p01,24ffd9b1737d030752785836bd5868fd2bf79378d66c43e34e820495df755584,0,796,100
2,ex2-s5-e1-d1w-p01,24ffd9b1737d030752785836bd5868fd2bf79378d66c43e34e820495df755584,0,797,0
2,ex2-s5-e1-d1w-p01,24ffd9b1737d030752785836bd5868fd2bf79378d66c43e34e820495df755584,0,798,0
2,ex2-s5-e1-d1w-p01,24ffd9b1737d030752785836bd5868fd2bf79378d66c43e34e820495df755584,0,799,0
2,ex2-s5-e1-d1w-p01,24ffd9b1737d030752785836bd5868fd2bf79378d66c43e34e820495df755584,0,800,100
2,ex2-s5-e1-d1w-p01,24ffd9b1737d030752785836bd5868fd2bf79378d66c43e34e820495df755584,0,801,0
2,ex2-s5-e1-d1w-p01,24ffd9b1737d030752785836bd5868fd2bf79378d66c43e34e820495df755584,0,802,0
2,ex2-s5-e1-d1w-p01,24ffd9b1737d030752785836bd5868fd2bf79378d66c43e34e820495df755584,0,803,100
2,ex2-s5-e1-d1w-p01,24ffd9b1737d030752785836bd5868fd2bf79378d66c43e34e820495df755584,0,804,0
2,ex2-s5-e1-d1w-p01,24ffd9b1737d030752785836bd5868fd2bf79378d66c43e34e820495df755584,0,805,0
2,ex2-s5-e1-d1w-p01,24ffd9b1737d030752785836bd5868fd2bf79378d66c43e34e820495df755584,0,806,0
2,ex2-s5-e1-d1w-p01,24ffd9b1737d030752785836bd5868fd2bf79378d66c43e34e820495df755584,0,807,100
2,ex2-s5-e1-d1w-p01,24ffd9b1737d030752785836bd5868fd2bf79378d66c43e34e820495df755584,0,808,0
2,ex2-s5-e1-d1w-p01,24ffd9b1737d030752785836bd5868fd2bf79378d66c43e34e820495df755584,0,809,0
2,ex2-s5-e1-d1w-p01,24ffd9b1737d030752785836bd5868fd2bf79378d66c43e34e820495df755584,0,810,0
2,ex2-s5-e1-d1w-p01,24ffd9b1737d030752785836bd5868fd2bf79378d66c43e34e820495df755584,0,811,100
2,ex2-s5-e1-d1w-p01,24ffd9b1737d030752785836bd5868fd2bf79378d66c43e34e820495df755584,0,812,0
2,ex2-s5-e1-d1w-p01,24ffd9b1737d030752785836bd5868fd2bf79378d66c43e34e820495df755584,0,813,0
2,ex2-s5-e1-d1w-p01,24ffd9b1737d030752785836bd5868fd2bf79378d66c43e34e820495df755584,0,814,100
2,ex2-s5-e1-d1w-p01,24ffd9b1737d030752785836bd5868fd2bf79378d66c43e34e820495df755584,0,815,0
2,ex2-s5-e1-d1w-p01,24ffd9b1737d030752785836bd5868fd2bf79378d66c43e34e820495df755584,0,816,0
2,ex2-s5-e1-d1w-p01,24ffd9b1737d030752785836bd5868fd2bf79378d66c43e34e820495df755584,0,817,0
2,ex2-s5-e1-d1w-p01,24ffd9b1737d030752785836bd5868fd2bf79378d66c43e34e820495df755584,0,818,100
2,ex2-s5-e1-d1w-p01,24ffd9b1737d030752785836bd5868fd2bf79378d66c43e34e820495df755584,0,819,0
2,ex2-s5-e1-d1w-p01,24ffd9b1737d030752785836bd5868fd2bf79378d66c43e34e820495df755584,0,820,0
2,ex2-s5-e1-d1w-p01,24ffd9b1737d030752785836bd5868fd2bf79378d66c43e34e820495df755584,0,821,0
2,ex2-s5-e1-d1w-p01,24ffd9b1737d030752785836bd5868fd2bf79378d66c43e34e820495df755584,0,822,100
2,ex2-s5-e1-d1w-p01,24ffd9b1737d030752785836bd5868fd2bf79378d66c43e34e820495df755584,0,823,0
2,ex2-s5-e1-d1w-p01,24ffd9b1737d030752785836bd5868fd2bf79378d66c43e34e820495df755584,0,824,0
2,ex2-s5-e1-d1w-p01,24ffd9b1737d030752785836bd5868fd2bf79378d66c43e34e820495df755584,0,825,0
2,ex2-s5-e1-d1w-p01,24ffd9b1737d030752785836bd5868fd2bf79378d66c43e34e820495df755584,0,826,100
2,ex2-s5-e1-d1w-p01,24ffd9b1737d030752785836bd5868fd2bf79378d66c43e34e820495df755584,0,827,0
2,ex2-s5-e1-d1w-p01,24ffd9b1737d030752785836bd5868fd2bf79378d66c43e34e820495df755584,0,828,0
2,ex2-s5-e1-d1w-p01,24ffd9b1737d030752785836bd5868fd2bf79378d66c43e34e820495df755584,0,829,100
2,ex2-s5-e1-d1w-p01,24ffd9b1737d030752785836bd5868fd2bf79378d66c43e34e820495df755584,0,830,0
2,ex2-s5-e1-d1w-p01,24ffd9b1737d030752785836bd5868fd2bf79378d66c43e34e820495df755584,0,831,0
2,ex2-s5-e1-d1w-p01,24ffd9b1737d030752785836bd5868fd2bf79378d66c43e34e820495df755584,0,832,0
2,ex2-s5-e1-d1w-p01,24ffd9b1737d030752785836bd5868fd2bf79378d66c43e34e820495df755584,0,833,100
2,ex2-s5-e1-d1w-p01,24ffd9b1737d030752785836bd5868fd2bf79378d66c43e34e820495df755584,0,834,0
2,ex2-s5-e1-d1w-p01,24ffd9b1737d030752785836bd5868fd2bf79378d66c43e34e820495df755584,0,835,0
2,ex2-s5-e1-d1w-p01,24ffd9b1737d030752785836bd5868fd2bf79378d66c43e34e820495df755584,0,836,0
2,ex2-s5-e1-d1w-p01,24ffd9b1737d030752785836bd5868fd2bf79378d66c43e34e820495df755584,0,837,100
2,ex2-s5-e1-d1w-p01,24ffd9b1737d030752785836bd5868fd2bf79378d66c43e34e820495df755584,0,838,0
2,ex2-s5-e1-d1w-p01,24ffd9b1737d030752785836bd5868fd2bf79378d66c43e34e820495df755584,0,839,0
2,ex2-s5-e1-d1w-p01,24ffd9b1737d030752785836bd5868fd2bf79378d66c43e34e820495df755584,0,840,100
2,ex2-s5-e1-d1w-p01,24ffd9b1737d030752785836bd5868fd2bf79378d66c43e34e820495df755584,0,841,0
2,ex2-s5-e1-d1w-p01,24ffd9b1737d030752785836bd5868fd2bf79378d66c43e34e820495df755584,0,842,0
2,ex2-s5-e1-d1w-p01,24ffd9b1737d030752785836bd5868fd2bf79378d66c43e34e820495df755584,0,843,0
2,ex2-s5-e1-d1w-p01,24ffd9b1737d030752785836bd5868fd2bf79378d66c43e34e820495df755584,0,844,100
2,ex2-s5-e1-d1w-p01,24ffd9b1737d030752785836bd5868fd2bf79378d66c43e34e820495df755584,0,845,0
2,ex2-s5-e1-d1w-p01,24ffd9b1737d030752785836bd5868fd2bf79378d66c43e34e820495df755584,0,846,0
2,ex2-s5-e1-d1w-p01,24ffd9b1737d030752785836bd5868fd2bf79378d66c43e34e820495df755584,0,847,0
2,ex2-s5-e1-d1w-p01,24ffd9b1737d030752785836bd5868fd2bf79378d66c43e34e820495df755584,0,848,100
2,ex2-s5-e1-d1w-p01,24ffd9b1737d030752785836bd5868fd2bf79378d66c43e34e820495df755584,0,849,0
2,ex2-s5-e1-d1w-p01,24ffd9b1737d030752785836bd5868fd2bf79378d66c43e34e820495df755584,0,850,0
2,ex2-s5-e1-d1w-p01,24ffd9b1737d030752785836bd5868fd2bf79378d66c43e34e820495df755584,0,851,100
2,ex2-s5-e1-d1w-p01,24ffd9b1737d030752785836bd5868fd2bf79378d66c43e34e820495df755584,0,852,0
2,ex2-s5-e1-d1w-p01,24ffd9b1737d030752785836bd5868fd2bf79378d66c43e34e820495df755584,0,853,0
2,ex2-s5-e1-d1w-p01,24ffd9b1737d030752785836bd5868fd2bf79378d66c43e34e820495df755584,0,854,0
2,ex2-s5-e1-d1w-p01,24ffd9b1737d030752785836bd5868fd2bf79378d66c43e34e820495df755584,0,855,100
2,ex2-s5-e1-d1w-p01,24ffd9b1737d030752785836bd5868fd2bf79378d66c43e34e820495df755584,0,856,0
2,ex2-s5-e1-d1w-p01,24ffd9b1737d030752785836bd5868fd2bf79378d66c43e34e820495df755584,0,857,0
2,ex2-s5-e1-d1w-p01,24ffd9b1737d030752785836bd5868fd2bf79378d66c43e34e820495df755584,0,858,0
2,ex2-s5-e1-d1w-p01,24ffd9b1737d030752785836bd5868fd2bf79378d66c43e34e820495df755584,0,859,100
2,ex2-s5-e1-d1w-p01,24ffd9b1737d030752785836bd5868fd2bf79378d66c43e34e820495df755584,0,860,0
2,ex2-s5-e1-d1w-p01,24ffd9b1737d030752785836bd5868fd2bf79378d66c43e34e820495df755584,0,861,0
2,ex2-s5-e1-d1w-p01,24ffd9b1737d030752785836bd5868fd2bf79378d66c43e34e820495df755584,0,862,100
2,ex2-s5-e1-d1w-p01,24ffd9b1737d030752785836bd5868fd2bf79378d66c43e34e820495df755584,0,863,0
2,ex2-s5-e1-d1w-p01,24ffd9b1737d030752785836bd5868fd2bf79378d66c43e34e820495df755584,0,864,0
2,ex2-s5-e1-d1w-p01,24ffd9b1737d030752785836bd5868fd2bf79378d66c43e34e820495df755584,0,865,0
2,ex2-s5-e1-d1w-p01,24ffd9b1737d030752785836bd5868fd2bf79378d66c43e34e820495df755584,0,866,100
2,ex2-s5-e1-d1w-p01,24ffd9b1737d030752785836bd5868fd2bf79378d66c43e34e820495df755584,0,867,0
2,ex2-s5-e1-d1w-p01,24ffd9b1737d030752785836bd5868fd2bf79378d66c43e34e820495df755584,0,868,0
2,ex2-s5-e1-d1w-p01,24ffd9b1737d030752785836bd5868fd2bf79378d66c43e34e820495df755584,0,869,100
2,ex2-s5-e1-d1w-p01,24ffd9b1737d030752785836bd5868fd2bf79378d66c43e34e820495df755584,0,870,0
2,ex2-s5-e1-d1w-p01,24ffd9b1737d030752785836bd5868fd2bf79378d66c43e34e820495df755584,0,871,0
2,ex2-s5-e1-d1w-p01,24ffd9b1737d030752785836bd5868fd2bf79378d66c43e34e820495df755584,0,872,0
2,ex2-s5-e1-d1w-p01,24ffd9b1737d030752785836bd5868fd2bf79378d66c43e34e820495df755584,0,873,100
2,ex2-s5-e1-d1w-p01,24ffd9b1737d030752785836bd5868fd2bf79378d66c43e34e820495df755584,0,874,0
2,ex2-s5-e1-d1w-p01,24ffd9b1737d030752785836bd5868fd2bf79378d66c43e34e820495df755584,0,875,0
2,ex2-s5-e1-d1w-p01,24ffd9b1737d030752785836bd5868fd2bf79378d66c43e34e820495df755584,0,876,0
2,ex2-s5-e1-d1w-p01,24ffd9b1737d030752785836bd5868fd2bf79378d66c43e34e820495df755584,0,877,100
2,ex2-s5-e1-d1w-p01,24ffd9b1737d030752785836bd5868fd2bf79378d66c43e34e820495df755584,0,878,0
2,ex2-s5-e1-d1w-p01,24ffd9b1737d030752785836bd5868fd2bf79378d66c43e34e820495df755584,0,879,0
2,ex2-s5-e1-d1w-p01,24ffd9b1737d030752785836bd5868fd2bf79378d66c43e34e820495df755584,0,880,100
2,ex2-s5-e1-d1w-p01,24ffd9b1737d030752785836bd5868fd2bf79378d66c43e34e820495df755584,0,881,0
2,ex2-s5-e1-d1w-p01,24ffd9b1737d030752785836bd5868fd2bf79378d66c43e34e820495df755584,0,882,0
2,ex2-s5-e1-d1w-p01,24ffd9b1737d030752785836bd5868fd2bf79378d66c43e34e820495df755584,0,883,0
2,ex2-s5-e1-d1w-p01,24ffd9b1737d030752785836bd5868fd2bf79378d66c43e34e820495df755584,0,884,100
2,ex2-s5-e1-d1w-p01,24ffd9b1737d030752785836bd5868fd2bf79378d66c43e34e820495df755584,0,885,0
2,ex2-s5-e1-d1w-p01,24ffd9b1737d030752785836bd5868fd2bf79378d66c43e34e820495df755584,0,886,0
2,ex2-s5-e1-d1w-p01,24ffd9b1737d030752785836bd5868fd2bf79378d66c43e34e820495df755584,0,887,0
2,ex2-s5-e1-d1w-p01,24ffd9b1737d030752785836bd5868fd2bf79378d66c43e34e820495df755584,0,888,100
2,ex2-s5-e1-d1w-p01,24ffd9b1737d030752785836bd5868fd2bf79378d66c43e34e820495df755584,0,889,0
2,ex2-s5-e1-d1w-p01,24ffd9b1737d030752785836bd5868fd2bf79378d66c43e34e820495df755584,0,890,0
2,ex2-s5-e1-d1w-p01,24ffd9b1737d030752785836bd5868fd2bf79378d66c43e34e820495df755584,0,891,100
2,ex2-s5-e1-d1w-p01,24ffd9b1737d030752785836bd5868fd2bf79378d66c43e34e820495df755584,0,892,0
2,ex2-s5-e1-d1w-p01,24ffd9b1737d030752785836bd5868fd2bf79378d66c43e34e820495df755584,0,893,0
2,ex2-s5-e1-d1w-p01,24ffd9b1737d030752785836bd5868fd2bf79378d66c43e34e820495df755584,0,894,0
2,ex2-s5-e1-d1w-p01,24ffd9b1737d030752785836bd5868fd2bf79378d66c43e34e820495df755584,0,895,100
2,ex2-s5-e1-d1w-p01,24ffd9b1737d030752785836bd5868fd2bf79378d66c43e34e820495df755584,0,896,0
2,ex2-s5-e1-d1w-p01,24ffd9b1737d030752785836bd5868fd2bf79378d66c43e34e820495df755584,0,897,0
2,ex2-s5-e1-d1w-p01,24ffd9b1737d030752785836bd5868fd2bf79378d66c43e34e820495df755584,0,898,0
2,ex2-s5-e1-d1w-p01,24ffd9b1737d030752785836bd5868fd2bf79378d66c43e34e820495df755584,0,899,100
2,ex2-s5-e1-d1w-p01,24ffd9b1737d030752785836bd5868fd2bf79378d66c43e34e820495df755584,0,900,0
2,ex2-s5-e1-d1w-p01,24ffd9b1737d030752785836bd5868fd2bf79378d66c43e34e820495df755584,0,901,0
2,ex2-s5-e1-d1w-p01,24ffd9b1737d030752785836bd5868fd2bf79378d66c43e34e820495df755584,0,902,0
2,ex2-s5-e1-d1w-p01,24ffd9b1737d030752785836bd5868fd2bf79378d66c43e34e820495df755584,0,903,100
2,ex2-s5-e1-d1w-p01,24ffd9b1737d030752785836bd5868fd2bf79378d66c43e34e820495df755584,0,904,0
2,ex2-s5-e1-d1w-p01,24ffd9b1737d030752785836bd5868fd2bf79378d66c43e34e820495df755584,0,905,0
2,ex2-s5-e1-d1w-p01,24ffd9b1737d030752785836bd5868fd2bf79378d66c43e34e820495df755584,0,906,100
2,ex2-s5-e1-d1w-p01,24ffd9b1737d030752785836bd5868fd2bf79378d66c43e34e820495df755584,0,907,0
2,ex2-s5-e1-d1w-p01,24ffd9b1737d030752785836bd5868fd2bf79378d66c43e34e820495df755584,0,908,0
2,ex2-s5-e1-d1w-p01,24ffd9b1737d030752785836bd5868fd2bf79378d66c43e34e820495df755584,0,909,0
2,ex2-s5-e1-d1w-p01,24ffd9b1737d030752785836bd5868fd2bf79378d66c43e34e820495df755584,0,910,100
2,ex2-s5-e1-d1w-p01,24ffd9b1737d030752785836bd5868fd2bf79378d66c43e34e820495df755584,0,911,0
2,ex2-s5-e1-d1w-p01,24ffd9b1737d030752785836bd5868fd2bf79378d66c43e34e820495df755584,0,912,0
2,ex2-s5-e1-d1w-p01,24ffd9b1737d030752785836bd5868fd2bf79378d66c43e34e820495df755584,0,913,0
2,ex2-s5-e1-d1w-p01,24ffd9b1737d030752785836bd5868fd2bf79378d66c43e34e820495df755584,0,914,100
2,ex2-s5-e1-d1w-p01,24ffd9b1737d030752785836bd5868fd2bf79378d66c43e34e820495df755584,0,915,0
2,ex2-s5-e1-d1w-p01,24ffd9b1737d030752785836bd5868fd2bf79378d66c43e34e820495df755584,0,916,0
2,ex2-s5-e1-d1w-p01,24ffd9b1737d030752785836bd5868fd2bf79378d66c43e34e820495df755584,0,917,100
2,ex2-s5-e1-d1w-p01,24ffd9b1737d030752785836bd5868fd2bf79378d66c43e34e820495df755584,0,918,0
2,ex2-s5-e1-d1w-p01,24ffd9b1737d030752785836bd5868fd2bf79378d66c43e34e820495df755584,0,919,0
2,ex2-s5-e1-d1w-p01,24ffd9b1737d030752785836bd5868fd2bf79378d66c43e34e820495df755584,0,920,0
2,ex2-s5-e1-d1w-p01,24ffd9b1737d030752785836bd5868fd2bf79378d66c43e34e820495df755584,0,921,100
2,ex2-s5-e1-d1w-p01,24ffd9b1737d030752785836bd5868fd2bf79378d66c43e34e820495df755584,0,922,0
2,ex2-s5-e1-d1w-p01,24ffd9b1737d030752785836bd5868fd2bf79378d66c43e34e820495df755584,0,923,0
2,ex2-s5-e1-d1w-p01,24ffd9b1737d030752785836bd5868fd2bf79378d66c43e34e820495df755584,0,924,0
2,ex2-s5-e1-d1w-p01,24ffd9b1737d030752785836bd5868fd2bf79378d66c43e34e820495df755584,0,925,100
2,ex2-s5-e1-d1w-p01,24ffd9b1737d030752785836bd5868fd2bf79378d66c43e34e820495df755584,0,926,0
2,ex2-s5-e1-d1w-p01,24ffd9b1737d030752785836bd5868fd2bf79378d66c43e34e820495df755584,0,927,0
2,ex2-s5-e1-d1w-p01,24ffd9b1737d030752785836bd5868fd2bf79378d66c43e34e820495df755584,0,928,100
2,ex2-s5-e1-d1w-p01,24ffd9b1737d030752785836bd5868fd2bf79378d66c43e34e820495df755584,0,929,0
2,ex2-s5-e1-d1w-p01,24ffd9b1737d030752785836bd5868fd2bf79378d66c43e34e820495df755584,0,930,0
2,ex2-s5-e1-d1w-p01,24ffd9b1737d030752785836bd5868fd2bf79378d66c43e34e820495df755584,0,931,0
2,ex2-s5-e1-d1w-p01,24ffd9b1737d030752785836bd5868fd2bf79378d66c43e34e820495df755584,0,932,100
2,ex2-s5-e1-d1w-p01,24ffd9b1737d030752785836bd5868fd2bf79378d66c43e34e820495df755584,0,933,0
2,ex2-s5-e1-d1w-p01,24ffd9b1737d030752785836bd5868fd2bf79378d66c43e34e820495df755584,0,934,0
2,ex2-s5-e1-d1w-p01,24ffd9b1737d030752785836bd5868fd2bf79378d66c43e34e820495df755584,0,935,0
2,ex2-s5-e1-d1w-p01,24ffd9b1737d030752785836bd5868fd2bf79378d66c43e34e820495df755584,0,936,100
2,ex2-s5-e1-d1w-p01,24ffd9b1737d030752785836bd5868fd2bf79378d66c43e34e820495df755584,0,937,0
2,ex2-s5-e1-d1w-p01,24ffd9b1737d030752785836bd5868fd2bf79378d66c43e34e820495df755584,0,938,0
2,ex2-s5-e1-d1w-p01,24ffd9b1737d030752785836bd5868fd2bf79378d66c43e34e820495df755584,0,939,100
2,ex2-s5-e1-d1w-p01,24ffd9b1737d030752785836bd5868fd2bf79378d66c43e34e820495df755584,0,940,0
2,ex2-s5-e1-d1w-p01,24ffd9b1737d030752785836bd5868fd2bf79378d66c43e34e820495df755584,0,941,0
2,ex2-s5-e1-d1w-p01,24ffd9b1737d030752785836bd5868fd2bf79378d66c43e34e820495df755584,0,942,0
2,ex2-s5-e1-d1w-p01,24ffd9b1737d030752785836bd5868fd2bf79378d66c43e34e820495df755584,0,943,100
2,ex2-s5-e1-d1w-p01,24ffd9b1737d030752785836bd5868fd2bf79378d66c43e34e820495df755584,0,944,0
2,ex2-s5-e1-d1w-p01,24ffd9b1737d030752785836bd5868fd2bf79378d66c43e34e820495df755584,0,945,0
2,ex2-s5-e1-d1w-p01,24ffd9b1737d030752785836bd5868fd2bf79378d66c43e34e820495df755584,0,946,0
2,ex2-s5-e1-d1w-p01,24ffd9b1737d030752785836bd5868fd2bf79378d66c43e34e820495df755584,0,947,100
2,ex2-s5-e1-d1w-p01,24ffd9b1737d030752785836bd5868fd2bf79378d66c43e34e820495df755584,0,948,0
2,ex2-s5-e1-d1w-p01,24ffd9b1737d030752785836bd5868fd2bf79378d66c43e34e820495df755584,0,949,0
2,ex2-s5-e1-d1w-p01,24ffd9b1737d030752785836bd5868fd2bf79378d66c43e34e820495df755584,0,950,100
2,ex2-s5-e1-d1w-p01,24ffd9b1737d030752785836bd5868fd2bf79378d66c43e34e820495df755584,0,951,0
2,ex2-s5-e1-d1w-p01,24ffd9b1737d030752785836bd5868fd2bf79378d66c43e34e820495df755584,0,952,0
2,ex2-s5-e1-d1w-p01,24ffd9b1737d030752785836bd5868fd2bf79378d66c43e34e820495df755584,0,953,0
2,ex2-s5-e1-d1w-p01,24ffd9b1737d030752785836bd5868fd2bf79378d66c43e34e820495df755584,0,954,100
2,ex2-s5-e1-d1w-p01,24ffd9b1737d030752785836bd5868fd2bf79378d66c43e34e820495df755584,0,955,0
2,ex2-s5-e1-d1w-p01,24ffd9b1737d030752785836bd5868fd2bf79378d66c43e34e820495df755584,0,956,0
2,ex2-s5-e1-d1w-p01,24ffd9b1737d030752785836bd5868fd2bf79378d66c43e34e820495df755584,0,957,0
2,ex2-s5-e1-d1w-p01,24ffd9b1737d030752785836bd5868fd2bf79378d66c43e34e820495df755584,0,958,100
2,ex2-s5-e1-d1w-p01,24ffd9b1737d030752785836bd5868fd2bf79378d66c43e34e820495df755584,0,959,0
2,ex2-s5-e1-d1w-p01,24ffd9b1737d030752785836bd5868fd2bf79378d66c43e34e820495df755584,0,960,0
2,ex2-s5-e1-d1w-p01,24ffd9b1737d030752785836bd5868fd2bf79378d66c43e34e820495df755584,0,961,0
2,ex2-s5-e1-d1w-p01,24ffd9b1737d030752785836bd5868fd2bf79378d66c43e34e820495df755584,0,962,100
2,ex2-s5-e1-d1w-p01,24ffd9b1737d030752785836bd5868fd2bf79378d66c43e34e820495df755584,0,963,0
2,ex2-s5-e1-d1w-p01,24ffd9b1737d030752785836bd5868fd2bf79378d66c43e34e820495df755584,0,964,0
2,ex2-s5-e1-d1w-p01,24ffd9b1737d030752785836bd5868fd2bf79378d66c43e34e820495df755584,0,965,100
2,ex2-s5-e1-d1w-p01,24ffd9b1737d030752785836bd5868fd2bf79378d66c43e34e820495df755584,0,966,0
2,ex2-s5-e1-d1w-p01,24ffd9b1737d030752785836bd5868fd2bf79378d66c43e34e820495df755584,0,967,0
2,ex2-s5-e1-d1w-p01,24ffd9b1737d030752785836bd5868fd2bf79378d66c43e34e820495df755584,0,968,0
2,ex2-s5-e1-d1w-p01,24ffd9b1737d030752785836bd5868fd2bf79378d66c43e34e820495df755584,0,969,100
2,ex2-s5-e1-d1w-p01,24ffd9b1737d030752785836bd5868fd2bf79378d66c43e34e820495df755584,0,970,0
2,ex2-s5-e1-d1w-p01,24ffd9b1737d030752785836bd5868fd2bf79378d66c43e34e820495df755584,0,971,0
2,ex2-s5-e1-d1w-p01,24ffd9b1737d030752785836bd5868fd2bf79378d66c43e34e820495df755584,0,972,0
2,ex2-s5-e1-d1w-p01,24ffd9b1737d030752785836bd5868fd2bf79378d66c43e34e820495df755584,0,973,100
2,ex2-s5-e1-d1w-p01,24ffd9b1737d030752785836bd5868fd2bf79378d66c43e34e820495df755584,0,974,0
2,ex2-s5-e1-d1w-p01,24ffd9b1737d030752785836bd5868fd2bf79378d66c43e34e820495df755584,0,975,0
2,ex2-s5-e1-d1w-p01,24ffd9b1737d030752785836bd5868fd2bf79378d66c43e34e820495df755584,0,976,100
2,ex2-s5-e1-d1w-p01,24ffd9b1737d030752785836bd5868fd2bf79378d66c43e34e820495df755584,0,977,0
2,ex2-s5-e1-d1w-p01,24ffd9b1737d030752785836bd5868fd2bf79378d66c43e34e820495df755584,0,978,0
2,ex2-s5-e1-d1w-p01,24ffd9b1737d030752785836bd5868fd2bf79378d66c43e34e820495df755584,0,979,0
2,ex2-s5-e1-d1w-p01,24ffd9b1737d030752785836bd5868fd2bf79378d66c43e34e820495df755584,0,980,100
2,ex2-s5-e1-d1w-p01,24ffd9b1737d030752785836bd5868fd2bf79378d66c43e34e820495df755584,0,981,0
2,ex2-s5-e1-d1w-p01,24ffd9b1737d030752785836bd5868fd2bf79378d66c43e34e820495df755584,0,982,0
2,ex2-s5-e1-d1w-p01,24ffd9b1737d030752785836bd5868fd2bf79378d66c43e34e820495df755584,0,983,0
2,ex2-s5-e1-d1w-p01,24ffd9b1737d030752785836bd5868fd2bf79378d66c43e34e820495df755584,0,984,100
2,ex2-s5-e1-d1w-p01,24ffd9b1737d030752785836bd5868fd2bf79378d66c43e34e820495df755584,0,985,0
2,ex2-s5-e1-d1w-p01,24ffd9b1737d030752785836bd5868fd2bf79378d66c43e34e820495df755584,0,986,0
2,ex2-s5-e1-d1w-p01,24ffd9b1737d030752785836bd5868fd2bf79378d66c43e34e820495df755584,0,987,100
2,ex2-s5-e1-d1w-p01,24ffd9b1737d030752785836bd5868fd2bf79378d66c43e34e820495df755584,0,988,0
2,ex2-s5-e1-d1w-p01,24ffd9b1737d030752785836bd5868fd2bf79378d66c43e34e820495df755584,0,989,0
2,ex2-s5-e1-d1w-p01,24ffd9b1737d030752785836bd5868fd2bf79378d66c43e34e820495df755584,0,990,0
2,ex2-s5-e1-d1w-p01,24ffd9b1737d030752785836bd5868fd2bf79378d66c43e34e820495df755584,0,991,100
2,ex2-s5-e1-d1w-p01,24ffd9b1737d030752785836bd5868fd2bf79378d66c43e34e820495df755584,0,992,0
2,ex2-s5-e1-d1w-p01,24ffd9b1737d030752785836bd5868fd2bf79378d66c43e34e820495df755584,0,993,0
2,ex2-s5-e1-d1w-p01,24ffd9b1737d030752785836bd5868fd2bf79378d66c43e34e820495df755584,0,994,0
2,ex2-s5-e1-d1w-p01,24ffd9b1737d030752785836bd5868fd2bf79378d66c43e34e820495df755584,0,995,100
2,ex2-s5-e1-d1w-p01,24ffd9b1737d030752785836bd5868fd2bf79378d66c43e34e820495df755584,0,996,0
2,ex2-s5-e1-d1w-p01,24ffd9b1737d030752785836bd5868fd2bf79378d66c43e34e820495df755584,0,997,0
2,ex2-s5-e1-d1w-p01,24ffd9b1737d030752785836bd5868fd2bf79378d66c43e34e820495df755584,0,998,100
2,ex2-s5-e1-d1w-p01,24ffd9b1737d030752785836bd5868fd2bf79378d66c43e34e820495df755584,0,999,0
2,ex2-s5-e1-d1w-p01,24ffd9b1737d030752785836bd5868fd2bf79378d66c43e34e820495df755584,0,1000,0
2,ex2-s5-e1-d1w-p01,24ffd9b1737d030752785836bd5868fd2bf79378d66c43e34e820495df755584,0,1001,0
2,ex2-s5-e1-d1w-p01,24ffd9b1737d030752785836bd5868fd2bf79378d66c43e34e820495df755584,0,1002,100
2,ex2-s5-e1-d1w-p01,24ffd9b1737d030752785836bd5868fd2bf79378d66c43e34e820495df755584,0,1003,0
2,ex2-s5-e1-d1w-p01,24ffd9b1737d030752785836bd5868fd2bf79378d66c43e34e820495df755584,0,1004,0
2,ex2-s5-e1-d1w-p01,24ffd9b1737d030752785836bd5868fd2bf79378d66c43e34e820495df755584,0,1005,0
2,ex2-s5-e1-d1w-p01,24ffd9b1737d030752785836bd5868fd2bf79378d66c43e34e820495df755584,0,1006,100
2,ex2-s5-e1-d1w-p01,24ffd9b1737d030752785836bd5868fd2bf79378d66c43e34e820495df755584,0,1007,0
2,ex2-s5-e1-d1w-p01,24ffd9b1737d030752785836bd5868fd2bf79378d66c43e34e820495df755584,0,1008,0
2,ex2-s5-e1-d1w-p01,24ffd9b1737d030752785836bd5868fd2bf79378d66c43e34e820495df755584,0,1009,0
2,ex2-s5-e1-d1w-p01,24ffd9b1737d030752785836bd5868fd2bf79378d66c43e34e820495df755584,0,1010,100
2,ex2-s5-e1-d1w-p01,24ffd9b1737d030752785836bd5868fd2bf79378d66c43e34e820495df755584,0,1011,0
2,ex2-s5-e1-d1w-p01,24ffd9b1737d030752785836bd5868fd2bf79378d66c43e34e820495df755584,0,1012,0
2,ex2-s5-e1-d1w-p01,24ffd9b1737d030752785836bd5868fd2bf79378d66c43e34e820495df755584,0,1013,100
2,ex2-s5-e1-d1w-p01,24ffd9b1737d030752785836bd5868fd2bf79378d66c43e34e820495df755584,0,1014,0
2,ex2-s5-e1-d1w-p01,24ffd9b1737d030752785836bd5868fd2bf79378d66c43e34e820495df755584,0,1015,0
2,ex2-s5-e1-d1w-p01,24ffd9b1737d030752785836bd5868fd2bf79378d66c43e34e820495df755584,0,1016,0
2,ex2-s5-e1-d1w-p01,24ffd9b1737d030752785836bd5868fd2bf79378d66c43e34e820495df755584,0,1017,100
2,ex2-s5-e1-d1w-p01,24ffd9b1737d030752785836bd5868fd2bf79378d66c43e34e820495df755584,0,1018,0
2,ex2-s5-e1-d1w-p01,24ffd9b1737d030752785836bd5868fd2bf79378d66c43e34e820495df755584,0,1019,0
2,ex2-s5-e1-d1w-p01,24ffd9b1737d030752785836bd5868fd2bf79378d66c43e34e820495df755584,0,1020,0
2,ex2-s5-e1-d1w-p01,24ffd9b1737d030752785836bd5868fd2bf79378d66c43e34e820495df755584,0,1021,100
2,ex2-s5-e1-d1w-p01,24ffd9b1737d030752785836bd5868fd2bf79378d66c43e34e820495df755584,0,1022,0
2,ex2-s5-e1-d1w-p01,24ffd9b1737d030752785836bd5868fd2bf79378d66c43e34e820495df755584,0,1023,0
2,ex2-s5-e1-d1w-p01,24ffd9b1737d030752785836bd5868fd2bf79378d66c43e34e820495df755584,0,1024,100
2,ex2-s5-e1-d1w-p01,24ffd9b1737d030752785836bd5868fd2bf79378d66c43e34e820495df755584,0,1025,0
2,ex2-s5-e1-d1w-p01,24ffd9b1737d030752785836bd5868fd2bf79378d66c43e34e820495df755584,0,1026,0
2,ex2-s5-e1-d1w-p01,24ffd9b1737d030752785836bd5868fd2bf79378d66c43e34e820495df755584,0,1027,0
2,ex2-s5-e1-d1w-p01,24ffd9b1737d030752785836bd5868fd2bf79378d66c43e34e820495df755584,0,1028,100
2,ex2-s5-e1-d1w-p01,24ffd9b1737d030752785836bd5868fd2bf79378d66c43e34e820495df755584,0,1029,0
2,ex2-s5-e1-d1w-p01,24ffd9b1737d030752785836bd5868fd2bf79378d66c43e34e820495df755584,0,1030,0
2,ex2-s5-e1-d1w-p01,24ffd9b1737d030752785836bd5868fd2bf79378d66c43e34e820495df755584,0,1031,0
2,ex2-s5-e1-d1w-p01,24ffd9b1737d030752785836bd5868fd2bf79378d66c43e34e820495df755584,0,1032,100
2,ex2-s5-e1-d1w-p01,24ffd9b1737d030752785836bd5868fd2bf79378d66c43e34e820495df755584,0,1033,0
2,ex2-s5-e1-d1w-p01,24ffd9b1737d030752785836bd5868fd2bf79378d66c43e34e820495df755584,0,1034,0
2,ex2-s5-e1-d1w-p01,24ffd9b1737d030752785836bd5868fd2bf79378d66c43e34e820495df755584,0,1035,100
2,ex2-s5-e1-d1w-p01,24ffd9b1737d030752785836bd5868fd2bf79378d66c43e34e820495df755584,0,1036,0
2,ex2-s5-e1-d1w-p01,24ffd9b1737d030752785836bd5868fd2bf79378d66c43e34e820495df755584,0,1037,0
2,ex2-s5-e1-d1w-p01,24ffd9b1737d030752785836bd5868fd2bf79378d66c43e34e820495df755584,0,1038,0
2,ex2-s5-e1-d1w-p01,24ffd9b1737d030752785836bd5868fd2bf79378d66c43e34e820495df755584,0,1039,100
2,ex2-s5-e1-d1w-p01,24ffd9b1737d030752785836bd5868fd2bf79378d66c43e34e820495df755584,0,1040,0
2,ex2-s5-e1-d1w-p01,24ffd9b1737d030752785836bd5868fd2bf79378d66c43e34e820495df755584,0,1041,0
2,ex2-s5-e1-d1w-p01,24ffd9b1737d030752785836bd5868fd2bf79378d66c43e34e820495df755584,0,1042,0
2,ex2-s5-e1-d1w-p01,24ffd9b1737d030752785836bd5868fd2bf79378d66c43e34e820495df755584,0,1043,100
2,ex2-s5-e1-d1w-p01,24ffd9b1737d030752785836bd5868fd2bf79378d66c43e34e820495df755584,0,1044,0
2,ex2-s5-e1-d1w-p01,24ffd9b1737d030752785836bd5868fd2bf79378d66c43e34e820495df755584,0,1045,0
2,ex2-s5-e1-d1w-p01,24ffd9b1737d030752785836bd5868fd2bf79378d66c43e34e820495df755584,0,1046,100
2,ex2-s5-e1-d1w-p01,24ffd9b1737d030752785836bd5868fd2bf79378d66c43e34e820495df755584,0,1047,0
2,ex2-s5-e1-d1w-p01,24ffd9b1737d030752785836bd5868fd2bf79378d66c43e34e820495df755584,0,1048,0
2,ex2-s5-e1-d1w-p01,24ffd9b1737d030752785836bd5868fd2bf79378d66c43e34e820495df755584,0,1049,0
2,ex2-s5-e1-d1w-p01,24ffd9b1737d030752785836bd5868fd2bf79378d66c43e34e820495df755584,0,1050,100
2,ex2-s5-e1-d1w-p01,24ffd9b1737d030752785836bd5868fd2bf79378d66c43e34e820495df755584,0,1051,0
2,ex2-s5-e1-d1w-p01,24ffd9b1737d030752785836bd5868fd2bf79378d66c43e34e820495df755584,0,1052,0
2,ex2-s5-e1-d1w-p01,24ffd9b1737d030752785836bd5868fd2bf79378d66c43e34e820495df755584,0,1053,0
2,ex2-s5-e1-d1w-p01,24ffd9b1737d030752785836bd5868fd2bf79378d66c43e34e820495df755584,0,1054,100
2,ex2-s5-e1-d1w-p01,24ffd9b1737d030752785836bd5868fd2bf79378d66c43e34e820495df755584,0,1055,0
2,ex2-s5-e1-d1w-p01,24ffd9b1737d030752785836bd5868fd2bf79378d66c43e34e820495df755584,0,1056,0
2,ex2-s5-e1-d1w-p01,24ffd9b1737d030752785836bd5868fd2bf79378d66c43e34e820495df755584,0,1057,100
2,ex2-s5-e1-d1w-p01,24ffd9b1737d030752785836bd5868fd2bf79378d66c43e34e820495df755584,0,1058,0
2,ex2-s5-e1-d1w-p01,24ffd9b1737d030752785836bd5868fd2bf79378d66c43e34e820495df755584,0,1059,0
2,ex2-s5-e1-d1w-p01,24ffd9b1737d030752785836bd5868fd2bf79378d66c43e34e820495df755584,0,1060,0
2,ex2-s5-e1-d1w-p01,24ffd9b1737d030752785836bd5868fd2bf79378d66c43e34e820495df755584,0,1061,100
2,ex2-s5-e1-d1w-p01,24ffd9b1737d030752785836bd5868fd2bf79378d66c43e34e820495df755584,0,1062,0
2,ex2-s5-e1-d1w-p01,24ffd9b1737d030752785836bd5868fd2bf79378d66c43e34e820495df755584,0,1063,0
2,ex2-s5-e1-d1w-p01,24ffd9b1737d030752785836bd5868fd2bf79378d66c43e34e820495df755584,0,1064,0
2,ex2-s5-e1-d1w-p01,24ffd9b1737d030752785836bd5868fd2bf79378d66c43e34e820495df755584,0,1065,100
2,ex2-s5-e1-d1w-p01,24ffd9b1737d030752785836bd5868fd2bf79378d66c43e34e820495df755584,0,1066,0
2,ex2-s5-e1-d1w-p01,24ffd9b1737d030752785836bd5868fd2bf79378d66c43e34e820495df755584,0,1067,0
2,ex2-s5-e1-d1w-p01,24ffd9b1737d030752785836bd5868fd2bf79378d66c43e34e820495df755584,0,1068,0
2,ex2-s5-e1-d1w-p01,24ffd9b1737d030752785836bd5868fd2bf79378d66c43e34e820495df755584,0,1069,100
2,ex2-s5-e1-d1w-p01,24ffd9b1737d030752785836bd5868fd2bf79378d66c43e34e820495df755584,0,1070,0
2,ex2-s5-e1-d1w-p01,24ffd9b1737d030752785836bd5868fd2bf79378d66c43e34e820495df755584,0,1071,0
2,ex2-s5-e1-d1w-p01,24ffd9b1737d030752785836bd5868fd2bf79378d66c43e34e820495df755584,0,1072,100
2,ex2-s5-e1-d1w-p01,24ffd9b1737d030752785836bd5868fd2bf79378d66c43e34e820495df755584,0,1073,0
2,ex2-s5-e1-d1w-p01,24ffd9b1737d030752785836bd5868fd2bf79378d66c43e34e820495df755584,0,1074,0
2,ex2-s5-e1-d1w-p01,24ffd9b1737d030752785836bd5868fd2bf79378d66c43e34e820495df755584,0,1075,0
2,ex2-s5-e1-d1w-p01,24ffd9b1737d030752785836bd5868fd2bf79378d66c43e34e820495df755584,0,1076,100
2,ex2-s5-e1-d1w-p01,24ffd9b1737d030752785836bd5868fd2bf79378d66c43e34e820495df755584,0,1077,0
2,ex2-s5-e1-d1w-p01,24ffd9b1737d030752785836bd5868fd2bf79378d66c43e34e820495df755584,0,1078,0
2,ex2-s5-e1-d1w-p01,24ffd9b1737d030752785836bd5868fd2bf79378d66c43e34e820495df755584,0,1079,0
2,ex2-s5-e1-d1w-p01,24ffd9b1737d030752785836bd5868fd2bf79378d66c43e34e820495df755584,0,1080,100
2,ex2-s5-e1-d1w-p01,24ffd9b1737d030752785836bd5868fd2bf79378d66c43e34e820495df755584,0,1081,0
2,ex2-s5-e1-d1w-p01,24ffd9b1737d030752785836bd5868fd2bf79378d66c43e34e820495df755584,0,1082,0
2,ex2-s5-e1-d1w-p01,24ffd9b1737d030752785836bd5868fd2bf79378d66c43e34e820495df755584,0,1083,100
2,ex2-s5-e1-d1w-p01,24ffd9b1737d030752785836bd5868fd2bf79378d66c43e34e820495df755584,0,1084,0
2,ex2-s5-e1-d1w-p01,24ffd9b1737d030752785836bd5868fd2bf79378d66c43e34e820495df755584,0,1085,0
2,ex2-s5-e1-d1w-p01,24ffd9b1737d030752785836bd5868fd2bf79378d66c43e34e820495df755584,0,1086,0
2,ex2-s5-e1-d1w-p01,24ffd9b1737d030752785836bd5868fd2bf79378d66c43e34e820495df755584,0,1087,100
2,ex2-s5-e1-d1w-p01,24ffd9b1737d030752785836bd5868fd2bf79378d66c43e34e820495df755584,0,1088,0
2,ex2-s5-e1-d1w-p01,24ffd9b1737d030752785836bd5868fd2bf79378d66c43e34e820495df755584,0,1089,0
2,ex2-s5-e1-d1w-p01,24ffd9b1737d030752785836bd5868fd2bf79378d66c43e34e820495df755584,0,1090,0
2,ex2-s5-e1-d1w-p01,24ffd9b1737d030752785836bd5868fd2bf79378d66c43e34e820495df755584,0,1091,100
2,ex2-s5-e1-d1w-p01,24ffd9b1737d030752785836bd5868fd2bf79378d66c43e34e820495df755584,0,1092,0
2,ex2-s5-e1-d1w-p01,24ffd9b1737d030752785836bd5868fd2bf79378d66c43e34e820495df755584,0,1093,0
2,ex2-s5-e1-d1w-p01,24ffd9b1737d030752785836bd5868fd2bf79378d66c43e34e820495df755584,0,1094,100
2,ex2-s5-e1-d1w-p01,24ffd9b1737d030752785836bd5868fd2bf79378d66c43e34e820495df755584,0,1095,0
2,ex2-s5-e1-d1w-p01,24ffd9b1737d030752785836bd5868fd2bf79378d66c43e34e820495df755584,0,1096,0
2,ex2-s5-e1-d1w-p01,24ffd9b1737d030752785836bd5868fd2bf79378d66c43e34e820495df755584,0,1097,0
2,ex2-s5-e1-d1w-p01,24ffd9b1737d030752785836bd5868fd2bf79378d66c43e34e820495df755584,0,1098,100
2,ex2-s5-e1-d1w-p01,24ffd9b1737d030752785836bd5868fd2bf79378d66c43e34e820495df755584,0,1099,0
2,ex2-s5-e1-d1w-p01,24ffd9b1737d030752785836bd5868fd2bf79378d66c43e34e820495df755584,0,1100,0
2,ex2-s5-e1-d1w-p01,24ffd9b1737d030752785836bd5868fd2bf79378d66c43e34e820495df755584,0,1101,0
2,ex2-s5-e1-d1w-p01,24ffd9b1737d030752785836bd5868fd2bf79378d66c43e34e820495df755584,0,1102,100
2,ex2-s5-e1-d1w-p01,24ffd9b1737d030752785836bd5868fd2bf79378d66c43e34e820495df755584,0,1103,0
2,ex2-s5-e1-d1w-p01,24ffd9b1737d030752785836bd5868fd2bf79378d66c43e34e820495df755584,0,1104,0
2,ex2-s5-e1-d1w-p01,24ffd9b1737d030752785836bd5868fd2bf79378d66c43e34e820495df755584,0,1105,100
2,ex2-s5-e1-d1w-p01,24ffd9b1737d030752785836bd5868fd2bf79378d66c43e34e820495df755584,0,1106,0
2,ex2-s5-e1-d1w-p01,24ffd9b1737d030752785836bd5868fd2bf79378d66c43e34e820495df755584,0,1107,0
2,ex2-s5-e1-d1w-p01,24ffd9b1737d030752785836bd5868fd2bf79378d66c43e34e820495df755584,0,1108,0
2,ex2-s5-e1-d1w-p01,24ffd9b1737d030752785836bd5868fd2bf79378d66c43e34e820495df755584,0,1109,100
2,ex2-s5-e1-d1w-p01,24ffd9b1737d030752785836bd5868fd2bf79378d66c43e34e820495df755584,0,1110,0
2,ex2-s5-e1-d1w-p01,24ffd9b1737d030752785836bd5868fd2bf79378d66c43e34e820495df755584,0,1111,0
2,ex2-s5-e1-d1w-p01,24ffd9b1737d030752785836bd5868fd2bf79378d66c43e34e820495df755584,0,1112,0
2,ex2-s5-e1-d1w-p01,24ffd9b1737d030752785836bd5868fd2bf79378d66c43e34e820495df755584,0,1113,100
2,ex2-s5-e1-d1w-p01,24ffd9b1737d030752785836bd5868fd2bf79378d66c43e34e820495df755584,0,1114,0
2,ex2-s5-e1-d1w-p01,24ffd9b1737d030752785836bd5868fd2bf79378d66c43e34e820495df755584,0,1115,0
2,ex2-s5-e1-d1w-p01,24ffd9b1737d030752785836bd5868fd2bf79378d66c43e34e820495df755584,0,1116,0
2,ex2-s5-e1-d1w-p01,24ffd9b1737d030752785836bd5868fd2bf79378d66c43e34e820495df755584,0,1117,100
2,ex2-s5-e1-d1w-p01,24ffd9b1737d030752785836bd5868fd2bf79378d66c43e34e820495df755584,0,1118,0
2,ex2-s5-e1-d1w-p01,24ffd9b1737d030752785836bd5868fd2bf79378d66c43e34e820495df755584,0,1119,0
2,ex2-s5-e1-d1w-p01,24ffd9b1737d030752785836bd5868fd2bf79378d66c43e34e820495df755584,0,1120,100
2,ex2-s5-e1-d1w-p01,24ffd9b1737d030752785836bd5868fd2bf79378d66c43e34e820495df755584,0,1121,0
2,ex2-s5-e1-d1w-p01,24ffd9b1737d030752785836bd5868fd2bf79378d66c43e34e820495df755584,0,1122,0
2,ex2-s5-e1-d1w-p01,24ffd9b1737d030752785836bd5868fd2bf79378d66c43e34e820495df755584,0,1123,0
2,ex2-s5-e1-d1w-p01,24ffd9b1737d030752785836bd5868fd2bf79378d66c43e34e820495df755584,0,1124,100
2,ex2-s5-e1-d1w-p01,24ffd9b1737d030752785836bd5868fd2bf79378d66c43e34e820495df755584,0,1125,0
2,ex2-s5-e1-d1w-p01,24ffd9b1737d030752785836bd5868fd2bf79378d66c43e34e820495df755584,0,1126,0
2,ex2-s5-e1-d1w-p01,24ffd9b1737d030752785836bd5868fd2bf79378d66c43e34e820495df755584,0,1127,0
2,ex2-s5-e1-d1w-p01,24ffd9b1737d030752785836bd5868fd2bf79378d66c43e34e820495df755584,0,1128,100
2,ex2-s5-e1-d1w-p01,24ffd9b1737d030752785836bd5868fd2bf79378d66c43e34e820495df755584,0,1129,0
2,ex2-s5-e1-d1w-p01,24ffd9b1737d030752785836bd5868fd2bf79378d66c43e34e820495df755584,0,1130,0
2,ex2-s5-e1-d1w-p01,24ffd9b1737d030752785836bd5868fd2bf79378d66c43e34e820495df755584,0,1131,100
2,ex2-s5-e1-d1w-p01,24ffd9b1737d030752785836bd5868fd2bf79378d66c43e34e820495df755584,0,1132,0
2,ex2-s5-e1-d1w-p01,24ffd9b1737d030752785836bd5868fd2bf79378d66c43e34e820495df755584,0,1133,0
2,ex2-s5-e1-d1w-p01,24ffd9b1737d030752785836bd5868fd2bf79378d66c43e34e820495df755584,0,1134,0
2,ex2-s5-e1-d1w-p01,24ffd9b1737d030752785836bd5868fd2bf79378d66c43e34e820495df755584,0,1135,100
2,ex2-s5-e1-d1w-p01,24ffd9b1737d030752785836bd5868fd2bf79378d66c43e34e820495df755584,0,1136,0
2,ex2-s5-e1-d1w-p01,24ffd9b1737d030752785836bd5868fd2bf79378d66c43e34e820495df755584,0,1137,0
2,ex2-s5-e1-d1w-p01,24ffd9b1737d030752785836bd5868fd2bf79378d66c43e34e820495df755584,0,1138,0
2,ex2-s5-e1-d1w-p01,24ffd9b1737d030752785836bd5868fd2bf79378d66c43e34e820495df755584,0,1139,100
2,ex2-s5-e1-d1w-p01,24ffd9b1737d030752785836bd5868fd2bf79378d66c43e34e820495df755584,0,1140,0
2,ex2-s5-e1-d1w-p01,24ffd9b1737d030752785836bd5868fd2bf79378d66c43e34e820495df755584,0,1141,0
2,ex2-s5-e1-d1w-p01,24ffd9b1737d030752785836bd5868fd2bf79378d66c43e34e820495df755584,0,1142,100
2,ex2-s5-e1-d1w-p01,24ffd9b1737d030752785836bd5868fd2bf79378d66c43e34e820495df755584,0,1143,0
2,ex2-s5-e1-d1w-p01,24ffd9b1737d030752785836bd5868fd2bf79378d66c43e34e820495df755584,0,1144,0
2,ex2-s5-e1-d1w-p01,24ffd9b1737d030752785836bd5868fd2bf79378d66c43e34e820495df755584,0,1145,0
2,ex2-s5-e1-d1w-p01,24ffd9b1737d030752785836bd5868fd2bf79378d66c43e34e820495df755584,0,1146,100
2,ex2-s5-e1-d1w-p01,24ffd9b1737d030752785836bd5868fd2bf79378d66c43e34e820495df755584,0,1147,0
2,ex2-s5-e1-d1w-p01,24ffd9b1737d030752785836bd5868fd2bf79378d66c43e34e820495df755584,0,1148,0
2,ex2-s5-e1-d1w-p01,24ffd9b1737d030752785836bd5868fd2bf79378d66c43e34e820495df755584,0,1149,0
2,ex2-s5-e1-d1w-p01,24ffd9b1737d030752785836bd5868fd2bf79378d66c43e34e820495df755584,0,1150,100
2,ex2-s5-e1-d1w-p01,24ffd9b1737d030752785836bd5868fd2bf79378d66c43e34e820495df755584,0,1151,0
2,ex2-s5-e1-d1w-p01,24ffd9b1737d030752785836bd5868fd2bf79378d66c43e34e820495df755584,0,1152,0
2,ex2-s5-e1-d1w-p01,24ffd9b1737d030752785836bd5868fd2bf79378d66c43e34e820495df755584,0,1153,100
2,ex2-s5-e1-d1w-p01,24ffd9b1737d030752785836bd5868fd2bf79378d66c43e34e820495df755584,0,1154,0
2,ex2-s5-e1-d1w-p01,24ffd9b1737d030752785836bd5868fd2bf79378d66c43e34e820495df755584,0,1155,0
2,ex2-s5-e1-d1w-p01,24ffd9b1737d030752785836bd5868fd2bf79378d66c43e34e820495df755584,0,1156,0
2,ex2-s5-e1-d1w-p01,24ffd9b1737d030752785836bd5868fd2bf79378d66c43e34e820495df755584,0,1157,100
2,ex2-s5-e1-d1w-p01,24ffd9b1737d030752785836bd5868fd2bf79378d66c43e34e820495df755584,0,1158,0
2,ex2-s5-e1-d1w-p01,24ffd9b1737d030752785836bd5868fd2bf79378d66c43e34e820495df755584,0,1159,0
2,ex2-s5-e1-d1w-p01,24ffd9b1737d030752785836bd5868fd2bf79378d66c43e34e820495df755584,0,1160,0
2,ex2-s5-e1-d1w-p01,24ffd9b1737d030752785836bd5868fd2bf79378d66c43e34e820495df755584,0,1161,100
2,ex2-s5-e1-d1w-p01,24ffd9b1737d030752785836bd5868fd2bf79378d66c43e34e820495df755584,0,1162,0
2,ex2-s5-e1-d1w-p01,24ffd9b1737d030752785836bd5868fd2bf79378d66c43e34e820495df755584,0,1163,0
2,ex2-s5-e1-d1w-p01,24ffd9b1737d030752785836bd5868fd2bf79378d66c43e34e820495df755584,0,1164,100
2,ex2-s5-e1-d1w-p01,24ffd9b1737d030752785836bd5868fd2bf79378d66c43e34e820495df755584,0,1165,0
2,ex2-s5-e1-d1w-p01,24ffd9b1737d030752785836bd5868fd2bf79378d66c43e34e820495df755584,0,1166,0
2,ex2-s5-e1-d1w-p01,24ffd9b1737d030752785836bd5868fd2bf79378d66c43e34e820495df755584,0,1167,0
2,ex2-s5-e1-d1w-p01,24ffd9b1737d030752785836bd5868fd2bf79378d66c43e34e820495df755584,0,1168,100
2,ex2-s5-e1-d1w-p01,24ffd9b1737d030752785836bd5868fd2bf79378d66c43e34e820495df755584,0,1169,0
2,ex2-s5-e1-d1w-p01,24ffd9b1737d030752785836bd5868fd2bf79378d66c43e34e820495df755584,0,1170,0
2,ex2-s5-e1-d1w-p01,24ffd9b1737d030752785836bd5868fd2bf79378d66c43e34e820495df755584,0,1171,0
2,ex2-s5-e1-d1w-p01,24ffd9b1737d030752785836bd5868fd2bf79378d66c43e34e820495df755584,0,1172,100
2,ex2-s5-e1-d1w-p01,24ffd9b1737d030752785836bd5868fd2bf79378d66c43e34e820495df755584,0,1173,0
2,ex2-s5-e1-d1w-p01,24ffd9b1737d030752785836bd5868fd2bf79378d66c43e34e820495df755584,0,1174,0
2,ex2-s5-e1-d1w-p01,24ffd9b1737d030752785836bd5868fd2bf79378d66c43e34e820495df755584,0,1175,100
2,ex2-s5-e1-d1w-p01,24ffd9b1737d030752785836bd5868fd2bf79378d66c43e34e820495df755584,0,1176,0
2,ex2-s5-e1-d1w-p01,24ffd9b1737d030752785836bd5868fd2bf79378d66c43e34e820495df755584,0,1177,0
2,ex2-s5-e1-d1w-p01,24ffd9b1737d030752785836bd5868fd2bf79378d66c43e34e820495df755584,0,1178,0
2,ex2-s5-e1-d1w-p01,24ffd9b1737d030752785836bd5868fd2bf79378d66c43e34e820495df755584,0,1179,100
2,ex2-s5-e1-d1w-p01,24ffd9b1737d030752785836bd5868fd2bf79378d66c43e34e820495df755584,0,1180,0
2,ex2-s5-e1-d1w-p01,24ffd9b1737d030752785836bd5868fd2bf79378d66c43e34e820495df755584,0,1181,0
2,ex2-s5-e1-d1w-p01,24ffd9b1737d030752785836bd5868fd2bf79378d66c43e34e820495df755584,0,1182,0
2,ex2-s5-e1-d1w-p01,24ffd9b1737d030752785836bd5868fd2bf79378d66c43e34e820495df755584,0,1183,100
2,ex2-s5-e1-d1w-p01,24ffd9b1737d030752785836bd5868fd2bf79378d66c43e34e820495df755584,0,1184,0
2,ex2-s5-e1-d1w-p01,24ffd9b1737d030752785836bd5868fd2bf79378d66c43e34e820495df755584,0,1185,0
2,ex2-s5-e1-d1w-p01,24ffd9b1737d030752785836bd5868fd2bf79378d66c43e34e820495df755584,0,1186,100
2,ex2-s5-e1-d1w-p01,24ffd9b1737d030752785836bd5868fd2bf79378d66c43e34e820495df755584,0,1187,0
2,ex2-s5-e1-d1w-p01,24ffd9b1737d030752785836bd5868fd2bf79378d66c43e34e820495df755584,0,1188,0
2,ex2-s5-e1-d1w-p01,24ffd9b1737d030752785836bd5868fd2bf79378d66c43e34e820495df755584,0,1189,0
2,ex2-s5-e1-d1w-p01,24ffd9b1737d030752785836bd5868fd2bf79378d66c43e34e820495df755584,0,1190,100
2,ex2-s5-e1-d1w-p01,24ffd9b1737d030752785836bd5868fd2bf79378d66c43e34e820495df755584,0,1191,0
2,ex2-s5-e1-d1w-p01,24ffd9b1737d030752785836bd5868fd2bf79378d66c43e34e820495df755584,0,1192,0
2,ex2-s5-e1-d1w-p01,24ffd9b1737d030752785836bd5868fd2bf79378d66c43e34e820495df755584,0,1193,0
2,ex2-s5-e1-d1w-p01,24ffd9b1737d030752785836bd5868fd2bf79378d66c43e34e820495df755584,0,1194,100
2,ex2-s5-e1-d1w-p01,24ffd9b1737d030752785836bd5868fd2bf79378d66c43e34e820495df755584,0,1195,0
2,ex2-s5-e1-d1w-p01,24ffd9b1737d030752785836bd5868fd2bf79378d66c43e34e820495df755584,0,1196,0
2,ex2-s5-e1-d1w-p01,24ffd9b1737d030752785836bd5868fd2bf79378d66c43e34e820495df755584,0,1197,100
2,ex2-s5-e1-d1w-p01,24ffd9b1737d030752785836bd5868fd2bf79378d66c43e34e820495df755584,0,1198,0
2,ex2-s5-e1-d1w-p01,24ffd9b1737d030752785836bd5868fd2bf79378d66c43e34e820495df755584,0,1199,0
2,ex2-s5-e1-d1w-p01,24ffd9b1737d030752785836bd5868fd2bf79378d66c43e34e820495df755584,0,1200,0
2,ex2-s5-e1-d1w-p01,24ffd9b1737d030752785836bd5868fd2bf79378d66c43e34e820495df755584,0,1201,100
2,ex2-s5-e1-d1w-p01,24ffd9b1737d030752785836bd5868fd2bf79378d66c43e34e820495df755584,0,1202,0
2,ex2-s5-e1-d1w-p01,24ffd9b1737d030752785836bd5868fd2bf79378d66c43e34e820495df755584,0,1203,0
2,ex2-s5-e1-d1w-p01,24ffd9b1737d030752785836bd5868fd2bf79378d66c43e34e820495df755584,0,1204,0
2,ex2-s5-e1-d1w-p01,24ffd9b1737d030752785836bd5868fd2bf79378d66c43e34e820495df755584,0,1205,100
2,ex2-s5-e1-d1w-p01,24ffd9b1737d030752785836bd5868fd2bf79378d66c43e34e820495df755584,0,1206,0
2,ex2-s5-e1-d1w-p01,24ffd9b1737d030752785836bd5868fd2bf79378d66c43e34e820495df755584,0,1207,0
2,ex2-s5-e1-d1w-p01,24ffd9b1737d030752785836bd5868fd2bf79378d66c43e34e820495df755584,0,1208,100
2,ex2-s5-e1-d1w-p01,24ffd9b1737d030752785836bd5868fd2bf79378d66c43e34e820495df755584,0,1209,0
2,ex2-s5-e1-d1w-p01,24ffd9b1737d030752785836bd5868fd2bf79378d66c43e34e820495df755584,0,1210,0
2,ex2-s5-e1-d1w-p01,24ffd9b1737d030752785836bd5868fd2bf79378d66c43e34e820495df755584,0,1211,0
2,ex2-s5-e1-d1w-p01,24ffd9b1737d030752785836bd5868fd2bf79378d66c43e34e820495df755584,0,1212,100
2,ex2-s5-e1-d1w-p01,24ffd9b1737d030752785836bd5868fd2bf79378d66c43e34e820495df755584,0,1213,0
2,ex2-s5-e1-d1w-p01,24ffd9b1737d030752785836bd5868fd2bf79378d66c43e34e820495df755584,0,1214,0
2,ex2-s5-e1-d1w-p01,24ffd9b1737d030752785836bd5868fd2bf79378d66c43e34e820495df755584,0,1215,0
2,ex2-s5-e1-d1w-p01,24ffd9b1737d030752785836bd5868fd2bf79378d66c43e34e820495df755584,0,1216,100
2,ex2-s5-e1-d1w-p01,24ffd9b1737d030752785836bd5868fd2bf79378d66c43e34e820495df755584,0,1217,0
2,ex2-s5-e1-d1w-p01,24ffd9b1737d030752785836bd5868fd2bf79378d66c43e34e820495df755584,0,1218,0
2,ex2-s5-e1-d1w-p01,24ffd9b1737d030752785836bd5868fd2bf79378d66c43e34e820495df755584,0,1219,100
2,ex2-s5-e1-d1w-p01,24ffd9b1737d030752785836bd5868fd2bf79378d66c43e34e820495df755584,0,1220,0
2,ex2-s5-e1-d1w-p01,24ffd9b1737d030752785836bd5868fd2bf79378d66c43e34e820495df755584,0,1221,0
2,ex2-s5-e1-d1w-p01,24ffd9b1737d030752785836bd5868fd2bf79378d66c43e34e820495df755584,0,1222,0
2,ex2-s5-e1-d1w-p01,24ffd9b1737d030752785836bd5868fd2bf79378d66c43e34e820495df755584,0,1223,100
2,ex2-s5-e1-d1w-p01,24ffd9b1737d030752785836bd5868fd2bf79378d66c43e34e820495df755584,0,1224,0
2,ex2-s5-e1-d1w-p01,24ffd9b1737d030752785836bd5868fd2bf79378d66c43e34e820495df755584,0,1225,0
2,ex2-s5-e1-d1w-p01,24ffd9b1737d030752785836bd5868fd2bf79378d66c43e34e820495df755584,0,1226,0
2,ex2-s5-e1-d1w-p01,24ffd9b1737d030752785836bd5868fd2bf79378d66c43e34e820495df755584,0,1227,100
2,ex2-s5-e1-d1w-p01,24ffd9b1737d030752785836bd5868fd2bf79378d66c43e34e820495df755584,0,1228,0
2,ex2-s5-e1-d1w-p01,24ffd9b1737d030752785836bd5868fd2bf79378d66c43e34e820495df755584,0,1229,0
2,ex2-s5-e1-d1w-p01,24ffd9b1737d030752785836bd5868fd2bf79378d66c43e34e820495df755584,0,1230,100
2,ex2-s5-e1-d1w-p01,24ffd9b1737d030752785836bd5868fd2bf79378d66c43e34e820495df755584,0,1231,0
2,ex2-s5-e1-d1w-p01,24ffd9b1737d030752785836bd5868fd2bf79378d66c43e34e820495df755584,0,1232,0
2,ex2-s5-e1-d1w-p01,24ffd9b1737d030752785836bd5868fd2bf79378d66c43e34e820495df755584,0,1233,0
2,ex2-s5-e1-d1w-p01,24ffd9b1737d030752785836bd5868fd2bf79378d66c43e34e820495df755584,0,1234,100
2,ex2-s5-e1-d1w-p01,24ffd9b1737d030752785836bd5868fd2bf79378d66c43e34e820495df755584,0,1235,0
2,ex2-s5-e1-d1w-p01,24ffd9b1737d030752785836bd5868fd2bf79378d66c43e34e820495df755584,0,1236,0
2,ex2-s5-e1-d1w-p01,24ffd9b1737d030752785836bd5868fd2bf79378d66c43e34e820495df755584,0,1237,0
2,ex2-s5-e1-d1w-p01,24ffd9b1737d030752785836bd5868fd2bf79378d66c43e34e820495df755584,0,1238,100
2,ex2-s5-e1-d1w-p01,24ffd9b1737d030752785836bd5868fd2bf79378d66c43e34e820495df755584,0,1239,0
2,ex2-s5-e1-d1w-p01,24ffd9b1737d030752785836bd5868fd2bf79378d66c43e34e820495df755584,0,1240,0
2,ex2-s5-e1-d1w-p01,24ffd9b1737d030752785836bd5868fd2bf79378d66c43e34e820495df755584,0,1241,100
2,ex2-s5-e1-d1w-p01,24ffd9b1737d030752785836bd5868fd2bf79378d66c43e34e820495df755584,0,1242,0
2,ex2-s5-e1-d1w-p01,24ffd9b1737d030752785836bd5868fd2bf79378d66c43e34e820495df755584,0,1243,0
2,ex2-s5-e1-d1w-p01,24ffd9b1737d030752785836bd5868fd2bf79378d66c43e34e820495df755584,0,1244,0
2,ex2-s5-e1-d1w-p01,24ffd9b1737d030752785836bd5868fd2bf79378d66c43e34e820495df755584,0,1245,100
2,ex2-s5-e1-d1w-p01,24ffd9b1737d030752785836bd5868fd2bf79378d66c43e34e820495df755584,0,1246,0
2,ex2-s5-e1-d1w-p01,24ffd9b1737d030752785836bd5868fd2bf79378d66c43e34e820495df755584,0,1247,0
2,ex2-s5-e1-d1w-p01,24ffd9b1737d030752785836bd5868fd2bf79378d66c43e34e820495df755584,0,1248,0
2,ex2-s5-e1-d1w-p01,24ffd9b1737d030752785836bd5868fd2bf79378d66c43e34e820495df755584,0,1249,100
2,ex2-s5-e1-d1w-p01,24ffd9b1737d030752785836bd5868fd2bf79378d66c43e34e820495df755584,0,1250,0
2,ex2-s5-e1-d1w-p01,24ffd9b1737d030752785836bd5868fd2bf79378d66c43e34e820495df755584,0,1251,0
2,ex2-s5-e1-d1w-p01,24ffd9b1737d030752785836bd5868fd2bf79378d66c43e34e820495df755584,0,1252,100
2,ex2-s5-e1-d1w-p01,24ffd9b1737d030752785836bd5868fd2bf79378d66c43e34e820495df755584,0,1253,0
2,ex2-s5-e1-d1w-p01,24ffd9b1737d030752785836bd5868fd2bf79378d66c43e34e820495df755584,0,1254,0
2,ex2-s5-e1-d1w-p01,24ffd9b1737d030752785836bd5868fd2bf79378d66c43e34e820495df755584,0,1255,0
2,ex2-s5-e1-d1w-p01,24ffd9b1737d030752785836bd5868fd2bf79378d66c43e34e820495df755584,0,1256,100
2,ex2-s5-e1-d1w-p01,24ffd9b1737d030752785836bd5868fd2bf79378d66c43e34e820495df755584,0,1257,0
2,ex2-s5-e1-d1w-p01,24ffd9b1737d030752785836bd5868fd2bf79378d66c43e34e820495df755584,0,1258,0
2,ex2-s5-e1-d1w-p01,24ffd9b1737d030752785836bd5868fd2bf79378d66c43e34e820495df755584,0,1259,0
2,ex2-s5-e1-d1w-p01,24ffd9b1737d030752785836bd5868fd2bf79378d66c43e34e820495df755584,0,1260,100
2,ex2-s5-e1-d1w-p01,24ffd9b1737d030752785836bd5868fd2bf79378d66c43e34e820495df755584,0,1261,0
2,ex2-s5-e1-d1w-p01,24ffd9b1737d030752785836bd5868fd2bf79378d66c43e34e820495df755584,0,1262,0
2,ex2-s5-e1-d1w-p01,24ffd9b1737d030752785836bd5868fd2bf79378d66c43e34e820495df755584,0,1263,100
2,ex2-s5-e1-d1w-p01,24ffd9b1737d030752785836bd5868fd2bf79378d66c43e34e820495df755584,0,1264,0
2,ex2-s5-e1-d1w-p01,24ffd9b1737d030752785836bd5868fd2bf79378d66c43e34e820495df755584,0,1265,0
2,ex2-s5-e1-d1w-p01,24ffd9b1737d030752785836bd5868fd2bf79378d66c43e34e820495df755584,0,1266,0
2,ex2-s5-e1-d1w-p01,24ffd9b1737d030752785836bd5868fd2bf79378d66c43e34e820495df755584,0,1267,100
2,ex2-s5-e1-d1w-p01,24ffd9b1737d030752785836bd5868fd2bf79378d66c43e34e820495df755584,0,1268,0
2,ex2-s5-e1-d1w-p01,24ffd9b1737d030752785836bd5868fd2bf79378d66c43e34e820495df755584,0,1269,0
2,ex2-s5-e1-d1w-p01,24ffd9b1737d030752785836bd5868fd2bf79378d66c43e34e820495df755584,0,1270,0
2,ex2-s5-e1-d1w-p01,24ffd9b1737d030752785836bd5868fd2bf79378d66c43e34e820495df755584,0,1271,100
2,ex2-s5-e1-d1w-p01,24ffd9b1737d030752785836bd5868fd2bf79378d66c43e34e820495df755584,0,1272,0
2,ex2-s5-e1-d1w-p01,24ffd9b1737d030752785836bd5868fd2bf79378d66c43e34e820495df755584,0,1273,0
2,ex2-s5-e1-d1w-p01,24ffd9b1737d030752785836bd5868fd2bf79378d66c43e34e820495df755584,0,1274,100
2,ex2-s5-e1-d1w-p01,24ffd9b1737d030752785836bd5868fd2bf79378d66c43e34e820495df755584,0,1275,0
2,ex2-s5-e1-d1w-p01,24ffd9b1737d030752785836bd5868fd2bf79378d66c43e34e820495df755584,0,1276,0
2,ex2-s5-e1-d1w-p01,24ffd9b1737d030752785836bd5868fd2bf79378d66c43e34e820495df755584,0,1277,0
2,ex2-s5-e1-d1w-p01,24ffd9b1737d030752785836bd5868fd2bf79378d66c43e34e820495df755584,0,1278,100
2,ex2-s5-e1-d1w-p01,24ffd9b1737d030752785836bd5868fd2bf79378d66c43e34e820495df755584,0,1279,0
2,ex2-s5-e1-d1w-p01,24ffd9b1737d030752785836bd5868fd2bf79378d66c43e34e820495df755584,0,1280,0
2,ex2-s5-e1-d1w-p01,24ffd9b1737d030752785836bd5868fd2bf79378d66c43e34e820495df755584,0,1281,0
2,ex2-s5-e1-d1w-p01,24ffd9b1737d030752785836bd5868fd2bf79378d66c43e34e820495df755584,0,1282,100
2,ex2-s5-e1-d1w-p01,24ffd9b1737d030752785836bd5868fd2bf79378d66c43e34e820495df755584,0,1283,0
2,ex2-s5-e1-d1w-p01,24ffd9b1737d030752785836bd5868fd2bf79378d66c43e34e820495df755584,0,1284,0
2,ex2-s5-e1-d1w-p01,24ffd9b1737d030752785836bd5868fd2bf79378d66c43e34e820495df755584,0,1285,100
2,ex2-s5-e1-d1w-p01,24ffd9b1737d030752785836bd5868fd2bf79378d66c43e34e820495df755584,0,1286,0
2,ex2-s5-e1-d1w-p01,24ffd9b1737d030752785836bd5868fd2bf79378d66c43e34e820495df755584,0,1287,0
2,ex2-s5-e1-d1w-p01,24ffd9b1737d030752785836bd5868fd2bf79378d66c43e34e820495df755584,0,1288,0
2,ex2-s5-e1-d1w-p01,24ffd9b1737d030752785836bd5868fd2bf79378d66c43e34e820495df755584,0,1289,100
2,ex2-s5-e1-d1w-p01,24ffd9b1737d030752785836bd5868fd2bf79378d66c43e34e820495df755584,0,1290,0
2,ex2-s5-e1-d1w-p01,24ffd9b1737d030752785836bd5868fd2bf79378d66c43e34e820495df755584,0,1291,0
2,ex2-s5-e1-d1w-p01,24ffd9b1737d030752785836bd5868fd2bf79378d66c43e34e820495df755584,0,1292,0
2,ex2-s5-e1-d1w-p01,24ffd9b1737d030752785836bd5868fd2bf79378d66c43e34e820495df755584,0,1293,100
2,ex2-s5-e1-d1w-p01,24ffd9b1737d030752785836bd5868fd2bf79378d66c43e34e820495df755584,0,1294,0
2,ex2-s5-e1-d1w-p01,24ffd9b1737d030752785836bd5868fd2bf79378d66c43e34e820495df755584,0,1295,0
2,ex2-s5-e1-d1w-p01,24ffd9b1737d030752785836bd5868fd2bf79378d66c43e34e820495df755584,0,1296,100
2,ex2-s5-e1-d1w-p01,24ffd9b1737d030752785836bd5868fd2bf79378d66c43e34e820495df755584,0,1297,0
2,ex2-s5-e1-d1w-p01,24ffd9b1737d030752785836bd5868fd2bf79378d66c43e34e820495df755584,0,1298,0
2,ex2-s5-e1-d1w-p01,24ffd9b1737d030752785836bd5868fd2bf79378d66c43e34e820495df755584,0,1299,0
2,ex2-s5-e1-d1w-p01,24ffd9b1737d030752785836bd5868fd2bf79378d66c43e34e820495df755584,0,1300,100
2,ex2-s5-e1-d1w-p01,24ffd9b1737d030752785836bd5868fd2bf79378d66c43e34e820495df755584,0,1301,0
2,ex2-s5-e1-d1w-p01,24ffd9b1737d030752785836bd5868fd2bf79378d66c43e34e820495df755584,0,1302,0
2,ex2-s5-e1-d1w-p01,24ffd9b1737d030752785836bd5868fd2bf79378d66c43e34e820495df755584,0,1303,0
2,ex2-s5-e1-d1w-p01,24ffd9b1737d030752785836bd5868fd2bf79378d66c43e34e820495df755584,0,1304,100
2,ex2-s5-e1-d1w-p01,24ffd9b1737d030752785836bd5868fd2bf79378d66c43e34e820495df755584,0,1305,0
2,ex2-s5-e1-d1w-p01,24ffd9b1737d030752785836bd5868fd2bf79378d66c43e34e820495df755584,0,1306,0
2,ex2-s5-e1-d1w-p01,24ffd9b1737d030752785836bd5868fd2bf79378d66c43e34e820495df755584,0,1307,100
2,ex2-s5-e1-d1w-p01,24ffd9b1737d030752785836bd5868fd2bf79378d66c43e34e820495df755584,0,1308,0
2,ex2-s5-e1-d1w-p01,24ffd9b1737d030752785836bd5868fd2bf79378d66c43e34e820495df755584,0,1309,0
2,ex2-s5-e1-d1w-p01,24ffd9b1737d030752785836bd5868fd2bf79378d66c43e34e820495df755584,0,1310,0
2,ex2-s5-e1-d1w-p01,24ffd9b1737d030752785836bd5868fd2bf79378d66c43e34e820495df755584,0,1311,100
2,ex2-s5-e1-d1w-p01,24ffd9b1737d030752785836bd5868fd2bf79378d66c43e34e820495df755584,0,1312,0
2,ex2-s5-e1-d1w-p01,24ffd9b1737d030752785836bd5868fd2bf79378d66c43e34e820495df755584,0,1313,0
2,ex2-s5-e1-d1w-p01,24ffd9b1737d030752785836bd5868fd2bf79378d66c43e34e820495df755584,0,1314,0
2,ex2-s5-e1-d1w-p01,24ffd9b1737d030752785836bd5868fd2bf79378d66c43e34e820495df755584,0,1315,100
2,ex2-s5-e1-d1w-p01,24ffd9b1737d030752785836bd5868fd2bf79378d66c43e34e820495df755584,0,1316,0
2,ex2-s5-e1-d1w-p01,24ffd9b1737d030752785836bd5868fd2bf79378d66c43e34e820495df755584,0,1317,0
2,ex2-s5-e1-d1w-p01,24ffd9b1737d030752785836bd5868fd2bf79378d66c43e34e820495df755584,0,1318,100
2,ex2-s5-e1-d1w-p01,24ffd9b1737d030752785836bd5868fd2bf79378d66c43e34e820495df755584,0,1319,0
2,ex2-s5-e1-d1w-p01,24ffd9b1737d030752785836bd5868fd2bf79378d66c43e34e820495df755584,0,1320,0
2,ex2-s5-e1-d1w-p01,24ffd9b1737d030752785836bd5868fd2bf79378d66c43e34e820495df755584,0,1321,0
2,ex2-s5-e1-d1w-p01,24ffd9b1737d030752785836bd5868fd2bf79378d66c43e34e820495df755584,0,1322,100
2,ex2-s5-e1-d1w-p01,24ffd9b1737d030752785836bd5868fd2bf79378d66c43e34e820495df755584,0,1323,0
2,ex2-s5-e1-d1w-p01,24ffd9b1737d030752785836bd5868fd2bf79378d66c43e34e820495df755584,0,1324,0
2,ex2-s5-e1-d1w-p01,24ffd9b1737d030752785836bd5868fd2bf79378d66c43e34e820495df755584,0,1325,0
2,ex2-s5-e1-d1w-p01,24ffd9b1737d030752785836bd5868fd2bf79378d66c43e34e820495df755584,0,1326,100
2,ex2-s5-e1-d1w-p01,24ffd9b1737d030752785836bd5868fd2bf79378d66c43e34e820495df755584,0,1327,0
2,ex2-s5-e1-d1w-p01,24ffd9b1737d030752785836bd5868fd2bf79378d66c43e34e820495df755584,0,1328,0
2,ex2-s5-e1-d1w-p01,24ffd9b1737d030752785836bd5868fd2bf79378d66c43e34e820495df755584,0,1329,100
2,ex2-s5-e1-d1w-p01,24ffd9b1737d030752785836bd5868fd2bf79378d66c43e34e820495df755584,0,1330,0
2,ex2-s5-e1-d1w-p01,24ffd9b1737d030752785836bd5868fd2bf79378d66c43e34e820495df755584,0,1331,0
2,ex2-s5-e1-d1w-p01,24ffd9b1737d030752785836bd5868fd2bf79378d66c43e34e820495df755584,0,1332,0
2,ex2-s5-e1-d1w-p01,24ffd9b1737d030752785836bd5868fd2bf79378d66c43e34e820495df755584,0,1333,100
2,ex2-s5-e1-d1w-p01,24ffd9b1737d030752785836bd5868fd2bf79378d66c43e34e820495df755584,0,1334,0
2,ex2-s5-e1-d1w-p01,24ffd9b1737d030752785836bd5868fd2bf79378d66c43e34e820495df755584,0,1335,0
2,ex2-s5-e1-d1w-p01,24ffd9b1737d030752785836bd5868fd2bf79378d66c43e34e820495df755584,0,1336,100
2,ex2-s5-e1-d1w-p01,24ffd9b1737d030752785836bd5868fd2bf79378d66c43e34e820495df755584,0,1337,0
2,ex2-s5-e1-d1w-p01,24ffd9b1737d030752785836bd5868fd2bf79378d66c43e34e820495df755584,0,1338,0
2,ex2-s5-e1-d1w-p01,24ffd9b1737d030752785836bd5868fd2bf79378d66c43e34e820495df755584,0,1339,0
2,ex2-s5-e1-d1w-p01,24ffd9b1737d030752785836bd5868fd2bf79378d66c43e34e820495df755584,0,1340,100
2,ex2-s5-e1-d1w-p01,24ffd9b1737d030752785836bd5868fd2bf79378d66c43e34e820495df755584,0,1341,0
2,ex2-s5-e1-d1w-p01,24ffd9b1737d030752785836bd5868fd2bf79378d66c43e34e820495df755584,0,1342,0
2,ex2-s5-e1-d1w-p01,24ffd9b1737d030752785836bd5868fd2bf79378d66c43e34e820495df755584,0,1343,0
2,ex2-s5-e1-d1w-p01,24ffd9b1737d030752785836bd5868fd2bf79378d66c43e34e820495df755584,0,1344,100
2,ex2-s5-e1-d1w-p01,24ffd9b1737d030752785836bd5868fd2bf79378d66c43e34e820495df755584,0,1345,0
2,ex2-s5-e1-d1w-p01,24ffd9b1737d030752785836bd5868fd2bf79378d66c43e34e820495df755584,0,1346,0
2,ex2-s5-e1-d1w-p01,24ffd9b1737d030752785836bd5868fd2bf79378d66c43e34e820495df755584,0,1347,100
2,ex2-s5-e1-d1w-p01,24ffd9b1737d030752785836bd5868fd2bf79378d66c43e34e820495df755584,0,1348,0
2,ex2-s5-e1-d1w-p01,24ffd9b1737d030752785836bd5868fd2bf79378d66c43e34e820495df755584,0,1349,0
2,ex2-s5-e1-d1w-p01,24ffd9b1737d030752785836bd5868fd2bf79378d66c43e34e820495df755584,0,1350,0
2,ex2-s5-e1-d1w-p01,24ffd9b1737d030752785836bd5868fd2bf79378d66c43e34e820495df755584,0,1351,100
2,ex2-s5-e1-d1w-p01,24ffd9b1737d030752785836bd5868fd2bf79378d66c43e34e820495df755584,0,1352,0
2,ex2-s5-e1-d1w-p01,24ffd9b1737d030752785836bd5868fd2bf79378d66c43e34e820495df755584,0,1353,0
2,ex2-s5-e1-d1w-p01,24ffd9b1737d030752785836bd5868fd2bf79378d66c43e34e820495df755584,0,1354,0
2,ex2-s5-e1-d1w-p01,24ffd9b1737d030752785836bd5868fd2bf79378d66c43e34e820495df755584,0,1355,100
2,ex2-s5-e1-d1w-p01,24ffd9b1737d030752785836bd5868fd2bf79378d66c43e34e820495df755584,0,1356,0
2,ex2-s5-e1-d1w-p01,24ffd9b1737d030752785836bd5868fd2bf79378d66c43e34e820495df755584,0,1357,0
2,ex2-s5-e1-d1w-p01,24ffd9b1737d030752785836bd5868fd2bf79378d66c43e34e820495df755584,0,1358,100
2,ex2-s5-e1-d1w-p01,24ffd9b1737d030752785836bd5868fd2bf79378d66c43e34e820495df755584,0,1359,0
2,ex2-s5-e1-d1w-p01,24ffd9b1737d030752785836bd5868fd2bf79378d66c43e34e820495df755584,0,1360,0
2,ex2-s5-e1-d1w-p01,24ffd9b1737d030752785836bd5868fd2bf79378d66c43e34e820495df755584,0,1361,0
2,ex2-s5-e1-d1w-p01,24ffd9b1737d030752785836bd5868fd2bf79378d66c43e34e820495df755584,0,1362,100
2,ex2-s5-e1-d1w-p01,24ffd9b1737d030752785836bd5868fd2bf79378d66c43e34e820495df755584,0,1363,0
2,ex2-s5-e1-d1w-p01,24ffd9b1737d030752785836bd5868fd2bf79378d66c43e34e820495df755584,0,1364,0
2,ex2-s5-e1-d1w-p01,24ffd9b1737d030752785836bd5868fd2bf79378d66c43e34e820495df755584,0,1365,0
2,ex2-s5-e1-d1w-p01,24ffd9b1737d030752785836bd5868fd2bf79378d66c43e34e820495df755584,0,1366,100
2,ex2-s5-e1-d1w-p01,24ffd9b1737d030752785836bd5868fd2bf79378d66c43e34e820495df755584,0,1367,0
2,ex2-s5-e1-d1w-p01,24ffd9b1737d030752785836bd5868fd2bf79378d66c43e34e820495df755584,0,1368,0
2,ex2-s5-e1-d1w-p01,24ffd9b1737d030752785836bd5868fd2bf79378d66c43e34e820495df755584,0,1369,100
2,ex2-s5-e1-d1w-p01,24ffd9b1737d030752785836bd5868fd2bf79378d66c43e34e820495df755584,0,1370,0
2,ex2-s5-e1-d1w-p01,24ffd9b1737d030752785836bd5868fd2bf79378d66c43e34e820495df755584,0,1371,0
2,ex2-s5-e1-d1w-p01,24ffd9b1737d030752785836bd5868fd2bf79378d66c43e34e820495df755584,0,1372,0
2,ex2-s5-e1-d1w-p01,24ffd9b1737d030752785836bd5868fd2bf79378d66c43e34e820495df755584,0,1373,100
2,ex2-s5-e1-d1w-p01,24ffd9b1737d030752785836bd5868fd2bf79378d66c43e34e820495df755584,0,1374,0
2,ex2-s5-e1-d1w-p01,24ffd9b1737d030752785836bd5868fd2bf79378d66c43e34e820495df755584,0,1375,0
2,ex2-s5-e1-d1w-p01,24ffd9b1737d030752785836bd5868fd2bf79378d66c43e34e820495df755584,0,1376,0
2,ex2-s5-e1-d1w-p01,24ffd9b1737d030752785836bd5868fd2bf79378d66c43e34e820495df755584,0,1377,100
2,ex2-s5-e1-d1w-p01,24ffd9b1737d030752785836bd5868fd2bf79378d66c43e34e820495df755584,0,1378,0
2,ex2-s5-e1-d1w-p01,24ffd9b1737d030752785836bd5868fd2bf79378d66c43e34e820495df755584,0,1379,0
2,ex2-s5-e1-d1w-p01,24ffd9b1737d030752785836bd5868fd2bf79378d66c43e34e820495df755584,0,1380,100
2,ex2-s5-e1-d1w-p01,24ffd9b1737d030752785836bd5868fd2bf79378d66c43e34e820495df755584,0,1381,0
2,ex2-s5-e1-d1w-p01,24ffd9b1737d030752785836bd5868fd2bf79378d66c43e34e820495df755584,0,1382,0
2,ex2-s5-e1-d1w-p01,24ffd9b1737d030752785836bd5868fd2bf79378d66c43e34e820495df755584,0,1383,0
2,ex2-s5-e1-d1w-p01,24ffd9b1737d030752785836bd5868fd2bf79378d66c43e34e820495df755584,0,1384,100
2,ex2-s5-e1-d1w-p01,24ffd9b1737d030752785836bd5868fd2bf79378d66c43e34e820495df755584,0,1385,0
2,ex2-s5-e1-d1w-p01,24ffd9b1737d030752785836bd5868fd2bf79378d66c43e34e820495df755584,0,1386,0
2,ex2-s5-e1-d1w-p01,24ffd9b1737d030752785836bd5868fd2bf79378d66c43e34e820495df755584,0,1387,0
2,ex2-s5-e1-d1w-p01,24ffd9b1737d030752785836bd5868fd2bf79378d66c43e34e820495df755584,0,1388,100
2,ex2-s5-e1-d1w-p01,24ffd9b1737d030752785836bd5868fd2bf79378d66c43e34e820495df755584,0,1389,0
2,ex2-s5-e1-d1w-p01,24ffd9b1737d030752785836bd5868fd2bf79378d66c43e34e820495df755584,0,1390,0
2,ex2-s5-e1-d1w-p01,24ffd9b1737d030752785836bd5868fd2bf79378d66c43e34e820495df755584,0,1391,100
2,ex2-s5-e1-d1w-p01,24ffd9b1737d030752785836bd5868fd2bf79378d66c43e34e820495df755584,0,1392,0
2,ex2-s5-e1-d1w-p01,24ffd9b1737d030752785836bd5868fd2bf79378d66c43e34e820495df755584,0,1393,0
2,ex2-s5-e1-d1w-p01,24ffd9b1737d030752785836bd5868fd2bf79378d66c43e34e820495df755584,0,1394,0
2,ex2-s5-e1-d1w-p01,24ffd9b1737d030752785836bd5868fd2bf79378d66c43e34e820495df755584,0,1395,100
2,ex2-s5-e1-d1w-p01,24ffd9b1737d030752785836bd5868fd2bf79378d66c43e34e820495df755584,0,1396,0
2,ex2-s5-e1-d1w-p01,24ffd9b1737d030752785836bd5868fd2bf79378d66c43e34e820495df755584,0,1397,0
2,ex2-s5-e1-d1w-p01,24ffd9b1737d030752785836bd5868fd2bf79378d66c43e34e820495df755584,0,1398,0
2,ex2-s5-e1-d1w-p01,24ffd9b1737d030752785836bd5868fd2bf79378d66c43e34e820495df755584,0,1399,100
2,ex2-s5-e1-d1w-p01,24ffd9b1737d030752785836bd5868fd2bf79378d66c43e34e820495df755584,0,1400,0
2,ex2-s5-e1-d1w-p01,24ffd9b1737d030752785836bd5868fd2bf79378d66c43e34e820495df755584,0,1401,0
2,ex2-s5-e1-d1w-p01,24ffd9b1737d030752785836bd5868fd2bf79378d66c43e34e820495df755584,0,1402,100
2,ex2-s5-e1-d1w-p01,24ffd9b1737d030752785836bd5868fd2bf79378d66c43e34e820495df755584,0,1403,0
2,ex2-s5-e1-d1w-p01,24ffd9b1737d030752785836bd5868fd2bf79378d66c43e34e820495df755584,0,1404,0
2,ex2-s5-e1-d1w-p01,24ffd9b1737d030752785836bd5868fd2bf79378d66c43e34e820495df755584,0,1405,0
2,ex2-s5-e1-d1w-p01,24ffd9b1737d030752785836bd5868fd2bf79378d66c43e34e820495df755584,0,1406,100
2,ex2-s5-e1-d1w-p01,24ffd9b1737d030752785836bd5868fd2bf79378d66c43e34e820495df755584,0,1407,0
2,ex2-s5-e1-d1w-p01,24ffd9b1737d030752785836bd5868fd2bf79378d66c43e34e820495df755584,0,1408,0
2,ex2-s5-e1-d1w-p01,24ffd9b1737d030752785836bd5868fd2bf79378d66c43e34e820495df755584,0,1409,0
2,ex2-s5-e1-d1w-p01,24ffd9b1737d030752785836bd5868fd2bf79378d66c43e34e820495df755584,0,1410,100
2,ex2-s5-e1-d1w-p01,24ffd9b1737d030752785836bd5868fd2bf79378d66c43e34e820495df755584,0,1411,0
2,ex2-s5-e1-d1w-p01,24ffd9b1737d030752785836bd5868fd2bf79378d66c43e34e820495df755584,0,1412,0
2,ex2-s5-e1-d1w-p01,24ffd9b1737d030752785836bd5868fd2bf79378d66c43e34e820495df755584,0,1413,100
2,ex2-s5-e1-d1w-p01,24ffd9b1737d030752785836bd5868fd2bf79378d66c43e34e820495df755584,0,1414,0
2,ex2-s5-e1-d1w-p01,24ffd9b1737d030752785836bd5868fd2bf79378d66c43e34e820495df755584,0,1415,0
2,ex2-s5-e1-d1w-p01,24ffd9b1737d030752785836bd5868fd2bf79378d66c43e34e820495df755584,0,1416,0
2,ex2-s5-e1-d1w-p01,24ffd9b1737d030752785836bd5868fd2bf79378d66c43e34e820495df755584,0,1417,100
2,ex2-s5-e1-d1w-p01,24ffd9b1737d030752785836bd5868fd2bf79378d66c43e34e820495df755584,0,1418,0
2,ex2-s5-e1-d1w-p01,24ffd9b1737d030752785836bd5868fd2bf79378d66c43e34e820495df755584,0,1419,0
2,ex2-s5-e1-d1w-p01,24ffd9b1737d030752785836bd5868fd2bf79378d66c43e34e820495df755584,0,1420,0
2,ex2-s5-e1-d1w-p01,24ffd9b1737d030752785836bd5868fd2bf79378d66c43e34e820495df755584,0,1421,100
2,ex2-s5-e1-d1w-p01,24ffd9b1737d030752785836bd5868fd2bf79378d66c43e34e820495df755584,0,1422,0
2,ex2-s5-e1-d1w-p01,24ffd9b1737d030752785836bd5868fd2bf79378d66c43e34e820495df755584,0,1423,0
2,ex2-s5-e1-d1w-p01,24ffd9b1737d030752785836bd5868fd2bf79378d66c43e34e820495df755584,0,1424,100
2,ex2-s5-e1-d1w-p01,24ffd9b1737d030752785836bd5868fd2bf79378d66c43e34e820495df755584,0,1425,0
2,ex2-s5-e1-d1w-p01,24ffd9b1737d030752785836bd5868fd2bf79378d66c43e34e820495df755584,0,1426,0
2,ex2-s5-e1-d1w-p01,24ffd9b1737d030752785836bd5868fd2bf79378d66c43e34e820495df755584,0,1427,0
2,ex2-s5-e1-d1w-p01,24ffd9b1737d030752785836bd5868fd2bf79378d66c43e34e820495df755584,0,1428,100
2,ex2-s5-e1-d1w-p01,24ffd9b1737d030752785836bd5868fd2bf79378d66c43e34e820495df755584,0,1429,0
2,ex2-s5-e1-d1w-p01,24ffd9b1737d030752785836bd5868fd2bf79378d66c43e34e820495df755584,0,1430,0
2,ex2-s5-e1-d1w-p01,24ffd9b1737d030752785836bd5868fd2bf79378d66c43e34e820495df755584,0,1431,0
2,ex2-s5-e1-d1w-p01,24ffd9b1737d030752785836bd5868fd2bf79378d66c43e34e820495df755584,0,1432,100
2,ex2-s5-e1-d1w-p01,24ffd9b1737d030752785836bd5868fd2bf79378d66c43e34e820495df755584,0,1433,0
2,ex2-s5-e1-d1w-p01,24ffd9b1737d030752785836bd5868fd2bf79378d66c43e34e820495df755584,0,1434,0
2,ex2-s5-e1-d1w-p01,24ffd9b1737d030752785836bd5868fd2bf79378d66c43e34e820495df755584,0,1435,100
2,ex2-s5-e1-d1w-p01,24ffd9b1737d030752785836bd5868fd2bf79378d66c43e34e820495df755584,0,1436,0
2,ex2-s5-e1-d1w-p01,24ffd9b1737d030752785836bd5868fd2bf79378d66c43e34e820495df755584,0,1437,0
2,ex2-s5-e1-d1w-p01,24ffd9b1737d030752785836bd5868fd2bf79378d66c43e34e820495df755584,0,1438,0
2,ex2-s5-e1-d1w-p01,24ffd9b1737d030752785836bd5868fd2bf79378d66c43e34e820495df755584,0,1439,100
2,ex2-s5-e1-d1w-p01,24ffd9b1737d030752785836bd5868fd2bf79378d66c43e34e820495df755584,0,1440,0
2,ex2-s5-e1-d1w-p01,24ffd9b1737d030752785836bd5868fd2bf79378d66c43e34e820495df755584,0,1441,0
2,ex2-s5-e1-d1w-p01,24ffd9b1737d030752785836bd5868fd2bf79378d66c43e34e820495df755584,0,1442,0
2,ex2-s5-e1-d1w-p01,24ffd9b1737d030752785836bd5868fd2bf79378d66c43e34e820495df755584,0,1443,100
2,ex2-s5-e1-d1w-p01,24ffd9b1737d030752785836bd5868fd2bf79378d66c43e34e820495df755584,0,1444,0
2,ex2-s5-e1-d1w-p01,24ffd9b1737d030752785836bd5868fd2bf79378d66c43e34e820495df755584,0,1445,0
2,ex2-s5-e1-d1w-p01,24ffd9b1737d030752785836bd5868fd2bf79378d66c43e34e820495df755584,0,1446,100
2,ex2-s5-e1-d1w-p01,24ffd9b1737d030752785836bd5868fd2bf79378d66c43e34e820495df755584,0,1447,0
2,ex2-s5-e1-d1w-p01,24ffd9b1737d030752785836bd5868fd2bf79378d66c43e34e820495df755584,0,1448,0
2,ex2-s5-e1-d1w-p01,24ffd9b1737d030752785836bd5868fd2bf79378d66c43e34e820495df755584,0,1449,0
2,ex2-s5-e1-d1w-p01,24ffd9b1737d030752785836bd5868fd2bf79378d66c43e34e820495df755584,0,1450,100
2,ex2-s5-e1-d1w-p01,24ffd9b1737d030752785836bd5868fd2bf79378d66c43e34e820495df755584,0,1451,0
2,ex2-s5-e1-d1w-p01,24ffd9b1737d030752785836bd5868fd2bf79378d66c43e34e820495df755584,0,1452,0
2,ex2-s5-e1-d1w-p01,24ffd9b1737d030752785836bd5868fd2bf79378d66c43e34e820495df755584,0,1453,100
2,ex2-s5-e1-d1w-p01,24ffd9b1737d030752785836bd5868fd2bf79378d66c43e34e820495df755584,0,1454,0
2,ex2-s5-e1-d1w-p01,24ffd9b1737d030752785836bd5868fd2bf79378d66c43e34e820495df755584,0,1455,0
2,ex2-s5-e1-d1w-p01,24ffd9b1737d030752785836bd5868fd2bf79378d66c43e34e820495df755584,0,1456,0
2,ex2-s5-e1-d1w-p01,24ffd9b1737d030752785836bd5868fd2bf79378d66c43e34e820495df755584,0,1457,100
2,ex2-s5-e1-d1w-p01,24ffd9b1737d030752785836bd5868fd2bf79378d66c43e34e820495df755584,0,1458,0
2,ex2-s5-e1-d1w-p01,24ffd9b1737d030752785836bd5868fd2bf79378d66c43e34e820495df755584,0,1459,0
2,ex2-s5-e1-d1w-p01,24ffd9b1737d030752785836bd5868fd2bf79378d66c43e34e820495df755584,0,1460,0
2,ex2-s5-e1-d1w-p01,24ffd9b1737d030752785836bd5868fd2bf79378d66c43e34e820495df755584,0,1461,100
2,ex2-s5-e1-d1w-p01,24ffd9b1737d030752785836bd5868fd2bf79378d66c43e34e820495df755584,0,1462,0
2,ex2-s5-e1-d1w-p01,24ffd9b1737d030752785836bd5868fd2bf79378d66c43e34e820495df755584,0,1463,0
2,ex2-s5-e1-d1w-p01,24ffd9b1737d030752785836bd5868fd2bf79378d66c43e34e820495df755584,0,1464,100
2,ex2-s5-e1-d1w-p01,24ffd9b1737d030752785836bd5868fd2bf79378d66c43e34e820495df755584,0,1465,0
2,ex2-s5-e1-d1w-p01,24ffd9b1737d030752785836bd5868fd2bf79378d66c43e34e820495df755584,0,1466,0
2,ex2-s5-e1-d1w-p01,24ffd9b1737d030752785836bd5868fd2bf79378d66c43e34e820495df755584,0,1467,0
2,ex2-s5-e1-d1w-p01,24ffd9b1737d030752785836bd5868fd2bf79378d66c43e34e820495df755584,0,1468,100
2,ex2-s5-e1-d1w-p01,24ffd9b1737d030752785836bd5868fd2bf79378d66c43e34e820495df755584,0,1469,0
2,ex2-s5-e1-d1w-p01,24ffd9b1737d030752785836bd5868fd2bf79378d66c43e34e820495df755584,0,1470,0
2,ex2-s5-e1-d1w-p01,24ffd9b1737d030752785836bd5868fd2bf79378d66c43e34e820495df755584,0,1471,0
2,ex2-s5-e1-d1w-p01,24ffd9b1737d030752785836bd5868fd2bf79378d66c43e34e820495df755584,0,1472,100
2,ex2-s5-e1-d1w-p01,24ffd9b1737d030752785836bd5868fd2bf79378d66c43e34e820495df755584,0,1473,0
2,ex2-s5-e1-d1w-p01,24ffd9b1737d030752785836bd5868fd2bf79378d66c43e34e820495df755584,0,1474,0
2,ex2-s5-e1-d1w-p01,24ffd9b1737d030752785836bd5868fd2bf79378d66c43e34e820495df755584,0,1475,100
2,ex2-s5-e1-d1w-p01,24ffd9b1737d030752785836bd5868fd2bf79378d66c43e34e820495df755584,0,1476,0
2,ex2-s5-e1-d1w-p01,24ffd9b1737d030752785836bd5868fd2bf79378d66c43e34e820495df755584,0,1477,0
2,ex2-s5-e1-d1w-p01,24ffd9b1737d030752785836bd5868fd2bf79378d66c43e34e820495df755584,0,1478,0
2,ex2-s5-e1-d1w-p01,24ffd9b1737d030752785836bd5868fd2bf79378d66c43e34e820495df755584,0,1479,100
2,ex2-s5-e1-d1w-p01,24ffd9b1737d030752785836bd5868fd2bf79378d66c43e34e820495df755584,0,1480,0
2,ex2-s5-e1-d1w-p01,24ffd9b1737d030752785836bd5868fd2bf79378d66c43e34e820495df755584,0,1481,0
2,ex2-s5-e1-d1w-p01,24ffd9b1737d030752785836bd5868fd2bf79378d66c43e34e820495df755584,0,1482,0
2,ex2-s5-e1-d1w-p01,24ffd9b1737d030752785836bd5868fd2bf79378d66c43e34e820495df755584,0,1483,100
2,ex2-s5-e1-d1w-p01,24ffd9b1737d030752785836bd5868fd2bf79378d66c43e34e820495df755584,0,1484,0
2,ex2-s5-e1-d1w-p01,24ffd9b1737d030752785836bd5868fd2bf79378d66c43e34e820495df755584,0,1485,0
2,ex2-s5-e1-d1w-p01,24ffd9b1737d030752785836bd5868fd2bf79378d66c43e34e820495df755584,0,1486,100
2,ex2-s5-e1-d1w-p01,24ffd9b1737d030752785836bd5868fd2bf79378d66c43e34e820495df755584,0,1487,0
2,ex2-s5-e1-d1w-p01,24ffd9b1737d030752785836bd5868fd2bf79378d66c43e34e820495df755584,0,1488,0
2,ex2-s5-e1-d1w-p01,24ffd9b1737d030752785836bd5868fd2bf79378d66c43e34e820495df755584,0,1489,0
2,ex2-s5-e1-d1w-p01,24ffd9b1737d030752785836bd5868fd2bf79378d66c43e34e820495df755584,0,1490,100
2,ex2-s5-e1-d1w-p01,24ffd9b1737d030752785836bd5868fd2bf79378d66c43e34e820495df755584,0,1491,0
2,ex2-s5-e1-d1w-p01,24ffd9b1737d030752785836bd5868fd2bf79378d66c43e34e820495df755584,0,1492,0
2,ex2-s5-e1-d1w-p01,24ffd9b1737d030752785836bd5868fd2bf79378d66c43e34e820495df755584,0,1493,0
2,ex2-s5-e1-d1w-p01,24ffd9b1737d030752785836bd5868fd2bf79378d66c43e34e820495df755584,0,1494,100
2,ex2-s5-e1-d1w-p01,24ffd9b1737d030752785836bd5868fd2bf79378d66c43e34e820495df755584,0,1495,0
2,ex2-s5-e1-d1w-p01,24ffd9b1737d030752785836bd5868fd2bf79378d66c43e34e820495df755584,0,1496,0
2,ex2-s5-e1-d1w-p01,24ffd9b1737d030752785836bd5868fd2bf79378d66c43e34e820495df755584,0,1497,100
2,ex2-s5-e1-d1w-p01,24ffd9b1737d030752785836bd5868fd2bf79378d66c43e34e820495df755584,0,1498,0
2,ex2-s5-e1-d1w-p01,24ffd9b1737d030752785836bd5868fd2bf79378d66c43e34e820495df755584,0,1499,0
2,ex2-s5-e1-d1w-p01,24ffd9b1737d030752785836bd5868fd2bf79378d66c43e34e820495df755584,0,1500,0
2,ex2-s5-e1-d1w-p01,24ffd9b1737d030752785836bd5868fd2bf79378d66c43e34e820495df755584,0,1501,100
2,ex2-s5-e1-d1w-p01,24ffd9b1737d030752785836bd5868fd2bf79378d66c43e34e820495df755584,0,1502,0
2,ex2-s5-e1-d1w-p01,24ffd9b1737d030752785836bd5868fd2bf79378d66c43e34e820495df755584,0,1503,0
2,ex2-s5-e1-d1w-p01,24ffd9b1737d030752785836bd5868fd2bf79378d66c43e34e820495df755584,0,1504,0
2,ex2-s5-e1-d1w-p01,24ffd9b1737d030752785836bd5868fd2bf79378d66c43e34e820495df755584,0,1505,100
2,ex2-s5-e1-d1w-p01,24ffd9b1737d030752785836bd5868fd2bf79378d66c43e34e820495df755584,0,1506,0
2,ex2-s5-e1-d1w-p01,24ffd9b1737d030752785836bd5868fd2bf79378d66c43e34e820495df755584,0,1507,0
2,ex2-s5-e1-d1w-p01,24ffd9b1737d030752785836bd5868fd2bf79378d66c43e34e820495df755584,0,1508,100
2,ex2-s5-e1-d1w-p01,24ffd9b1737d030752785836bd5868fd2bf79378d66c43e34e820495df755584,0,1509,0
2,ex2-s5-e1-d1w-p01,24ffd9b1737d030752785836bd5868fd2bf79378d66c43e34e820495df755584,0,1510,0
2,ex2-s5-e1-d1w-p01,24ffd9b1737d030752785836bd5868fd2bf79378d66c43e34e820495df755584,0,1511,0
2,ex2-s5-e1-d1w-p01,24ffd9b1737d030752785836bd5868fd2bf79378d66c43e34e820495df755584,0,1512,100
2,ex2-s5-e1-d1w-p01,24ffd9b1737d030752785836bd5868fd2bf79378d66c43e34e820495df755584,0,1513,0
2,ex2-s5-e1-d1w-p01,24ffd9b1737d030752785836bd5868fd2bf79378d66c43e34e820495df755584,0,1514,0
2,ex2-s5-e1-d1w-p01,24ffd9b1737d030752785836bd5868fd2bf79378d66c43e34e820495df755584,0,1515,0
2,ex2-s5-e1-d1w-p01,24ffd9b1737d030752785836bd5868fd2bf79378d66c43e34e820495df755584,0,1516,100
2,ex2-s5-e1-d1w-p01,24ffd9b1737d030752785836bd5868fd2bf79378d66c43e34e820495df755584,0,1517,0
2,ex2-s5-e1-d1w-p01,24ffd9b1737d030752785836bd5868fd2bf79378d66c43e34e820495df755584,0,1518,0
2,ex2-s5-e1-d1w-p01,24ffd9b1737d030752785836bd5868fd2bf79378d66c43e34e820495df755584,0,1519,100
2,ex2-s5-e1-d1w-p01,24ffd9b1737d030752785836bd5868fd2bf79378d66c43e34e820495df755584,0,1520,0
2,ex2-s5-e1-d1w-p01,24ffd9b1737d030752785836bd5868fd2bf79378d66c43e34e820495df755584,0,1521,0
2,ex2-s5-e1-d1w-p01,24ffd9b1737d030752785836bd5868fd2bf79378d66c43e34e820495df755584,0,1522,0
2,ex2-s5-e1-d1w-p01,24ffd9b1737d030752785836bd5868fd2bf79378d66c43e34e820495df755584,0,1523,100
2,ex2-s5-e1-d1w-p01,24ffd9b1737d030752785836bd5868fd2bf79378d66c43e34e820495df755584,0,1524,0
2,ex2-s5-e1-d1w-p01,24ffd9b1737d030752785836bd5868fd2bf79378d66c43e34e820495df755584,0,1525,0
2,ex2-s5-e1-d1w-p01,24ffd9b1737d030752785836bd5868fd2bf79378d66c43e34e820495df755584,0,1526,100
2,ex2-s5-e1-d1w-p01,24ffd9b1737d030752785836bd5868fd2bf79378d66c43e34e820495df755584,0,1527,0
2,ex2-s5-e1-d1w-p01,24ffd9b1737d030752785836bd5868fd2bf79378d66c43e34e820495df755584,0,1528,0
2,ex2-s5-e1-d1w-p01,24ffd9b1737d030752785836bd5868fd2bf79378d66c43e34e820495df755584,0,1529,0
2,ex2-s5-e1-d1w-p01,24ffd9b1737d030752785836bd5868fd2bf79378d66c43e34e820495df755584,0,1530,100
2,ex2-s5-e1-d1w-p01,24ffd9b1737d030752785836bd5868fd2bf79378d66c43e34e820495df755584,0,1531,0
2,ex2-s5-e1-d1w-p01,24ffd9b1737d030752785836bd5868fd2bf79378d66c43e34e820495df755584,0,1532,0
2,ex2-s5-e1-d1w-p01,24ffd9b1737d030752785836bd5868fd2bf79378d66c43e34e820495df755584,0,1533,0
2,ex2-s5-e1-d1w-p01,24ffd9b1737d030752785836bd5868fd2bf79378d66c43e34e820495df755584,0,1534,100
2,ex2-s5-e1-d1w-p01,24ffd9b1737d030752785836bd5868fd2bf79378d66c43e34e820495df755584,0,1535,0
2,ex2-s5-e1-d1w-p01,24ffd9b1737d030752785836bd5868fd2bf79378d66c43e34e820495df755584,0,1536,0
2,ex2-s5-e1-d1w-p01,24ffd9b1737d030752785836bd5868fd2bf79378d66c43e34e820495df755584,0,1537,100
2,ex2-s5-e1-d1w-p01,24ffd9b1737d030752785836bd5868fd2bf79378d66c43e34e820495df755584,0,1538,0
2,ex2-s5-e1-d1w-p01,24ffd9b1737d030752785836bd5868fd2bf79378d66c43e34e820495df755584,0,1539,0
2,ex2-s5-e1-d1w-p01,24ffd9b1737d030752785836bd5868fd2bf79378d66c43e34e820495df755584,0,1540,0
2,ex2-s5-e1-d1w-p01,24ffd9b1737d030752785836bd5868fd2bf79378d66c43e34e820495df755584,0,1541,100
2,ex2-s5-e1-d1w-p01,24ffd9b1737d030752785836bd5868fd2bf79378d66c43e34e820495df755584,0,1542,0
2,ex2-s5-e1-d1w-p01,24ffd9b1737d030752785836bd5868fd2bf79378d66c43e34e820495df755584,0,1543,0
2,ex2-s5-e1-d1w-p01,24ffd9b1737d030752785836bd5868fd2bf79378d66c43e34e820495df755584,0,1544,0
2,ex2-s5-e1-d1w-p01,24ffd9b1737d030752785836bd5868fd2bf79378d66c43e34e820495df755584,0,1545,100
2,ex2-s5-e1-d1w-p01,24ffd9b1737d030752785836bd5868fd2bf79378d66c43e34e820495df755584,0,1546,0
2,ex2-s5-e1-d1w-p01,24ffd9b1737d030752785836bd5868fd2bf79378d66c43e34e820495df755584,0,1547,0
2,ex2-s5-e1-d1w-p01,24ffd9b1737d030752785836bd5868fd2bf79378d66c43e34e820495df755584,0,1548,100
2,ex2-s5-e1-d1w-p01,24ffd9b1737d030752785836bd5868fd2bf79378d66c43e34e820495df755584,0,1549,0
2,ex2-s5-e1-d1w-p01,24ffd9b1737d030752785836bd5868fd2bf79378d66c43e34e820495df755584,0,1550,0
2,ex2-s5-e1-d1w-p01,24ffd9b1737d030752785836bd5868fd2bf79378d66c43e34e820495df755584,0,1551,0
2,ex2-s5-e1-d1w-p01,24ffd9b1737d030752785836bd5868fd2bf79378d66c43e34e820495df755584,0,1552,100
2,ex2-s5-e1-d1w-p01,24ffd9b1737d030752785836bd5868fd2bf79378d66c43e34e820495df755584,0,1553,0
2,ex2-s5-e1-d1w-p01,24ffd9b1737d030752785836bd5868fd2bf79378d66c43e34e820495df755584,0,1554,0
2,ex2-s5-e1-d1w-p01,24ffd9b1737d030752785836bd5868fd2bf79378d66c43e34e820495df755584,0,1555,0
2,ex2-s5-e1-d1w-p01,24ffd9b1737d030752785836bd5868fd2bf79378d66c43e34e820495df755584,0,1556,100
2,ex2-s5-e1-d1w-p01,24ffd9b1737d030752785836bd5868fd2bf79378d66c43e34e820495df755584,0,1557,0
2,ex2-s5-e1-d1w-p01,24ffd9b1737d030752785836bd5868fd2bf79378d66c43e34e820495df755584,0,1558,0
2,ex2-s5-e1-d1w-p01,24ffd9b1737d030752785836bd5868fd2bf79378d66c43e34e820495df755584,0,1559,100
2,ex2-s5-e1-d1w-p01,24ffd9b1737d030752785836bd5868fd2bf79378d66c43e34e820495df755584,0,1560,0
2,ex2-s5-e1-d1w-p01,24ffd9b1737d030752785836bd5868fd2bf79378d66c43e34e820495df755584,0,1561,0
2,ex2-s5-e1-d1w-p01,24ffd9b1737d030752785836bd5868fd2bf79378d66c43e34e820495df755584,0,1562,0
2,ex2-s5-e1-d1w-p01,24ffd9b1737d030752785836bd5868fd2bf79378d66c43e34e820495df755584,0,1563,100
2,ex2-s5-e1-d1w-p01,24ffd9b1737d030752785836bd5868fd2bf79378d66c43e34e820495df755584,0,1564,0
2,ex2-s5-e1-d1w-p01,24ffd9b1737d030752785836bd5868fd2bf79378d66c43e34e820495df755584,0,1565,0
2,ex2-s5-e1-d1w-p01,24ffd9b1737d030752785836bd5868fd2bf79378d66c43e34e820495df755584,0,1566,0
2,ex2-s5-e1-d1w-p01,24ffd9b1737d030752785836bd5868fd2bf79378d66c43e34e820495df755584,0,1567,100
2,ex2-s5-e1-d1w-p01,24ffd9b1737d030752785836bd5868fd2bf79378d66c43e34e820495df755584,0,1568,0
2,ex2-s5-e1-d1w-p01,24ffd9b1737d030752785836bd5868fd2bf79378d66c43e34e820495df755584,0,1569,0
2,ex2-s5-e1-d1w-p01,24ffd9b1737d030752785836bd5868fd2bf79378d66c43e34e820495df755584,0,1570,100
2,ex2-s5-e1-d1w-p01,24ffd9b1737d030752785836bd5868fd2bf79378d66c43e34e820495df755584,0,1571,0
2,ex2-s5-e1-d1w-p01,24ffd9b1737d030752785836bd5868fd2bf79378d66c43e34e820495df755584,0,1572,0
2,ex2-s5-e1-d1w-p01,24ffd9b1737d030752785836bd5868fd2bf79378d66c43e34e820495df755584,0,1573,0
2,ex2-s5-e1-d1w-p01,24ffd9b1737d030752785836bd5868fd2bf79378d66c43e34e820495df755584,0,1574,100
2,ex2-s5-e1-d1w-p01,24ffd9b1737d030752785836bd5868fd2bf79378d66c43e34e820495df755584,0,1575,0
2,ex2-s5-e1-d1w-p01,24ffd9b1737d030752785836bd5868fd2bf79378d66c43e34e820495df755584,0,1576,0
2,ex2-s5-e1-d1w-p01,24ffd9b1737d030752785836bd5868fd2bf79378d66c43e34e820495df755584,0,1577,0
2,ex2-s5-e1-d1w-p01,24ffd9b1737d030752785836bd5868fd2bf79378d66c43e34e820495df755584,0,1578,100
2,ex2-s5-e1-d1w-p01,24ffd9b1737d030752785836bd5868fd2bf79378d66c43e34e820495df755584,0,1579,0
2,ex2-s5-e1-d1w-p01,24ffd9b1737d030752785836bd5868fd2bf79378d66c43e34e820495df755584,0,1580,0
2,ex2-s5-e1-d1w-p01,24ffd9b1737d030752785836bd5868fd2bf79378d66c43e34e820495df755584,0,1581,100
2,ex2-s5-e1-d1w-p01,24ffd9b1737d030752785836bd5868fd2bf79378d66c43e34e820495df755584,0,1582,0
2,ex2-s5-e1-d1w-p01,24ffd9b1737d030752785836bd5868fd2bf79378d66c43e34e820495df755584,0,1583,0
2,ex2-s5-e1-d1w-p01,24ffd9b1737d030752785836bd5868fd2bf79378d66c43e34e820495df755584,0,1584,0
2,ex2-s5-e1-d1w-p01,24ffd9b1737d030752785836bd5868fd2bf79378d66c43e34e820495df755584,0,1585,100
2,ex2-s5-e1-d1w-p01,24ffd9b1737d030752785836bd5868fd2bf79378d66c43e34e820495df755584,0,1586,0
2,ex2-s5-e1-d1w-p01,24ffd9b1737d030752785836bd5868fd2bf79378d66c43e34e820495df755584,0,1587,0
2,ex2-s5-e1-d1w-p01,24ffd9b1737d030752785836bd5868fd2bf79378d66c43e34e820495df755584,0,1588,0
2,ex2-s5-e1-d1w-p01,24ffd9b1737d030752785836bd5868fd2bf79378d66c43e34e820495df755584,0,1589,100
2,ex2-s5-e1-d1w-p01,24ffd9b1737d030752785836bd5868fd2bf79378d66c43e34e820495df755584,0,1590,0
2,ex2-s5-e1-d1w-p01,24ffd9b1737d030752785836bd5868fd2bf79378d66c43e34e820495df755584,0,1591,0
2,ex2-s5-e1-d1w-p01,24ffd9b1737d030752785836bd5868fd2bf79378d66c43e34e820495df755584,0,1592,100
2,ex2-s5-e1-d1w-p01,24ffd9b1737d030752785836bd5868fd2bf79378d66c43e34e820495df755584,0,1593,0
2,ex2-s5-e1-d1w-p01,24ffd9b1737d030752785836bd5868fd2bf79378d66c43e34e820495df755584,0,1594,0
2,ex2-s5-e1-d1w-p01,24ffd9b1737d030752785836bd5868fd2bf79378d66c43e34e820495df755584,0,1595,0
2,ex2-s5-e1-d1w-p01,24ffd9b1737d030752785836bd5868fd2bf79378d66c43e34e820495df755584,0,1596,100
2,ex2-s5-e1-d1w-p01,24ffd9b1737d030752785836bd5868fd2bf79378d66c43e34e820495df755584,0,1597,0
2,ex2-s5-e1-d1w-p01,24ffd9b1737d030752785836bd5868fd2bf79378d66c43e34e820495df755584,0,1598,0
2,ex2-s5-e1-d1w-p01,24ffd9b1737d030752785836bd5868fd2bf79378d66c43e34e820495df755584,0,1599,0
2,ex2-s5-e1-d1w-p01,24ffd9b1737d030752785836bd5868fd2bf79378d66c43e34e820495df755584,0,1600,100
2,ex2-s5-e1-d1w-p01,24ffd9b1737d030752785836bd5868fd2bf79378d66c43e34e820495df755584,0,1601,0
2,ex2-s5-e1-d1w-p01,24ffd9b1737d030752785836bd5868fd2bf79378d66c43e34e820495df755584,0,1602,0
2,ex2-s5-e1-d1w-p01,24ffd9b1737d030752785836bd5868fd2bf79378d66c43e34e820495df755584,0,1603,100
2,ex2-s5-e1-d1w-p01,24ffd9b1737d030752785836bd5868fd2bf79378d66c43e34e820495df755584,0,1604,0
2,ex2-s5-e1-d1w-p01,24ffd9b1737d030752785836bd5868fd2bf79378d66c43e34e820495df755584,0,1605,0
2,ex2-s5-e1-d1w-p01,24ffd9b1737d030752785836bd5868fd2bf79378d66c43e34e820495df755584,0,1606,0
2,ex2-s5-e1-d1w-p01,24ffd9b1737d030752785836bd5868fd2bf79378d66c43e34e820495df755584,0,1607,100
2,ex2-s5-e1-d1w-p01,24ffd9b1737d030752785836bd5868fd2bf79378d66c43e34e820495df755584,0,1608,0
2,ex2-s5-e1-d1w-p01,24ffd9b1737d030752785836bd5868fd2bf79378d66c43e34e820495df755584,0,1609,0
2,ex2-s5-e1-d1w-p01,24ffd9b1737d030752785836bd5868fd2bf79378d66c43e34e820495df755584,0,1610,100
2,ex2-s5-e1-d1w-p01,24ffd9b1737d030752785836bd5868fd2bf79378d66c43e34e820495df755584,0,1611,0
2,ex2-s5-e1-d1w-p01,24ffd9b1737d030752785836bd5868fd2bf79378d66c43e34e820495df755584,0,1612,0
2,ex2-s5-e1-d1w-p01,24ffd9b1737d030752785836bd5868fd2bf79378d66c43e34e820495df755584,0,1613,0
2,ex2-s5-e1-d1w-p01,24ffd9b1737d030752785836bd5868fd2bf79378d66c43e34e820495df755584,0,1614,100
2,ex2-s5-e1-d1w-p01,24ffd9b1737d030752785836bd5868fd2bf79378d66c43e34e820495df755584,0,1615,0
2,ex2-s5-e1-d1w-p01,24ffd9b1737d030752785836bd5868fd2bf79378d66c43e34e820495df755584,0,1616,0
2,ex2-s5-e1-d1w-p01,24ffd9b1737d030752785836bd5868fd2bf79378d66c43e34e820495df755584,0,1617,0
2,ex2-s5-e1-d1w-p01,24ffd9b1737d030752785836bd5868fd2bf79378d66c43e34e820495df755584,0,1618,100
2,ex2-s5-e1-d1w-p01,24ffd9b1737d030752785836bd5868fd2bf79378d66c43e34e820495df755584,0,1619,0
2,ex2-s5-e1-d1w-p01,24ffd9b1737d030752785836bd5868fd2bf79378d66c43e34e820495df755584,0,1620,0
2,ex2-s5-e1-d1w-p01,24ffd9b1737d030752785836bd5868fd2bf79378d66c43e34e820495df755584,0,1621,100
2,ex2-s5-e1-d1w-p01,24ffd9b1737d030752785836bd5868fd2bf79378d66c43e34e820495df755584,0,1622,0
2,ex2-s5-e1-d1w-p01,24ffd9b1737d030752785836bd5868fd2bf79378d66c43e34e820495df755584,0,1623,0
2,ex2-s5-e1-d1w-p01,24ffd9b1737d030752785836bd5868fd2bf79378d66c43e34e820495df755584,0,1624,0
2,ex2-s5-e1-d1w-p01,24ffd9b1737d030752785836bd5868fd2bf79378d66c43e34e820495df755584,0,1625,100
2,ex2-s5-e1-d1w-p01,24ffd9b1737d030752785836bd5868fd2bf79378d66c43e34e820495df755584,0,1626,0
2,ex2-s5-e1-d1w-p01,24ffd9b1737d030752785836bd5868fd2bf79378d66c43e34e820495df755584,0,1627,0
2,ex2-s5-e1-d1w-p01,24ffd9b1737d030752785836bd5868fd2bf79378d66c43e34e820495df755584,0,1628,0
2,ex2-s5-e1-d1w-p01,24ffd9b1737d030752785836bd5868fd2bf79378d66c43e34e820495df755584,0,1629,100
2,ex2-s5-e1-d1w-p01,24ffd9b1737d030752785836bd5868fd2bf79378d66c43e34e820495df755584,0,1630,0
2,ex2-s5-e1-d1w-p01,24ffd9b1737d030752785836bd5868fd2bf79378d66c43e34e820495df755584,0,1631,0
2,ex2-s5-e1-d1w-p01,24ffd9b1737d030752785836bd5868fd2bf79378d66c43e34e820495df755584,0,1632,100
2,ex2-s5-e1-d1w-p01,24ffd9b1737d030752785836bd5868fd2bf79378d66c43e34e820495df755584,0,1633,0
2,ex2-s5-e1-d1w-p01,24ffd9b1737d030752785836bd5868fd2bf79378d66c43e34e820495df755584,0,1634,0
2,ex2-s5-e1-d1w-p01,24ffd9b1737d030752785836bd5868fd2bf79378d66c43e34e820495df755584,0,1635,0
2,ex2-s5-e1-d1w-p01,24ffd9b1737d030752785836bd5868fd2bf79378d66c43e34e820495df755584,0,1636,100
2,ex2-s5-e1-d1w-p01,24ffd9b1737d030752785836bd5868fd2bf79378d66c43e34e820495df755584,0,1637,0
2,ex2-s5-e1-d1w-p01,24ffd9b1737d030752785836bd5868fd2bf79378d66c43e34e820495df755584,0,1638,0
2,ex2-s5-e1-d1w-p01,24ffd9b1737d030752785836bd5868fd2bf79378d66c43e34e820495df755584,0,1639,0
2,ex2-s5-e1-d1w-p01,24ffd9b1737d030752785836bd5868fd2bf79378d66c43e34e820495df755584,0,1640,100
2,ex2-s5-e1-d1w-p01,24ffd9b1737d030752785836bd5868fd2bf79378d66c43e34e820495df755584,0,1641,0
2,ex2-s5-e1-d1w-p01,24ffd9b1737d030752785836bd5868fd2bf79378d66c43e34e820495df755584,0,1642,0
2,ex2-s5-e1-d1w-p01,24ffd9b1737d030752785836bd5868fd2bf79378d66c43e34e820495df755584,0,1643,100
2,ex2-s5-e1-d1w-p01,24ffd9b1737d030752785836bd5868fd2bf79378d66c43e34e820495df755584,0,1644,0
2,ex2-s5-e1-d1w-p01,24ffd9b1737d030752785836bd5868fd2bf79378d66c43e34e820495df755584,0,1645,0
2,ex2-s5-e1-d1w-p01,24ffd9b1737d030752785836bd5868fd2bf79378d66c43e34e820495df755584,0,1646,0
2,ex2-s5-e1-d1w-p01,24ffd9b1737d030752785836bd5868fd2bf79378d66c43e34e820495df755584,0,1647,100
2,ex2-s5-e1-d1w-p01,24ffd9b1737d030752785836bd5868fd2bf79378d66c43e34e820495df755584,0,1648,0
2,ex2-s5-e1-d1w-p01,24ffd9b1737d030752785836bd5868fd2bf79378d66c43e34e820495df755584,0,1649,0
2,ex2-s5-e1-d1w-p01,24ffd9b1737d030752785836bd5868fd2bf79378d66c43e34e820495df755584,0,1650,0
2,ex2-s5-e1-d1w-p01,24ffd9b1737d030752785836bd5868fd2bf79378d66c43e34e820495df755584,0,1651,100
2,ex2-s5-e1-d1w-p01,24ffd9b1737d030752785836bd5868fd2bf79378d66c43e34e820495df755584,0,1652,0
2,ex2-s5-e1-d1w-p01,24ffd9b1737d030752785836bd5868fd2bf79378d66c43e34e820495df755584,0,1653,0
2,ex2-s5-e1-d1w-p01,24ffd9b1737d030752785836bd5868fd2bf79378d66c43e34e820495df755584,0,1654,100
2,ex2-s5-e1-d1w-p01,24ffd9b1737d030752785836bd5868fd2bf79378d66c43e34e820495df755584,0,1655,0
2,ex2-s5-e1-d1w-p01,24ffd9b1737d030752785836bd5868fd2bf79378d66c43e34e820495df755584,0,1656,0
2,ex2-s5-e1-d1w-p01,24ffd9b1737d030752785836bd5868fd2bf79378d66c43e34e820495df755584,0,1657,0
2,ex2-s5-e1-d1w-p01,24ffd9b1737d030752785836bd5868fd2bf79378d66c43e34e820495df755584,0,1658,100
2,ex2-s5-e1-d1w-p01,24ffd9b1737d030752785836bd5868fd2bf79378d66c43e34e820495df755584,0,1659,0
2,ex2-s5-e1-d1w-p01,24ffd9b1737d030752785836bd5868fd2bf79378d66c43e34e820495df755584,0,1660,0
2,ex2-s5-e1-d1w-p01,24ffd9b1737d030752785836bd5868fd2bf79378d66c43e34e820495df755584,0,1661,0
2,ex2-s5-e1-d1w-p01,24ffd9b1737d030752785836bd5868fd2bf79378d66c43e34e820495df755584,0,1662,100
2,ex2-s5-e1-d1w-p01,24ffd9b1737d030752785836bd5868fd2bf79378d66c43e34e820495df755584,0,1663,0
2,ex2-s5-e1-d1w-p01,24ffd9b1737d030752785836bd5868fd2bf79378d66c43e34e820495df755584,0,1664,0
2,ex2-s5-e1-d1w-p01,24ffd9b1737d030752785836bd5868fd2bf79378d66c43e34e820495df755584,0,1665,100
2,ex2-s5-e1-d1w-p01,24ffd9b1737d030752785836bd5868fd2bf79378d66c43e34e820495df755584,0,1666,0
2,ex2-s5-e1-d1w-p01,24ffd9b1737d030752785836bd5868fd2bf79378d66c43e34e820495df755584,0,1667,0
2,ex2-s5-e1-d1w-p01,24ffd9b1737d030752785836bd5868fd2bf79378d66c43e34e820495df755584,0,1668,0
2,ex2-s5-e1-d1w-p01,24ffd9b1737d030752785836bd5868fd2bf79378d66c43e34e820495df755584,0,1669,100
2,ex2-s5-e1-d1w-p01,24ffd9b1737d030752785836bd5868fd2bf79378d66c43e34e820495df755584,0,1670,0
2,ex2-s5-e1-d1w-p01,24ffd9b1737d030752785836bd5868fd2bf79378d66c43e34e820495df755584,0,1671,0
2,ex2-s5-e1-d1w-p01,24ffd9b1737d030752785836bd5868fd2bf79378d66c43e34e820495df755584,0,1672,100
2,ex2-s5-e1-d1w-p01,24ffd9b1737d030752785836bd5868fd2bf79378d66c43e34e820495df755584,0,1673,0
2,ex2-s5-e1-d1w-p01,24ffd9b1737d030752785836bd5868fd2bf79378d66c43e34e820495df755584,0,1674,0
2,ex2-s5-e1-d1w-p01,24ffd9b1737d030752785836bd5868fd2bf79378d66c43e34e820495df755584,0,1675,0
2,ex2-s5-e1-d1w-p01,24ffd9b1737d030752785836bd5868fd2bf79378d66c43e34e820495df755584,0,1676,100
2,ex2-s5-e1-d1w-p01,24ffd9b1737d030752785836bd5868fd2bf79378d66c43e34e820495df755584,0,1677,0
2,ex2-s5-e1-d1w-p01,24ffd9b1737d030752785836bd5868fd2bf79378d66c43e34e820495df755584,0,1678,0
2,ex2-s5-e1-d1w-p01,24ffd9b1737d030752785836bd5868fd2bf79378d66c43e34e820495df755584,0,1679,0
2,ex2-s5-e1-d1w-p01,24ffd9b1737d030752785836bd5868fd2bf79378d66c43e34e820495df755584,0,1680,100
2,ex2-s5-e1-d1w-p01,24ffd9b1737d030752785836bd5868fd2bf79378d66c43e34e820495df755584,0,1681,0
2,ex2-s5-e1-d1w-p01,24ffd9b1737d030752785836bd5868fd2bf79378d66c43e34e820495df755584,0,1682,0
2,ex2-s5-e1-d1w-p01,24ffd9b1737d030752785836bd5868fd2bf79378d66c43e34e820495df755584,0,1683,100
2,ex2-s5-e1-d1w-p01,24ffd9b1737d030752785836bd5868fd2bf79378d66c43e34e820495df755584,0,1684,0
2,ex2-s5-e1-d1w-p01,24ffd9b1737d030752785836bd5868fd2bf79378d66c43e34e820495df755584,0,1685,0
2,ex2-s5-e1-d1w-p01,24ffd9b1737d030752785836bd5868fd2bf79378d66c43e34e820495df755584,0,1686,0
2,ex2-s5-e1-d1w-p01,24ffd9b1737d030752785836bd5868fd2bf79378d66c43e34e820495df755584,0,1687,100
2,ex2-s5-e1-d1w-p01,24ffd9b1737d030752785836bd5868fd2bf79378d66c43e34e820495df755584,0,1688,0
2,ex2-s5-e1-d1w-p01,24ffd9b1737d030752785836bd5868fd2bf79378d66c43e34e820495df755584,0,1689,0
2,ex2-s5-e1-d1w-p01,24ffd9b1737d030752785836bd5868fd2bf79378d66c43e34e820495df755584,0,1690,0
2,ex2-s5-e1-d1w-p01,24ffd9b1737d030752785836bd5868fd2bf79378d66c43e34e820495df755584,0,1691,100
2,ex2-s5-e1-d1w-p01,24ffd9b1737d030752785836bd5868fd2bf79378d66c43e34e820495df755584,0,1692,0
2,ex2-s5-e1-d1w-p01,24ffd9b1737d030752785836bd5868fd2bf79378d66c43e34e820495df755584,0,1693,0
2,ex2-s5-e1-d1w-p01,24ffd9b1737d030752785836bd5868fd2bf79378d66c43e34e820495df755584,0,1694,100
2,ex2-s5-e1-d1w-p01,24ffd9b1737d030752785836bd5868fd2bf79378d66c43e34e820495df755584,0,1695,0
2,ex2-s5-e1-d1w-p01,24ffd9b1737d030752785836bd5868fd2bf79378d66c43e34e820495df755584,0,1696,0
2,ex2-s5-e1-d1w-p01,24ffd9b1737d030752785836bd5868fd2bf79378d66c43e34e820495df755584,0,1697,0
2,ex2-s5-e1-d1w-p01,24ffd9b1737d030752785836bd5868fd2bf79378d66c43e34e820495df755584,0,1698,100
2,ex2-s5-e1-d1w-p01,24ffd9b1737d030752785836bd5868fd2bf79378d66c43e34e820495df755584,0,1699,0
2,ex2-s5-e1-d1w-p01,24ffd9b1737d030752785836bd5868fd2bf79378d66c43e34e820495df755584,0,1700,0
2,ex2-s5-e1-d1w-p01,24ffd9b1737d030752785836bd5868fd2bf79378d66c43e34e820495df755584,0,1701,0
2,ex2-s5-e1-d1w-p01,24ffd9b1737d030752785836bd5868fd2bf79378d66c43e34e820495df755584,0,1702,100
2,ex2-s5-e1-d1w-p01,24ffd9b1737d030752785836bd5868fd2bf79378d66c43e34e820495df755584,0,1703,0
2,ex2-s5-e1-d1w-p01,24ffd9b1737d030752785836bd5868fd2bf79378d66c43e34e820495df755584,0,1704,0
2,ex2-s5-e1-d1w-p01,24ffd9b1737d030752785836bd5868fd2bf79378d66c43e34e820495df755584,0,1705,100
2,ex2-s5-e1-d1w-p01,24ffd9b1737d030752785836bd5868fd2bf79378d66c43e34e820495df755584,0,1706,0
2,ex2-s5-e1-d1w-p01,24ffd9b1737d030752785836bd5868fd2bf79378d66c43e34e820495df755584,0,1707,0
2,ex2-s5-e1-d1w-p01,24ffd9b1737d030752785836bd5868fd2bf79378d66c43e34e820495df755584,0,1708,0
2,ex2-s5-e1-d1w-p01,24ffd9b1737d030752785836bd5868fd2bf79378d66c43e34e820495df755584,0,1709,100
2,ex2-s5-e1-d1w-p01,24ffd9b1737d030752785836bd5868fd2bf79378d66c43e34e820495df755584,0,1710,0
2,ex2-s5-e1-d1w-p01,24ffd9b1737d030752785836bd5868fd2bf79378d66c43e34e820495df755584,0,1711,0
2,ex2-s5-e1-d1w-p01,24ffd9b1737d030752785836bd5868fd2bf79378d66c43e34e820495df755584,0,1712,0
2,ex2-s5-e1-d1w-p01,24ffd9b1737d030752785836bd5868fd2bf79378d66c43e34e820495df755584,0,1713,100
2,ex2-s5-e1-d1w-p01,24ffd9b1737d030752785836bd5868fd2bf79378d66c43e34e820495df755584,0,1714,0
2,ex2-s5-e1-d1w-p01,24ffd9b1737d030752785836bd5868fd2bf79378d66c43e34e820495df755584,0,1715,0
2,ex2-s5-e1-d1w-p01,24ffd9b1737d030752785836bd5868fd2bf79378d66c43e34e820495df755584,0,1716,100
2,ex2-s5-e1-d1w-p01,24ffd9b1737d030752785836bd5868fd2bf79378d66c43e34e820495df755584,0,1717,0
2,ex2-s5-e1-d1w-p01,24ffd9b1737d030752785836bd5868fd2bf79378d66c43e34e820495df755584,0,1718,0
2,ex2-s5-e1-d1w-p01,24ffd9b1737d030752785836bd5868fd2bf79378d66c43e34e820495df755584,0,1719,0
2,ex2-s5-e1-d1w-p01,24ffd9b1737d030752785836bd5868fd2bf79378d66c43e34e820495df755584,0,1720,100
2,ex2-s5-e1-d1w-p01,24ffd9b1737d030752785836bd5868fd2bf79378d66c43e34e820495df755584,0,1721,0
2,ex2-s5-e1-d1w-p01,24ffd9b1737d030752785836bd5868fd2bf79378d66c43e34e820495df755584,0,1722,0
2,ex2-s5-e1-d1w-p01,24ffd9b1737d030752785836bd5868fd2bf79378d66c43e34e820495df755584,0,1723,0
2,ex2-s5-e1-d1w-p01,24ffd9b1737d030752785836bd5868fd2bf79378d66c43e34e820495df755584,0,1724,100
2,ex2-s5-e1-d1w-p01,24ffd9b1737d030752785836bd5868fd2bf79378d66c43e34e820495df755584,0,1725,0
2,ex2-s5-e1-d1w-p01,24ffd9b1737d030752785836bd5868fd2bf79378d66c43e34e820495df755584,0,1726,0
2,ex2-s5-e1-d1w-p01,24ffd9b1737d030752785836bd5868fd2bf79378d66c43e34e820495df755584,0,1727,100
2,ex2-s5-e1-d1w-p01,24ffd9b1737d030752785836bd5868fd2bf79378d66c43e34e820495df755584,0,1728,0
2,ex2-s5-e1-d1w-p01,24ffd9b1737d030752785836bd5868fd2bf79378d66c43e34e820495df755584,0,1729,0
2,ex2-s5-e1-d1w-p01,24ffd9b1737d030752785836bd5868fd2bf79378d66c43e34e820495df755584,0,1730,0
2,ex2-s5-e1-d1w-p01,24ffd9b1737d030752785836bd5868fd2bf79378d66c43e34e820495df755584,0,1731,100
2,ex2-s5-e1-d1w-p01,24ffd9b1737d030752785836bd5868fd2bf79378d66c43e34e820495df755584,0,1732,0
2,ex2-s5-e1-d1w-p01,24ffd9b1737d030752785836bd5868fd2bf79378d66c43e34e820495df755584,0,1733,0
2,ex2-s5-e1-d1w-p01,24ffd9b1737d030752785836bd5868fd2bf79378d66c43e34e820495df755584,0,1734,0
2,ex2-s5-e1-d1w-p01,24ffd9b1737d030752785836bd5868fd2bf79378d66c43e34e820495df755584,0,1735,100
2,ex2-s5-e1-d1w-p01,24ffd9b1737d030752785836bd5868fd2bf79378d66c43e34e820495df755584,0,1736,0
2,ex2-s5-e1-d1w-p01,24ffd9b1737d030752785836bd5868fd2bf79378d66c43e34e820495df755584,0,1737,0
2,ex2-s5-e1-d1w-p01,24ffd9b1737d030752785836bd5868fd2bf79378d66c43e34e820495df755584,0,1738,100
2,ex2-s5-e1-d1w-p01,24ffd9b1737d030752785836bd5868fd2bf79378d66c43e34e820495df755584,0,1739,0
2,ex2-s5-e1-d1w-p01,24ffd9b1737d030752785836bd5868fd2bf79378d66c43e34e820495df755584,0,1740,0
2,ex2-s5-e1-d1w-p01,24ffd9b1737d030752785836bd5868fd2bf79378d66c43e34e820495df755584,0,1741,0
2,ex2-s5-e1-d1w-p01,24ffd9b1737d030752785836bd5868fd2bf79378d66c43e34e820495df755584,0,1742,100
2,ex2-s5-e1-d1w-p01,24ffd9b1737d030752785836bd5868fd2bf79378d66c43e34e820495df755584,0,1743,0
2,ex2-s5-e1-d1w-p01,24ffd9b1737d030752785836bd5868fd2bf79378d66c43e34e820495df755584,0,1744,0
2,ex2-s5-e1-d1w-p01,24ffd9b1737d030752785836bd5868fd2bf79378d66c43e34e820495df755584,0,1745,100
2,ex2-s5-e1-d1w-p01,24ffd9b1737d030752785836bd5868fd2bf79378d66c43e34e820495df755584,0,1746,0
2,ex2-s5-e1-d1w-p01,24ffd9b1737d030752785836bd5868fd2bf79378d66c43e34e820495df755584,0,1747,0
2,ex2-s5-e1-d1w-p01,24ffd9b1737d030752785836bd5868fd2bf79378d66c43e34e820495df755584,0,1748,0
2,ex2-s5-e1-d1w-p01,24ffd9b1737d030752785836bd5868fd2bf79378d66c43e34e820495df755584,0,1749,100
2,ex2-s5-e1-d1w-p01,24ffd9b1737d030752785836bd5868fd2bf79378d66c43e34e820495df755584,0,1750,0
2,ex2-s5-e1-d1w-p01,24ffd9b1737d030752785836bd5868fd2bf79378d66c43e34e820495df755584,0,1751,0
2,ex2-s5-e1-d1w-p01,24ffd9b1737d030752785836bd5868fd2bf79378d66c43e34e820495df755584,0,1752,0
2,ex2-s5-e1-d1w-p01,24ffd9b1737d030752785836bd5868fd2bf79378d66c43e34e820495df755584,0,1753,100
2,ex2-s5-e1-d1w-p01,24ffd9b1737d030752785836bd5868fd2bf79378d66c43e34e820495df755584,0,1754,0
2,ex2-s5-e1-d1w-p01,24ffd9b1737d030752785836bd5868fd2bf79378d66c43e34e820495df755584,0,1755,0
2,ex2-s5-e1-d1w-p01,24ffd9b1737d030752785836bd5868fd2bf79378d66c43e34e820495df755584,0,1756,100
2,ex2-s5-e1-d1w-p01,24ffd9b1737d030752785836bd5868fd2bf79378d66c43e34e820495df755584,0,1757,0
2,ex2-s5-e1-d1w-p01,24ffd9b1737d030752785836bd5868fd2bf79378d66c43e34e820495df755584,0,1758,0
2,ex2-s5-e1-d1w-p01,24ffd9b1737d030752785836bd5868fd2bf79378d66c43e34e820495df755584,0,1759,0
2,ex2-s5-e1-d1w-p01,24ffd9b1737d030752785836bd5868fd2bf79378d66c43e34e820495df755584,0,1760,100
2,ex2-s5-e1-d1w-p01,24ffd9b1737d030752785836bd5868fd2bf79378d66c43e34e820495df755584,0,1761,0
2,ex2-s5-e1-d1w-p01,24ffd9b1737d030752785836bd5868fd2bf79378d66c43e34e820495df755584,0,1762,0
2,ex2-s5-e1-d1w-p01,24ffd9b1737d030752785836bd5868fd2bf79378d66c43e34e820495df755584,0,1763,0
2,ex2-s5-e1-d1w-p01,24ffd9b1737d030752785836bd5868fd2bf79378d66c43e34e820495df755584,0,1764,100
2,ex2-s5-e1-d1w-p01,24ffd9b1737d030752785836bd5868fd2bf79378d66c43e34e820495df755584,0,1765,0
2,ex2-s5-e1-d1w-p01,24ffd9b1737d030752785836bd5868fd2bf79378d66c43e34e820495df755584,0,1766,0
2,ex2-s5-e1-d1w-p01,24ffd9b1737d030752785836bd5868fd2bf79378d66c43e34e820495df755584,0,1767,100
2,ex2-s5-e1-d1w-p01,24ffd9b1737d030752785836bd5868fd2bf79378d66c43e34e820495df755584,0,1768,0
2,ex2-s5-e1-d1w-p01,24ffd9b1737d030752785836bd5868fd2bf79378d66c43e34e820495df755584,0,1769,0
2,ex2-s5-e1-d1w-p01,24ffd9b1737d030752785836bd5868fd2bf79378d66c43e34e820495df755584,0,1770,0
2,ex2-s5-e1-d1w-p01,24ffd9b1737d030752785836bd5868fd2bf79378d66c43e34e820495df755584,0,1771,100
2,ex2-s5-e1-d1w-p01,24ffd9b1737d030752785836bd5868fd2bf79378d66c43e34e820495df755584,0,1772,0
2,ex2-s5-e1-d1w-p01,24ffd9b1737d030752785836bd5868fd2bf79378d66c43e34e820495df755584,0,1773,0
2,ex2-s5-e1-d1w-p01,24ffd9b1737d030752785836bd5868fd2bf79378d66c43e34e820495df755584,0,1774,0
2,ex2-s5-e1-d1w-p01,24ffd9b1737d030752785836bd5868fd2bf79378d66c43e34e820495df755584,0,1775,100
2,ex2-s5-e1-d1w-p01,24ffd9b1737d030752785836bd5868fd2bf79378d66c43e34e820495df755584,0,1776,0
2,ex2-s5-e1-d1w-p01,24ffd9b1737d030752785836bd5868fd2bf79378d66c43e34e820495df755584,0,1777,0
2,ex2-s5-e1-d1w-p01,24ffd9b1737d030752785836bd5868fd2bf79378d66c43e34e820495df755584,0,1778,100
2,ex2-s5-e1-d1w-p01,24ffd9b1737d030752785836bd5868fd2bf79378d66c43e34e820495df755584,0,1779,0
2,ex2-s5-e1-d1w-p01,24ffd9b1737d030752785836bd5868fd2bf79378d66c43e34e820495df755584,0,1780,0
2,ex2-s5-e1-d1w-p01,24ffd9b1737d030752785836bd5868fd2bf79378d66c43e34e820495df755584,0,1781,0
2,ex2-s5-e1-d1w-p01,24ffd9b1737d030752785836bd5868fd2bf79378d66c43e34e820495df755584,0,1782,100
2,ex2-s5-e1-d1w-p01,24ffd9b1737d030752785836bd5868fd2bf79378d66c43e34e820495df755584,0,1783,0
2,ex2-s5-e1-d1w-p01,24ffd9b1737d030752785836bd5868fd2bf79378d66c43e34e820495df755584,0,1784,0
2,ex2-s5-e1-d1w-p01,24ffd9b1737d030752785836bd5868fd2bf79378d66c43e34e820495df755584,0,1785,0
2,ex2-s5-e1-d1w-p01,24ffd9b1737d030752785836bd5868fd2bf79378d66c43e34e820495df755584,0,1786,100
2,ex2-s5-e1-d1w-p01,24ffd9b1737d030752785836bd5868fd2bf79378d66c43e34e820495df755584,0,1787,0
2,ex2-s5-e1-d1w-p01,24ffd9b1737d030752785836bd5868fd2bf79378d66c43e34e820495df755584,0,1788,0
2,ex2-s5-e1-d1w-p01,24ffd9b1737d030752785836bd5868fd2bf79378d66c43e34e820495df755584,0,1789,100
2,ex2-s5-e1-d1w-p01,24ffd9b1737d030752785836bd5868fd2bf79378d66c43e34e820495df755584,0,1790,0
2,ex2-s5-e1-d1w-p01,24ffd9b1737d030752785836bd5868fd2bf79378d66c43e34e820495df755584,0,1791,0
2,ex2-s5-e1-d1w-p01,24ffd9b1737d030752785836bd5868fd2bf79378d66c43e34e820495df755584,0,1792,0
2,ex2-s5-e1-d1w-p01,24ffd9b1737d030752785836bd5868fd2bf79378d66c43e34e820495df755584,0,1793,100
2,ex2-s5-e1-d1w-p01,24ffd9b1737d030752785836bd5868fd2bf79378d66c43e34e820495df755584,0,1794,0
2,ex2-s5-e1-d1w-p01,24ffd9b1737d030752785836bd5868fd2bf79378d66c43e34e820495df755584,0,1795,0
2,ex2-s5-e1-d1w-p01,24ffd9b1737d030752785836bd5868fd2bf79378d66c43e34e820495df755584,0,1796,0
2,ex2-s5-e1-d1w-p01,24ffd9b1737d030752785836bd5868fd2bf79378d66c43e34e820495df755584,0,1797,100
2,ex2-s5-e1-d1w-p01,24ffd9b1737d030752785836bd5868fd2bf79378d66c43e34e820495df755584,0,1798,0
2,ex2-s5-e1-d1w-p01,24ffd9b1737d030752785836bd5868fd2bf79378d66c43e34e820495df755584,0,1799,0
2,ex2-s5-e1-d1w-p01,24ffd9b1737d030752785836bd5868fd2bf79378d66c43e34e820495df755584,0,1800,100
2,ex2-s5-e1-d1w-p01,24ffd9b1737d030752785836bd5868fd2bf79378d66c43e34e820495df755584,0,1801,0
2,ex2-s5-e1-d1w-p01,24ffd9b1737d030752785836bd5868fd2bf79378d66c43e34e820495df755584,0,1802,0
2,ex2-s5-e1-d1w-p01,24ffd9b1737d030752785836bd5868fd2bf79378d66c43e34e820495df755584,0,1803,0
2,ex2-s5-e1-d1w-p01,24ffd9b1737d030752785836bd5868fd2bf79378d66c43e34e820495df755584,0,1804,100
2,ex2-s5-e1-d1w-p01,24ffd9b1737d030752785836bd5868fd2bf79378d66c43e34e820495df755584,0,1805,0
2,ex2-s5-e1-d1w-p01,24ffd9b1737d030752785836bd5868fd2bf79378d66c43e34e820495df755584,0,1806,0
2,ex2-s5-e1-d1w-p01,24ffd9b1737d030752785836bd5868fd2bf79378d66c43e34e820495df755584,0,1807,100
2,ex2-s5-e1-d1w-p01,24ffd9b1737d030752785836bd5868fd2bf79378d66c43e34e820495df755584,0,1808,0
2,ex2-s5-e1-d1w-p01,24ffd9b1737d030752785836bd5868fd2bf79378d66c43e34e820495df755584,0,1809,0
2,ex2-s5-e1-d1w-p01,24ffd9b1737d030752785836bd5868fd2bf79378d66c43e34e820495df755584,0,1810,0
2,ex2-s5-e1-d1w-p01,24ffd9b1737d030752785836bd5868fd2bf79378d66c43e34e820495df755584,0,1811,100
2,ex2-s5-e1-d1w-p01,24ffd9b1737d030752785836bd5868fd2bf79378d66c43e34e820495df755584,0,1812,0
2,ex2-s5-e1-d1w-p01,24ffd9b1737d030752785836bd5868fd2bf79378d66c43e34e820495df755584,0,1813,0
2,ex2-s5-e1-d1w-p01,24ffd9b1737d030752785836bd5868fd2bf79378d66c43e34e820495df755584,0,1814,0
2,ex2-s5-e1-d1w-p01,24ffd9b1737d030752785836bd5868fd2bf79378d66c43e34e820495df755584,0,1815,100
2,ex2-s5-e1-d1w-p01,24ffd9b1737d030752785836bd5868fd2bf79378d66c43e34e820495df755584,0,1816,0
2,ex2-s5-e1-d1w-p01,24ffd9b1737d030752785836bd5868fd2bf79378d66c43e34e820495df755584,0,1817,0
2,ex2-s5-e1-d1w-p01,24ffd9b1737d030752785836bd5868fd2bf79378d66c43e34e820495df755584,0,1818,100
2,ex2-s5-e1-d1w-p01,24ffd9b1737d030752785836bd5868fd2bf79378d66c43e34e820495df755584,0,1819,0
2,ex2-s5-e1-d1w-p01,24ffd9b1737d030752785836bd5868fd2bf79378d66c43e34e820495df755584,0,1820,0
2,ex2-s5-e1-d1w-p01,24ffd9b1737d030752785836bd5868fd2bf79378d66c43e34e820495df755584,0,1821,0
2,ex2-s5-e1-d1w-p01,24ffd9b1737d030752785836bd5868fd2bf79378d66c43e34e820495df755584,0,1822,100
2,ex2-s5-e1-d1w-p01,24ffd9b1737d030752785836bd5868fd2bf79378d66c43e34e820495df755584,0,1823,0
2,ex2-s5-e1-d1w-p01,24ffd9b1737d030752785836bd5868fd2bf79378d66c43e34e820495df755584,0,1824,0
2,ex2-s5-e1-d1w-p01,24ffd9b1737d030752785836bd5868fd2bf79378d66c43e34e820495df755584,0,1825,0
2,ex2-s5-e1-d1w-p01,24ffd9b1737d030752785836bd5868fd2bf79378d66c43e34e820495df755584,0,1826,100
2,ex2-s5-e1-d1w-p01,24ffd9b1737d030752785836bd5868fd2bf79378d66c43e34e820495df755584,0,1827,0
2,ex2-s5-e1-d1w-p01,24ffd9b1737d030752785836bd5868fd2bf79378d66c43e34e820495df755584,0,1828,0
2,ex2-s5-e1-d1w-p01,24ffd9b1737d030752785836bd5868fd2bf79378d66c43e34e820495df755584,0,1829,100
2,ex2-s5-e1-d1w-p01,24ffd9b1737d030752785836bd5868fd2bf79378d66c43e34e820495df755584,0,1830,0
2,ex2-s5-e1-d1w-p01,24ffd9b1737d030752785836bd5868fd2bf79378d66c43e34e820495df755584,0,1831,0
2,ex2-s5-e1-d1w-p01,24ffd9b1737d030752785836bd5868fd2bf79378d66c43e34e820495df755584,0,1832,0
2,ex2-s5-e1-d1w-p01,24ffd9b1737d030752785836bd5868fd2bf79378d66c43e34e820495df755584,0,1833,100
2,ex2-s5-e1-d1w-p01,24ffd9b1737d030752785836bd5868fd2bf79378d66c43e34e820495df755584,0,1834,0
2,ex2-s5-e1-d1w-p01,24ffd9b1737d030752785836bd5868fd2bf79378d66c43e34e820495df755584,0,1835,0
2,ex2-s5-e1-d1w-p01,24ffd9b1737d030752785836bd5868fd2bf79378d66c43e34e820495df755584,0,1836,0
2,ex2-s5-e1-d1w-p01,24ffd9b1737d030752785836bd5868fd2bf79378d66c43e34e820495df755584,0,1837,100
2,ex2-s5-e1-d1w-p01,24ffd9b1737d030752785836bd5868fd2bf79378d66c43e34e820495df755584,0,1838,0
2,ex2-s5-e1-d1w-p01,24ffd9b1737d030752785836bd5868fd2bf79378d66c43e34e820495df755584,0,1839,0
2,ex2-s5-e1-d1w-p01,24ffd9b1737d030752785836bd5868fd2bf79378d66c43e34e820495df755584,0,1840,100
2,ex2-s5-e1-d1w-p01,24ffd9b1737d030752785836bd5868fd2bf79378d66c43e34e820495df755584,0,1841,0
2,ex2-s5-e1-d1w-p01,24ffd9b1737d030752785836bd5868fd2bf79378d66c43e34e820495df755584,0,1842,0
2,ex2-s5-e1-d1w-p01,24ffd9b1737d030752785836bd5868fd2bf79378d66c43e34e820495df755584,0,1843,0
2,ex2-s5-e1-d1w-p01,24ffd9b1737d030752785836bd5868fd2bf79378d66c43e34e820495df755584,0,1844,100
2,ex2-s5-e1-d1w-p01,24ffd9b1737d030752785836bd5868fd2bf79378d66c43e34e820495df755584,0,1845,0
2,ex2-s5-e1-d1w-p01,24ffd9b1737d030752785836bd5868fd2bf79378d66c43e34e820495df755584,0,1846,0
2,ex2-s5-e1-d1w-p01,24ffd9b1737d030752785836bd5868fd2bf79378d66c43e34e820495df755584,0,1847,0
2,ex2-s5-e1-d1w-p01,24ffd9b1737d030752785836bd5868fd2bf79378d66c43e34e820495df755584,0,1848,100
2,ex2-s5-e1-d1w-p01,24ffd9b1737d030752785836bd5868fd2bf79378d66c43e34e820495df755584,0,1849,0
2,ex2-s5-e1-d1w-p01,24ffd9b1737d030752785836bd5868fd2bf79378d66c43e34e820495df755584,0,1850,0
2,ex2-s5-e1-d1w-p01,24ffd9b1737d030752785836bd5868fd2bf79378d66c43e34e820495df755584,0,1851,100
2,ex2-s5-e1-d1w-p01,24ffd9b1737d030752785836bd5868fd2bf79378d66c43e34e820495df755584,0,1852,0
2,ex2-s5-e1-d1w-p01,24ffd9b1737d030752785836bd5868fd2bf79378d66c43e34e820495df755584,0,1853,0
2,ex2-s5-e1-d1w-p01,24ffd9b1737d030752785836bd5868fd2bf79378d66c43e34e820495df755584,0,1854,0
2,ex2-s5-e1-d1w-p01,24ffd9b1737d030752785836bd5868fd2bf79378d66c43e34e820495df755584,0,1855,100
2,ex2-s5-e1-d1w-p01,24ffd9b1737d030752785836bd5868fd2bf79378d66c43e34e820495df755584,0,1856,0
2,ex2-s5-e1-d1w-p01,24ffd9b1737d030752785836bd5868fd2bf79378d66c43e34e820495df755584,0,1857,0
2,ex2-s5-e1-d1w-p01,24ffd9b1737d030752785836bd5868fd2bf79378d66c43e34e820495df755584,0,1858,0
2,ex2-s5-e1-d1w-p01,24ffd9b1737d030752785836bd5868fd2bf79378d66c43e34e820495df755584,0,1859,100
2,ex2-s5-e1-d1w-p01,24ffd9b1737d030752785836bd5868fd2bf79378d66c43e34e820495df755584,0,1860,0
2,ex2-s5-e1-d1w-p01,24ffd9b1737d030752785836bd5868fd2bf79378d66c43e34e820495df755584,0,1861,0
2,ex2-s5-e1-d1w-p01,24ffd9b1737d030752785836bd5868fd2bf79378d66c43e34e820495df755584,0,1862,100
2,ex2-s5-e1-d1w-p01,24ffd9b1737d030752785836bd5868fd2bf79378d66c43e34e820495df755584,0,1863,0
2,ex2-s5-e1-d1w-p01,24ffd9b1737d030752785836bd5868fd2bf79378d66c43e34e820495df755584,0,1864,0
2,ex2-s5-e1-d1w-p01,24ffd9b1737d030752785836bd5868fd2bf79378d66c43e34e820495df755584,0,1865,0
2,ex2-s5-e1-d1w-p01,24ffd9b1737d030752785836bd5868fd2bf79378d66c43e34e820495df755584,0,1866,100
2,ex2-s5-e1-d1w-p01,24ffd9b1737d030752785836bd5868fd2bf79378d66c43e34e820495df755584,0,1867,0
2,ex2-s5-e1-d1w-p01,24ffd9b1737d030752785836bd5868fd2bf79378d66c43e34e820495df755584,0,1868,0
2,ex2-s5-e1-d1w-p01,24ffd9b1737d030752785836bd5868fd2bf79378d66c43e34e820495df755584,0,1869,0
2,ex2-s5-e1-d1w-p01,24ffd9b1737d030752785836bd5868fd2bf79378d66c43e34e820495df755584,0,1870,100
2,ex2-s5-e1-d1w-p01,24ffd9b1737d030752785836bd5868fd2bf79378d66c43e34e820495df755584,0,1871,0
2,ex2-s5-e1-d1w-p01,24ffd9b1737d030752785836bd5868fd2bf79378d66c43e34e820495df755584,0,1872,0
2,ex2-s5-e1-d1w-p01,24ffd9b1737d030752785836bd5868fd2bf79378d66c43e34e820495df755584,0,1873,100
2,ex2-s5-e1-d1w-p01,24ffd9b1737d030752785836bd5868fd2bf79378d66c43e34e820495df755584,0,1874,0
2,ex2-s5-e1-d1w-p01,24ffd9b1737d030752785836bd5868fd2bf79378d66c43e34e820495df755584,0,1875,0
2,ex2-s5-e1-d1w-p01,24ffd9b1737d030752785836bd5868fd2bf79378d66c43e34e820495df755584,0,1876,0
2,ex2-s5-e1-d1w-p01,24ffd9b1737d030752785836bd5868fd2bf79378d66c43e34e820495df755584,0,1877,100
2,ex2-s5-e1-d1w-p01,24ffd9b1737d030752785836bd5868fd2bf79378d66c43e34e820495df755584,0,1878,0
2,ex2-s5-e1-d1w-p01,24ffd9b1737d030752785836bd5868fd2bf79378d66c43e34e820495df755584,0,1879,0
2,ex2-s5-e1-d1w-p01,24ffd9b1737d030752785836bd5868fd2bf79378d66c43e34e820495df755584,0,1880,0
2,ex2-s5-e1-d1w-p01,24ffd9b1737d030752785836bd5868fd2bf79378d66c43e34e820495df755584,0,1881,100
2,ex2-s5-e1-d1w-p01,24ffd9b1737d030752785836bd5868fd2bf79378d66c43e34e820495df755584,0,1882,0
2,ex2-s5-e1-d1w-p01,24ffd9b1737d030752785836bd5868fd2bf79378d66c43e34e820495df755584,0,1883,0
2,ex2-s5-e1-d1w-p01,24ffd9b1737d030752785836bd5868fd2bf79378d66c43e34e820495df755584,0,1884,100
2,ex2-s5-e1-d1w-p01,24ffd9b1737d030752785836bd5868fd2bf79378d66c43e34e820495df755584,0,1885,0
2,ex2-s5-e1-d1w-p01,24ffd9b1737d030752785836bd5868fd2bf79378d66c43e34e820495df755584,0,1886,0
2,ex2-s5-e1-d1w-p01,24ffd9b1737d030752785836bd5868fd2bf79378d66c43e34e820495df755584,0,1887,0
2,ex2-s5-e1-d1w-p01,24ffd9b1737d030752785836bd5868fd2bf79378d66c43e34e820495df755584,0,1888,100
2,ex2-s5-e1-d1w-p01,24ffd9b1737d030752785836bd5868fd2bf79378d66c43e34e820495df755584,0,1889,0
2,ex2-s5-e1-d1w-p01,24ffd9b1737d030752785836bd5868fd2bf79378d66c43e34e820495df755584,0,1890,0
2,ex2-s5-e1-d1w-p01,24ffd9b1737d030752785836bd5868fd2bf79378d66c43e34e820495df755584,0,1891,100
2,ex2-s5-e1-d1w-p01,24ffd9b1737d030752785836bd5868fd2bf79378d66c43e34e820495df755584,0,1892,0
2,ex2-s5-e1-d1w-p01,24ffd9b1737d030752785836bd5868fd2bf79378d66c43e34e820495df755584,0,1893,0
2,ex2-s5-e1-d1w-p01,24ffd9b1737d030752785836bd5868fd2bf79378d66c43e34e820495df755584,0,1894,0
2,ex2-s5-e1-d1w-p01,24ffd9b1737d030752785836bd5868fd2bf79378d66c43e34e820495df755584,0,1895,100
2,ex2-s5-e1-d1w-p01,24ffd9b1737d030752785836bd5868fd2bf79378d66c43e34e820495df755584,0,1896,0
2,ex2-s5-e1-d1w-p01,24ffd9b1737d030752785836bd5868fd2bf79378d66c43e34e820495df755584,0,1897,0
2,ex2-s5-e1-d1w-p01,24ffd9b1737d030752785836bd5868fd2bf79378d66c43e34e820495df755584,0,1898,0
2,ex2-s5-e1-d1w-p01,24ffd9b1737d030752785836bd5868fd2bf79378d66c43e34e820495df755584,0,1899,100
2,ex2-s5-e1-d1w-p01,24ffd9b1737d030752785836bd5868fd2bf79378d66c43e34e820495df755584,0,1900,0
2,ex2-s5-e1-d1w-p01,24ffd9b1737d030752785836bd5868fd2bf79378d66c43e34e820495df755584,0,1901,0
2,ex2-s5-e1-d1w-p01,24ffd9b1737d030752785836bd5868fd2bf79378d66c43e34e820495df755584,0,1902,100
2,ex2-s5-e1-d1w-p01,24ffd9b1737d030752785836bd5868fd2bf79378d66c43e34e820495df755584,0,1903,0
2,ex2-s5-e1-d1w-p01,24ffd9b1737d030752785836bd5868fd2bf79378d66c43e34e820495df755584,0,1904,0
2,ex2-s5-e1-d1w-p01,24ffd9b1737d030752785836bd5868fd2bf79378d66c43e34e820495df755584,0,1905,0
2,ex2-s5-e1-d1w-p01,24ffd9b1737d030752785836bd5868fd2bf79378d66c43e34e820495df755584,0,1906,100
2,ex2-s5-e1-d1w-p01,24ffd9b1737d030752785836bd5868fd2bf79378d66c43e34e820495df755584,0,1907,0
2,ex2-s5-e1-d1w-p01,24ffd9b1737d030752785836bd5868fd2bf79378d66c43e34e820495df755584,0,1908,0
2,ex2-s5-e1-d1w-p01,24ffd9b1737d030752785836bd5868fd2bf79378d66c43e34e820495df755584,0,1909,0
2,ex2-s5-e1-d1w-p01,24ffd9b1737d030752785836bd5868fd2bf79378d66c43e34e820495df755584,0,1910,100
2,ex2-s5-e1-d1w-p01,24ffd9b1737d030752785836bd5868fd2bf79378d66c43e34e820495df755584,0,1911,0
2,ex2-s5-e1-d1w-p01,24ffd9b1737d030752785836bd5868fd2bf79378d66c43e34e820495df755584,0,1912,0
2,ex2-s5-e1-d1w-p01,24ffd9b1737d030752785836bd5868fd2bf79378d66c43e34e820495df755584,0,1913,100
2,ex2-s5-e1-d1w-p01,24ffd9b1737d030752785836bd5868fd2bf79378d66c43e34e820495df755584,0,1914,0
2,ex2-s5-e1-d1w-p01,24ffd9b1737d030752785836bd5868fd2bf79378d66c43e34e820495df755584,0,1915,0
2,ex2-s5-e1-d1w-p01,24ffd9b1737d030752785836bd5868fd2bf79378d66c43e34e820495df755584,0,1916,0
2,ex2-s5-e1-d1w-p01,24ffd9b1737d030752785836bd5868fd2bf79378d66c43e34e820495df755584,0,1917,100
2,ex2-s5-e1-d1w-p01,24ffd9b1737d030752785836bd5868fd2bf79378d66c43e34e820495df755584,0,1918,0
2,ex2-s5-e1-d1w-p01,24ffd9b1737d030752785836bd5868fd2bf79378d66c43e34e820495df755584,0,1919,0
2,ex2-s5-e1-d1w-p01,24ffd9b1737d030752785836bd5868fd2bf79378d66c43e34e820495df755584,0,1920,0
2,ex2-s5-e1-d1w-p01,24ffd9b1737d030752785836bd5868fd2bf79378d66c43e34e820495df755584,0,1921,100
2,ex2-s5-e1-d1w-p01,24ffd9b1737d030752785836bd5868fd2bf79378d66c43e34e820495df755584,0,1922,0
2,ex2-s5-e1-d1w-p01,24ffd9b1737d030752785836bd5868fd2bf79378d66c43e34e820495df755584,0,1923,0
2,ex2-s5-e1-d1w-p01,24ffd9b1737d030752785836bd5868fd2bf79378d66c43e34e820495df755584,0,1924,100
2,ex2-s5-e1-d1w-p01,24ffd9b1737d030752785836bd5868fd2bf79378d66c43e34e820495df755584,0,1925,0
2,ex2-s5-e1-d1w-p01,24ffd9b1737d030752785836bd5868fd2bf79378d66c43e34e820495df755584,0,1926,0
2,ex2-s5-e1-d1w-p01,24ffd9b1737d030752785836bd5868fd2bf79378d66c43e34e820495df755584,0,1927,0
2,ex2-s5-e1-d1w-p01,24ffd9b1737d030752785836bd5868fd2bf79378d66c43e34e820495df755584,0,1928,100
2,ex2-s5-e1-d1w-p01,24ffd9b1737d030752785836bd5868fd2bf79378d66c43e34e820495df755584,0,1929,0
2,ex2-s5-e1-d1w-p01,24ffd9b1737d030752785836bd5868fd2bf79378d66c43e34e820495df755584,0,1930,0
2,ex2-s5-e1-d1w-p01,24ffd9b1737d030752785836bd5868fd2bf79378d66c43e34e820495df755584,0,1931,0
2,ex2-s5-e1-d1w-p01,24ffd9b1737d030752785836bd5868fd2bf79378d66c43e34e820495df755584,0,1932,100
2,ex2-s5-e1-d1w-p01,24ffd9b1737d030752785836bd5868fd2bf79378d66c43e34e820495df755584,0,1933,0
2,ex2-s5-e1-d1w-p01,24ffd9b1737d030752785836bd5868fd2bf79378d66c43e34e820495df755584,0,1934,0
2,ex2-s5-e1-d1w-p01,24ffd9b1737d030752785836bd5868fd2bf79378d66c43e34e820495df755584,0,1935,100
2,ex2-s5-e1-d1w-p01,24ffd9b1737d030752785836bd5868fd2bf79378d66c43e34e820495df755584,0,1936,0
2,ex2-s5-e1-d1w-p01,24ffd9b1737d030752785836bd5868fd2bf79378d66c43e34e820495df755584,0,1937,0
2,ex2-s5-e1-d1w-p01,24ffd9b1737d030752785836bd5868fd2bf79378d66c43e34e820495df755584,0,1938,0
2,ex2-s5-e1-d1w-p01,24ffd9b1737d030752785836bd5868fd2bf79378d66c43e34e820495df755584,0,1939,100
2,ex2-s5-e1-d1w-p01,24ffd9b1737d030752785836bd5868fd2bf79378d66c43e34e820495df755584,0,1940,0
2,ex2-s5-e1-d1w-p01,24ffd9b1737d030752785836bd5868fd2bf79378d66c43e34e820495df755584,0,1941,0
2,ex2-s5-e1-d1w-p01,24ffd9b1737d030752785836bd5868fd2bf79378d66c43e34e820495df755584,0,1942,0
2,ex2-s5-e1-d1w-p01,24ffd9b1737d030752785836bd5868fd2bf79378d66c43e34e820495df755584,0,1943,100
2,ex2-s5-e1-d1w-p01,24ffd9b1737d030752785836bd5868fd2bf79378d66c43e34e820495df755584,0,1944,0
2,ex2-s5-e1-d1w-p01,24ffd9b1737d030752785836bd5868fd2bf79378d66c43e34e820495df755584,0,1945,0
2,ex2-s5-e1-d1w-p01,24ffd9b1737d030752785836bd5868fd2bf79378d66c43e34e820495df755584,0,1946,100
2,ex2-s5-e1-d1w-p01,24ffd9b1737d030752785836bd5868fd2bf79378d66c43e34e820495df755584,0,1947,0
2,ex2-s5-e1-d1w-p01,24ffd9b1737d030752785836bd5868fd2bf79378d66c43e34e820495df755584,0,1948,0
2,ex2-s5-e1-d1w-p01,24ffd9b1737d030752785836bd5868fd2bf79378d66c43e34e820495df755584,0,1949,0
2,ex2-s5-e1-d1w-p01,24ffd9b1737d030752785836bd5868fd2bf79378d66c43e34e820495df755584,0,1950,100
2,ex2-s5-e1-d1w-p01,24ffd9b1737d030752785836bd5868fd2bf79378d66c43e34e820495df755584,0,1951,0
2,ex2-s5-e1-d1w-p01,24ffd9b1737d030752785836bd5868fd2bf79378d66c43e34e820495df755584,0,1952,0
2,ex2-s5-e1-d1w-p01,24ffd9b1737d030752785836bd5868fd2bf79378d66c43e34e820495df755584,0,1953,0
2,ex2-s5-e1-d1w-p01,24ffd9b1737d030752785836bd5868fd2bf79378d66c43e34e820495df755584,0,1954,100
2,ex2-s5-e1-d1w-p01,24ffd9b1737d030752785836bd5868fd2bf79378d66c43e34e820495df755584,0,1955,0
2,ex2-s5-e1-d1w-p01,24ffd9b1737d030752785836bd5868fd2bf79378d66c43e34e820495df755584,0,1956,0
2,ex2-s5-e1-d1w-p01,24ffd9b1737d030752785836bd5868fd2bf79378d66c43e34e820495df755584,0,1957,100
2,ex2-s5-e1-d1w-p01,24ffd9b1737d030752785836bd5868fd2bf79378d66c43e34e820495df755584,0,1958,0
2,ex2-s5-e1-d1w-p01,24ffd9b1737d030752785836bd5868fd2bf79378d66c43e34e820495df755584,0,1959,0
2,ex2-s5-e1-d1w-p01,24ffd9b1737d030752785836bd5868fd2bf79378d66c43e34e820495df755584,0,1960,0
2,ex2-s5-e1-d1w-p01,24ffd9b1737d030752785836bd5868fd2bf79378d66c43e34e820495df755584,0,1961,100
2,ex2-s5-e1-d1w-p01,24ffd9b1737d030752785836bd5868fd2bf79378d66c43e34e820495df755584,0,1962,0
2,ex2-s5-e1-d1w-p01,24ffd9b1737d030752785836bd5868fd2bf79378d66c43e34e820495df755584,0,1963,0
2,ex2-s5-e1-d1w-p01,24ffd9b1737d030752785836bd5868fd2bf79378d66c43e34e820495df755584,0,1964,0
2,ex2-s5-e1-d1w-p01,24ffd9b1737d030752785836bd5868fd2bf79378d66c43e34e820495df755584,0,1965,100
2,ex2-s5-e1-d1w-p01,24ffd9b1737d030752785836bd5868fd2bf79378d66c43e34e820495df755584,0,1966,0
2,ex2-s5-e1-d1w-p01,24ffd9b1737d030752785836bd5868fd2bf79378d66c43e34e820495df755584,0,1967,0
2,ex2-s5-e1-d1w-p01,24ffd9b1737d030752785836bd5868fd2bf79378d66c43e34e820495df755584,0,1968,100
2,ex2-s5-e1-d1w-p01,24ffd9b1737d030752785836bd5868fd2bf79378d66c43e34e820495df755584,0,1969,0
2,ex2-s5-e1-d1w-p01,24ffd9b1737d030752785836bd5868fd2bf79378d66c43e34e820495df755584,0,1970,0
2,ex2-s5-e1-d1w-p01,24ffd9b1737d030752785836bd5868fd2bf79378d66c43e34e820495df755584,0,1971,0
2,ex2-s5-e1-d1w-p01,24ffd9b1737d030752785836bd5868fd2bf79378d66c43e34e820495df755584,0,1972,100
2,ex2-s5-e1-d1w-p01,24ffd9b1737d030752785836bd5868fd2bf79378d66c43e34e820495df755584,0,1973,0
2,ex2-s5-e1-d1w-p01,24ffd9b1737d030752785836bd5868fd2bf79378d66c43e34e820495df755584,0,1974,0
2,ex2-s5-e1-d1w-p01,24ffd9b1737d030752785836bd5868fd2bf79378d66c43e34e820495df755584,0,1975,0
2,ex2-s5-e1-d1w-p01,24ffd9b1737d030752785836bd5868fd2bf79378d66c43e34e820495df755584,0,1976,100
2,ex2-s5-e1-d1w-p01,24ffd9b1737d030752785836bd5868fd2bf79378d66c43e34e820495df755584,0,1977,0
2,ex2-s5-e1-d1w-p01,24ffd9b1737d030752785836bd5868fd2bf79378d66c43e34e820495df755584,0,1978,0
2,ex2-s5-e1-d1w-p01,24ffd9b1737d030752785836bd5868fd2bf79378d66c43e34e820495df755584,0,1979,100
2,ex2-s5-e1-d1w-p01,24ffd9b1737d030752785836bd5868fd2bf79378d66c43e34e820495df755584,0,1980,0
2,ex2-s5-e1-d1w-p01,24ffd9b1737d030752785836bd5868fd2bf79378d66c43e34e820495df755584,0,1981,0
2,ex2-s5-e1-d1w-p01,24ffd9b1737d030752785836bd5868fd2bf79378d66c43e34e820495df755584,0,1982,0
2,ex2-s5-e1-d1w-p01,24ffd9b1737d030752785836bd5868fd2bf79378d66c43e34e820495df755584,0,1983,100
2,ex2-s5-e1-d1w-p01,24ffd9b1737d030752785836bd5868fd2bf79378d66c43e34e820495df755584,0,1984,0
2,ex2-s5-e1-d1w-p01,24ffd9b1737d030752785836bd5868fd2bf79378d66c43e34e820495df755584,0,1985,0
2,ex2-s5-e1-d1w-p01,24ffd9b1737d030752785836bd5868fd2bf79378d66c43e34e820495df755584,0,1986,0
2,ex2-s5-e1-d1w-p01,24ffd9b1737d030752785836bd5868fd2bf79378d66c43e34e820495df755584,0,1987,100
2,ex2-s5-e1-d1w-p01,24ffd9b1737d030752785836bd5868fd2bf79378d66c43e34e820495df755584,0,1988,0
2,ex2-s5-e1-d1w-p01,24ffd9b1737d030752785836bd5868fd2bf79378d66c43e34e820495df755584,0,1989,0
2,ex2-s5-e1-d1w-p01,24ffd9b1737d030752785836bd5868fd2bf79378d66c43e34e820495df755584,0,1990,100
2,ex2-s5-e1-d1w-p01,24ffd9b1737d030752785836bd5868fd2bf79378d66c43e34e820495df755584,0,1991,0
2,ex2-s5-e1-d1w-p01,24ffd9b1737d030752785836bd5868fd2bf79378d66c43e34e820495df755584,0,1992,0
2,ex2-s5-e1-d1w-p01,24ffd9b1737d030752785836bd5868fd2bf79378d66c43e34e820495df755584,0,1993,0
2,ex2-s5-e1-d1w-p01,24ffd9b1737d030752785836bd5868fd2bf79378d66c43e34e820495df755584,0,1994,100
2,ex2-s5-e1-d1w-p01,24ffd9b1737d030752785836bd5868fd2bf79378d66c43e34e820495df755584,0,1995,0
2,ex2-s5-e1-d1w-p01,24ffd9b1737d030752785836bd5868fd2bf79378d66c43e34e820495df755584,0,1996,0
2,ex2-s5-e1-d1w-p01,24ffd9b1737d030752785836bd5868fd2bf79378d66c43e34e820495df755584,0,1997,0
2,ex2-s5-e1-d1w-p01,24ffd9b1737d030752785836bd5868fd2bf79378d66c43e34e820495df755584,0,1998,100
2,ex2-s5-e1-d1w-p01,24ffd9b1737d030752785836bd5868fd2bf79378d66c43e34e820495df755584,0,1999,0
2,ex2-s5-e1-d1w-p01,24ffd9b1737d030752785836bd5868fd2bf79378d66c43e34e820495df755584,0,2000,0
2,ex2-s5-e1-d1w-p01,24ffd9b1737d030752785836bd5868fd2bf79378d66c43e34e820495df755584,0,2001,100
2,ex2-s5-e1-d1w-p01,24ffd9b1737d030752785836bd5868fd2bf79378d66c43e34e820495df755584,0,2002,0
2,ex2-s5-e1-d1w-p01,24ffd9b1737d030752785836bd5868fd2bf79378d66c43e34e820495df755584,0,2003,0
2,ex2-s5-e1-d1w-p01,24ffd9b1737d030752785836bd5868fd2bf79378d66c43e34e820495df755584,0,2004,0
2,ex2-s5-e1-d1w-p01,24ffd9b1737d030752785836bd5868fd2bf79378d66c43e34e820495df755584,0,2005,100
2,ex2-s5-e1-d1w-p01,24ffd9b1737d030752785836bd5868fd2bf79378d66c43e34e820495df755584,0,2006,0
2,ex2-s5-e1-d1w-p01,24ffd9b1737d030752785836bd5868fd2bf79378d66c43e34e820495df755584,0,2007,0
2,ex2-s5-e1-d1w-p01,24ffd9b1737d030752785836bd5868fd2bf79378d66c43e34e820495df755584,0,2008,100
2,ex2-s5-e1-d1w-p01,24ffd9b1737d030752785836bd5868fd2bf79378d66c43e34e820495df755584,0,2009,0
2,ex2-s5-e1-d1w-p01,24ffd9b1737d030752785836bd5868fd2bf79378d66c43e34e820495df755584,0,2010,0
2,ex2-s5-e1-d1w-p01,24ffd9b1737d030752785836bd5868fd2bf79378d66c43e34e820495df755584,0,2011,0
2,ex2-s5-e1-d1w-p01,24ffd9b1737d030752785836bd5868fd2bf79378d66c43e34e820495df755584,0,2012,100
2,ex2-s5-e1-d1w-p01,24ffd9b1737d030752785836bd5868fd2bf79378d66c43e34e820495df755584,0,2013,0
2,ex2-s5-e1-d1w-p01,24ffd9b1737d030752785836bd5868fd2bf79378d66c43e34e820495df755584,0,2014,0
2,ex2-s5-e1-d1w-p01,24ffd9b1737d030752785836bd5868fd2bf79378d66c43e34e820495df755584,0,2015,0
2,ex2-s5-e1-d1w-p01,24ffd9b1737d030752785836bd5868fd2bf79378d66c43e34e820495df755584,0,2016,100
2,ex2-s5-e1-d1w-p01,24ffd9b1737d030752785836bd5868fd2bf79378d66c43e34e820495df755584,0,2017,0
2,ex2-s5-e1-d1w-p01,24ffd9b1737d030752785836bd5868fd2bf79378d66c43e34e820495df755584,0,2018,0
2,ex2-s5-e1-d1w-p01,24ffd9b1737d030752785836bd5868fd2bf79378d66c43e34e820495df755584,0,2019,100
2,ex2-s5-e1-d1w-p01,24ffd9b1737d030752785836bd5868fd2bf79378d66c43e34e820495df755584,0,2020,0
2,ex2-s5-e1-d1w-p01,24ffd9b1737d030752785836bd5868fd2bf79378d66c43e34e820495df755584,0,2021,0
2,ex2-s5-e1-d1w-p01,24ffd9b1737d030752785836bd5868fd2bf79378d66c43e34e820495df755584,0,2022,0
2,ex2-s5-e1-d1w-p01,24ffd9b1737d030752785836bd5868fd2bf79378d66c43e34e820495df755584,0,2023,100
2,ex2-s5-e1-d1w-p01,24ffd9b1737d030752785836bd5868fd2bf79378d66c43e34e820495df755584,0,2024,0
2,ex2-s5-e1-d1w-p01,24ffd9b1737d030752785836bd5868fd2bf79378d66c43e34e820495df755584,0,2025,0
2,ex2-s5-e1-d1w-p01,24ffd9b1737d030752785836bd5868fd2bf79378d66c43e34e820495df755584,0,2026,0
2,ex2-s5-e1-d1w-p01,24ffd9b1737d030752785836bd5868fd2bf79378d66c43e34e820495df755584,0,2027,100
2,ex2-s5-e1-d1w-p01,24ffd9b1737d030752785836bd5868fd2bf79378d66c43e34e820495df755584,0,2028,0
2,ex2-s5-e1-d1w-p01,24ffd9b1737d030752785836bd5868fd2bf79378d66c43e34e820495df755584,0,2029,0
2,ex2-s5-e1-d1w-p01,24ffd9b1737d030752785836bd5868fd2bf79378d66c43e34e820495df755584,0,2030,100
2,ex2-s5-e1-d1w-p01,24ffd9b1737d030752785836bd5868fd2bf79378d66c43e34e820495df755584,0,2031,0
2,ex2-s5-e1-d1w-p01,24ffd9b1737d030752785836bd5868fd2bf79378d66c43e34e820495df755584,0,2032,0
2,ex2-s5-e1-d1w-p01,24ffd9b1737d030752785836bd5868fd2bf79378d66c43e34e820495df755584,0,2033,0
2,ex2-s5-e1-d1w-p01,24ffd9b1737d030752785836bd5868fd2bf79378d66c43e34e820495df755584,0,2034,100
2,ex2-s5-e1-d1w-p01,24ffd9b1737d030752785836bd5868fd2bf79378d66c43e34e820495df755584,0,2035,0
2,ex2-s5-e1-d1w-p01,24ffd9b1737d030752785836bd5868fd2bf79378d66c43e34e820495df755584,0,2036,0
2,ex2-s5-e1-d1w-p01,24ffd9b1737d030752785836bd5868fd2bf79378d66c43e34e820495df755584,0,2037,0
2,ex2-s5-e1-d1w-p01,24ffd9b1737d030752785836bd5868fd2bf79378d66c43e34e820495df755584,0,2038,100
2,ex2-s5-e1-d1w-p01,24ffd9b1737d030752785836bd5868fd2bf79378d66c43e34e820495df755584,0,2039,0
2,ex2-s5-e1-d1w-p01,24ffd9b1737d030752785836bd5868fd2bf79378d66c43e34e820495df755584,0,2040,0
2,ex2-s5-e1-d1w-p01,24ffd9b1737d030752785836bd5868fd2bf79378d66c43e34e820495df755584,0,2041,100
2,ex2-s5-e1-d1w-p01,24ffd9b1737d030752785836bd5868fd2bf79378d66c43e34e820495df755584,0,2042,0
2,ex2-s5-e1-d1w-p01,24ffd9b1737d030752785836bd5868fd2bf79378d66c43e34e820495df755584,0,2043,0
2,ex2-s5-e1-d1w-p01,24ffd9b1737d030752785836bd5868fd2bf79378d66c43e34e820495df755584,0,2044,0
2,ex2-s5-e1-d1w-p01,24ffd9b1737d030752785836bd5868fd2bf79378d66c43e34e820495df755584,0,2045,100
2,ex2-s5-e1-d1w-p01,24ffd9b1737d030752785836bd5868fd2bf79378d66c43e34e820495df755584,0,2046,0
2,ex2-s5-e1-d1w-p01,24ffd9b1737d030752785836bd5868fd2bf79378d66c43e34e820495df755584,0,2047,0
2,ex2-s5-e1-d1w-p01,24ffd9b1737d030752785836bd5868fd2bf79378d66c43e34e820495df755584,0,2048,0
2,ex2-s5-e1-d1w-p01,24ffd9b1737d030752785836bd5868fd2bf79378d66c43e34e820495df755584,0,2049,100
2,ex2-s5-e1-d1w-p01,24ffd9b1737d030752785836bd5868fd2bf79378d66c43e34e820495df755584,0,2050,0
2,ex2-s5-e1-d1w-p01,24ffd9b1737d030752785836bd5868fd2bf79378d66c43e34e820495df755584,0,2051,0
2,ex2-s5-e1-d1w-p01,24ffd9b1737d030752785836bd5868fd2bf79378d66c43e34e820495df755584,0,2052,100
2,ex2-s5-e1-d1w-p01,24ffd9b1737d030752785836bd5868fd2bf79378d66c43e34e820495df755584,0,2053,0
2,ex2-s5-e1-d1w-p01,24ffd9b1737d030752785836bd5868fd2bf79378d66c43e34e820495df755584,0,2054,0
2,ex2-s5-e1-d1w-p01,24ffd9b1737d030752785836bd5868fd2bf79378d66c43e34e820495df755584,0,2055,0
2,ex2-s5-e1-d1w-p01,24ffd9b1737d030752785836bd5868fd2bf79378d66c43e34e820495df755584,0,2056,100
2,ex2-s5-e1-d1w-p01,24ffd9b1737d030752785836bd5868fd2bf79378d66c43e34e820495df755584,0,2057,0
2,ex2-s5-e1-d1w-p01,24ffd9b1737d030752785836bd5868fd2bf79378d66c43e34e820495df755584,0,2058,0
2,ex2-s5-e1-d1w-p01,24ffd9b1737d030752785836bd5868fd2bf79378d66c43e34e820495df755584,0,2059,0
2,ex2-s5-e1-d1w-p01,24ffd9b1737d030752785836bd5868fd2bf79378d66c43e34e820495df755584,0,2060,100
2,ex2-s5-e1-d1w-p01,24ffd9b1737d030752785836bd5868fd2bf79378d66c43e34e820495df755584,0,2061,0
2,ex2-s5-e1-d1w-p01,24ffd9b1737d030752785836bd5868fd2bf79378d66c43e34e820495df755584,0,2062,0
2,ex2-s5-e1-d1w-p01,24ffd9b1737d030752785836bd5868fd2bf79378d66c43e34e820495df755584,0,2063,100
2,ex2-s5-e1-d1w-p01,24ffd9b1737d030752785836bd5868fd2bf79378d66c43e34e820495df755584,0,2064,0
2,ex2-s5-e1-d1w-p01,24ffd9b1737d030752785836bd5868fd2bf79378d66c43e34e820495df755584,0,2065,0
2,ex2-s5-e1-d1w-p01,24ffd9b1737d030752785836bd5868fd2bf79378d66c43e34e820495df755584,0,2066,0
2,ex2-s5-e1-d1w-p01,24ffd9b1737d030752785836bd5868fd2bf79378d66c43e34e820495df755584,0,2067,100
2,ex2-s5-e1-d1w-p01,24ffd9b1737d030752785836bd5868fd2bf79378d66c43e34e820495df755584,0,2068,0
2,ex2-s5-e1-d1w-p01,24ffd9b1737d030752785836bd5868fd2bf79378d66c43e34e820495df755584,0,2069,0
2,ex2-s5-e1-d1w-p01,24ffd9b1737d030752785836bd5868fd2bf79378d66c43e34e820495df755584,0,2070,0
2,ex2-s5-e1-d1w-p01,24ffd9b1737d030752785836bd5868fd2bf79378d66c43e34e820495df755584,0,2071,100
2,ex2-s5-e1-d1w-p01,24ffd9b1737d030752785836bd5868fd2bf79378d66c43e34e820495df755584,0,2072,0
2,ex2-s5-e1-d1w-p01,24ffd9b1737d030752785836bd5868fd2bf79378d66c43e34e820495df755584,0,2073,0
2,ex2-s5-e1-d1w-p01,24ffd9b1737d030752785836bd5868fd2bf79378d66c43e34e820495df755584,0,2074,100
2,ex2-s5-e1-d1w-p01,24ffd9b1737d030752785836bd5868fd2bf79378d66c43e34e820495df755584,0,2075,0
2,ex2-s5-e1-d1w-p01,24ffd9b1737d030752785836bd5868fd2bf79378d66c43e34e820495df755584,0,2076,0
2,ex2-s5-e1-d1w-p01,24ffd9b1737d030752785836bd5868fd2bf79378d66c43e34e820495df755584,0,2077,0
2,ex2-s5-e1-d1w-p01,24ffd9b1737d030752785836bd5868fd2bf79378d66c43e34e820495df755584,0,2078,100
2,ex2-s5-e1-d1w-p01,24ffd9b1737d030752785836bd5868fd2bf79378d66c43e34e820495df755584,0,2079,0
2,ex2-s5-e1-d1w-p01,24ffd9b1737d030752785836bd5868fd2bf79378d66c43e34e820495df755584,0,2080,0
2,ex2-s5-e1-d1w-p01,24ffd9b1737d030752785836bd5868fd2bf79378d66c43e34e820495df755584,0,2081,0
2,ex2-s5-e1-d1w-p01,24ffd9b1737d030752785836bd5868fd2bf79378d66c43e34e820495df755584,0,2082,100
2,ex2-s5-e1-d1w-p01,24ffd9b1737d030752785836bd5868fd2bf79378d66c43e34e820495df755584,0,2083,0
2,ex2-s5-e1-d1w-p01,24ffd9b1737d030752785836bd5868fd2bf79378d66c43e34e820495df755584,0,2084,0
2,ex2-s5-e1-d1w-p01,24ffd9b1737d030752785836bd5868fd2bf79378d66c43e34e820495df755584,0,2085,100
2,ex2-s5-e1-d1w-p01,24ffd9b1737d030752785836bd5868fd2bf79378d66c43e34e820495df755584,0,2086,0
2,ex2-s5-e1-d1w-p01,24ffd9b1737d030752785836bd5868fd2bf79378d66c43e34e820495df755584,0,2087,0
2,ex2-s5-e1-d1w-p01,24ffd9b1737d030752785836bd5868fd2bf79378d66c43e34e820495df755584,0,2088,0
2,ex2-s5-e1-d1w-p01,24ffd9b1737d030752785836bd5868fd2bf79378d66c43e34e820495df755584,0,2089,100
2,ex2-s5-e1-d1w-p01,24ffd9b1737d030752785836bd5868fd2bf79378d66c43e34e820495df755584,0,2090,0
2,ex2-s5-e1-d1w-p01,24ffd9b1737d030752785836bd5868fd2bf79378d66c43e34e820495df755584,0,2091,0
2,ex2-s5-e1-d1w-p01,24ffd9b1737d030752785836bd5868fd2bf79378d66c43e34e820495df755584,0,2092,0
2,ex2-s5-e1-d1w-p01,24ffd9b1737d030752785836bd5868fd2bf79378d66c43e34e820495df755584,0,2093,100
2,ex2-s5-e1-d1w-p01,24ffd9b1737d030752785836bd5868fd2bf79378d66c43e34e820495df755584,0,2094,0
2,ex2-s5-e1-d1w-p01,24ffd9b1737d030752785836bd5868fd2bf79378d66c43e34e820495df755584,0,2095,0
2,ex2-s5-e1-d1w-p01,24ffd9b1737d030752785836bd5868fd2bf79378d66c43e34e820495df755584,0,2096,100
2,ex2-s5-e1-d1w-p01,24ffd9b1737d030752785836bd5868fd2bf79378d66c43e34e820495df755584,0,2097,0
2,ex2-s5-e1-d1w-p01,24ffd9b1737d030752785836bd5868fd2bf79378d66c43e34e820495df755584,0,2098,0
2,ex2-s5-e1-d1w-p01,24ffd9b1737d030752785836bd5868fd2bf79378d66c43e34e820495df755584,0,2099,0
2,ex2-s5-e1-d1w-p01,24ffd9b1737d030752785836bd5868fd2bf79378d66c43e34e820495df755584,0,2100,100
2,ex2-s5-e1-d1w-p01,24ffd9b1737d030752785836bd5868fd2bf79378d66c43e34e820495df755584,0,2101,0
2,ex2-s5-e1-d1w-p01,24ffd9b1737d030752785836bd5868fd2bf79378d66c43e34e820495df755584,0,2102,0
2,ex2-s5-e1-d1w-p01,24ffd9b1737d030752785836bd5868fd2bf79378d66c43e34e820495df755584,0,2103,0
2,ex2-s5-e1-d1w-p01,24ffd9b1737d030752785836bd5868fd2bf79378d66c43e34e820495df755584,0,2104,100
2,ex2-s5-e1-d1w-p01,24ffd9b1737d030752785836bd5868fd2bf79378d66c43e34e820495df755584,0,2105,0
2,ex2-s5-e1-d1w-p01,24ffd9b1737d030752785836bd5868fd2bf79378d66c43e34e820495df755584,0,2106,0
2,ex2-s5-e1-d1w-p01,24ffd9b1737d030752785836bd5868fd2bf79378d66c43e34e820495df755584,0,2107,100
2,ex2-s5-e1-d1w-p01,24ffd9b1737d030752785836bd5868fd2bf79378d66c43e34e820495df755584,0,2108,0
2,ex2-s5-e1-d1w-p01,24ffd9b1737d030752785836bd5868fd2bf79378d66c43e34e820495df755584,0,2109,0
2,ex2-s5-e1-d1w-p01,24ffd9b1737d030752785836bd5868fd2bf79378d66c43e34e820495df755584,0,2110,0
2,ex2-s5-e1-d1w-p01,24ffd9b1737d030752785836bd5868fd2bf79378d66c43e34e820495df755584,0,2111,100
2,ex2-s5-e1-d1w-p01,24ffd9b1737d030752785836bd5868fd2bf79378d66c43e34e820495df755584,0,2112,0
2,ex2-s5-e1-d1w-p01,24ffd9b1737d030752785836bd5868fd2bf79378d66c43e34e820495df755584,0,2113,0
2,ex2-s5-e1-d1w-p01,24ffd9b1737d030752785836bd5868fd2bf79378d66c43e34e820495df755584,0,2114,0
2,ex2-s5-e1-d1w-p01,24ffd9b1737d030752785836bd5868fd2bf79378d66c43e34e820495df755584,0,2115,100
2,ex2-s5-e1-d1w-p01,24ffd9b1737d030752785836bd5868fd2bf79378d66c43e34e820495df755584,0,2116,0
2,ex2-s5-e1-d1w-p01,24ffd9b1737d030752785836bd5868fd2bf79378d66c43e34e820495df755584,0,2117,0
2,ex2-s5-e1-d1w-p01,24ffd9b1737d030752785836bd5868fd2bf79378d66c43e34e820495df755584,0,2118,100
2,ex2-s5-e1-d1w-p01,24ffd9b1737d030752785836bd5868fd2bf79378d66c43e34e820495df755584,0,2119,0
2,ex2-s5-e1-d1w-p01,24ffd9b1737d030752785836bd5868fd2bf79378d66c43e34e820495df755584,0,2120,0
2,ex2-s5-e1-d1w-p01,24ffd9b1737d030752785836bd5868fd2bf79378d66c43e34e820495df755584,0,2121,0
2,ex2-s5-e1-d1w-p01,24ffd9b1737d030752785836bd5868fd2bf79378d66c43e34e820495df755584,0,2122,100
2,ex2-s5-e1-d1w-p01,24ffd9b1737d030752785836bd5868fd2bf79378d66c43e34e820495df755584,0,2123,0
2,ex2-s5-e1-d1w-p01,24ffd9b1737d030752785836bd5868fd2bf79378d66c43e34e820495df755584,0,2124,0
2,ex2-s5-e1-d1w-p01,24ffd9b1737d030752785836bd5868fd2bf79378d66c43e34e820495df755584,0,2125,0
2,ex2-s5-e1-d1w-p01,24ffd9b1737d030752785836bd5868fd2bf79378d66c43e34e820495df755584,0,2126,100
2,ex2-s5-e1-d1w-p01,24ffd9b1737d030752785836bd5868fd2bf79378d66c43e34e820495df755584,0,2127,0
2,ex2-s5-e1-d1w-p01,24ffd9b1737d030752785836bd5868fd2bf79378d66c43e34e820495df755584,0,2128,0
2,ex2-s5-e1-d1w-p01,24ffd9b1737d030752785836bd5868fd2bf79378d66c43e34e820495df755584,0,2129,100
2,ex2-s5-e1-d1w-p01,24ffd9b1737d030752785836bd5868fd2bf79378d66c43e34e820495df755584,0,2130,0
2,ex2-s5-e1-d1w-p01,24ffd9b1737d030752785836bd5868fd2bf79378d66c43e34e820495df755584,0,2131,0
2,ex2-s5-e1-d1w-p01,24ffd9b1737d030752785836bd5868fd2bf79378d66c43e34e820495df755584,0,2132,0
2,ex2-s5-e1-d1w-p01,24ffd9b1737d030752785836bd5868fd2bf79378d66c43e34e820495df755584,0,2133,100
2,ex2-s5-e1-d1w-p01,24ffd9b1737d030752785836bd5868fd2bf79378d66c43e34e820495df755584,0,2134,0
2,ex2-s5-e1-d1w-p01,24ffd9b1737d030752785836bd5868fd2bf79378d66c43e34e820495df755584,0,2135,0
2,ex2-s5-e1-d1w-p01,24ffd9b1737d030752785836bd5868fd2bf79378d66c43e34e820495df755584,0,2136,100
2,ex2-s5-e1-d1w-p01,24ffd9b1737d030752785836bd5868fd2bf79378d66c43e34e820495df755584,0,2137,0
2,ex2-s5-e1-d1w-p01,24ffd9b1737d030752785836bd5868fd2bf79378d66c43e34e820495df755584,0,2138,0
2,ex2-s5-e1-d1w-p01,24ffd9b1737d030752785836bd5868fd2bf79378d66c43e34e820495df755584,0,2139,0
2,ex2-s5-e1-d1w-p01,24ffd9b1737d030752785836bd5868fd2bf79378d66c43e34e820495df755584,0,2140,100
2,ex2-s5-e1-d1w-p01,24ffd9b1737d030752785836bd5868fd2bf79378d66c43e34e820495df755584,0,2141,0
2,ex2-s5-e1-d1w-p01,24ffd9b1737d030752785836bd5868fd2bf79378d66c43e34e820495df755584,0,2142,0
2,ex2-s5-e1-d1w-p01,24ffd9b1737d030752785836bd5868fd2bf79378d66c43e34e820495df755584,0,2143,0
2,ex2-s5-e1-d1w-p01,24ffd9b1737d030752785836bd5868fd2bf79378d66c43e34e820495df755584,0,2144,100
2,ex2-s5-e1-d1w-p01,24ffd9b1737d030752785836bd5868fd2bf79378d66c43e34e820495df755584,0,2145,0
2,ex2-s5-e1-d1w-p01,24ffd9b1737d030752785836bd5868fd2bf79378d66c43e34e820495df755584,0,2146,0
2,ex2-s5-e1-d1w-p01,24ffd9b1737d030752785836bd5868fd2bf79378d66c43e34e820495df755584,0,2147,100
2,ex2-s5-e1-d1w-p01,24ffd9b1737d030752785836bd5868fd2bf79378d66c43e34e820495df755584,0,2148,0
2,ex2-s5-e1-d1w-p01,24ffd9b1737d030752785836bd5868fd2bf79378d66c43e34e820495df755584,0,2149,0
2,ex2-s5-e1-d1w-p01,24ffd9b1737d030752785836bd5868fd2bf79378d66c43e34e820495df755584,0,2150,0
2,ex2-s5-e1-d1w-p01,24ffd9b1737d030752785836bd5868fd2bf79378d66c43e34e820495df755584,0,2151,100
2,ex2-s5-e1-d1w-p01,24ffd9b1737d030752785836bd5868fd2bf79378d66c43e34e820495df755584,0,2152,0
2,ex2-s5-e1-d1w-p01,24ffd9b1737d030752785836bd5868fd2bf79378d66c43e34e820495df755584,0,2153,0
2,ex2-s5-e1-d1w-p01,24ffd9b1737d030752785836bd5868fd2bf79378d66c43e34e820495df755584,0,2154,0
2,ex2-s5-e1-d1w-p01,24ffd9b1737d030752785836bd5868fd2bf79378d66c43e34e820495df755584,0,2155,100
2,ex2-s5-e1-d1w-p01,24ffd9b1737d030752785836bd5868fd2bf79378d66c43e34e820495df755584,0,2156,0
2,ex2-s5-e1-d1w-p01,24ffd9b1737d030752785836bd5868fd2bf79378d66c43e34e820495df755584,0,2157,0
2,ex2-s5-e1-d1w-p01,24ffd9b1737d030752785836bd5868fd2bf79378d66c43e34e820495df755584,0,2158,100
2,ex2-s5-e1-d1w-p01,24ffd9b1737d030752785836bd5868fd2bf79378d66c43e34e820495df755584,0,2159,0
2,ex2-s5-e1-d1w-p01,24ffd9b1737d030752785836bd5868fd2bf79378d66c43e34e820495df755584,0,2160,0
2,ex2-s5-e1-d1w-p01,24ffd9b1737d030752785836bd5868fd2bf79378d66c43e34e820495df755584,0,2161,0
2,ex2-s5-e1-d1w-p01,24ffd9b1737d030752785836bd5868fd2bf79378d66c43e34e820495df755584,0,2162,100
2,ex2-s5-e1-d1w-p01,24ffd9b1737d030752785836bd5868fd2bf79378d66c43e34e820495df755584,0,2163,0
2,ex2-s5-e1-d1w-p01,24ffd9b1737d030752785836bd5868fd2bf79378d66c43e34e820495df755584,0,2164,0
2,ex2-s5-e1-d1w-p01,24ffd9b1737d030752785836bd5868fd2bf79378d66c43e34e820495df755584,0,2165,0
2,ex2-s5-e1-d1w-p01,24ffd9b1737d030752785836bd5868fd2bf79378d66c43e34e820495df755584,0,2166,100
2,ex2-s5-e1-d1w-p01,24ffd9b1737d030752785836bd5868fd2bf79378d66c43e34e820495df755584,0,2167,0
2,ex2-s5-e1-d1w-p01,24ffd9b1737d030752785836bd5868fd2bf79378d66c43e34e820495df755584,0,2168,0
2,ex2-s5-e1-d1w-p01,24ffd9b1737d030752785836bd5868fd2bf79378d66c43e34e820495df755584,0,2169,100
2,ex2-s5-e1-d1w-p01,24ffd9b1737d030752785836bd5868fd2bf79378d66c43e34e820495df755584,0,2170,0
2,ex2-s5-e1-d1w-p01,24ffd9b1737d030752785836bd5868fd2bf79378d66c43e34e820495df755584,0,2171,0
2,ex2-s5-e1-d1w-p01,24ffd9b1737d030752785836bd5868fd2bf79378d66c43e34e820495df755584,0,2172,0
2,ex2-s5-e1-d1w-p01,24ffd9b1737d030752785836bd5868fd2bf79378d66c43e34e820495df755584,0,2173,100
2,ex2-s5-e1-d1w-p01,24ffd9b1737d030752785836bd5868fd2bf79378d66c43e34e820495df755584,0,2174,0
2,ex2-s5-e1-d1w-p01,24ffd9b1737d030752785836bd5868fd2bf79378d66c43e34e820495df755584,0,2175,0
2,ex2-s5-e1-d1w-p01,24ffd9b1737d030752785836bd5868fd2bf79378d66c43e34e820495df755584,0,2176,0
2,ex2-s5-e1-d1w-p01,24ffd9b1737d030752785836bd5868fd2bf79378d66c43e34e820495df755584,0,2177,100
2,ex2-s5-e1-d1w-p01,24ffd9b1737d030752785836bd5868fd2bf79378d66c43e34e820495df755584,0,2178,0
2,ex2-s5-e1-d1w-p01,24ffd9b1737d030752785836bd5868fd2bf79378d66c43e34e820495df755584,0,2179,0
2,ex2-s5-e1-d1w-p01,24ffd9b1737d030752785836bd5868fd2bf79378d66c43e34e820495df755584,0,2180,100
2,ex2-s5-e1-d1w-p01,24ffd9b1737d030752785836bd5868fd2bf79378d66c43e34e820495df755584,0,2181,0
2,ex2-s5-e1-d1w-p01,24ffd9b1737d030752785836bd5868fd2bf79378d66c43e34e820495df755584,0,2182,0
2,ex2-s5-e1-d1w-p01,24ffd9b1737d030752785836bd5868fd2bf79378d66c43e34e820495df755584,0,2183,0
2,ex2-s5-e1-d1w-p01,24ffd9b1737d030752785836bd5868fd2bf79378d66c43e34e820495df755584,0,2184,100
2,ex2-s5-e1-d1w-p01,24ffd9b1737d030752785836bd5868fd2bf79378d66c43e34e820495df755584,0,2185,0
2,ex2-s5-e1-d1w-p01,24ffd9b1737d030752785836bd5868fd2bf79378d66c43e34e820495df755584,0,2186,0
2,ex2-s5-e1-d1w-p01,24ffd9b1737d030752785836bd5868fd2bf79378d66c43e34e820495df755584,0,2187,0
2,ex2-s5-e1-d1w-p01,24ffd9b1737d030752785836bd5868fd2bf79378d66c43e34e820495df755584,0,2188,100
2,ex2-s5-e1-d1w-p01,24ffd9b1737d030752785836bd5868fd2bf79378d66c43e34e820495df755584,0,2189,0
2,ex2-s5-e1-d1w-p01,24ffd9b1737d030752785836bd5868fd2bf79378d66c43e34e820495df755584,0,2190,0
2,ex2-s5-e1-d1w-p01,24ffd9b1737d030752785836bd5868fd2bf79378d66c43e34e820495df755584,0,2191,100
2,ex2-s5-e1-d1w-p01,24ffd9b1737d030752785836bd5868fd2bf79378d66c43e34e820495df755584,0,2192,0
2,ex2-s5-e1-d1w-p01,24ffd9b1737d030752785836bd5868fd2bf79378d66c43e34e820495df755584,0,2193,0
2,ex2-s5-e1-d1w-p01,24ffd9b1737d030752785836bd5868fd2bf79378d66c43e34e820495df755584,0,2194,0
2,ex2-s5-e1-d1w-p01,24ffd9b1737d030752785836bd5868fd2bf79378d66c43e34e820495df755584,0,2195,100
2,ex2-s5-e1-d1w-p01,24ffd9b1737d030752785836bd5868fd2bf79378d66c43e34e820495df755584,0,2196,0
2,ex2-s5-e1-d1w-p01,24ffd9b1737d030752785836bd5868fd2bf79378d66c43e34e820495df755584,0,2197,0
2,ex2-s5-e1-d1w-p01,24ffd9b1737d030752785836bd5868fd2bf79378d66c43e34e820495df755584,0,2198,0
2,ex2-s5-e1-d1w-p01,24ffd9b1737d030752785836bd5868fd2bf79378d66c43e34e820495df755584,0,2199,100
2,ex2-s5-e1-d1w-p01,24ffd9b1737d030752785836bd5868fd2bf79378d66c43e34e820495df755584,0,2200,0
2,ex2-s5-e1-d1w-p01,24ffd9b1737d030752785836bd5868fd2bf79378d66c43e34e820495df755584,0,2201,0
2,ex2-s5-e1-d1w-p01,24ffd9b1737d030752785836bd5868fd2bf79378d66c43e34e820495df755584,0,2202,100
2,ex2-s5-e1-d1w-p01,24ffd9b1737d030752785836bd5868fd2bf79378d66c43e34e820495df755584,0,2203,0
2,ex2-s5-e1-d1w-p01,24ffd9b1737d030752785836bd5868fd2bf79378d66c43e34e820495df755584,0,2204,0
2,ex2-s5-e1-d1w-p01,24ffd9b1737d030752785836bd5868fd2bf79378d66c43e34e820495df755584,0,2205,0
2,ex2-s5-e1-d1w-p01,24ffd9b1737d030752785836bd5868fd2bf79378d66c43e34e820495df755584,0,2206,100
2,ex2-s5-e1-d1w-p01,24ffd9b1737d030752785836bd5868fd2bf79378d66c43e34e820495df755584,0,2207,0
2,ex2-s5-e1-d1w-p01,24ffd9b1737d030752785836bd5868fd2bf79378d66c43e34e820495df755584,0,2208,0
2,ex2-s5-e1-d1w-p01,24ffd9b1737d030752785836bd5868fd2bf79378d66c43e34e820495df755584,0,2209,0
2,ex2-s5-e1-d1w-p01,24ffd9b1737d030752785836bd5868fd2bf79378d66c43e34e820495df755584,0,2210,100
2,ex2-s5-e1-d1w-p01,24ffd9b1737d030752785836bd5868fd2bf79378d66c43e34e820495df755584,0,2211,0
2,ex2-s5-e1-d1w-p01,24ffd9b1737d030752785836bd5868fd2bf79378d66c43e34e820495df755584,0,2212,0
2,ex2-s5-e1-d1w-p01,24ffd9b1737d030752785836bd5868fd2bf79378d66c43e34e820495df755584,0,2213,100
2,ex2-s5-e1-d1w-p01,24ffd9b1737d030752785836bd5868fd2bf79378d66c43e34e820495df755584,0,2214,0
2,ex2-s5-e1-d1w-p01,24ffd9b1737d030752785836bd5868fd2bf79378d66c43e34e820495df755584,0,2215,0
2,ex2-s5-e1-d1w-p01,24ffd9b1737d030752785836bd5868fd2bf79378d66c43e34e820495df755584,0,2216,0
2,ex2-s5-e1-d1w-p01,24ffd9b1737d030752785836bd5868fd2bf79378d66c43e34e820495df755584,0,2217,100
2,ex2-s5-e1-d1w-p01,24ffd9b1737d030752785836bd5868fd2bf79378d66c43e34e820495df755584,0,2218,0
2,ex2-s5-e1-d1w-p01,24ffd9b1737d030752785836bd5868fd2bf79378d66c43e34e820495df755584,0,2219,0
2,ex2-s5-e1-d1w-p01,24ffd9b1737d030752785836bd5868fd2bf79378d66c43e34e820495df755584,0,2220,0
2,ex2-s5-e1-d1w-p01,24ffd9b1737d030752785836bd5868fd2bf79378d66c43e34e820495df755584,0,2221,100
2,ex2-s5-e1-d1w-p01,24ffd9b1737d030752785836bd5868fd2bf79378d66c43e34e820495df755584,0,2222,0
2,ex2-s5-e1-d1w-p01,24ffd9b1737d030752785836bd5868fd2bf79378d66c43e34e820495df755584,0,2223,0
2,ex2-s5-e1-d1w-p01,24ffd9b1737d030752785836bd5868fd2bf79378d66c43e34e820495df755584,0,2224,100
2,ex2-s5-e1-d1w-p01,24ffd9b1737d030752785836bd5868fd2bf79378d66c43e34e820495df755584,0,2225,0
2,ex2-s5-e1-d1w-p01,24ffd9b1737d030752785836bd5868fd2bf79378d66c43e34e820495df755584,0,2226,0
2,ex2-s5-e1-d1w-p01,24ffd9b1737d030752785836bd5868fd2bf79378d66c43e34e820495df755584,0,2227,0
2,ex2-s5-e1-d1w-p01,24ffd9b1737d030752785836bd5868fd2bf79378d66c43e34e820495df755584,0,2228,100
2,ex2-s5-e1-d1w-p01,24ffd9b1737d030752785836bd5868fd2bf79378d66c43e34e820495df755584,0,2229,0
2,ex2-s5-e1-d1w-p01,24ffd9b1737d030752785836bd5868fd2bf79378d66c43e34e820495df755584,0,2230,0
2,ex2-s5-e1-d1w-p01,24ffd9b1737d030752785836bd5868fd2bf79378d66c43e34e820495df755584,0,2231,0
2,ex2-s5-e1-d1w-p01,24ffd9b1737d030752785836bd5868fd2bf79378d66c43e34e820495df755584,0,2232,100
2,ex2-s5-e1-d1w-p01,24ffd9b1737d030752785836bd5868fd2bf79378d66c43e34e820495df755584,0,2233,0
2,ex2-s5-e1-d1w-p01,24ffd9b1737d030752785836bd5868fd2bf79378d66c43e34e820495df755584,0,2234,0
2,ex2-s5-e1-d1w-p01,24ffd9b1737d030752785836bd5868fd2bf79378d66c43e34e820495df755584,0,2235,100
2,ex2-s5-e1-d1w-p01,24ffd9b1737d030752785836bd5868fd2bf79378d66c43e34e820495df755584,0,2236,0
2,ex2-s5-e1-d1w-p01,24ffd9b1737d030752785836bd5868fd2bf79378d66c43e34e820495df755584,0,2237,0
2,ex2-s5-e1-d1w-p01,24ffd9b1737d030752785836bd5868fd2bf79378d66c43e34e820495df755584,0,2238,0
2,ex2-s5-e1-d1w-p01,24ffd9b1737d030752785836bd5868fd2bf79378d66c43e34e820495df755584,0,2239,100
2,ex2-s5-e1-d1w-p01,24ffd9b1737d030752785836bd5868fd2bf79378d66c43e34e820495df755584,0,2240,0
2,ex2-s5-e1-d1w-p01,24ffd9b1737d030752785836bd5868fd2bf79378d66c43e34e820495df755584,0,2241,0
2,ex2-s5-e1-d1w-p01,24ffd9b1737d030752785836bd5868fd2bf79378d66c43e34e820495df755584,0,2242,0
2,ex2-s5-e1-d1w-p01,24ffd9b1737d030752785836bd5868fd2bf79378d66c43e34e820495df755584,0,2243,100
2,ex2-s5-e1-d1w-p01,24ffd9b1737d030752785836bd5868fd2bf79378d66c43e34e820495df755584,0,2244,0
2,ex2-s5-e1-d1w-p01,24ffd9b1737d030752785836bd5868fd2bf79378d66c43e34e820495df755584,0,2245,0
2,ex2-s5-e1-d1w-p01,24ffd9b1737d030752785836bd5868fd2bf79378d66c43e34e820495df755584,0,2246,100
2,ex2-s5-e1-d1w-p01,24ffd9b1737d030752785836bd5868fd2bf79378d66c43e34e820495df755584,0,2247,0
2,ex2-s5-e1-d1w-p01,24ffd9b1737d030752785836bd5868fd2bf79378d66c43e34e820495df755584,0,2248,0
2,ex2-s5-e1-d1w-p01,24ffd9b1737d030752785836bd5868fd2bf79378d66c43e34e820495df755584,0,2249,0
2,ex2-s5-e1-d1w-p01,24ffd9b1737d030752785836bd5868fd2bf79378d66c43e34e820495df755584,0,2250,100
2,ex2-s5-e1-d1w-p01,24ffd9b1737d030752785836bd5868fd2bf79378d66c43e34e820495df755584,0,2251,0
2,ex2-s5-e1-d1w-p01,24ffd9b1737d030752785836bd5868fd2bf79378d66c43e34e820495df755584,0,2252,0
2,ex2-s5-e1-d1w-p01,24ffd9b1737d030752785836bd5868fd2bf79378d66c43e34e820495df755584,0,2253,0
2,ex2-s5-e1-d1w-p01,24ffd9b1737d030752785836bd5868fd2bf79378d66c43e34e820495df755584,0,2254,100
2,ex2-s5-e1-d1w-p01,24ffd9b1737d030752785836bd5868fd2bf79378d66c43e34e820495df755584,0,2255,0
2,ex2-s5-e1-d1w-p01,24ffd9b1737d030752785836bd5868fd2bf79378d66c43e34e820495df755584,0,2256,0
2,ex2-s5-e1-d1w-p01,24ffd9b1737d030752785836bd5868fd2bf79378d66c43e34e820495df755584,0,2257,100
2,ex2-s5-e1-d1w-p01,24ffd9b1737d030752785836bd5868fd2bf79378d66c43e34e820495df755584,0,2258,0
2,ex2-s5-e1-d1w-p01,24ffd9b1737d030752785836bd5868fd2bf79378d66c43e34e820495df755584,0,2259,0
2,ex2-s5-e1-d1w-p01,24ffd9b1737d030752785836bd5868fd2bf79378d66c43e34e820495df755584,0,2260,0
2,ex2-s5-e1-d1w-p01,24ffd9b1737d030752785836bd5868fd2bf79378d66c43e34e820495df755584,0,2261,100
2,ex2-s5-e1-d1w-p01,24ffd9b1737d030752785836bd5868fd2bf79378d66c43e34e820495df755584,0,2262,0
2,ex2-s5-e1-d1w-p01,24ffd9b1737d030752785836bd5868fd2bf79378d66c43e34e820495df755584,0,2263,0
2,ex2-s5-e1-d1w-p01,24ffd9b1737d030752785836bd5868fd2bf79378d66c43e34e820495df755584,0,2264,0
2,ex2-s5-e1-d1w-p01,24ffd9b1737d030752785836bd5868fd2bf79378d66c43e34e820495df755584,0,2265,100
2,ex2-s5-e1-d1w-p01,24ffd9b1737d030752785836bd5868fd2bf79378d66c43e34e820495df755584,0,2266,0
2,ex2-s5-e1-d1w-p01,24ffd9b1737d030752785836bd5868fd2bf79378d66c43e34e820495df755584,0,2267,0
2,ex2-s5-e1-d1w-p01,24ffd9b1737d030752785836bd5868fd2bf79378d66c43e34e820495df755584,0,2268,100
2,ex2-s5-e1-d1w-p01,24ffd9b1737d030752785836bd5868fd2bf79378d66c43e34e820495df755584,0,2269,0
2,ex2-s5-e1-d1w-p01,24ffd9b1737d030752785836bd5868fd2bf79378d66c43e34e820495df755584,0,2270,0
2,ex2-s5-e1-d1w-p01,24ffd9b1737d030752785836bd5868fd2bf79378d66c43e34e820495df755584,0,2271,0
2,ex2-s5-e1-d1w-p01,24ffd9b1737d030752785836bd5868fd2bf79378d66c43e34e820495df755584,0,2272,100
2,ex2-s5-e1-d1w-p01,24ffd9b1737d030752785836bd5868fd2bf79378d66c43e34e820495df755584,0,2273,0
2,ex2-s5-e1-d1w-p01,24ffd9b1737d030752785836bd5868fd2bf79378d66c43e34e820495df755584,0,2274,0
2,ex2-s5-e1-d1w-p01,24ffd9b1737d030752785836bd5868fd2bf79378d66c43e34e820495df755584,0,2275,0
2,ex2-s5-e1-d1w-p01,24ffd9b1737d030752785836bd5868fd2bf79378d66c43e34e820495df755584,0,2276,100
2,ex2-s5-e1-d1w-p01,24ffd9b1737d030752785836bd5868fd2bf79378d66c43e34e820495df755584,0,2277,0
2,ex2-s5-e1-d1w-p01,24ffd9b1737d030752785836bd5868fd2bf79378d66c43e34e820495df755584,0,2278,0
2,ex2-s5-e1-d1w-p01,24ffd9b1737d030752785836bd5868fd2bf79378d66c43e34e820495df755584,0,2279,100
2,ex2-s5-e1-d1w-p01,24ffd9b1737d030752785836bd5868fd2bf79378d66c43e34e820495df755584,0,2280,0
2,ex2-s5-e1-d1w-p01,24ffd9b1737d030752785836bd5868fd2bf79378d66c43e34e820495df755584,0,2281,0
2,ex2-s5-e1-d1w-p01,24ffd9b1737d030752785836bd5868fd2bf79378d66c43e34e820495df755584,0,2282,0
2,ex2-s5-e1-d1w-p01,24ffd9b1737d030752785836bd5868fd2bf79378d66c43e34e820495df755584,0,2283,100
2,ex2-s5-e1-d1w-p01,24ffd9b1737d030752785836bd5868fd2bf79378d66c43e34e820495df755584,0,2284,0
2,ex2-s5-e1-d1w-p01,24ffd9b1737d030752785836bd5868fd2bf79378d66c43e34e820495df755584,0,2285,0
2,ex2-s5-e1-d1w-p01,24ffd9b1737d030752785836bd5868fd2bf79378d66c43e34e820495df755584,0,2286,0
2,ex2-s5-e1-d1w-p01,24ffd9b1737d030752785836bd5868fd2bf79378d66c43e34e820495df755584,0,2287,100
2,ex2-s5-e1-d1w-p01,24ffd9b1737d030752785836bd5868fd2bf79378d66c43e34e820495df755584,0,2288,0
2,ex2-s5-e1-d1w-p01,24ffd9b1737d030752785836bd5868fd2bf79378d66c43e34e820495df755584,0,2289,0
2,ex2-s5-e1-d1w-p01,24ffd9b1737d030752785836bd5868fd2bf79378d66c43e34e820495df755584,0,2290,100
2,ex2-s5-e1-d1w-p01,24ffd9b1737d030752785836bd5868fd2bf79378d66c43e34e820495df755584,0,2291,0
2,ex2-s5-e1-d1w-p01,24ffd9b1737d030752785836bd5868fd2bf79378d66c43e34e820495df755584,0,2292,0
2,ex2-s5-e1-d1w-p01,24ffd9b1737d030752785836bd5868fd2bf79378d66c43e34e820495df755584,0,2293,0
2,ex2-s5-e1-d1w-p01,24ffd9b1737d030752785836bd5868fd2bf79378d66c43e34e820495df755584,0,2294,100
2,ex2-s5-e1-d1w-p01,24ffd9b1737d030752785836bd5868fd2bf79378d66c43e34e820495df755584,0,2295,0
2,ex2-s5-e1-d1w-p01,24ffd9b1737d030752785836bd5868fd2bf79378d66c43e34e820495df755584,0,2296,0
2,ex2-s5-e1-d1w-p01,24ffd9b1737d030752785836bd5868fd2bf79378d66c43e34e820495df755584,0,2297,0
2,ex2-s5-e1-d1w-p01,24ffd9b1737d030752785836bd5868fd2bf79378d66c43e34e820495df755584,0,2298,100
2,ex2-s5-e1-d1w-p01,24ffd9b1737d030752785836bd5868fd2bf79378d66c43e34e820495df755584,0,2299,0
2,ex2-s5-e1-d1w-p01,24ffd9b1737d030752785836bd5868fd2bf79378d66c43e34e820495df755584,0,2300,0
2,ex2-s5-e1-d1w-p01,24ffd9b1737d030752785836bd5868fd2bf79378d66c43e34e820495df755584,0,2301,100
2,ex2-s5-e1-d1w-p01,24ffd9b1737d030752785836bd5868fd2bf79378d66c43e34e820495df755584,0,2302,0
2,ex2-s5-e1-d1w-p01,24ffd9b1737d030752785836bd5868fd2bf79378d66c43e34e820495df755584,0,2303,0
2,ex2-s5-e1-d1w-p01,24ffd9b1737d030752785836bd5868fd2bf79378d66c43e34e820495df755584,0,2304,0
2,ex2-s5-e1-d1w-p01,24ffd9b1737d030752785836bd5868fd2bf79378d66c43e34e820495df755584,0,2305,100
2,ex2-s5-e1-d1w-p01,24ffd9b1737d030752785836bd5868fd2bf79378d66c43e34e820495df755584,0,2306,0
2,ex2-s5-e1-d1w-p01,24ffd9b1737d030752785836bd5868fd2bf79378d66c43e34e820495df755584,0,2307,0
2,ex2-s5-e1-d1w-p01,24ffd9b1737d030752785836bd5868fd2bf79378d66c43e34e820495df755584,0,2308,0
2,ex2-s5-e1-d1w-p01,24ffd9b1737d030752785836bd5868fd2bf79378d66c43e34e820495df755584,0,2309,100
2,ex2-s5-e1-d1w-p01,24ffd9b1737d030752785836bd5868fd2bf79378d66c43e34e820495df755584,0,2310,0
2,ex2-s5-e1-d1w-p01,24ffd9b1737d030752785836bd5868fd2bf79378d66c43e34e820495df755584,0,2311,0
2,ex2-s5-e1-d1w-p01,24ffd9b1737d030752785836bd5868fd2bf79378d66c43e34e820495df755584,0,2312,100
2,ex2-s5-e1-d1w-p01,24ffd9b1737d030752785836bd5868fd2bf79378d66c43e34e820495df755584,0,2313,0
2,ex2-s5-e1-d1w-p01,24ffd9b1737d030752785836bd5868fd2bf79378d66c43e34e820495df755584,0,2314,0
2,ex2-s5-e1-d1w-p01,24ffd9b1737d030752785836bd5868fd2bf79378d66c43e34e820495df755584,0,2315,0
2,ex2-s5-e1-d1w-p01,24ffd9b1737d030752785836bd5868fd2bf79378d66c43e34e820495df755584,0,2316,100
2,ex2-s5-e1-d1w-p01,24ffd9b1737d030752785836bd5868fd2bf79378d66c43e34e820495df755584,0,2317,0
2,ex2-s5-e1-d1w-p01,24ffd9b1737d030752785836bd5868fd2bf79378d66c43e34e820495df755584,0,2318,0
2,ex2-s5-e1-d1w-p01,24ffd9b1737d030752785836bd5868fd2bf79378d66c43e34e820495df755584,0,2319,0
2,ex2-s5-e1-d1w-p01,24ffd9b1737d030752785836bd5868fd2bf79378d66c43e34e820495df755584,0,2320,100
2,ex2-s5-e1-d1w-p01,24ffd9b1737d030752785836bd5868fd2bf79378d66c43e34e820495df755584,0,2321,0
2,ex2-s5-e1-d1w-p01,24ffd9b1737d030752785836bd5868fd2bf79378d66c43e34e820495df755584,0,2322,0
2,ex2-s5-e1-d1w-p01,24ffd9b1737d030752785836bd5868fd2bf79378d66c43e34e820495df755584,0,2323,100
2,ex2-s5-e1-d1w-p01,24ffd9b1737d030752785836bd5868fd2bf79378d66c43e34e820495df755584,0,2324,0
2,ex2-s5-e1-d1w-p01,24ffd9b1737d030752785836bd5868fd2bf79378d66c43e34e820495df755584,0,2325,0
2,ex2-s5-e1-d1w-p01,24ffd9b1737d030752785836bd5868fd2bf79378d66c43e34e820495df755584,0,2326,0
2,ex2-s5-e1-d1w-p01,24ffd9b1737d030752785836bd5868fd2bf79378d66c43e34e820495df755584,0,2327,100
2,ex2-s5-e1-d1w-p01,24ffd9b1737d030752785836bd5868fd2bf79378d66c43e34e820495df755584,0,2328,0
2,ex2-s5-e1-d1w-p01,24ffd9b1737d030752785836bd5868fd2bf79378d66c43e34e820495df755584,0,2329,0
2,ex2-s5-e1-d1w-p01,24ffd9b1737d030752785836bd5868fd2bf79378d66c43e34e820495df755584,0,2330,0
2,ex2-s5-e1-d1w-p01,24ffd9b1737d030752785836bd5868fd2bf79378d66c43e34e820495df755584,0,2331,100
2,ex2-s5-e1-d1w-p01,24ffd9b1737d030752785836bd5868fd2bf79378d66c43e34e820495df755584,0,2332,0
2,ex2-s5-e1-d1w-p01,24ffd9b1737d030752785836bd5868fd2bf79378d66c43e34e820495df755584,0,2333,0
2,ex2-s5-e1-d1w-p01,24ffd9b1737d030752785836bd5868fd2bf79378d66c43e34e820495df755584,0,2334,100
2,ex2-s5-e1-d1w-p01,24ffd9b1737d030752785836bd5868fd2bf79378d66c43e34e820495df755584,0,2335,0
2,ex2-s5-e1-d1w-p01,24ffd9b1737d030752785836bd5868fd2bf79378d66c43e34e820495df755584,0,2336,0
2,ex2-s5-e1-d1w-p01,24ffd9b1737d030752785836bd5868fd2bf79378d66c43e34e820495df755584,0,2337,0
2,ex2-s5-e1-d1w-p01,24ffd9b1737d030752785836bd5868fd2bf79378d66c43e34e820495df755584,0,2338,100
2,ex2-s5-e1-d1w-p01,24ffd9b1737d030752785836bd5868fd2bf79378d66c43e34e820495df755584,0,2339,0
2,ex2-s5-e1-d1w-p01,24ffd9b1737d030752785836bd5868fd2bf79378d66c43e34e820495df755584,0,2340,0
2,ex2-s5-e1-d1w-p01,24ffd9b1737d030752785836bd5868fd2bf79378d66c43e34e820495df755584,0,2341,0
2,ex2-s5-e1-d1w-p01,24ffd9b1737d030752785836bd5868fd2bf79378d66c43e34e820495df755584,0,2342,100
2,ex2-s5-e1-d1w-p01,24ffd9b1737d030752785836bd5868fd2bf79378d66c43e34e820495df755584,0,2343,0
2,ex2-s5-e1-d1w-p01,24ffd9b1737d030752785836bd5868fd2bf79378d66c43e34e820495df755584,0,2344,0
2,ex2-s5-e1-d1w-p01,24ffd9b1737d030752785836bd5868fd2bf79378d66c43e34e820495df755584,0,2345,100
2,ex2-s5-e1-d1w-p01,24ffd9b1737d030752785836bd5868fd2bf79378d66c43e34e820495df755584,0,2346,0
2,ex2-s5-e1-d1w-p01,24ffd9b1737d030752785836bd5868fd2bf79378d66c43e34e820495df755584,0,2347,0
2,ex2-s5-e1-d1w-p01,24ffd9b1737d030752785836bd5868fd2bf79378d66c43e34e820495df755584,0,2348,0
2,ex2-s5-e1-d1w-p01,24ffd9b1737d030752785836bd5868fd2bf79378d66c43e34e820495df755584,0,2349,100
2,ex2-s5-e1-d1w-p01,24ffd9b1737d030752785836bd5868fd2bf79378d66c43e34e820495df755584,0,2350,0
2,ex2-s5-e1-d1w-p01,24ffd9b1737d030752785836bd5868fd2bf79378d66c43e34e820495df755584,0,2351,0
2,ex2-s5-e1-d1w-p01,24ffd9b1737d030752785836bd5868fd2bf79378d66c43e34e820495df755584,0,2352,0
2,ex2-s5-e1-d1w-p01,24ffd9b1737d030752785836bd5868fd2bf79378d66c43e34e820495df755584,0,2353,100
2,ex2-s5-e1-d1w-p01,24ffd9b1737d030752785836bd5868fd2bf79378d66c43e34e820495df755584,0,2354,0
2,ex2-s5-e1-d1w-p01,24ffd9b1737d030752785836bd5868fd2bf79378d66c43e34e820495df755584,0,2355,0
2,ex2-s5-e1-d1w-p01,24ffd9b1737d030752785836bd5868fd2bf79378d66c43e34e820495df755584,0,2356,100
2,ex2-s5-e1-d1w-p01,24ffd9b1737d030752785836bd5868fd2bf79378d66c43e34e820495df755584,0,2357,0
2,ex2-s5-e1-d1w-p01,24ffd9b1737d030752785836bd5868fd2bf79378d66c43e34e820495df755584,0,2358,0
2,ex2-s5-e1-d1w-p01,24ffd9b1737d030752785836bd5868fd2bf79378d66c43e34e820495df755584,0,2359,0
2,ex2-s5-e1-d1w-p01,24ffd9b1737d030752785836bd5868fd2bf79378d66c43e34e820495df755584,0,2360,100
2,ex2-s5-e1-d1w-p01,24ffd9b1737d030752785836bd5868fd2bf79378d66c43e34e820495df755584,0,2361,0
2,ex2-s5-e1-d1w-p01,24ffd9b1737d030752785836bd5868fd2bf79378d66c43e34e820495df755584,0,2362,0
2,ex2-s5-e1-d1w-p01,24ffd9b1737d030752785836bd5868fd2bf79378d66c43e34e820495df755584,0,2363,0
2,ex2-s5-e1-d1w-p01,24ffd9b1737d030752785836bd5868fd2bf79378d66c43e34e820495df755584,0,2364,100
2,ex2-s5-e1-d1w-p01,24ffd9b1737d030752785836bd5868fd2bf79378d66c43e34e820495df755584,0,2365,0
2,ex2-s5-e1-d1w-p01,24ffd9b1737d030752785836bd5868fd2bf79378d66c43e34e820495df755584,0,2366,0
2,ex2-s5-e1-d1w-p01,24ffd9b1737d030752785836bd5868fd2bf79378d66c43e34e820495df755584,0,2367,100
2,ex2-s5-e1-d1w-p01,24ffd9b1737d030752785836bd5868fd2bf79378d66c43e34e820495df755584,0,2368,0
2,ex2-s5-e1-d1w-p01,24ffd9b1737d030752785836bd5868fd2bf79378d66c43e34e820495df755584,0,2369,0
2,ex2-s5-e1-d1w-p01,24ffd9b1737d030752785836bd5868fd2bf79378d66c43e34e820495df755584,0,2370,0
2,ex2-s5-e1-d1w-p01,24ffd9b1737d030752785836bd5868fd2bf79378d66c43e34e820495df755584,0,2371,100
2,ex2-s5-e1-d1w-p01,24ffd9b1737d030752785836bd5868fd2bf79378d66c43e34e820495df755584,0,2372,0
2,ex2-s5-e1-d1w-p01,24ffd9b1737d030752785836bd5868fd2bf79378d66c43e34e820495df755584,0,2373,0
2,ex2-s5-e1-d1w-p01,24ffd9b1737d030752785836bd5868fd2bf79378d66c43e34e820495df755584,0,2374,0
2,ex2-s5-e1-d1w-p01,24ffd9b1737d030752785836bd5868fd2bf79378d66c43e34e820495df755584,0,2375,100
2,ex2-s5-e1-d1w-p01,24ffd9b1737d030752785836bd5868fd2bf79378d66c43e34e820495df755584,0,2376,0
2,ex2-s5-e1-d1w-p01,24ffd9b1737d030752785836bd5868fd2bf79378d66c43e34e820495df755584,0,2377,0
2,ex2-s5-e1-d1w-p01,24ffd9b1737d030752785836bd5868fd2bf79378d66c43e34e820495df755584,0,2378,100
2,ex2-s5-e1-d1w-p01,24ffd9b1737d030752785836bd5868fd2bf79378d66c43e34e820495df755584,0,2379,0
2,ex2-s5-e1-d1w-p01,24ffd9b1737d030752785836bd5868fd2bf79378d66c43e34e820495df755584,0,2380,0
2,ex2-s5-e1-d1w-p01,24ffd9b1737d030752785836bd5868fd2bf79378d66c43e34e820495df755584,0,2381,0
2,ex2-s5-e1-d1w-p01,24ffd9b1737d030752785836bd5868fd2bf79378d66c43e34e820495df755584,0,2382,100
2,ex2-s5-e1-d1w-p01,24ffd9b1737d030752785836bd5868fd2bf79378d66c43e34e820495df755584,0,2383,0
2,ex2-s5-e1-d1w-p01,24ffd9b1737d030752785836bd5868fd2bf79378d66c43e34e820495df755584,0,2384,0
2,ex2-s5-e1-d1w-p01,24ffd9b1737d030752785836bd5868fd2bf79378d66c43e34e820495df755584,0,2385,0
2,ex2-s5-e1-d1w-p01,24ffd9b1737d030752785836bd5868fd2bf79378d66c43e34e820495df755584,0,2386,100
2,ex2-s5-e1-d1w-p01,24ffd9b1737d030752785836bd5868fd2bf79378d66c43e34e820495df755584,0,2387,0
2,ex2-s5-e1-d1w-p01,24ffd9b1737d030752785836bd5868fd2bf79378d66c43e34e820495df755584,0,2388,0
2,ex2-s5-e1-d1w-p01,24ffd9b1737d030752785836bd5868fd2bf79378d66c43e34e820495df755584,0,2389,100
2,ex2-s5-e1-d1w-p01,24ffd9b1737d030752785836bd5868fd2bf79378d66c43e34e820495df755584,0,2390,0
2,ex2-s5-e1-d1w-p01,24ffd9b1737d030752785836bd5868fd2bf79378d66c43e34e820495df755584,0,2391,0
2,ex2-s5-e1-d1w-p01,24ffd9b1737d030752785836bd5868fd2bf79378d66c43e34e820495df755584,0,2392,0
2,ex2-s5-e1-d1w-p01,24ffd9b1737d030752785836bd5868fd2bf79378d66c43e34e820495df755584,0,2393,100
2,ex2-s5-e1-d1w-p01,24ffd9b1737d030752785836bd5868fd2bf79378d66c43e34e820495df755584,0,2394,0
2,ex2-s5-e1-d1w-p01,24ffd9b1737d030752785836bd5868fd2bf79378d66c43e34e820495df755584,0,2395,0
2,ex2-s5-e1-d1w-p01,24ffd9b1737d030752785836bd5868fd2bf79378d66c43e34e820495df755584,0,2396,0
2,ex2-s5-e1-d1w-p01,24ffd9b1737d030752785836bd5868fd2bf79378d66c43e34e820495df755584,0,2397,100
2,ex2-s5-e1-d1w-p01,24ffd9b1737d030752785836bd5868fd2bf79378d66c43e34e820495df755584,0,2398,0
2,ex2-s5-e1-d1w-p01,24ffd9b1737d030752785836bd5868fd2bf79378d66c43e34e820495df755584,0,2399,0
2,ex2-s5-e1-d1w-p01,24ffd9b1737d030752785836bd5868fd2bf79378d66c43e34e820495df755584,0,2400,100
2,ex2-s5-e1-d1w-p01,24ffd9b1737d030752785836bd5868fd2bf79378d66c43e34e820495df755584,0,2401,0
2,ex2-s5-e1-d1w-p01,24ffd9b1737d030752785836bd5868fd2bf79378d66c43e34e820495df755584,0,2402,0
2,ex2-s5-e1-d1w-p01,24ffd9b1737d030752785836bd5868fd2bf79378d66c43e34e820495df755584,0,2403,0
2,ex2-s5-e1-d1w-p01,24ffd9b1737d030752785836bd5868fd2bf79378d66c43e34e820495df755584,0,2404,100
2,ex2-s5-e1-d1w-p01,24ffd9b1737d030752785836bd5868fd2bf79378d66c43e34e820495df755584,0,2405,0
2,ex2-s5-e1-d1w-p01,24ffd9b1737d030752785836bd5868fd2bf79378d66c43e34e820495df755584,0,2406,0
2,ex2-s5-e1-d1w-p01,24ffd9b1737d030752785836bd5868fd2bf79378d66c43e34e820495df755584,0,2407,0
2,ex2-s5-e1-d1w-p01,24ffd9b1737d030752785836bd5868fd2bf79378d66c43e34e820495df755584,0,2408,100
2,ex2-s5-e1-d1w-p01,24ffd9b1737d030752785836bd5868fd2bf79378d66c43e34e820495df755584,0,2409,0
2,ex2-s5-e1-d1w-p01,24ffd9b1737d030752785836bd5868fd2bf79378d66c43e34e820495df755584,0,2410,0
2,ex2-s5-e1-d1w-p01,24ffd9b1737d030752785836bd5868fd2bf79378d66c43e34e820495df755584,0,2411,100
2,ex2-s5-e1-d1w-p01,24ffd9b1737d030752785836bd5868fd2bf79378d66c43e34e820495df755584,0,2412,0
2,ex2-s5-e1-d1w-p01,24ffd9b1737d030752785836bd5868fd2bf79378d66c43e34e820495df755584,0,2413,0
2,ex2-s5-e1-d1w-p01,24ffd9b1737d030752785836bd5868fd2bf79378d66c43e34e820495df755584,0,2414,0
2,ex2-s5-e1-d1w-p01,24ffd9b1737d030752785836bd5868fd2bf79378d66c43e34e820495df755584,0,2415,100
2,ex2-s5-e1-d1w-p01,24ffd9b1737d030752785836bd5868fd2bf79378d66c43e34e820495df755584,0,2416,0
2,ex2-s5-e1-d1w-p01,24ffd9b1737d030752785836bd5868fd2bf79378d66c43e34e820495df755584,0,2417,0
2,ex2-s5-e1-d1w-p01,24ffd9b1737d030752785836bd5868fd2bf79378d66c43e34e820495df755584,0,2418,0
2,ex2-s5-e1-d1w-p01,24ffd9b1737d030752785836bd5868fd2bf79378d66c43e34e820495df755584,0,2419,100
2,ex2-s5-e1-d1w-p01,24ffd9b1737d030752785836bd5868fd2bf79378d66c43e34e820495df755584,0,2420,0
2,ex2-s5-e1-d1w-p01,24ffd9b1737d030752785836bd5868fd2bf79378d66c43e34e820495df755584,0,2421,0
2,ex2-s5-e1-d1w-p01,24ffd9b1737d030752785836bd5868fd2bf79378d66c43e34e820495df755584,0,2422,100
2,ex2-s5-e1-d1w-p01,24ffd9b1737d030752785836bd5868fd2bf79378d66c43e34e820495df755584,0,2423,0
2,ex2-s5-e1-d1w-p01,24ffd9b1737d030752785836bd5868fd2bf79378d66c43e34e820495df755584,0,2424,0
2,ex2-s5-e1-d1w-p01,24ffd9b1737d030752785836bd5868fd2bf79378d66c43e34e820495df755584,0,2425,0
2,ex2-s5-e1-d1w-p01,24ffd9b1737d030752785836bd5868fd2bf79378d66c43e34e820495df755584,0,2426,100
2,ex2-s5-e1-d1w-p01,24ffd9b1737d030752785836bd5868fd2bf79378d66c43e34e820495df755584,0,2427,0
2,ex2-s5-e1-d1w-p01,24ffd9b1737d030752785836bd5868fd2bf79378d66c43e34e820495df755584,0,2428,0
2,ex2-s5-e1-d1w-p01,24ffd9b1737d030752785836bd5868fd2bf79378d66c43e34e820495df755584,0,2429,100
2,ex2-s5-e1-d1w-p01,24ffd9b1737d030752785836bd5868fd2bf79378d66c43e34e820495df755584,0,2430,0
2,ex2-s5-e1-d1w-p01,24ffd9b1737d030752785836bd5868fd2bf79378d66c43e34e820495df755584,0,2431,0
2,ex2-s5-e1-d1w-p01,24ffd9b1737d030752785836bd5868fd2bf79378d66c43e34e820495df755584,0,2432,0
2,ex2-s5-e1-d1w-p01,24ffd9b1737d030752785836bd5868fd2bf79378d66c43e34e820495df755584,0,2433,100
2,ex2-s5-e1-d1w-p01,24ffd9b1737d030752785836bd5868fd2bf79378d66c43e34e820495df755584,0,2434,0
2,ex2-s5-e1-d1w-p01,24ffd9b1737d030752785836bd5868fd2bf79378d66c43e34e820495df755584,0,2435,0
2,ex2-s5-e1-d1w-p01,24ffd9b1737d030752785836bd5868fd2bf79378d66c43e34e820495df755584,0,2436,0
2,ex2-s5-e1-d1w-p01,24ffd9b1737d030752785836bd5868fd2bf79378d66c43e34e820495df755584,0,2437,100
2,ex2-s5-e1-d1w-p01,24ffd9b1737d030752785836bd5868fd2bf79378d66c43e34e820495df755584,0,2438,0
2,ex2-s5-e1-d1w-p01,24ffd9b1737d030752785836bd5868fd2bf79378d66c43e34e820495df755584,0,2439,0
2,ex2-s5-e1-d1w-p01,24ffd9b1737d030752785836bd5868fd2bf79378d66c43e34e820495df755584,0,2440,100
2,ex2-s5-e1-d1w-p01,24ffd9b1737d030752785836bd5868fd2bf79378d66c43e34e820495df755584,0,2441,0
2,ex2-s5-e1-d1w-p01,24ffd9b1737d030752785836bd5868fd2bf79378d66c43e34e820495df755584,0,2442,0
2,ex2-s5-e1-d1w-p01,24ffd9b1737d030752785836bd5868fd2bf79378d66c43e34e820495df755584,0,2443,0
2,ex2-s5-e1-d1w-p01,24ffd9b1737d030752785836bd5868fd2bf79378d66c43e34e820495df755584,0,2444,100
2,ex2-s5-e1-d1w-p01,24ffd9b1737d030752785836bd5868fd2bf79378d66c43e34e820495df755584,0,2445,0
2,ex2-s5-e1-d1w-p01,24ffd9b1737d030752785836bd5868fd2bf79378d66c43e34e820495df755584,0,2446,0
2,ex2-s5-e1-d1w-p01,24ffd9b1737d030752785836bd5868fd2bf79378d66c43e34e820495df755584,0,2447,0
2,ex2-s5-e1-d1w-p01,24ffd9b1737d030752785836bd5868fd2bf79378d66c43e34e820495df755584,0,2448,100
2,ex2-s5-e1-d1w-p01,24ffd9b1737d030752785836bd5868fd2bf79378d66c43e34e820495df755584,0,2449,0
2,ex2-s5-e1-d1w-p01,24ffd9b1737d030752785836bd5868fd2bf79378d66c43e34e820495df755584,0,2450,0
2,ex2-s5-e1-d1w-p01,24ffd9b1737d030752785836bd5868fd2bf79378d66c43e34e820495df755584,0,2451,100
2,ex2-s5-e1-d1w-p01,24ffd9b1737d030752785836bd5868fd2bf79378d66c43e34e820495df755584,0,2452,0
2,ex2-s5-e1-d1w-p01,24ffd9b1737d030752785836bd5868fd2bf79378d66c43e34e820495df755584,0,2453,0
2,ex2-s5-e1-d1w-p01,24ffd9b1737d030752785836bd5868fd2bf79378d66c43e34e820495df755584,0,2454,0
2,ex2-s5-e1-d1w-p01,24ffd9b1737d030752785836bd5868fd2bf79378d66c43e34e820495df755584,0,2455,100
2,ex2-s5-e1-d1w-p01,24ffd9b1737d030752785836bd5868fd2bf79378d66c43e34e820495df755584,0,2456,0
2,ex2-s5-e1-d1w-p01,24ffd9b1737d030752785836bd5868fd2bf79378d66c43e34e820495df755584,0,2457,0
2,ex2-s5-e1-d1w-p01,24ffd9b1737d030752785836bd5868fd2bf79378d66c43e34e820495df755584,0,2458,0
2,ex2-s5-e1-d1w-p01,24ffd9b1737d030752785836bd5868fd2bf79378d66c43e34e820495df755584,0,2459,100
2,ex2-s5-e1-d1w-p01,24ffd9b1737d030752785836bd5868fd2bf79378d66c43e34e820495df755584,0,2460,0
2,ex2-s5-e1-d1w-p01,24ffd9b1737d030752785836bd5868fd2bf79378d66c43e34e820495df755584,0,2461,0
2,ex2-s5-e1-d1w-p01,24ffd9b1737d030752785836bd5868fd2bf79378d66c43e34e820495df755584,0,2462,100
2,ex2-s5-e1-d1w-p01,24ffd9b1737d030752785836bd5868fd2bf79378d66c43e34e820495df755584,0,2463,0
2,ex2-s5-e1-d1w-p01,24ffd9b1737d030752785836bd5868fd2bf79378d66c43e34e820495df755584,0,2464,0
2,ex2-s5-e1-d1w-p01,24ffd9b1737d030752785836bd5868fd2bf79378d66c43e34e820495df755584,0,2465,0
2,ex2-s5-e1-d1w-p01,24ffd9b1737d030752785836bd5868fd2bf79378d66c43e34e820495df755584,0,2466,100
2,ex2-s5-e1-d1w-p01,24ffd9b1737d030752785836bd5868fd2bf79378d66c43e34e820495df755584,0,2467,0
2,ex2-s5-e1-d1w-p01,24ffd9b1737d030752785836bd5868fd2bf79378d66c43e34e820495df755584,0,2468,0
2,ex2-s5-e1-d1w-p01,24ffd9b1737d030752785836bd5868fd2bf79378d66c43e34e820495df755584,0,2469,0
2,ex2-s5-e1-d1w-p01,24ffd9b1737d030752785836bd5868fd2bf79378d66c43e34e820495df755584,0,2470,100
2,ex2-s5-e1-d1w-p01,24ffd9b1737d030752785836bd5868fd2bf79378d66c43e34e820495df755584,0,2471,0
2,ex2-s5-e1-d1w-p01,24ffd9b1737d030752785836bd5868fd2bf79378d66c43e34e820495df755584,0,2472,0
2,ex2-s5-e1-d1w-p01,24ffd9b1737d030752785836bd5868fd2bf79378d66c43e34e820495df755584,0,2473,100
2,ex2-s5-e1-d1w-p01,24ffd9b1737d030752785836bd5868fd2bf79378d66c43e34e820495df755584,0,2474,0
2,ex2-s5-e1-d1w-p01,24ffd9b1737d030752785836bd5868fd2bf79378d66c43e34e820495df755584,0,2475,0
2,ex2-s5-e1-d1w-p01,24ffd9b1737d030752785836bd5868fd2bf79378d66c43e34e820495df755584,0,2476,0
2,ex2-s5-e1-d1w-p01,24ffd9b1737d030752785836bd5868fd2bf79378d66c43e34e820495df755584,0,2477,100
2,ex2-s5-e1-d1w-p01,24ffd9b1737d030752785836bd5868fd2bf79378d66c43e34e820495df755584,0,2478,0
2,ex2-s5-e1-d1w-p01,24ffd9b1737d030752785836bd5868fd2bf79378d66c43e34e820495df755584,0,2479,0
2,ex2-s5-e1-d1w-p01,24ffd9b1737d030752785836bd5868fd2bf79378d66c43e34e820495df755584,0,2480,0
2,ex2-s5-e1-d1w-p01,24ffd9b1737d030752785836bd5868fd2bf79378d66c43e34e820495df755584,0,2481,100
2,ex2-s5-e1-d1w-p01,24ffd9b1737d030752785836bd5868fd2bf79378d66c43e34e820495df755584,0,2482,0
2,ex2-s5-e1-d1w-p01,24ffd9b1737d030752785836bd5868fd2bf79378d66c43e34e820495df755584,0,2483,0
2,ex2-s5-e1-d1w-p01,24ffd9b1737d030752785836bd5868fd2bf79378d66c43e34e820495df755584,0,2484,100
2,ex2-s5-e1-d1w-p01,24ffd9b1737d030752785836bd5868fd2bf79378d66c43e34e820495df755584,0,2485,0
2,ex2-s5-e1-d1w-p01,24ffd9b1737d030752785836bd5868fd2bf79378d66c43e34e820495df755584,0,2486,0
2,ex2-s5-e1-d1w-p01,24ffd9b1737d030752785836bd5868fd2bf79378d66c43e34e820495df755584,0,2487,0
2,ex2-s5-e1-d1w-p01,24ffd9b1737d030752785836bd5868fd2bf79378d66c43e34e820495df755584,0,2488,100
2,ex2-s5-e1-d1w-p01,24ffd9b1737d030752785836bd5868fd2bf79378d66c43e34e820495df755584,0,2489,0
2,ex2-s5-e1-d1w-p01,24ffd9b1737d030752785836bd5868fd2bf79378d66c43e34e820495df755584,0,2490,0
2,ex2-s5-e1-d1w-p01,24ffd9b1737d030752785836bd5868fd2bf79378d66c43e34e820495df755584,0,2491,0
2,ex2-s5-e1-d1w-p01,24ffd9b1737d030752785836bd5868fd2bf79378d66c43e34e820495df755584,0,2492,100
2,ex2-s5-e1-d1w-p01,24ffd9b1737d030752785836bd5868fd2bf79378d66c43e34e820495df755584,0,2493,0
2,ex2-s5-e1-d1w-p01,24ffd9b1737d030752785836bd5868fd2bf79378d66c43e34e820495df755584,0,2494,0
2,ex2-s5-e1-d1w-p01,24ffd9b1737d030752785836bd5868fd2bf79378d66c43e34e820495df755584,0,2495,100
2,ex2-s5-e1-d1w-p01,24ffd9b1737d030752785836bd5868fd2bf79378d66c43e34e820495df755584,0,2496,0
2,ex2-s5-e1-d1w-p01,24ffd9b1737d030752785836bd5868fd2bf79378d66c43e34e820495df755584,0,2497,0
2,ex2-s5-e1-d1w-p01,24ffd9b1737d030752785836bd5868fd2bf79378d66c43e34e820495df755584,0,2498,0
2,ex2-s5-e1-d1w-p01,24ffd9b1737d030752785836bd5868fd2bf79378d66c43e34e820495df755584,0,2499,100
2,ex2-s5-e1-d1w-p01,24ffd9b1737d030752785836bd5868fd2bf79378d66c43e34e820495df755584,0,2500,0
2,ex2-s5-e1-d1w-p01,24ffd9b1737d030752785836bd5868fd2bf79378d66c43e34e820495df755584,0,2501,0
2,ex2-s5-e1-d1w-p01,24ffd9b1737d030752785836bd5868fd2bf79378d66c43e34e820495df755584,0,2502,0
2,ex2-s5-e1-d1w-p01,24ffd9b1737d030752785836bd5868fd2bf79378d66c43e34e820495df755584,0,2503,100
2,ex2-s5-e1-d1w-p01,24ffd9b1737d030752785836bd5868fd2bf79378d66c43e34e820495df755584,0,2504,0
2,ex2-s5-e1-d1w-p01,24ffd9b1737d030752785836bd5868fd2bf79378d66c43e34e820495df755584,0,2505,0
2,ex2-s5-e1-d1w-p01,24ffd9b1737d030752785836bd5868fd2bf79378d66c43e34e820495df755584,0,2506,100
2,ex2-s5-e1-d1w-p01,24ffd9b1737d030752785836bd5868fd2bf79378d66c43e34e820495df755584,0,2507,0
2,ex2-s5-e1-d1w-p01,24ffd9b1737d030752785836bd5868fd2bf79378d66c43e34e820495df755584,0,2508,0
2,ex2-s5-e1-d1w-p01,24ffd9b1737d030752785836bd5868fd2bf79378d66c43e34e820495df755584,0,2509,0
2,ex2-s5-e1-d1w-p01,24ffd9b1737d030752785836bd5868fd2bf79378d66c43e34e820495df755584,0,2510,100
2,ex2-s5-e1-d1w-p01,24ffd9b1737d030752785836bd5868fd2bf79378d66c43e34e820495df755584,0,2511,0
2,ex2-s5-e1-d1w-p01,24ffd9b1737d030752785836bd5868fd2bf79378d66c43e34e820495df755584,0,2512,0
2,ex2-s5-e1-d1w-p01,24ffd9b1737d030752785836bd5868fd2bf79378d66c43e34e820495df755584,0,2513,0
2,ex2-s5-e1-d1w-p01,24ffd9b1737d030752785836bd5868fd2bf79378d66c43e34e820495df755584,0,2514,100
2,ex2-s5-e1-d1w-p01,24ffd9b1737d030752785836bd5868fd2bf79378d66c43e34e820495df755584,0,2515,0
2,ex2-s5-e1-d1w-p01,24ffd9b1737d030752785836bd5868fd2bf79378d66c43e34e820495df755584,0,2516,0
2,ex2-s5-e1-d1w-p01,24ffd9b1737d030752785836bd5868fd2bf79378d66c43e34e820495df755584,0,2517,100
2,ex2-s5-e1-d1w-p01,24ffd9b1737d030752785836bd5868fd2bf79378d66c43e34e820495df755584,0,2518,0
2,ex2-s5-e1-d1w-p01,24ffd9b1737d030752785836bd5868fd2bf79378d66c43e34e820495df755584,0,2519,0
2,ex2-s5-e1-d1w-p01,24ffd9b1737d030752785836bd5868fd2bf79378d66c43e34e820495df755584,0,2520,0
2,ex2-s5-e1-d1w-p01,24ffd9b1737d030752785836bd5868fd2bf79378d66c43e34e820495df755584,0,2521,100
2,ex2-s5-e1-d1w-p01,24ffd9b1737d030752785836bd5868fd2bf79378d66c43e34e820495df755584,0,2522,0
2,ex2-s5-e1-d1w-p01,24ffd9b1737d030752785836bd5868fd2bf79378d66c43e34e820495df755584,0,2523,0
2,ex2-s5-e1-d1w-p01,24ffd9b1737d030752785836bd5868fd2bf79378d66c43e34e820495df755584,0,2524,0
2,ex2-s5-e1-d1w-p01,24ffd9b1737d030752785836bd5868fd2bf79378d66c43e34e820495df755584,0,2525,100
2,ex2-s5-e1-d1w-p01,24ffd9b1737d030752785836bd5868fd2bf79378d66c43e34e820495df755584,0,2526,0
2,ex2-s5-e1-d1w-p01,24ffd9b1737d030752785836bd5868fd2bf79378d66c43e34e820495df755584,0,2527,0
2,ex2-s5-e1-d1w-p01,24ffd9b1737d030752785836bd5868fd2bf79378d66c43e34e820495df755584,0,2528,100
2,ex2-s5-e1-d1w-p01,24ffd9b1737d030752785836bd5868fd2bf79378d66c43e34e820495df755584,0,2529,0
2,ex2-s5-e1-d1w-p01,24ffd9b1737d030752785836bd5868fd2bf79378d66c43e34e820495df755584,0,2530,0
2,ex2-s5-e1-d1w-p01,24ffd9b1737d030752785836bd5868fd2bf79378d66c43e34e820495df755584,0,2531,0
2,ex2-s5-e1-d1w-p01,24ffd9b1737d030752785836bd5868fd2bf79378d66c43e34e820495df755584,0,2532,100
2,ex2-s5-e1-d1w-p01,24ffd9b1737d030752785836bd5868fd2bf79378d66c43e34e820495df755584,0,2533,0
2,ex2-s5-e1-d1w-p01,24ffd9b1737d030752785836bd5868fd2bf79378d66c43e34e820495df755584,0,2534,0
2,ex2-s5-e1-d1w-p01,24ffd9b1737d030752785836bd5868fd2bf79378d66c43e34e820495df755584,0,2535,0
2,ex2-s5-e1-d1w-p01,24ffd9b1737d030752785836bd5868fd2bf79378d66c43e34e820495df755584,0,2536,100
2,ex2-s5-e1-d1w-p01,24ffd9b1737d030752785836bd5868fd2bf79378d66c43e34e820495df755584,0,2537,0
2,ex2-s5-e1-d1w-p01,24ffd9b1737d030752785836bd5868fd2bf79378d66c43e34e820495df755584,0,2538,0
2,ex2-s5-e1-d1w-p01,24ffd9b1737d030752785836bd5868fd2bf79378d66c43e34e820495df755584,0,2539,100
2,ex2-s5-e1-d1w-p01,24ffd9b1737d030752785836bd5868fd2bf79378d66c43e34e820495df755584,0,2540,0
2,ex2-s5-e1-d1w-p01,24ffd9b1737d030752785836bd5868fd2bf79378d66c43e34e820495df755584,0,2541,0
2,ex2-s5-e1-d1w-p01,24ffd9b1737d030752785836bd5868fd2bf79378d66c43e34e820495df755584,0,2542,0
2,ex2-s5-e1-d1w-p01,24ffd9b1737d030752785836bd5868fd2bf79378d66c43e34e820495df755584,0,2543,100
2,ex2-s5-e1-d1w-p01,24ffd9b1737d030752785836bd5868fd2bf79378d66c43e34e820495df755584,0,2544,0
2,ex2-s5-e1-d1w-p01,24ffd9b1737d030752785836bd5868fd2bf79378d66c43e34e820495df755584,0,2545,0
2,ex2-s5-e1-d1w-p01,24ffd9b1737d030752785836bd5868fd2bf79378d66c43e34e820495df755584,0,2546,0
2,ex2-s5-e1-d1w-p01,24ffd9b1737d030752785836bd5868fd2bf79378d66c43e34e820495df755584,0,2547,100
2,ex2-s5-e1-d1w-p01,24ffd9b1737d030752785836bd5868fd2bf79378d66c43e34e820495df755584,0,2548,0
2,ex2-s5-e1-d1w-p01,24ffd9b1737d030752785836bd5868fd2bf79378d66c43e34e820495df755584,0,2549,0
2,ex2-s5-e1-d1w-p01,24ffd9b1737d030752785836bd5868fd2bf79378d66c43e34e820495df755584,0,2550,100
2,ex2-s5-e1-d1w-p01,24ffd9b1737d030752785836bd5868fd2bf79378d66c43e34e820495df755584,0,2551,0
2,ex2-s5-e1-d1w-p01,24ffd9b1737d030752785836bd5868fd2bf79378d66c43e34e820495df755584,0,2552,0
2,ex2-s5-e1-d1w-p01,24ffd9b1737d030752785836bd5868fd2bf79378d66c43e34e820495df755584,0,2553,0
2,ex2-s5-e1-d1w-p01,24ffd9b1737d030752785836bd5868fd2bf79378d66c43e34e820495df755584,0,2554,100
2,ex2-s5-e1-d1w-p01,24ffd9b1737d030752785836bd5868fd2bf79378d66c43e34e820495df755584,0,2555,0
2,ex2-s5-e1-d1w-p01,24ffd9b1737d030752785836bd5868fd2bf79378d66c43e34e820495df755584,0,2556,0
2,ex2-s5-e1-d1w-p01,24ffd9b1737d030752785836bd5868fd2bf79378d66c43e34e820495df755584,0,2557,100
2,ex2-s5-e1-d1w-p01,24ffd9b1737d030752785836bd5868fd2bf79378d66c43e34e820495df755584,0,2558,0
2,ex2-s5-e1-d1w-p01,24ffd9b1737d030752785836bd5868fd2bf79378d66c43e34e820495df755584,0,2559,0
2,ex2-s5-e1-d1w-p01,24ffd9b1737d030752785836bd5868fd2bf79378d66c43e34e820495df755584,0,2560,0
2,ex2-s5-e1-d1w-p01,24ffd9b1737d030752785836bd5868fd2bf79378d66c43e34e820495df755584,0,2561,100
2,ex2-s5-e1-d1w-p01,24ffd9b1737d030752785836bd5868fd2bf79378d66c43e34e820495df755584,0,2562,0
2,ex2-s5-e1-d1w-p01,24ffd9b1737d030752785836bd5868fd2bf79378d66c43e34e820495df755584,0,2563,0
2,ex2-s5-e1-d1w-p01,24ffd9b1737d030752785836bd5868fd2bf79378d66c43e34e820495df755584,0,2564,0
2,ex2-s5-e1-d1w-p01,24ffd9b1737d030752785836bd5868fd2bf79378d66c43e34e820495df755584,0,2565,100
2,ex2-s5-e1-d1w-p01,24ffd9b1737d030752785836bd5868fd2bf79378d66c43e34e820495df755584,0,2566,0
2,ex2-s5-e1-d1w-p01,24ffd9b1737d030752785836bd5868fd2bf79378d66c43e34e820495df755584,0,2567,0
2,ex2-s5-e1-d1w-p01,24ffd9b1737d030752785836bd5868fd2bf79378d66c43e34e820495df755584,0,2568,100
2,ex2-s5-e1-d1w-p01,24ffd9b1737d030752785836bd5868fd2bf79378d66c43e34e820495df755584,0,2569,0
2,ex2-s5-e1-d1w-p01,24ffd9b1737d030752785836bd5868fd2bf79378d66c43e34e820495df755584,0,2570,0
2,ex2-s5-e1-d1w-p01,24ffd9b1737d030752785836bd5868fd2bf79378d66c43e34e820495df755584,0,2571,0
2,ex2-s5-e1-d1w-p01,24ffd9b1737d030752785836bd5868fd2bf79378d66c43e34e820495df755584,0,2572,100
2,ex2-s5-e1-d1w-p01,24ffd9b1737d030752785836bd5868fd2bf79378d66c43e34e820495df755584,0,2573,0
2,ex2-s5-e1-d1w-p01,24ffd9b1737d030752785836bd5868fd2bf79378d66c43e34e820495df755584,0,2574,0
2,ex2-s5-e1-d1w-p01,24ffd9b1737d030752785836bd5868fd2bf79378d66c43e34e820495df755584,0,2575,0
2,ex2-s5-e1-d1w-p01,24ffd9b1737d030752785836bd5868fd2bf79378d66c43e34e820495df755584,0,2576,100
2,ex2-s5-e1-d1w-p01,24ffd9b1737d030752785836bd5868fd2bf79378d66c43e34e820495df755584,0,2577,0
2,ex2-s5-e1-d1w-p01,24ffd9b1737d030752785836bd5868fd2bf79378d66c43e34e820495df755584,0,2578,0
2,ex2-s5-e1-d1w-p01,24ffd9b1737d030752785836bd5868fd2bf79378d66c43e34e820495df755584,0,2579,100
2,ex2-s5-e1-d1w-p01,24ffd9b1737d030752785836bd5868fd2bf79378d66c43e34e820495df755584,0,2580,0
2,ex2-s5-e1-d1w-p01,24ffd9b1737d030752785836bd5868fd2bf79378d66c43e34e820495df755584,0,2581,0
2,ex2-s5-e1-d1w-p01,24ffd9b1737d030752785836bd5868fd2bf79378d66c43e34e820495df755584,0,2582,0
2,ex2-s5-e1-d1w-p01,24ffd9b1737d030752785836bd5868fd2bf79378d66c43e34e820495df755584,0,2583,100
2,ex2-s5-e1-d1w-p01,24ffd9b1737d030752785836bd5868fd2bf79378d66c43e34e820495df755584,0,2584,0
2,ex2-s5-e1-d1w-p01,24ffd9b1737d030752785836bd5868fd2bf79378d66c43e34e820495df755584,0,2585,0
2,ex2-s5-e1-d1w-p01,24ffd9b1737d030752785836bd5868fd2bf79378d66c43e34e820495df755584,0,2586,0
2,ex2-s5-e1-d1w-p01,24ffd9b1737d030752785836bd5868fd2bf79378d66c43e34e820495df755584,0,2587,100
2,ex2-s5-e1-d1w-p01,24ffd9b1737d030752785836bd5868fd2bf79378d66c43e34e820495df755584,0,2588,0
2,ex2-s5-e1-d1w-p01,24ffd9b1737d030752785836bd5868fd2bf79378d66c43e34e820495df755584,0,2589,0
2,ex2-s5-e1-d1w-p01,24ffd9b1737d030752785836bd5868fd2bf79378d66c43e34e820495df755584,0,2590,100
2,ex2-s5-e1-d1w-p01,24ffd9b1737d030752785836bd5868fd2bf79378d66c43e34e820495df755584,0,2591,0
2,ex2-s5-e1-d1w-p01,24ffd9b1737d030752785836bd5868fd2bf79378d66c43e34e820495df755584,0,2592,0
2,ex2-s5-e1-d1w-p01,24ffd9b1737d030752785836bd5868fd2bf79378d66c43e34e820495df755584,0,2593,0
2,ex2-s5-e1-d1w-p01,24ffd9b1737d030752785836bd5868fd2bf79378d66c43e34e820495df755584,0,2594,100
2,ex2-s5-e1-d1w-p01,24ffd9b1737d030752785836bd5868fd2bf79378d66c43e34e820495df755584,0,2595,0
2,ex2-s5-e1-d1w-p01,24ffd9b1737d030752785836bd5868fd2bf79378d66c43e34e820495df755584,0,2596,0
2,ex2-s5-e1-d1w-p01,24ffd9b1737d030752785836bd5868fd2bf79378d66c43e34e820495df755584,0,2597,0
2,ex2-s5-e1-d1w-p01,24ffd9b1737d030752785836bd5868fd2bf79378d66c43e34e820495df755584,0,2598,100
2,ex2-s5-e1-d1w-p01,24ffd9b1737d030752785836bd5868fd2bf79378d66c43e34e820495df755584,0,2599,0
2,ex2-s5-e1-d1w-p01,24ffd9b1737d030752785836bd5868fd2bf79378d66c43e34e820495df755584,0,2600,0
2,ex2-s5-e1-d1w-p01,24ffd9b1737d030752785836bd5868fd2bf79378d66c43e34e820495df755584,0,2601,100
2,ex2-s5-e1-d1w-p01,24ffd9b1737d030752785836bd5868fd2bf79378d66c43e34e820495df755584,0,2602,0
2,ex2-s5-e1-d1w-p01,24ffd9b1737d030752785836bd5868fd2bf79378d66c43e34e820495df755584,0,2603,0
2,ex2-s5-e1-d1w-p01,24ffd9b1737d030752785836bd5868fd2bf79378d66c43e34e820495df755584,0,2604,0
2,ex2-s5-e1-d1w-p01,24ffd9b1737d030752785836bd5868fd2bf79378d66c43e34e820495df755584,0,2605,100
2,ex2-s5-e1-d1w-p01,24ffd9b1737d030752785836bd5868fd2bf79378d66c43e34e820495df755584,0,2606,0
2,ex2-s5-e1-d1w-p01,24ffd9b1737d030752785836bd5868fd2bf79378d66c43e34e820495df755584,0,2607,0
2,ex2-s5-e1-d1w-p01,24ffd9b1737d030752785836bd5868fd2bf79378d66c43e34e820495df755584,0,2608,0
2,ex2-s5-e1-d1w-p01,24ffd9b1737d030752785836bd5868fd2bf79378d66c43e34e820495df755584,0,2609,100
2,ex2-s5-e1-d1w-p01,24ffd9b1737d030752785836bd5868fd2bf79378d66c43e34e820495df755584,0,2610,0
2,ex2-s5-e1-d1w-p01,24ffd9b1737d030752785836bd5868fd2bf79378d66c43e34e820495df755584,0,2611,0
2,ex2-s5-e1-d1w-p01,24ffd9b1737d030752785836bd5868fd2bf79378d66c43e34e820495df755584,0,2612,100
2,ex2-s5-e1-d1w-p01,24ffd9b1737d030752785836bd5868fd2bf79378d66c43e34e820495df755584,0,2613,0
2,ex2-s5-e1-d1w-p01,24ffd9b1737d030752785836bd5868fd2bf79378d66c43e34e820495df755584,0,2614,0
2,ex2-s5-e1-d1w-p01,24ffd9b1737d030752785836bd5868fd2bf79378d66c43e34e820495df755584,0,2615,0
2,ex2-s5-e1-d1w-p01,24ffd9b1737d030752785836bd5868fd2bf79378d66c43e34e820495df755584,0,2616,100
2,ex2-s5-e1-d1w-p01,24ffd9b1737d030752785836bd5868fd2bf79378d66c43e34e820495df755584,0,2617,0
2,ex2-s5-e1-d1w-p01,24ffd9b1737d030752785836bd5868fd2bf79378d66c43e34e820495df755584,0,2618,0
2,ex2-s5-e1-d1w-p01,24ffd9b1737d030752785836bd5868fd2bf79378d66c43e34e820495df755584,0,2619,0
2,ex2-s5-e1-d1w-p01,24ffd9b1737d030752785836bd5868fd2bf79378d66c43e34e820495df755584,0,2620,100
2,ex2-s5-e1-d1w-p01,24ffd9b1737d030752785836bd5868fd2bf79378d66c43e34e820495df755584,0,2621,0
2,ex2-s5-e1-d1w-p01,24ffd9b1737d030752785836bd5868fd2bf79378d66c43e34e820495df755584,0,2622,0
2,ex2-s5-e1-d1w-p01,24ffd9b1737d030752785836bd5868fd2bf79378d66c43e34e820495df755584,0,2623,100
2,ex2-s5-e1-d1w-p01,24ffd9b1737d030752785836bd5868fd2bf79378d66c43e34e820495df755584,0,2624,0
2,ex2-s5-e1-d1w-p01,24ffd9b1737d030752785836bd5868fd2bf79378d66c43e34e820495df755584,0,2625,0
2,ex2-s5-e1-d1w-p01,24ffd9b1737d030752785836bd5868fd2bf79378d66c43e34e820495df755584,0,2626,0
2,ex2-s5-e1-d1w-p01,24ffd9b1737d030752785836bd5868fd2bf79378d66c43e34e820495df755584,0,2627,100
2,ex2-s5-e1-d1w-p01,24ffd9b1737d030752785836bd5868fd2bf79378d66c43e34e820495df755584,0,2628,0
2,ex2-s5-e1-d1w-p01,24ffd9b1737d030752785836bd5868fd2bf79378d66c43e34e820495df755584,0,2629,0
2,ex2-s5-e1-d1w-p01,24ffd9b1737d030752785836bd5868fd2bf79378d66c43e34e820495df755584,0,2630,0
2,ex2-s5-e1-d1w-p01,24ffd9b1737d030752785836bd5868fd2bf79378d66c43e34e820495df755584,0,2631,100
2,ex2-s5-e1-d1w-p01,24ffd9b1737d030752785836bd5868fd2bf79378d66c43e34e820495df755584,0,2632,0
2,ex2-s5-e1-d1w-p01,24ffd9b1737d030752785836bd5868fd2bf79378d66c43e34e820495df755584,0,2633,0
2,ex2-s5-e1-d1w-p01,24ffd9b1737d030752785836bd5868fd2bf79378d66c43e34e820495df755584,0,2634,100
2,ex2-s5-e1-d1w-p01,24ffd9b1737d030752785836bd5868fd2bf79378d66c43e34e820495df755584,0,2635,0
2,ex2-s5-e1-d1w-p01,24ffd9b1737d030752785836bd5868fd2bf79378d66c43e34e820495df755584,0,2636,0
2,ex2-s5-e1-d1w-p01,24ffd9b1737d030752785836bd5868fd2bf79378d66c43e34e820495df755584,0,2637,0
2,ex2-s5-e1-d1w-p01,24ffd9b1737d030752785836bd5868fd2bf79378d66c43e34e820495df755584,0,2638,100
2,ex2-s5-e1-d1w-p01,24ffd9b1737d030752785836bd5868fd2bf79378d66c43e34e820495df755584,0,2639,0
2,ex2-s5-e1-d1w-p01,24ffd9b1737d030752785836bd5868fd2bf79378d66c43e34e820495df755584,0,2640,0
2,ex2-s5-e1-d1w-p01,24ffd9b1737d030752785836bd5868fd2bf79378d66c43e34e820495df755584,0,2641,0
2,ex2-s5-e1-d1w-p01,24ffd9b1737d030752785836bd5868fd2bf79378d66c43e34e820495df755584,0,2642,100
2,ex2-s5-e1-d1w-p01,24ffd9b1737d030752785836bd5868fd2bf79378d66c43e34e820495df755584,0,2643,0
2,ex2-s5-e1-d1w-p01,24ffd9b1737d030752785836bd5868fd2bf79378d66c43e34e820495df755584,0,2644,0
2,ex2-s5-e1-d1w-p01,24ffd9b1737d030752785836bd5868fd2bf79378d66c43e34e820495df755584,0,2645,100
2,ex2-s5-e1-d1w-p01,24ffd9b1737d030752785836bd5868fd2bf79378d66c43e34e820495df755584,0,2646,0
2,ex2-s5-e1-d1w-p01,24ffd9b1737d030752785836bd5868fd2bf79378d66c43e34e820495df755584,0,2647,0
2,ex2-s5-e1-d1w-p01,24ffd9b1737d030752785836bd5868fd2bf79378d66c43e34e820495df755584,0,2648,0
2,ex2-s5-e1-d1w-p01,24ffd9b1737d030752785836bd5868fd2bf79378d66c43e34e820495df755584,0,2649,100
2,ex2-s5-e1-d1w-p01,24ffd9b1737d030752785836bd5868fd2bf79378d66c43e34e820495df755584,0,2650,0
2,ex2-s5-e1-d1w-p01,24ffd9b1737d030752785836bd5868fd2bf79378d66c43e34e820495df755584,0,2651,0
2,ex2-s5-e1-d1w-p01,24ffd9b1737d030752785836bd5868fd2bf79378d66c43e34e820495df755584,0,2652,100
2,ex2-s5-e1-d1w-p01,24ffd9b1737d030752785836bd5868fd2bf79378d66c43e34e820495df755584,0,2653,0
2,ex2-s5-e1-d1w-p01,24ffd9b1737d030752785836bd5868fd2bf79378d66c43e34e820495df755584,0,2654,0
2,ex2-s5-e1-d1w-p01,24ffd9b1737d030752785836bd5868fd2bf79378d66c43e34e820495df755584,0,2655,0
2,ex2-s5-e1-d1w-p01,24ffd9b1737d030752785836bd5868fd2bf79378d66c43e34e820495df755584,0,2656,100
2,ex2-s5-e1-d1w-p01,24ffd9b1737d030752785836bd5868fd2bf79378d66c43e34e820495df755584,0,2657,0
2,ex2-s5-e1-d1w-p01,24ffd9b1737d030752785836bd5868fd2bf79378d66c43e34e820495df755584,0,2658,0
2,ex2-s5-e1-d1w-p01,24ffd9b1737d030752785836bd5868fd2bf79378d66c43e34e820495df755584,0,2659,0
2,ex2-s5-e1-d1w-p01,24ffd9b1737d030752785836bd5868fd2bf79378d66c43e34e820495df755584,0,2660,100
2,ex2-s5-e1-d1w-p01,24ffd9b1737d030752785836bd5868fd2bf79378d66c43e34e820495df755584,0,2661,0
2,ex2-s5-e1-d1w-p01,24ffd9b1737d030752785836bd5868fd2bf79378d66c43e34e820495df755584,0,2662,0
2,ex2-s5-e1-d1w-p01,24ffd9b1737d030752785836bd5868fd2bf79378d66c43e34e820495df755584,0,2663,100
2,ex2-s5-e1-d1w-p01,24ffd9b1737d030752785836bd5868fd2bf79378d66c43e34e820495df755584,0,2664,0
2,ex2-s5-e1-d1w-p01,24ffd9b1737d030752785836bd5868fd2bf79378d66c43e34e820495df755584,0,2665,0
2,ex2-s5-e1-d1w-p01,24ffd9b1737d030752785836bd5868fd2bf79378d66c43e34e820495df755584,0,2666,0
2,ex2-s5-e1-d1w-p01,24ffd9b1737d030752785836bd5868fd2bf79378d66c43e34e820495df755584,0,2667,100
2,ex2-s5-e1-d1w-p01,24ffd9b1737d030752785836bd5868fd2bf79378d66c43e34e820495df755584,0,2668,0
2,ex2-s5-e1-d1w-p01,24ffd9b1737d030752785836bd5868fd2bf79378d66c43e34e820495df755584,0,2669,0
2,ex2-s5-e1-d1w-p01,24ffd9b1737d030752785836bd5868fd2bf79378d66c43e34e820495df755584,0,2670,0
2,ex2-s5-e1-d1w-p01,24ffd9b1737d030752785836bd5868fd2bf79378d66c43e34e820495df755584,0,2671,100
2,ex2-s5-e1-d1w-p01,24ffd9b1737d030752785836bd5868fd2bf79378d66c43e34e820495df755584,0,2672,0
2,ex2-s5-e1-d1w-p01,24ffd9b1737d030752785836bd5868fd2bf79378d66c43e34e820495df755584,0,2673,0
2,ex2-s5-e1-d1w-p01,24ffd9b1737d030752785836bd5868fd2bf79378d66c43e34e820495df755584,0,2674,100
2,ex2-s5-e1-d1w-p01,24ffd9b1737d030752785836bd5868fd2bf79378d66c43e34e820495df755584,0,2675,0
2,ex2-s5-e1-d1w-p01,24ffd9b1737d030752785836bd5868fd2bf79378d66c43e34e820495df755584,0,2676,0
2,ex2-s5-e1-d1w-p01,24ffd9b1737d030752785836bd5868fd2bf79378d66c43e34e820495df755584,0,2677,0
2,ex2-s5-e1-d1w-p01,24ffd9b1737d030752785836bd5868fd2bf79378d66c43e34e820495df755584,0,2678,100
2,ex2-s5-e1-d1w-p01,24ffd9b1737d030752785836bd5868fd2bf79378d66c43e34e820495df755584,0,2679,0
2,ex2-s5-e1-d1w-p01,24ffd9b1737d030752785836bd5868fd2bf79378d66c43e34e820495df755584,0,2680,0
2,ex2-s5-e1-d1w-p01,24ffd9b1737d030752785836bd5868fd2bf79378d66c43e34e820495df755584,0,2681,0
2,ex2-s5-e1-d1w-p01,24ffd9b1737d030752785836bd5868fd2bf79378d66c43e34e820495df755584,0,2682,100
2,ex2-s5-e1-d1w-p01,24ffd9b1737d030752785836bd5868fd2bf79378d66c43e34e820495df755584,0,2683,0
2,ex2-s5-e1-d1w-p01,24ffd9b1737d030752785836bd5868fd2bf79378d66c43e34e820495df755584,0,2684,0
2,ex2-s5-e1-d1w-p01,24ffd9b1737d030752785836bd5868fd2bf79378d66c43e34e820495df755584,0,2685,100
2,ex2-s5-e1-d1w-p01,24ffd9b1737d030752785836bd5868fd2bf79378d66c43e34e820495df755584,0,2686,0
2,ex2-s5-e1-d1w-p01,24ffd9b1737d030752785836bd5868fd2bf79378d66c43e34e820495df755584,0,2687,0
2,ex2-s5-e1-d1w-p01,24ffd9b1737d030752785836bd5868fd2bf79378d66c43e34e820495df755584,0,2688,0
2,ex2-s5-e1-d1w-p01,24ffd9b1737d030752785836bd5868fd2bf79378d66c43e34e820495df755584,0,2689,100
2,ex2-s5-e1-d1w-p01,24ffd9b1737d030752785836bd5868fd2bf79378d66c43e34e820495df755584,0,2690,0
2,ex2-s5-e1-d1w-p01,24ffd9b1737d030752785836bd5868fd2bf79378d66c43e34e820495df755584,0,2691,0
2,ex2-s5-e1-d1w-p01,24ffd9b1737d030752785836bd5868fd2bf79378d66c43e34e820495df755584,0,2692,0
2,ex2-s5-e1-d1w-p01,24ffd9b1737d030752785836bd5868fd2bf79378d66c43e34e820495df755584,0,2693,100
2,ex2-s5-e1-d1w-p01,24ffd9b1737d030752785836bd5868fd2bf79378d66c43e34e820495df755584,0,2694,0
2,ex2-s5-e1-d1w-p01,24ffd9b1737d030752785836bd5868fd2bf79378d66c43e34e820495df755584,0,2695,0
2,ex2-s5-e1-d1w-p01,24ffd9b1737d030752785836bd5868fd2bf79378d66c43e34e820495df755584,0,2696,100
2,ex2-s5-e1-d1w-p01,24ffd9b1737d030752785836bd5868fd2bf79378d66c43e34e820495df755584,0,2697,0
2,ex2-s5-e1-d1w-p01,24ffd9b1737d030752785836bd5868fd2bf79378d66c43e34e820495df755584,0,2698,0
2,ex2-s5-e1-d1w-p01,24ffd9b1737d030752785836bd5868fd2bf79378d66c43e34e820495df755584,0,2699,0
2,ex2-s5-e1-d1w-p01,24ffd9b1737d030752785836bd5868fd2bf79378d66c43e34e820495df755584,0,2700,100
2,ex2-s5-e1-d1w-p01,24ffd9b1737d030752785836bd5868fd2bf79378d66c43e34e820495df755584,0,2701,0
2,ex2-s5-e1-d1w-p01,24ffd9b1737d030752785836bd5868fd2bf79378d66c43e34e820495df755584,0,2702,0
2,ex2-s5-e1-d1w-p01,24ffd9b1737d030752785836bd5868fd2bf79378d66c43e34e820495df755584,0,2703,0
2,ex2-s5-e1-d1w-p01,24ffd9b1737d030752785836bd5868fd2bf79378d66c43e34e820495df755584,0,2704,100
2,ex2-s5-e1-d1w-p01,24ffd9b1737d030752785836bd5868fd2bf79378d66c43e34e820495df755584,0,2705,0
2,ex2-s5-e1-d1w-p01,24ffd9b1737d030752785836bd5868fd2bf79378d66c43e34e820495df755584,0,2706,0
2,ex2-s5-e1-d1w-p01,24ffd9b1737d030752785836bd5868fd2bf79378d66c43e34e820495df755584,0,2707,100
2,ex2-s5-e1-d1w-p01,24ffd9b1737d030752785836bd5868fd2bf79378d66c43e34e820495df755584,0,2708,0
2,ex2-s5-e1-d1w-p01,24ffd9b1737d030752785836bd5868fd2bf79378d66c43e34e820495df755584,0,2709,0
2,ex2-s5-e1-d1w-p01,24ffd9b1737d030752785836bd5868fd2bf79378d66c43e34e820495df755584,0,2710,0
2,ex2-s5-e1-d1w-p01,24ffd9b1737d030752785836bd5868fd2bf79378d66c43e34e820495df755584,0,2711,100
2,ex2-s5-e1-d1w-p01,24ffd9b1737d030752785836bd5868fd2bf79378d66c43e34e820495df755584,0,2712,0
2,ex2-s5-e1-d1w-p01,24ffd9b1737d030752785836bd5868fd2bf79378d66c43e34e820495df755584,0,2713,0
2,ex2-s5-e1-d1w-p01,24ffd9b1737d030752785836bd5868fd2bf79378d66c43e34e820495df755584,0,2714,0
2,ex2-s5-e1-d1w-p01,24ffd9b1737d030752785836bd5868fd2bf79378d66c43e34e820495df755584,0,2715,100
2,ex2-s5-e1-d1w-p01,24ffd9b1737d030752785836bd5868fd2bf79378d66c43e34e820495df755584,0,2716,0
2,ex2-s5-e1-d1w-p01,24ffd9b1737d030752785836bd5868fd2bf79378d66c43e34e820495df755584,0,2717,0
2,ex2-s5-e1-d1w-p01,24ffd9b1737d030752785836bd5868fd2bf79378d66c43e34e820495df755584,0,2718,100
2,ex2-s5-e1-d1w-p01,24ffd9b1737d030752785836bd5868fd2bf79378d66c43e34e820495df755584,0,2719,0
2,ex2-s5-e1-d1w-p01,24ffd9b1737d030752785836bd5868fd2bf79378d66c43e34e820495df755584,0,2720,0
2,ex2-s5-e1-d1w-p01,24ffd9b1737d030752785836bd5868fd2bf79378d66c43e34e820495df755584,0,2721,0
2,ex2-s5-e1-d1w-p01,24ffd9b1737d030752785836bd5868fd2bf79378d66c43e34e820495df755584,0,2722,100
2,ex2-s5-e1-d1w-p01,24ffd9b1737d030752785836bd5868fd2bf79378d66c43e34e820495df755584,0,2723,0
2,ex2-s5-e1-d1w-p01,24ffd9b1737d030752785836bd5868fd2bf79378d66c43e34e820495df755584,0,2724,0
2,ex2-s5-e1-d1w-p01,24ffd9b1737d030752785836bd5868fd2bf79378d66c43e34e820495df755584,0,2725,0
2,ex2-s5-e1-d1w-p01,24ffd9b1737d030752785836bd5868fd2bf79378d66c43e34e820495df755584,0,2726,100
2,ex2-s5-e1-d1w-p01,24ffd9b1737d030752785836bd5868fd2bf79378d66c43e34e820495df755584,0,2727,0
2,ex2-s5-e1-d1w-p01,24ffd9b1737d030752785836bd5868fd2bf79378d66c43e34e820495df755584,0,2728,0
2,ex2-s5-e1-d1w-p01,24ffd9b1737d030752785836bd5868fd2bf79378d66c43e34e820495df755584,0,2729,100
2,ex2-s5-e1-d1w-p01,24ffd9b1737d030752785836bd5868fd2bf79378d66c43e34e820495df755584,0,2730,0
2,ex2-s5-e1-d1w-p01,24ffd9b1737d030752785836bd5868fd2bf79378d66c43e34e820495df755584,0,2731,0
2,ex2-s5-e1-d1w-p01,24ffd9b1737d030752785836bd5868fd2bf79378d66c43e34e820495df755584,0,2732,0
2,ex2-s5-e1-d1w-p01,24ffd9b1737d030752785836bd5868fd2bf79378d66c43e34e820495df755584,0,2733,100
2,ex2-s5-e1-d1w-p01,24ffd9b1737d030752785836bd5868fd2bf79378d66c43e34e820495df755584,0,2734,0
2,ex2-s5-e1-d1w-p01,24ffd9b1737d030752785836bd5868fd2bf79378d66c43e34e820495df755584,0,2735,0
2,ex2-s5-e1-d1w-p01,24ffd9b1737d030752785836bd5868fd2bf79378d66c43e34e820495df755584,0,2736,100
2,ex2-s5-e1-d1w-p01,24ffd9b1737d030752785836bd5868fd2bf79378d66c43e34e820495df755584,0,2737,0
2,ex2-s5-e1-d1w-p01,24ffd9b1737d030752785836bd5868fd2bf79378d66c43e34e820495df755584,0,2738,0
2,ex2-s5-e1-d1w-p01,24ffd9b1737d030752785836bd5868fd2bf79378d66c43e34e820495df755584,0,2739,0
2,ex2-s5-e1-d1w-p01,24ffd9b1737d030752785836bd5868fd2bf79378d66c43e34e820495df755584,0,2740,100
2,ex2-s5-e1-d1w-p01,24ffd9b1737d030752785836bd5868fd2bf79378d66c43e34e820495df755584,0,2741,0
2,ex2-s5-e1-d1w-p01,24ffd9b1737d030752785836bd5868fd2bf79378d66c43e34e820495df755584,0,2742,0
2,ex2-s5-e1-d1w-p01,24ffd9b1737d030752785836bd5868fd2bf79378d66c43e34e820495df755584,0,2743,0
2,ex2-s5-e1-d1w-p01,24ffd9b1737d030752785836bd5868fd2bf79378d66c43e34e820495df755584,0,2744,100
2,ex2-s5-e1-d1w-p01,24ffd9b1737d030752785836bd5868fd2bf79378d66c43e34e820495df755584,0,2745,0
2,ex2-s5-e1-d1w-p01,24ffd9b1737d030752785836bd5868fd2bf79378d66c43e34e820495df755584,0,2746,0
2,ex2-s5-e1-d1w-p01,24ffd9b1737d030752785836bd5868fd2bf79378d66c43e34e820495df755584,0,2747,100
2,ex2-s5-e1-d1w-p01,24ffd9b1737d030752785836bd5868fd2bf79378d66c43e34e820495df755584,0,2748,0
2,ex2-s5-e1-d1w-p01,24ffd9b1737d030752785836bd5868fd2bf79378d66c43e34e820495df755584,0,2749,0
2,ex2-s5-e1-d1w-p01,24ffd9b1737d030752785836bd5868fd2bf79378d66c43e34e820495df755584,0,2750,0
2,ex2-s5-e1-d1w-p01,24ffd9b1737d030752785836bd5868fd2bf79378d66c43e34e820495df755584,0,2751,100
2,ex2-s5-e1-d1w-p01,24ffd9b1737d030752785836bd5868fd2bf79378d66c43e34e820495df755584,0,2752,0
2,ex2-s5-e1-d1w-p01,24ffd9b1737d030752785836bd5868fd2bf79378d66c43e34e820495df755584,0,2753,0
2,ex2-s5-e1-d1w-p01,24ffd9b1737d030752785836bd5868fd2bf79378d66c43e34e820495df755584,0,2754,0
2,ex2-s5-e1-d1w-p01,24ffd9b1737d030752785836bd5868fd2bf79378d66c43e34e820495df755584,0,2755,100
2,ex2-s5-e1-d1w-p01,24ffd9b1737d030752785836bd5868fd2bf79378d66c43e34e820495df755584,0,2756,0
2,ex2-s5-e1-d1w-p01,24ffd9b1737d030752785836bd5868fd2bf79378d66c43e34e820495df755584,0,2757,0
2,ex2-s5-e1-d1w-p01,24ffd9b1737d030752785836bd5868fd2bf79378d66c43e34e820495df755584,0,2758,100
2,ex2-s5-e1-d1w-p01,24ffd9b1737d030752785836bd5868fd2bf79378d66c43e34e820495df755584,0,2759,0
2,ex2-s5-e1-d1w-p01,24ffd9b1737d030752785836bd5868fd2bf79378d66c43e34e820495df755584,0,2760,0
2,ex2-s5-e1-d1w-p01,24ffd9b1737d030752785836bd5868fd2bf79378d66c43e34e820495df755584,0,2761,0
2,ex2-s5-e1-d1w-p01,24ffd9b1737d030752785836bd5868fd2bf79378d66c43e34e820495df755584,0,2762,100
2,ex2-s5-e1-d1w-p01,24ffd9b1737d030752785836bd5868fd2bf79378d66c43e34e820495df755584,0,2763,0
2,ex2-s5-e1-d1w-p01,24ffd9b1737d030752785836bd5868fd2bf79378d66c43e34e820495df755584,0,2764,0
2,ex2-s5-e1-d1w-p01,24ffd9b1737d030752785836bd5868fd2bf79378d66c43e34e820495df755584,0,2765,0
2,ex2-s5-e1-d1w-p01,24ffd9b1737d030752785836bd5868fd2bf79378d66c43e34e820495df755584,0,2766,100
2,ex2-s5-e1-d1w-p01,24ffd9b1737d030752785836bd5868fd2bf79378d66c43e34e820495df755584,0,2767,0
2,ex2-s5-e1-d1w-p01,24ffd9b1737d030752785836bd5868fd2bf79378d66c43e34e820495df755584,0,2768,0
2,ex2-s5-e1-d1w-p01,24ffd9b1737d030752785836bd5868fd2bf79378d66c43e34e820495df755584,0,2769,100
2,ex2-s5-e1-d1w-p01,24ffd9b1737d030752785836bd5868fd2bf79378d66c43e34e820495df755584,0,2770,0
2,ex2-s5-e1-d1w-p01,24ffd9b1737d030752785836bd5868fd2bf79378d66c43e34e820495df755584,0,2771,0
2,ex2-s5-e1-d1w-p01,24ffd9b1737d030752785836bd5868fd2bf79378d66c43e34e820495df755584,0,2772,0
2,ex2-s5-e1-d1w-p01,24ffd9b1737d030752785836bd5868fd2bf79378d66c43e34e820495df755584,0,2773,100
2,ex2-s5-e1-d1w-p01,24ffd9b1737d030752785836bd5868fd2bf79378d66c43e34e820495df755584,0,2774,0
2,ex2-s5-e1-d1w-p01,24ffd9b1737d030752785836bd5868fd2bf79378d66c43e34e820495df755584,0,2775,0
2,ex2-s5-e1-d1w-p01,24ffd9b1737d030752785836bd5868fd2bf79378d66c43e34e820495df755584,0,2776,0
2,ex2-s5-e1-d1w-p01,24ffd9b1737d030752785836bd5868fd2bf79378d66c43e34e820495df755584,0,2777,100
2,ex2-s5-e1-d1w-p01,24ffd9b1737d030752785836bd5868fd2bf79378d66c43e34e820495df755584,0,2778,0
2,ex2-s5-e1-d1w-p01,24ffd9b1737d030752785836bd5868fd2bf79378d66c43e34e820495df755584,0,2779,0
2,ex2-s5-e1-d1w-p01,24ffd9b1737d030752785836bd5868fd2bf79378d66c43e34e820495df755584,0,2780,100
2,ex2-s5-e1-d1w-p01,24ffd9b1737d030752785836bd5868fd2bf79378d66c43e34e820495df755584,0,2781,0
2,ex2-s5-e1-d1w-p01,24ffd9b1737d030752785836bd5868fd2bf79378d66c43e34e820495df755584,0,2782,0
2,ex2-s5-e1-d1w-p01,24ffd9b1737d030752785836bd5868fd2bf79378d66c43e34e820495df755584,0,2783,0
2,ex2-s5-e1-d1w-p01,24ffd9b1737d030752785836bd5868fd2bf79378d66c43e34e820495df755584,0,2784,100
2,ex2-s5-e1-d1w-p01,24ffd9b1737d030752785836bd5868fd2bf79378d66c43e34e820495df755584,0,2785,0
2,ex2-s5-e1-d1w-p01,24ffd9b1737d030752785836bd5868fd2bf79378d66c43e34e820495df755584,0,2786,0
2,ex2-s5-e1-d1w-p01,24ffd9b1737d030752785836bd5868fd2bf79378d66c43e34e820495df755584,0,2787,0
2,ex2-s5-e1-d1w-p01,24ffd9b1737d030752785836bd5868fd2bf79378d66c43e34e820495df755584,0,2788,100
2,ex2-s5-e1-d1w-p01,24ffd9b1737d030752785836bd5868fd2bf79378d66c43e34e820495df755584,0,2789,0
2,ex2-s5-e1-d1w-p01,24ffd9b1737d030752785836bd5868fd2bf79378d66c43e34e820495df755584,0,2790,0
2,ex2-s5-e1-d1w-p01,24ffd9b1737d030752785836bd5868fd2bf79378d66c43e34e820495df755584,0,2791,100
2,ex2-s5-e1-d1w-p01,24ffd9b1737d030752785836bd5868fd2bf79378d66c43e34e820495df755584,0,2792,0
2,ex2-s5-e1-d1w-p01,24ffd9b1737d030752785836bd5868fd2bf79378d66c43e34e820495df755584,0,2793,0
2,ex2-s5-e1-d1w-p01,24ffd9b1737d030752785836bd5868fd2bf79378d66c43e34e820495df755584,0,2794,0
2,ex2-s5-e1-d1w-p01,24ffd9b1737d030752785836bd5868fd2bf79378d66c43e34e820495df755584,0,2795,100
2,ex2-s5-e1-d1w-p01,24ffd9b1737d030752785836bd5868fd2bf79378d66c43e34e820495df755584,0,2796,0
2,ex2-s5-e1-d1w-p01,24ffd9b1737d030752785836bd5868fd2bf79378d66c43e34e820495df755584,0,2797,0
2,ex2-s5-e1-d1w-p01,24ffd9b1737d030752785836bd5868fd2bf79378d66c43e34e820495df755584,0,2798,0
2,ex2-s5-e1-d1w-p01,24ffd9b1737d030752785836bd5868fd2bf79378d66c43e34e820495df755584,0,2799,100
2,ex2-s5-e1-d1w-p01,24ffd9b1737d030752785836bd5868fd2bf79378d66c43e34e820495df755584,0,2800,0
2,ex2-s5-e1-d1w-p01,24ffd9b1737d030752785836bd5868fd2bf79378d66c43e34e820495df755584,0,2801,0
2,ex2-s5-e1-d1w-p01,24ffd9b1737d030752785836bd5868fd2bf79378d66c43e34e820495df755584,0,2802,100
2,ex2-s5-e1-d1w-p01,24ffd9b1737d030752785836bd5868fd2bf79378d66c43e34e820495df755584,0,2803,0
2,ex2-s5-e1-d1w-p01,24ffd9b1737d030752785836bd5868fd2bf79378d66c43e34e820495df755584,0,2804,0
2,ex2-s5-e1-d1w-p01,24ffd9b1737d030752785836bd5868fd2bf79378d66c43e34e820495df755584,0,2805,0
2,ex2-s5-e1-d1w-p01,24ffd9b1737d030752785836bd5868fd2bf79378d66c43e34e820495df755584,0,2806,100
2,ex2-s5-e1-d1w-p01,24ffd9b1737d030752785836bd5868fd2bf79378d66c43e34e820495df755584,0,2807,0
2,ex2-s5-e1-d1w-p01,24ffd9b1737d030752785836bd5868fd2bf79378d66c43e34e820495df755584,0,2808,0
2,ex2-s5-e1-d1w-p01,24ffd9b1737d030752785836bd5868fd2bf79378d66c43e34e820495df755584,0,2809,100
2,ex2-s5-e1-d1w-p01,24ffd9b1737d030752785836bd5868fd2bf79378d66c43e34e820495df755584,0,2810,0
2,ex2-s5-e1-d1w-p01,24ffd9b1737d030752785836bd5868fd2bf79378d66c43e34e820495df755584,0,2811,0
2,ex2-s5-e1-d1w-p01,24ffd9b1737d030752785836bd5868fd2bf79378d66c43e34e820495df755584,0,2812,0
2,ex2-s5-e1-d1w-p01,24ffd9b1737d030752785836bd5868fd2bf79378d66c43e34e820495df755584,0,2813,100
2,ex2-s5-e1-d1w-p01,24ffd9b1737d030752785836bd5868fd2bf79378d66c43e34e820495df755584,0,2814,0
2,ex2-s5-e1-d1w-p01,24ffd9b1737d030752785836bd5868fd2bf79378d66c43e34e820495df755584,0,2815,0
2,ex2-s5-e1-d1w-p01,24ffd9b1737d030752785836bd5868fd2bf79378d66c43e34e820495df755584,0,2816,0
2,ex2-s5-e1-d1w-p01,24ffd9b1737d030752785836bd5868fd2bf79378d66c43e34e820495df755584,0,2817,100
2,ex2-s5-e1-d1w-p01,24ffd9b1737d030752785836bd5868fd2bf79378d66c43e34e820495df755584,0,2818,0
2,ex2-s5-e1-d1w-p01,24ffd9b1737d030752785836bd5868fd2bf79378d66c43e34e820495df755584,0,2819,0
2,ex2-s5-e1-d1w-p01,24ffd9b1737d030752785836bd5868fd2bf79378d66c43e34e820495df755584,0,2820,100
2,ex2-s5-e1-d1w-p01,24ffd9b1737d030752785836bd5868fd2bf79378d66c43e34e820495df755584,0,2821,0
2,ex2-s5-e1-d1w-p01,24ffd9b1737d030752785836bd5868fd2bf79378d66c43e34e820495df755584,0,2822,0
2,ex2-s5-e1-d1w-p01,24ffd9b1737d030752785836bd5868fd2bf79378d66c43e34e820495df755584,0,2823,0
2,ex2-s5-e1-d1w-p01,24ffd9b1737d030752785836bd5868fd2bf79378d66c43e34e820495df755584,0,2824,100
2,ex2-s5-e1-d1w-p01,24ffd9b1737d030752785836bd5868fd2bf79378d66c43e34e820495df755584,0,2825,0
2,ex2-s5-e1-d1w-p01,24ffd9b1737d030752785836bd5868fd2bf79378d66c43e34e820495df755584,0,2826,0
2,ex2-s5-e1-d1w-p01,24ffd9b1737d030752785836bd5868fd2bf79378d66c43e34e820495df755584,0,2827,0
2,ex2-s5-e1-d1w-p01,24ffd9b1737d030752785836bd5868fd2bf79378d66c43e34e820495df755584,0,2828,100
2,ex2-s5-e1-d1w-p01,24ffd9b1737d030752785836bd5868fd2bf79378d66c43e34e820495df755584,0,2829,0
2,ex2-s5-e1-d1w-p01,24ffd9b1737d030752785836bd5868fd2bf79378d66c43e34e820495df755584,0,2830,0
2,ex2-s5-e1-d1w-p01,24ffd9b1737d030752785836bd5868fd2bf79378d66c43e34e820495df755584,0,2831,100
2,ex2-s5-e1-d1w-p01,24ffd9b1737d030752785836bd5868fd2bf79378d66c43e34e820495df755584,0,2832,0
2,ex2-s5-e1-d1w-p01,24ffd9b1737d030752785836bd5868fd2bf79378d66c43e34e820495df755584,0,2833,0
2,ex2-s5-e1-d1w-p01,24ffd9b1737d030752785836bd5868fd2bf79378d66c43e34e820495df755584,0,2834,0
2,ex2-s5-e1-d1w-p01,24ffd9b1737d030752785836bd5868fd2bf79378d66c43e34e820495df755584,0,2835,100
2,ex2-s5-e1-d1w-p01,24ffd9b1737d030752785836bd5868fd2bf79378d66c43e34e820495df755584,0,2836,0
2,ex2-s5-e1-d1w-p01,24ffd9b1737d030752785836bd5868fd2bf79378d66c43e34e820495df755584,0,2837,0
2,ex2-s5-e1-d1w-p01,24ffd9b1737d030752785836bd5868fd2bf79378d66c43e34e820495df755584,0,2838,0
2,ex2-s5-e1-d1w-p01,24ffd9b1737d030752785836bd5868fd2bf79378d66c43e34e820495df755584,0,2839,100
2,ex2-s5-e1-d1w-p01,24ffd9b1737d030752785836bd5868fd2bf79378d66c43e34e820495df755584,0,2840,0
2,ex2-s5-e1-d1w-p01,24ffd9b1737d030752785836bd5868fd2bf79378d66c43e34e820495df755584,0,2841,0
2,ex2-s5-e1-d1w-p01,24ffd9b1737d030752785836bd5868fd2bf79378d66c43e34e820495df755584,0,2842,100
2,ex2-s5-e1-d1w-p01,24ffd9b1737d030752785836bd5868fd2bf79378d66c43e34e820495df755584,0,2843,0
2,ex2-s5-e1-d1w-p01,24ffd9b1737d030752785836bd5868fd2bf79378d66c43e34e820495df755584,0,2844,0
2,ex2-s5-e1-d1w-p01,24ffd9b1737d030752785836bd5868fd2bf79378d66c43e34e820495df755584,0,2845,0
2,ex2-s5-e1-d1w-p01,24ffd9b1737d030752785836bd5868fd2bf79378d66c43e34e820495df755584,0,2846,100
2,ex2-s5-e1-d1w-p01,24ffd9b1737d030752785836bd5868fd2bf79378d66c43e34e820495df755584,0,2847,0
2,ex2-s5-e1-d1w-p01,24ffd9b1737d030752785836bd5868fd2bf79378d66c43e34e820495df755584,0,2848,0
2,ex2-s5-e1-d1w-p01,24ffd9b1737d030752785836bd5868fd2bf79378d66c43e34e820495df755584,0,2849,0
2,ex2-s5-e1-d1w-p01,24ffd9b1737d030752785836bd5868fd2bf79378d66c43e34e820495df755584,0,2850,100
2,ex2-s5-e1-d1w-p01,24ffd9b1737d030752785836bd5868fd2bf79378d66c43e34e820495df755584,0,2851,0
2,ex2-s5-e1-d1w-p01,24ffd9b1737d030752785836bd5868fd2bf79378d66c43e34e820495df755584,0,2852,0
2,ex2-s5-e1-d1w-p01,24ffd9b1737d030752785836bd5868fd2bf79378d66c43e34e820495df755584,0,2853,100
2,ex2-s5-e1-d1w-p01,24ffd9b1737d030752785836bd5868fd2bf79378d66c43e34e820495df755584,0,2854,0
2,ex2-s5-e1-d1w-p01,24ffd9b1737d030752785836bd5868fd2bf79378d66c43e34e820495df755584,0,2855,0
2,ex2-s5-e1-d1w-p01,24ffd9b1737d030752785836bd5868fd2bf79378d66c43e34e820495df755584,0,2856,0
2,ex2-s5-e1-d1w-p01,24ffd9b1737d030752785836bd5868fd2bf79378d66c43e34e820495df755584,0,2857,100
2,ex2-s5-e1-d1w-p01,24ffd9b1737d030752785836bd5868fd2bf79378d66c43e34e820495df755584,0,2858,0
2,ex2-s5-e1-d1w-p01,24ffd9b1737d030752785836bd5868fd2bf79378d66c43e34e820495df755584,0,2859,0
2,ex2-s5-e1-d1w-p01,24ffd9b1737d030752785836bd5868fd2bf79378d66c43e34e820495df755584,0,2860,0
2,ex2-s5-e1-d1w-p01,24ffd9b1737d030752785836bd5868fd2bf79378d66c43e34e820495df755584,0,2861,100
2,ex2-s5-e1-d1w-p01,24ffd9b1737d030752785836bd5868fd2bf79378d66c43e34e820495df755584,0,2862,0
2,ex2-s5-e1-d1w-p01,24ffd9b1737d030752785836bd5868fd2bf79378d66c43e34e820495df755584,0,2863,0
2,ex2-s5-e1-d1w-p01,24ffd9b1737d030752785836bd5868fd2bf79378d66c43e34e820495df755584,0,2864,100
2,ex2-s5-e1-d1w-p01,24ffd9b1737d030752785836bd5868fd2bf79378d66c43e34e820495df755584,0,2865,0
2,ex2-s5-e1-d1w-p01,24ffd9b1737d030752785836bd5868fd2bf79378d66c43e34e820495df755584,0,2866,0
2,ex2-s5-e1-d1w-p01,24ffd9b1737d030752785836bd5868fd2bf79378d66c43e34e820495df755584,0,2867,0
2,ex2-s5-e1-d1w-p01,24ffd9b1737d030752785836bd5868fd2bf79378d66c43e34e820495df755584,0,2868,100
2,ex2-s5-e1-d1w-p01,24ffd9b1737d030752785836bd5868fd2bf79378d66c43e34e820495df755584,0,2869,0
2,ex2-s5-e1-d1w-p01,24ffd9b1737d030752785836bd5868fd2bf79378d66c43e34e820495df755584,0,2870,0
2,ex2-s5-e1-d1w-p01,24ffd9b1737d030752785836bd5868fd2bf79378d66c43e34e820495df755584,0,2871,100
2,ex2-s5-e1-d1w-p01,24ffd9b1737d030752785836bd5868fd2bf79378d66c43e34e820495df755584,0,2872,0
2,ex2-s5-e1-d1w-p01,24ffd9b1737d030752785836bd5868fd2bf79378d66c43e34e820495df755584,0,2873,0
2,ex2-s5-e1-d1w-p01,24ffd9b1737d030752785836bd5868fd2bf79378d66c43e34e820495df755584,0,2874,0
2,ex2-s5-e1-d1w-p01,24ffd9b1737d030752785836bd5868fd2bf79378d66c43e34e820495df755584,0,2875,100
2,ex2-s5-e1-d1w-p01,24ffd9b1737d030752785836bd5868fd2bf79378d66c43e34e820495df755584,0,2876,0
2,ex2-s5-e1-d1w-p01,24ffd9b1737d030752785836bd5868fd2bf79378d66c43e34e820495df755584,0,2877,0
2,ex2-s5-e1-d1w-p01,24ffd9b1737d030752785836bd5868fd2bf79378d66c43e34e820495df755584,0,2878,0
2,ex2-s5-e1-d1w-p01,24ffd9b1737d030752785836bd5868fd2bf79378d66c43e34e820495df755584,0,2879,100
2,ex2-s5-e1-d1w-p01,24ffd9b1737d030752785836bd5868fd2bf79378d66c43e34e820495df755584,0,2880,0
2,ex2-s5-e1-d1w-p01,24ffd9b1737d030752785836bd5868fd2bf79378d66c43e34e820495df755584,0,2881,0
2,ex2-s5-e1-d1w-p01,24ffd9b1737d030752785836bd5868fd2bf79378d66c43e34e820495df755584,0,2882,100
2,ex2-s5-e1-d1w-p01,24ffd9b1737d030752785836bd5868fd2bf79378d66c43e34e820495df755584,0,2883,0
2,ex2-s5-e1-d1w-p01,24ffd9b1737d030752785836bd5868fd2bf79378d66c43e34e820495df755584,0,2884,0
2,ex2-s5-e1-d1w-p01,24ffd9b1737d030752785836bd5868fd2bf79378d66c43e34e820495df755584,0,2885,0
2,ex2-s5-e1-d1w-p01,24ffd9b1737d030752785836bd5868fd2bf79378d66c43e34e820495df755584,0,2886,100
2,ex2-s5-e1-d1w-p01,24ffd9b1737d030752785836bd5868fd2bf79378d66c43e34e820495df755584,0,2887,0
2,ex2-s5-e1-d1w-p01,24ffd9b1737d030752785836bd5868fd2bf79378d66c43e34e820495df755584,0,2888,0
2,ex2-s5-e1-d1w-p01,24ffd9b1737d030752785836bd5868fd2bf79378d66c43e34e820495df755584,0,2889,0
2,ex2-s5-e1-d1w-p01,24ffd9b1737d030752785836bd5868fd2bf79378d66c43e34e820495df755584,0,2890,100
2,ex2-s5-e1-d1w-p01,24ffd9b1737d030752785836bd5868fd2bf79378d66c43e34e820495df755584,0,2891,0
2,ex2-s5-e1-d1w-p01,24ffd9b1737d030752785836bd5868fd2bf79378d66c43e34e820495df755584,0,2892,0
2,ex2-s5-e1-d1w-p01,24ffd9b1737d030752785836bd5868fd2bf79378d66c43e34e820495df755584,0,2893,100
2,ex2-s5-e1-d1w-p01,24ffd9b1737d030752785836bd5868fd2bf79378d66c43e34e820495df755584,0,2894,0
2,ex2-s5-e1-d1w-p01,24ffd9b1737d030752785836bd5868fd2bf79378d66c43e34e820495df755584,0,2895,0
2,ex2-s5-e1-d1w-p01,24ffd9b1737d030752785836bd5868fd2bf79378d66c43e34e820495df755584,0,2896,0
2,ex2-s5-e1-d1w-p01,24ffd9b1737d030752785836bd5868fd2bf79378d66c43e34e820495df755584,0,2897,100
2,ex2-s5-e1-d1w-p01,24ffd9b1737d030752785836bd5868fd2bf79378d66c43e34e820495df755584,0,2898,0
2,ex2-s5-e1-d1w-p01,24ffd9b1737d030752785836bd5868fd2bf79378d66c43e34e820495df755584,0,2899,0
2,ex2-s5-e1-d1w-p01,24ffd9b1737d030752785836bd5868fd2bf79378d66c43e34e820495df755584,0,2900,0
2,ex2-s5-e1-d1w-p01,24ffd9b1737d030752785836bd5868fd2bf79378d66c43e34e820495df755584,0,2901,100
2,ex2-s5-e1-d1w-p01,24ffd9b1737d030752785836bd5868fd2bf79378d66c43e34e820495df755584,0,2902,0
2,ex2-s5-e1-d1w-p01,24ffd9b1737d030752785836bd5868fd2bf79378d66c43e34e820495df755584,0,2903,0
2,ex2-s5-e1-d1w-p01,24ffd9b1737d030752785836bd5868fd2bf79378d66c43e34e820495df755584,0,2904,100
2,ex2-s5-e1-d1w-p01,24ffd9b1737d030752785836bd5868fd2bf79378d66c43e34e820495df755584,0,2905,0
2,ex2-s5-e1-d1w-p01,24ffd9b1737d030752785836bd5868fd2bf79378d66c43e34e820495df755584,0,2906,0
2,ex2-s5-e1-d1w-p01,24ffd9b1737d030752785836bd5868fd2bf79378d66c43e34e820495df755584,0,2907,0
2,ex2-s5-e1-d1w-p01,24ffd9b1737d030752785836bd5868fd2bf79378d66c43e34e820495df755584,0,2908,100
2,ex2-s5-e1-d1w-p01,24ffd9b1737d030752785836bd5868fd2bf79378d66c43e34e820495df755584,0,2909,0
2,ex2-s5-e1-d1w-p01,24ffd9b1737d030752785836bd5868fd2bf79378d66c43e34e820495df755584,0,2910,0
2,ex2-s5-e1-d1w-p01,24ffd9b1737d030752785836bd5868fd2bf79378d66c43e34e820495df755584,0,2911,100
2,ex2-s5-e1-d1w-p01,24ffd9b1737d030752785836bd5868fd2bf79378d66c43e34e820495df755584,0,2912,0
2,ex2-s5-e1-d1w-p01,24ffd9b1737d030752785836bd5868fd2bf79378d66c43e34e820495df755584,0,2913,0
2,ex2-s5-e1-d1w-p01,24ffd9b1737d030752785836bd5868fd2bf79378d66c43e34e820495df755584,0,2914,0
2,ex2-s5-e1-d1w-p01,24ffd9b1737d030752785836bd5868fd2bf79378d66c43e34e820495df755584,0,2915,100
2,ex2-s5-e1-d1w-p01,24ffd9b1737d030752785836bd5868fd2bf79378d66c43e34e820495df755584,0,2916,0
2,ex2-s5-e1-d1w-p01,24ffd9b1737d030752785836bd5868fd2bf79378d66c43e34e820495df755584,0,2917,0
2,ex2-s5-e1-d1w-p01,24ffd9b1737d030752785836bd5868fd2bf79378d66c43e34e820495df755584,0,2918,100
2,ex2-s5-e1-d1w-p01,24ffd9b1737d030752785836bd5868fd2bf79378d66c43e34e820495df755584,0,2919,0
2,ex2-s5-e1-d1w-p01,24ffd9b1737d030752785836bd5868fd2bf79378d66c43e34e820495df755584,0,2920,0
2,ex2-s5-e1-d1w-p01,24ffd9b1737d030752785836bd5868fd2bf79378d66c43e34e820495df755584,0,2921,0
2,ex2-s5-e1-d1w-p01,24ffd9b1737d030752785836bd5868fd2bf79378d66c43e34e820495df755584,0,2922,100
2,ex2-s5-e1-d1w-p01,24ffd9b1737d030752785836bd5868fd2bf79378d66c43e34e820495df755584,0,2923,0
2,ex2-s5-e1-d1w-p01,24ffd9b1737d030752785836bd5868fd2bf79378d66c43e34e820495df755584,0,2924,0
2,ex2-s5-e1-d1w-p01,24ffd9b1737d030752785836bd5868fd2bf79378d66c43e34e820495df755584,0,2925,0
2,ex2-s5-e1-d1w-p01,24ffd9b1737d030752785836bd5868fd2bf79378d66c43e34e820495df755584,0,2926,100
2,ex2-s5-e1-d1w-p01,24ffd9b1737d030752785836bd5868fd2bf79378d66c43e34e820495df755584,0,2927,0
2,ex2-s5-e1-d1w-p01,24ffd9b1737d030752785836bd5868fd2bf79378d66c43e34e820495df755584,0,2928,0
2,ex2-s5-e1-d1w-p01,24ffd9b1737d030752785836bd5868fd2bf79378d66c43e34e820495df755584,0,2929,100
2,ex2-s5-e1-d1w-p01,24ffd9b1737d030752785836bd5868fd2bf79378d66c43e34e820495df755584,0,2930,0
2,ex2-s5-e1-d1w-p01,24ffd9b1737d030752785836bd5868fd2bf79378d66c43e34e820495df755584,0,2931,0
2,ex2-s5-e1-d1w-p01,24ffd9b1737d030752785836bd5868fd2bf79378d66c43e34e820495df755584,0,2932,0
2,ex2-s5-e1-d1w-p01,24ffd9b1737d030752785836bd5868fd2bf79378d66c43e34e820495df755584,0,2933,100
2,ex2-s5-e1-d1w-p01,24ffd9b1737d030752785836bd5868fd2bf79378d66c43e34e820495df755584,0,2934,0
2,ex2-s5-e1-d1w-p01,24ffd9b1737d030752785836bd5868fd2bf79378d66c43e34e820495df755584,0,2935,0
2,ex2-s5-e1-d1w-p01,24ffd9b1737d030752785836bd5868fd2bf79378d66c43e34e820495df755584,0,2936,0
2,ex2-s5-e1-d1w-p01,24ffd9b1737d030752785836bd5868fd2bf79378d66c43e34e820495df755584,0,2937,100
2,ex2-s5-e1-d1w-p01,24ffd9b1737d030752785836bd5868fd2bf79378d66c43e34e820495df755584,0,2938,0
2,ex2-s5-e1-d1w-p01,24ffd9b1737d030752785836bd5868fd2bf79378d66c43e34e820495df755584,0,2939,0
2,ex2-s5-e1-d1w-p01,24ffd9b1737d030752785836bd5868fd2bf79378d66c43e34e820495df755584,0,2940,100
2,ex2-s5-e1-d1w-p01,24ffd9b1737d030752785836bd5868fd2bf79378d66c43e34e820495df755584,0,2941,0
2,ex2-s5-e1-d1w-p01,24ffd9b1737d030752785836bd5868fd2bf79378d66c43e34e820495df755584,0,2942,0
2,ex2-s5-e1-d1w-p01,24ffd9b1737d030752785836bd5868fd2bf79378d66c43e34e820495df755584,0,2943,0
2,ex2-s5-e1-d1w-p01,24ffd9b1737d030752785836bd5868fd2bf79378d66c43e34e820495df755584,0,2944,100
2,ex2-s5-e1-d1w-p01,24ffd9b1737d030752785836bd5868fd2bf79378d66c43e34e820495df755584,0,2945,0
2,ex2-s5-e1-d1w-p01,24ffd9b1737d030752785836bd5868fd2bf79378d66c43e34e820495df755584,0,2946,0
2,ex2-s5-e1-d1w-p01,24ffd9b1737d030752785836bd5868fd2bf79378d66c43e34e820495df755584,0,2947,0
2,ex2-s5-e1-d1w-p01,24ffd9b1737d030752785836bd5868fd2bf79378d66c43e34e820495df755584,0,2948,100
2,ex2-s5-e1-d1w-p01,24ffd9b1737d030752785836bd5868fd2bf79378d66c43e34e820495df755584,0,2949,0
2,ex2-s5-e1-d1w-p01,24ffd9b1737d030752785836bd5868fd2bf79378d66c43e34e820495df755584,0,2950,0
2,ex2-s5-e1-d1w-p01,24ffd9b1737d030752785836bd5868fd2bf79378d66c43e34e820495df755584,0,2951,100
2,ex2-s5-e1-d1w-p01,24ffd9b1737d030752785836bd5868fd2bf79378d66c43e34e820495df755584,0,2952,0
2,ex2-s5-e1-d1w-p01,24ffd9b1737d030752785836bd5868fd2bf79378d66c43e34e820495df755584,0,2953,0
2,ex2-s5-e1-d1w-p01,24ffd9b1737d030752785836bd5868fd2bf79378d66c43e34e820495df755584,0,2954,0
2,ex2-s5-e1-d1w-p01,24ffd9b1737d030752785836bd5868fd2bf79378d66c43e34e820495df755584,0,2955,100
2,ex2-s5-e1-d1w-p01,24ffd9b1737d030752785836bd5868fd2bf79378d66c43e34e820495df755584,0,2956,0
2,ex2-s5-e1-d1w-p01,24ffd9b1737d030752785836bd5868fd2bf79378d66c43e34e820495df755584,0,2957,0
2,ex2-s5-e1-d1w-p01,24ffd9b1737d030752785836bd5868fd2bf79378d66c43e34e820495df755584,0,2958,0
2,ex2-s5-e1-d1w-p01,24ffd9b1737d030752785836bd5868fd2bf79378d66c43e34e820495df755584,0,2959,100
2,ex2-s5-e1-d1w-p01,24ffd9b1737d030752785836bd5868fd2bf79378d66c43e34e820495df755584,0,2960,0
2,ex2-s5-e1-d1w-p01,24ffd9b1737d030752785836bd5868fd2bf79378d66c43e34e820495df755584,0,2961,0
2,ex2-s5-e1-d1w-p01,24ffd9b1737d030752785836bd5868fd2bf79378d66c43e34e820495df755584,0,2962,100
2,ex2-s5-e1-d1w-p01,24ffd9b1737d030752785836bd5868fd2bf79378d66c43e34e820495df755584,0,2963,0
2,ex2-s5-e1-d1w-p01,24ffd9b1737d030752785836bd5868fd2bf79378d66c43e34e820495df755584,0,2964,0
2,ex2-s5-e1-d1w-p01,24ffd9b1737d030752785836bd5868fd2bf79378d66c43e34e820495df755584,0,2965,0
2,ex2-s5-e1-d1w-p01,24ffd9b1737d030752785836bd5868fd2bf79378d66c43e34e820495df755584,0,2966,100
2,ex2-s5-e1-d1w-p01,24ffd9b1737d030752785836bd5868fd2bf79378d66c43e34e820495df755584,0,2967,0
2,ex2-s5-e1-d1w-p01,24ffd9b1737d030752785836bd5868fd2bf79378d66c43e34e820495df755584,0,2968,0
2,ex2-s5-e1-d1w-p01,24ffd9b1737d030752785836bd5868fd2bf79378d66c43e34e820495df755584,0,2969,0
2,ex2-s5-e1-d1w-p01,24ffd9b1737d030752785836bd5868fd2bf79378d66c43e34e820495df755584,0,2970,100
2,ex2-s5-e1-d1w-p01,24ffd9b1737d030752785836bd5868fd2bf79378d66c43e34e820495df755584,0,2971,0
2,ex2-s5-e1-d1w-p01,24ffd9b1737d030752785836bd5868fd2bf79378d66c43e34e820495df755584,0,2972,0
2,ex2-s5-e1-d1w-p01,24ffd9b1737d030752785836bd5868fd2bf79378d66c43e34e820495df755584,0,2973,100
2,ex2-s5-e1-d1w-p01,24ffd9b1737d030752785836bd5868fd2bf79378d66c43e34e820495df755584,0,2974,0
2,ex2-s5-e1-d1w-p01,24ffd9b1737d030752785836bd5868fd2bf79378d66c43e34e820495df755584,0,2975,0
2,ex2-s5-e1-d1w-p01,24ffd9b1737d030752785836bd5868fd2bf79378d66c43e34e820495df755584,0,2976,0
2,ex2-s5-e1-d1w-p01,24ffd9b1737d030752785836bd5868fd2bf79378d66c43e34e820495df755584,0,2977,100
2,ex2-s5-e1-d1w-p01,24ffd9b1737d030752785836bd5868fd2bf79378d66c43e34e820495df755584,0,2978,0
2,ex2-s5-e1-d1w-p01,24ffd9b1737d030752785836bd5868fd2bf79378d66c43e34e820495df755584,0,2979,0
2,ex2-s5-e1-d1w-p01,24ffd9b1737d030752785836bd5868fd2bf79378d66c43e34e820495df755584,0,2980,0
2,ex2-s5-e1-d1w-p01,24ffd9b1737d030752785836bd5868fd2bf79378d66c43e34e820495df755584,0,2981,100
2,ex2-s5-e1-d1w-p01,24ffd9b1737d030752785836bd5868fd2bf79378d66c43e34e820495df755584,0,2982,0
2,ex2-s5-e1-d1w-p01,24ffd9b1737d030752785836bd5868fd2bf79378d66c43e34e820495df755584,0,2983,0
2,ex2-s5-e1-d1w-p01,24ffd9b1737d030752785836bd5868fd2bf79378d66c43e34e820495df755584,0,2984,100
2,ex2-s5-e1-d1w-p01,24ffd9b1737d030752785836bd5868fd2bf79378d66c43e34e820495df755584,0,2985,0
2,ex2-s5-e1-d1w-p01,24ffd9b1737d030752785836bd5868fd2bf79378d66c43e34e820495df755584,0,2986,0
2,ex2-s5-e1-d1w-p01,24ffd9b1737d030752785836bd5868fd2bf79378d66c43e34e820495df755584,0,2987,0
2,ex2-s5-e1-d1w-p01,24ffd9b1737d030752785836bd5868fd2bf79378d66c43e34e820495df755584,0,2988,100
2,ex2-s5-e1-d1w-p01,24ffd9b1737d030752785836bd5868fd2bf79378d66c43e34e820495df755584,0,2989,0
2,ex2-s5-e1-d1w-p01,24ffd9b1737d030752785836bd5868fd2bf79378d66c43e34e820495df755584,0,2990,0
2,ex2-s5-e1-d1w-p01,24ffd9b1737d030752785836bd5868fd2bf79378d66c43e34e820495df755584,0,2991,0
2,ex2-s5-e1-d1w-p01,24ffd9b1737d030752785836bd5868fd2bf79378d66c43e34e820495df755584,0,2992,100
2,ex2-s5-e1-d1w-p01,24ffd9b1737d030752785836bd5868fd2bf79378d66c43e34e820495df755584,0,2993,0
2,ex2-s5-e1-d1w-p01,24ffd9b1737d030752785836bd5868fd2bf79378d66c43e34e820495df755584,0,2994,0
2,ex2-s5-e1-d1w-p01,24ffd9b1737d030752785836bd5868fd2bf79378d66c43e34e820495df755584,0,2995,100
2,ex2-s5-e1-d1w-p01,24ffd9b1737d030752785836bd5868fd2bf79378d66c43e34e820495df755584,0,2996,0
2,ex2-s5-e1-d1w-p01,24ffd9b1737d030752785836bd5868fd2bf79378d66c43e34e820495df755584,0,2997,0
2,ex2-s5-e1-d1w-p01,24ffd9b1737d030752785836bd5868fd2bf79378d66c43e34e820495df755584,0,2998,0
2,ex2-s5-e1-d1w-p01,24ffd9b1737d030752785836bd5868fd2bf79378d66c43e34e820495df755584,0,2999,100
2,ex2-s5-e1-d1w-p01,24ffd9b1737d030752785836bd5868fd2bf79378d66c43e34e820495df755584,0,3000,0
2,ex2-s5-e1-d1w-p01,24ffd9b1737d030752785836bd5868fd2bf79378d66c43e34e820495df755584,0,3001,0
2,ex2-s5-e1-d1w-p01,24ffd9b1737d030752785836bd5868fd2bf79378d66c43e34e820495df755584,0,3002,100
2,ex2-s5-e1-d1w-p01,24ffd9b1737d030752785836bd5868fd2bf79378d66c43e34e820495df755584,0,3003,0
2,ex2-s5-e1-d1w-p01,24ffd9b1737d030752785836bd5868fd2bf79378d66c43e34e820495df755584,0,3004,0
2,ex2-s5-e1-d1w-p01,24ffd9b1737d030752785836bd5868fd2bf79378d66c43e34e820495df755584,0,3005,0
2,ex2-s5-e1-d1w-p01,24ffd9b1737d030752785836bd5868fd2bf79378d66c43e34e820495df755584,0,3006,100
2,ex2-s5-e1-d1w-p01,24ffd9b1737d030752785836bd5868fd2bf79378d66c43e34e820495df755584,0,3007,0
2,ex2-s5-e1-d1w-p01,24ffd9b1737d030752785836bd5868fd2bf79378d66c43e34e820495df755584,0,3008,0
2,ex2-s5-e1-d1w-p01,24ffd9b1737d030752785836bd5868fd2bf79378d66c43e34e820495df755584,0,3009,0
2,ex2-s5-e1-d1w-p01,24ffd9b1737d030752785836bd5868fd2bf79378d66c43e34e820495df755584,0,3010,100
2,ex2-s5-e1-d1w-p01,24ffd9b1737d030752785836bd5868fd2bf79378d66c43e34e820495df755584,0,3011,0
2,ex2-s5-e1-d1w-p01,24ffd9b1737d030752785836bd5868fd2bf79378d66c43e34e820495df755584,0,3012,0
2,ex2-s5-e1-d1w-p01,24ffd9b1737d030752785836bd5868fd2bf79378d66c43e34e820495df755584,0,3013,100
2,ex2-s5-e1-d1w-p01,24ffd9b1737d030752785836bd5868fd2bf79378d66c43e34e820495df755584,0,3014,0
2,ex2-s5-e1-d1w-p01,24ffd9b1737d030752785836bd5868fd2bf79378d66c43e34e820495df755584,0,3015,0
2,ex2-s5-e1-d1w-p01,24ffd9b1737d030752785836bd5868fd2bf79378d66c43e34e820495df755584,0,3016,0
2,ex2-s5-e1-d1w-p01,24ffd9b1737d030752785836bd5868fd2bf79378d66c43e34e820495df755584,0,3017,100
2,ex2-s5-e1-d1w-p01,24ffd9b1737d030752785836bd5868fd2bf79378d66c43e34e820495df755584,0,3018,0
2,ex2-s5-e1-d1w-p01,24ffd9b1737d030752785836bd5868fd2bf79378d66c43e34e820495df755584,0,3019,0
2,ex2-s5-e1-d1w-p01,24ffd9b1737d030752785836bd5868fd2bf79378d66c43e34e820495df755584,0,3020,0
2,ex2-s5-e1-d1w-p01,24ffd9b1737d030752785836bd5868fd2bf79378d66c43e34e820495df755584,0,3021,100
2,ex2-s5-e1-d1w-p01,24ffd9b1737d030752785836bd5868fd2bf79378d66c43e34e820495df755584,0,3022,0
2,ex2-s5-e1-d1w-p01,24ffd9b1737d030752785836bd5868fd2bf79378d66c43e34e820495df755584,0,3023,0
2,ex2-s5-e1-d1w-p01,24ffd9b1737d030752785836bd5868fd2bf79378d66c43e34e820495df755584,0,3024,100
2,ex2-s5-e1-d1w-p01,24ffd9b1737d030752785836bd5868fd2bf79378d66c43e34e820495df755584,0,3025,0
2,ex2-s5-e1-d1w-p01,24ffd9b1737d030752785836bd5868fd2bf79378d66c43e34e820495df755584,0,3026,0
2,ex2-s5-e1-d1w-p01,24ffd9b1737d030752785836bd5868fd2bf79378d66c43e34e820495df755584,0,3027,0
2,ex2-s5-e1-d1w-p01,24ffd9b1737d030752785836bd5868fd2bf79378d66c43e34e820495df755584,0,3028,100
2,ex2-s5-e1-d1w-p01,24ffd9b1737d030752785836bd5868fd2bf79378d66c43e34e820495df755584,0,3029,0
2,ex2-s5-e1-d1w-p01,24ffd9b1737d030752785836bd5868fd2bf79378d66c43e34e820495df755584,0,3030,0
2,ex2-s5-e1-d1w-p01,24ffd9b1737d030752785836bd5868fd2bf79378d66c43e34e820495df755584,0,3031,0
2,ex2-s5-e1-d1w-p01,24ffd9b1737d030752785836bd5868fd2bf79378d66c43e34e820495df755584,0,3032,100
2,ex2-s5-e1-d1w-p01,24ffd9b1737d030752785836bd5868fd2bf79378d66c43e34e820495df755584,0,3033,0
2,ex2-s5-e1-d1w-p01,24ffd9b1737d030752785836bd5868fd2bf79378d66c43e34e820495df755584,0,3034,0
2,ex2-s5-e1-d1w-p01,24ffd9b1737d030752785836bd5868fd2bf79378d66c43e34e820495df755584,0,3035,100
2,ex2-s5-e1-d1w-p01,24ffd9b1737d030752785836bd5868fd2bf79378d66c43e34e820495df755584,0,3036,0
2,ex2-s5-e1-d1w-p01,24ffd9b1737d030752785836bd5868fd2bf79378d66c43e34e820495df755584,0,3037,0
2,ex2-s5-e1-d1w-p01,24ffd9b1737d030752785836bd5868fd2bf79378d66c43e34e820495df755584,0,3038,0
2,ex2-s5-e1-d1w-p01,24ffd9b1737d030752785836bd5868fd2bf79378d66c43e34e820495df755584,0,3039,100
2,ex2-s5-e1-d1w-p01,24ffd9b1737d030752785836bd5868fd2bf79378d66c43e34e820495df755584,0,3040,0
2,ex2-s5-e1-d1w-p01,24ffd9b1737d030752785836bd5868fd2bf79378d66c43e34e820495df755584,0,3041,0
2,ex2-s5-e1-d1w-p01,24ffd9b1737d030752785836bd5868fd2bf79378d66c43e34e820495df755584,0,3042,0
2,ex2-s5-e1-d1w-p01,24ffd9b1737d030752785836bd5868fd2bf79378d66c43e34e820495df755584,0,3043,100
2,ex2-s5-e1-d1w-p01,24ffd9b1737d030752785836bd5868fd2bf79378d66c43e34e820495df755584,0,3044,0
2,ex2-s5-e1-d1w-p01,24ffd9b1737d030752785836bd5868fd2bf79378d66c43e34e820495df755584,0,3045,0
2,ex2-s5-e1-d1w-p01,24ffd9b1737d030752785836bd5868fd2bf79378d66c43e34e820495df755584,0,3046,100
2,ex2-s5-e1-d1w-p01,24ffd9b1737d030752785836bd5868fd2bf79378d66c43e34e820495df755584,0,3047,0
2,ex2-s5-e1-d1w-p01,24ffd9b1737d030752785836bd5868fd2bf79378d66c43e34e820495df755584,0,3048,0
2,ex2-s5-e1-d1w-p01,24ffd9b1737d030752785836bd5868fd2bf79378d66c43e34e820495df755584,0,3049,0
2,ex2-s5-e1-d1w-p01,24ffd9b1737d030752785836bd5868fd2bf79378d66c43e34e820495df755584,0,3050,100
2,ex2-s5-e1-d1w-p01,24ffd9b1737d030752785836bd5868fd2bf79378d66c43e34e820495df755584,0,3051,0
2,ex2-s5-e1-d1w-p01,24ffd9b1737d030752785836bd5868fd2bf79378d66c43e34e820495df755584,0,3052,0
2,ex2-s5-e1-d1w-p01,24ffd9b1737d030752785836bd5868fd2bf79378d66c43e34e820495df755584,0,3053,0
2,ex2-s5-e1-d1w-p01,24ffd9b1737d030752785836bd5868fd2bf79378d66c43e34e820495df755584,0,3054,100
2,ex2-s5-e1-d1w-p01,24ffd9b1737d030752785836bd5868fd2bf79378d66c43e34e820495df755584,0,3055,0
2,ex2-s5-e1-d1w-p01,24ffd9b1737d030752785836bd5868fd2bf79378d66c43e34e820495df755584,0,3056,0
2,ex2-s5-e1-d1w-p01,24ffd9b1737d030752785836bd5868fd2bf79378d66c43e34e820495df755584,0,3057,100
2,ex2-s5-e1-d1w-p01,24ffd9b1737d030752785836bd5868fd2bf79378d66c43e34e820495df755584,0,3058,0
2,ex2-s5-e1-d1w-p01,24ffd9b1737d030752785836bd5868fd2bf79378d66c43e34e820495df755584,0,3059,0
2,ex2-s5-e1-d1w-p01,24ffd9b1737d030752785836bd5868fd2bf79378d66c43e34e820495df755584,0,3060,0
2,ex2-s5-e1-d1w-p01,24ffd9b1737d030752785836bd5868fd2bf79378d66c43e34e820495df755584,0,3061,100
2,ex2-s5-e1-d1w-p01,24ffd9b1737d030752785836bd5868fd2bf79378d66c43e34e820495df755584,0,3062,0
2,ex2-s5-e1-d1w-p01,24ffd9b1737d030752785836bd5868fd2bf79378d66c43e34e820495df755584,0,3063,0
2,ex2-s5-e1-d1w-p01,24ffd9b1737d030752785836bd5868fd2bf79378d66c43e34e820495df755584,0,3064,0
2,ex2-s5-e1-d1w-p01,24ffd9b1737d030752785836bd5868fd2bf79378d66c43e34e820495df755584,0,3065,100
2,ex2-s5-e1-d1w-p01,24ffd9b1737d030752785836bd5868fd2bf79378d66c43e34e820495df755584,0,3066,0
2,ex2-s5-e1-d1w-p01,24ffd9b1737d030752785836bd5868fd2bf79378d66c43e34e820495df755584,0,3067,0
2,ex2-s5-e1-d1w-p01,24ffd9b1737d030752785836bd5868fd2bf79378d66c43e34e820495df755584,0,3068,100
2,ex2-s5-e1-d1w-p01,24ffd9b1737d030752785836bd5868fd2bf79378d66c43e34e820495df755584,0,3069,0
2,ex2-s5-e1-d1w-p01,24ffd9b1737d030752785836bd5868fd2bf79378d66c43e34e820495df755584,0,3070,0
2,ex2-s5-e1-d1w-p01,24ffd9b1737d030752785836bd5868fd2bf79378d66c43e34e820495df755584,0,3071,0
2,ex2-s5-e1-d1w-p01,24ffd9b1737d030752785836bd5868fd2bf79378d66c43e34e820495df755584,0,3072,100
2,ex2-s5-e1-d1w-p01,24ffd9b1737d030752785836bd5868fd2bf79378d66c43e34e820495df755584,0,3073,0
2,ex2-s5-e1-d1w-p01,24ffd9b1737d030752785836bd5868fd2bf79378d66c43e34e820495df755584,0,3074,0
2,ex2-s5-e1-d1w-p01,24ffd9b1737d030752785836bd5868fd2bf79378d66c43e34e820495df755584,0,3075,0
2,ex2-s5-e1-d1w-p01,24ffd9b1737d030752785836bd5868fd2bf79378d66c43e34e820495df755584,0,3076,100
2,ex2-s5-e1-d1w-p01,24ffd9b1737d030752785836bd5868fd2bf79378d66c43e34e820495df755584,0,3077,0
2,ex2-s5-e1-d1w-p01,24ffd9b1737d030752785836bd5868fd2bf79378d66c43e34e820495df755584,0,3078,0
2,ex2-s5-e1-d1w-p01,24ffd9b1737d030752785836bd5868fd2bf79378d66c43e34e820495df755584,0,3079,100
2,ex2-s5-e1-d1w-p01,24ffd9b1737d030752785836bd5868fd2bf79378d66c43e34e820495df755584,0,3080,0
2,ex2-s5-e1-d1w-p01,24ffd9b1737d030752785836bd5868fd2bf79378d66c43e34e820495df755584,0,3081,0
2,ex2-s5-e1-d1w-p01,24ffd9b1737d030752785836bd5868fd2bf79378d66c43e34e820495df755584,0,3082,0
2,ex2-s5-e1-d1w-p01,24ffd9b1737d030752785836bd5868fd2bf79378d66c43e34e820495df755584,0,3083,100
2,ex2-s5-e1-d1w-p01,24ffd9b1737d030752785836bd5868fd2bf79378d66c43e34e820495df755584,0,3084,0
2,ex2-s5-e1-d1w-p01,24ffd9b1737d030752785836bd5868fd2bf79378d66c43e34e820495df755584,0,3085,0
2,ex2-s5-e1-d1w-p01,24ffd9b1737d030752785836bd5868fd2bf79378d66c43e34e820495df755584,0,3086,100
2,ex2-s5-e1-d1w-p01,24ffd9b1737d030752785836bd5868fd2bf79378d66c43e34e820495df755584,0,3087,0
2,ex2-s5-e1-d1w-p01,24ffd9b1737d030752785836bd5868fd2bf79378d66c43e34e820495df755584,0,3088,0
2,ex2-s5-e1-d1w-p01,24ffd9b1737d030752785836bd5868fd2bf79378d66c43e34e820495df755584,0,3089,0
2,ex2-s5-e1-d1w-p01,24ffd9b1737d030752785836bd5868fd2bf79378d66c43e34e820495df755584,0,3090,100
2,ex2-s5-e1-d1w-p01,24ffd9b1737d030752785836bd5868fd2bf79378d66c43e34e820495df755584,0,3091,0
2,ex2-s5-e1-d1w-p01,24ffd9b1737d030752785836bd5868fd2bf79378d66c43e34e820495df755584,0,3092,0
2,ex2-s5-e1-d1w-p01,24ffd9b1737d030752785836bd5868fd2bf79378d66c43e34e820495df755584,0,3093,0
2,ex2-s5-e1-d1w-p01,24ffd9b1737d030752785836bd5868fd2bf79378d66c43e34e820495df755584,0,3094,100
2,ex2-s5-e1-d1w-p01,24ffd9b1737d030752785836bd5868fd2bf79378d66c43e34e820495df755584,0,3095,0
2,ex2-s5-e1-d1w-p01,24ffd9b1737d030752785836bd5868fd2bf79378d66c43e34e820495df755584,0,3096,0
2,ex2-s5-e1-d1w-p01,24ffd9b1737d030752785836bd5868fd2bf79378d66c43e34e820495df755584,0,3097,100
2,ex2-s5-e1-d1w-p01,24ffd9b1737d030752785836bd5868fd2bf79378d66c43e34e820495df755584,0,3098,0
2,ex2-s5-e1-d1w-p01,24ffd9b1737d030752785836bd5868fd2bf79378d66c43e34e820495df755584,0,3099,0
2,ex2-s5-e1-d1w-p01,24ffd9b1737d030752785836bd5868fd2bf79378d66c43e34e820495df755584,0,3100,0
2,ex2-s5-e1-d1w-p01,24ffd9b1737d030752785836bd5868fd2bf79378d66c43e34e820495df755584,0,3101,100
2,ex2-s5-e1-d1w-p01,24ffd9b1737d030752785836bd5868fd2bf79378d66c43e34e820495df755584,0,3102,0
2,ex2-s5-e1-d1w-p01,24ffd9b1737d030752785836bd5868fd2bf79378d66c43e34e820495df755584,0,3103,0
2,ex2-s5-e1-d1w-p01,24ffd9b1737d030752785836bd5868fd2bf79378d66c43e34e820495df755584,0,3104,0
2,ex2-s5-e1-d1w-p01,24ffd9b1737d030752785836bd5868fd2bf79378d66c43e34e820495df755584,0,3105,100
2,ex2-s5-e1-d1w-p01,24ffd9b1737d030752785836bd5868fd2bf79378d66c43e34e820495df755584,0,3106,0
2,ex2-s5-e1-d1w-p01,24ffd9b1737d030752785836bd5868fd2bf79378d66c43e34e820495df755584,0,3107,0
2,ex2-s5-e1-d1w-p01,24ffd9b1737d030752785836bd5868fd2bf79378d66c43e34e820495df755584,0,3108,100
2,ex2-s5-e1-d1w-p01,24ffd9b1737d030752785836bd5868fd2bf79378d66c43e34e820495df755584,0,3109,0
2,ex2-s5-e1-d1w-p01,24ffd9b1737d030752785836bd5868fd2bf79378d66c43e34e820495df755584,0,3110,0
2,ex2-s5-e1-d1w-p01,24ffd9b1737d030752785836bd5868fd2bf79378d66c43e34e820495df755584,0,3111,0
2,ex2-s5-e1-d1w-p01,24ffd9b1737d030752785836bd5868fd2bf79378d66c43e34e820495df755584,0,3112,100
2,ex2-s5-e1-d1w-p01,24ffd9b1737d030752785836bd5868fd2bf79378d66c43e34e820495df755584,0,3113,0
2,ex2-s5-e1-d1w-p01,24ffd9b1737d030752785836bd5868fd2bf79378d66c43e34e820495df755584,0,3114,0
2,ex2-s5-e1-d1w-p01,24ffd9b1737d030752785836bd5868fd2bf79378d66c43e34e820495df755584,0,3115,0
2,ex2-s5-e1-d1w-p01,24ffd9b1737d030752785836bd5868fd2bf79378d66c43e34e820495df755584,0,3116,100
2,ex2-s5-e1-d1w-p01,24ffd9b1737d030752785836bd5868fd2bf79378d66c43e34e820495df755584,0,3117,0
2,ex2-s5-e1-d1w-p01,24ffd9b1737d030752785836bd5868fd2bf79378d66c43e34e820495df755584,0,3118,0
2,ex2-s5-e1-d1w-p01,24ffd9b1737d030752785836bd5868fd2bf79378d66c43e34e820495df755584,0,3119,100
2,ex2-s5-e1-d1w-p01,24ffd9b1737d030752785836bd5868fd2bf79378d66c43e34e820495df755584,0,3120,0
2,ex2-s5-e1-d1w-p01,24ffd9b1737d030752785836bd5868fd2bf79378d66c43e34e820495df755584,0,3121,0
2,ex2-s5-e1-d1w-p01,24ffd9b1737d030752785836bd5868fd2bf79378d66c43e34e820495df755584,0,3122,0
2,ex2-s5-e1-d1w-p01,24ffd9b1737d030752785836bd5868fd2bf79378d66c43e34e820495df755584,0,3123,100
2,ex2-s5-e1-d1w-p01,24ffd9b1737d030752785836bd5868fd2bf79378d66c43e34e820495df755584,0,3124,0
2,ex2-s5-e1-d1w-p01,24ffd9b1737d030752785836bd5868fd2bf79378d66c43e34e820495df755584,0,3125,0
2,ex2-s5-e1-d1w-p01,24ffd9b1737d030752785836bd5868fd2bf79378d66c43e34e820495df755584,0,3126,0
2,ex2-s5-e1-d1w-p01,24ffd9b1737d030752785836bd5868fd2bf79378d66c43e34e820495df755584,0,3127,100
2,ex2-s5-e1-d1w-p01,24ffd9b1737d030752785836bd5868fd2bf79378d66c43e34e820495df755584,0,3128,0
2,ex2-s5-e1-d1w-p01,24ffd9b1737d030752785836bd5868fd2bf79378d66c43e34e820495df755584,0,3129,0
2,ex2-s5-e1-d1w-p01,24ffd9b1737d030752785836bd5868fd2bf79378d66c43e34e820495df755584,0,3130,100
2,ex2-s5-e1-d1w-p01,24ffd9b1737d030752785836bd5868fd2bf79378d66c43e34e820495df755584,0,3131,0
2,ex2-s5-e1-d1w-p01,24ffd9b1737d030752785836bd5868fd2bf79378d66c43e34e820495df755584,0,3132,0
2,ex2-s5-e1-d1w-p01,24ffd9b1737d030752785836bd5868fd2bf79378d66c43e34e820495df755584,0,3133,0
2,ex2-s5-e1-d1w-p01,24ffd9b1737d030752785836bd5868fd2bf79378d66c43e34e820495df755584,0,3134,100
2,ex2-s5-e1-d1w-p01,24ffd9b1737d030752785836bd5868fd2bf79378d66c43e34e820495df755584,0,3135,0
2,ex2-s5-e1-d1w-p01,24ffd9b1737d030752785836bd5868fd2bf79378d66c43e34e820495df755584,0,3136,0
2,ex2-s5-e1-d1w-p01,24ffd9b1737d030752785836bd5868fd2bf79378d66c43e34e820495df755584,0,3137,0
2,ex2-s5-e1-d1w-p01,24ffd9b1737d030752785836bd5868fd2bf79378d66c43e34e820495df755584,0,3138,100
2,ex2-s5-e1-d1w-p01,24ffd9b1737d030752785836bd5868fd2bf79378d66c43e34e820495df755584,0,3139,0
2,ex2-s5-e1-d1w-p01,24ffd9b1737d030752785836bd5868fd2bf79378d66c43e34e820495df755584,0,3140,0
2,ex2-s5-e1-d1w-p01,24ffd9b1737d030752785836bd5868fd2bf79378d66c43e34e820495df755584,0,3141,100
2,ex2-s5-e1-d1w-p01,24ffd9b1737d030752785836bd5868fd2bf79378d66c43e34e820495df755584,0,3142,0
2,ex2-s5-e1-d1w-p01,24ffd9b1737d030752785836bd5868fd2bf79378d66c43e34e820495df755584,0,3143,0
2,ex2-s5-e1-d1w-p01,24ffd9b1737d030752785836bd5868fd2bf79378d66c43e34e820495df755584,0,3144,0
2,ex2-s5-e1-d1w-p01,24ffd9b1737d030752785836bd5868fd2bf79378d66c43e34e820495df755584,0,3145,100
2,ex2-s5-e1-d1w-p01,24ffd9b1737d030752785836bd5868fd2bf79378d66c43e34e820495df755584,0,3146,0
2,ex2-s5-e1-d1w-p01,24ffd9b1737d030752785836bd5868fd2bf79378d66c43e34e820495df755584,0,3147,0
2,ex2-s5-e1-d1w-p01,24ffd9b1737d030752785836bd5868fd2bf79378d66c43e34e820495df755584,0,3148,0
2,ex2-s5-e1-d1w-p01,24ffd9b1737d030752785836bd5868fd2bf79378d66c43e34e820495df755584,0,3149,100
2,ex2-s5-e1-d1w-p01,24ffd9b1737d030752785836bd5868fd2bf79378d66c43e34e820495df755584,0,3150,0
2,ex2-s5-e1-d1w-p01,24ffd9b1737d030752785836bd5868fd2bf79378d66c43e34e820495df755584,0,3151,0
2,ex2-s5-e1-d1w-p01,24ffd9b1737d030752785836bd5868fd2bf79378d66c43e34e820495df755584,0,3152,100
2,ex2-s5-e1-d1w-p01,24ffd9b1737d030752785836bd5868fd2bf79378d66c43e34e820495df755584,0,3153,0
2,ex2-s5-e1-d1w-p01,24ffd9b1737d030752785836bd5868fd2bf79378d66c43e34e820495df755584,0,3154,0
2,ex2-s5-e1-d1w-p01,24ffd9b1737d030752785836bd5868fd2bf79378d66c43e34e820495df755584,0,3155,0
2,ex2-s5-e1-d1w-p01,24ffd9b1737d030752785836bd5868fd2bf79378d66c43e34e820495df755584,0,3156,100
2,ex2-s5-e1-d1w-p01,24ffd9b1737d030752785836bd5868fd2bf79378d66c43e34e820495df755584,0,3157,0
2,ex2-s5-e1-d1w-p01,24ffd9b1737d030752785836bd5868fd2bf79378d66c43e34e820495df755584,0,3158,0
2,ex2-s5-e1-d1w-p01,24ffd9b1737d030752785836bd5868fd2bf79378d66c43e34e820495df755584,0,3159,0
2,ex2-s5-e1-d1w-p01,24ffd9b1737d030752785836bd5868fd2bf79378d66c43e34e820495df755584,0,3160,100
2,ex2-s5-e1-d1w-p01,24ffd9b1737d030752785836bd5868fd2bf79378d66c43e34e820495df755584,0,3161,0
2,ex2-s5-e1-d1w-p01,24ffd9b1737d030752785836bd5868fd2bf79378d66c43e34e820495df755584,0,3162,0
2,ex2-s5-e1-d1w-p01,24ffd9b1737d030752785836bd5868fd2bf79378d66c43e34e820495df755584,0,3163,100
2,ex2-s5-e1-d1w-p01,24ffd9b1737d030752785836bd5868fd2bf79378d66c43e34e820495df755584,0,3164,0
2,ex2-s5-e1-d1w-p01,24ffd9b1737d030752785836bd5868fd2bf79378d66c43e34e820495df755584,0,3165,0
2,ex2-s5-e1-d1w-p01,24ffd9b1737d030752785836bd5868fd2bf79378d66c43e34e820495df755584,0,3166,0
2,ex2-s5-e1-d1w-p01,24ffd9b1737d030752785836bd5868fd2bf79378d66c43e34e820495df755584,0,3167,100
2,ex2-s5-e1-d1w-p01,24ffd9b1737d030752785836bd5868fd2bf79378d66c43e34e820495df755584,0,3168,0
2,ex2-s5-e1-d1w-p01,24ffd9b1737d030752785836bd5868fd2bf79378d66c43e34e820495df755584,0,3169,0
2,ex2-s5-e1-d1w-p01,24ffd9b1737d030752785836bd5868fd2bf79378d66c43e34e820495df755584,0,3170,100
2,ex2-s5-e1-d1w-p01,24ffd9b1737d030752785836bd5868fd2bf79378d66c43e34e820495df755584,0,3171,0
2,ex2-s5-e1-d1w-p01,24ffd9b1737d030752785836bd5868fd2bf79378d66c43e34e820495df755584,0,3172,0
2,ex2-s5-e1-d1w-p01,24ffd9b1737d030752785836bd5868fd2bf79378d66c43e34e820495df755584,0,3173,0
2,ex2-s5-e1-d1w-p01,24ffd9b1737d030752785836bd5868fd2bf79378d66c43e34e820495df755584,0,3174,100
2,ex2-s5-e1-d1w-p01,24ffd9b1737d030752785836bd5868fd2bf79378d66c43e34e820495df755584,0,3175,0
2,ex2-s5-e1-d1w-p01,24ffd9b1737d030752785836bd5868fd2bf79378d66c43e34e820495df755584,0,3176,0
2,ex2-s5-e1-d1w-p01,24ffd9b1737d030752785836bd5868fd2bf79378d66c43e34e820495df755584,0,3177,100
2,ex2-s5-e1-d1w-p01,24ffd9b1737d030752785836bd5868fd2bf79378d66c43e34e820495df755584,0,3178,0
2,ex2-s5-e1-d1w-p01,24ffd9b1737d030752785836bd5868fd2bf79378d66c43e34e820495df755584,0,3179,0
2,ex2-s5-e1-d1w-p01,24ffd9b1737d030752785836bd5868fd2bf79378d66c43e34e820495df755584,0,3180,0
2,ex2-s5-e1-d1w-p01,24ffd9b1737d030752785836bd5868fd2bf79378d66c43e34e820495df755584,0,3181,100
2,ex2-s5-e1-d1w-p01,24ffd9b1737d030752785836bd5868fd2bf79378d66c43e34e820495df755584,0,3182,0
2,ex2-s5-e1-d1w-p01,24ffd9b1737d030752785836bd5868fd2bf79378d66c43e34e820495df755584,0,3183,0
2,ex2-s5-e1-d1w-p01,24ffd9b1737d030752785836bd5868fd2bf79378d66c43e34e820495df755584,0,3184,0
2,ex2-s5-e1-d1w-p01,24ffd9b1737d030752785836bd5868fd2bf79378d66c43e34e820495df755584,0,3185,100
2,ex2-s5-e1-d1w-p01,24ffd9b1737d030752785836bd5868fd2bf79378d66c43e34e820495df755584,0,3186,0
2,ex2-s5-e1-d1w-p01,24ffd9b1737d030752785836bd5868fd2bf79378d66c43e34e820495df755584,0,3187,0
2,ex2-s5-e1-d1w-p01,24ffd9b1737d030752785836bd5868fd2bf79378d66c43e34e820495df755584,0,3188,100
2,ex2-s5-e1-d1w-p01,24ffd9b1737d030752785836bd5868fd2bf79378d66c43e34e820495df755584,0,3189,0
2,ex2-s5-e1-d1w-p01,24ffd9b1737d030752785836bd5868fd2bf79378d66c43e34e820495df755584,0,3190,0
2,ex2-s5-e1-d1w-p01,24ffd9b1737d030752785836bd5868fd2bf79378d66c43e34e820495df755584,0,3191,0
2,ex2-s5-e1-d1w-p01,24ffd9b1737d030752785836bd5868fd2bf79378d66c43e34e820495df755584,0,3192,100
2,ex2-s5-e1-d1w-p01,24ffd9b1737d030752785836bd5868fd2bf79378d66c43e34e820495df755584,0,3193,0
2,ex2-s5-e1-d1w-p01,24ffd9b1737d030752785836bd5868fd2bf79378d66c43e34e820495df755584,0,3194,0
2,ex2-s5-e1-d1w-p01,24ffd9b1737d030752785836bd5868fd2bf79378d66c43e34e820495df755584,0,3195,0
2,ex2-s5-e1-d1w-p01,24ffd9b1737d030752785836bd5868fd2bf79378d66c43e34e820495df755584,0,3196,100
2,ex2-s5-e1-d1w-p01,24ffd9b1737d030752785836bd5868fd2bf79378d66c43e34e820495df755584,0,3197,0
2,ex2-s5-e1-d1w-p01,24ffd9b1737d030752785836bd5868fd2bf79378d66c43e34e820495df755584,0,3198,0
2,ex2-s5-e1-d1w-p01,24ffd9b1737d030752785836bd5868fd2bf79378d66c43e34e820495df755584,0,3199,100
2,ex2-s5-e1-d1w-p01,24ffd9b1737d030752785836bd5868fd2bf79378d66c43e34e820495df755584,0,3200,0
2,ex2-s5-e1-d1w-p01,24ffd9b1737d030752785836bd5868fd2bf79378d66c43e34e820495df755584,0,3201,0
2,ex2-s5-e1-d1w-p01,24ffd9b1737d030752785836bd5868fd2bf79378d66c43e34e820495df755584,0,3202,0
2,ex2-s5-e1-d1w-p01,24ffd9b1737d030752785836bd5868fd2bf79378d66c43e34e820495df755584,0,3203,100
2,ex2-s5-e1-d1w-p01,24ffd9b1737d030752785836bd5868fd2bf79378d66c43e34e820495df755584,0,3204,0
2,ex2-s5-e1-d1w-p01,24ffd9b1737d030752785836bd5868fd2bf79378d66c43e34e820495df755584,0,3205,0
2,ex2-s5-e1-d1w-p01,24ffd9b1737d030752785836bd5868fd2bf79378d66c43e34e820495df755584,0,3206,0
2,ex2-s5-e1-d1w-p01,24ffd9b1737d030752785836bd5868fd2bf79378d66c43e34e820495df755584,0,3207,100
2,ex2-s5-e1-d1w-p01,24ffd9b1737d030752785836bd5868fd2bf79378d66c43e34e820495df755584,0,3208,0
2,ex2-s5-e1-d1w-p01,24ffd9b1737d030752785836bd5868fd2bf79378d66c43e34e820495df755584,0,3209,0
2,ex2-s5-e1-d1w-p01,24ffd9b1737d030752785836bd5868fd2bf79378d66c43e34e820495df755584,0,3210,100
2,ex2-s5-e1-d1w-p01,24ffd9b1737d030752785836bd5868fd2bf79378d66c43e34e820495df755584,0,3211,0
2,ex2-s5-e1-d1w-p01,24ffd9b1737d030752785836bd5868fd2bf79378d66c43e34e820495df755584,0,3212,0
2,ex2-s5-e1-d1w-p01,24ffd9b1737d030752785836bd5868fd2bf79378d66c43e34e820495df755584,0,3213,0
2,ex2-s5-e1-d1w-p01,24ffd9b1737d030752785836bd5868fd2bf79378d66c43e34e820495df755584,0,3214,100
2,ex2-s5-e1-d1w-p01,24ffd9b1737d030752785836bd5868fd2bf79378d66c43e34e820495df755584,0,3215,0
2,ex2-s5-e1-d1w-p01,24ffd9b1737d030752785836bd5868fd2bf79378d66c43e34e820495df755584,0,3216,0
2,ex2-s5-e1-d1w-p01,24ffd9b1737d030752785836bd5868fd2bf79378d66c43e34e820495df755584,0,3217,0
2,ex2-s5-e1-d1w-p01,24ffd9b1737d030752785836bd5868fd2bf79378d66c43e34e820495df755584,0,3218,100
2,ex2-s5-e1-d1w-p01,24ffd9b1737d030752785836bd5868fd2bf79378d66c43e34e820495df755584,0,3219,0
2,ex2-s5-e1-d1w-p01,24ffd9b1737d030752785836bd5868fd2bf79378d66c43e34e820495df755584,0,3220,0
2,ex2-s5-e1-d1w-p01,24ffd9b1737d030752785836bd5868fd2bf79378d66c43e34e820495df755584,0,3221,100
2,ex2-s5-e1-d1w-p01,24ffd9b1737d030752785836bd5868fd2bf79378d66c43e34e820495df755584,0,3222,0
2,ex2-s5-e1-d1w-p01,24ffd9b1737d030752785836bd5868fd2bf79378d66c43e34e820495df755584,0,3223,0
2,ex2-s5-e1-d1w-p01,24ffd9b1737d030752785836bd5868fd2bf79378d66c43e34e820495df755584,0,3224,0
2,ex2-s5-e1-d1w-p01,24ffd9b1737d030752785836bd5868fd2bf79378d66c43e34e820495df755584,0,3225,100
2,ex2-s5-e1-d1w-p01,24ffd9b1737d030752785836bd5868fd2bf79378d66c43e34e820495df755584,0,3226,0
2,ex2-s5-e1-d1w-p01,24ffd9b1737d030752785836bd5868fd2bf79378d66c43e34e820495df755584,0,3227,0
2,ex2-s5-e1-d1w-p01,24ffd9b1737d030752785836bd5868fd2bf79378d66c43e34e820495df755584,0,3228,0
2,ex2-s5-e1-d1w-p01,24ffd9b1737d030752785836bd5868fd2bf79378d66c43e34e820495df755584,0,3229,100
2,ex2-s5-e1-d1w-p01,24ffd9b1737d030752785836bd5868fd2bf79378d66c43e34e820495df755584,0,3230,0
2,ex2-s5-e1-d1w-p01,24ffd9b1737d030752785836bd5868fd2bf79378d66c43e34e820495df755584,0,3231,0
2,ex2-s5-e1-d1w-p01,24ffd9b1737d030752785836bd5868fd2bf79378d66c43e34e820495df755584,0,3232,100
2,ex2-s5-e1-d1w-p01,24ffd9b1737d030752785836bd5868fd2bf79378d66c43e34e820495df755584,0,3233,0
2,ex2-s5-e1-d1w-p01,24ffd9b1737d030752785836bd5868fd2bf79378d66c43e34e820495df755584,0,3234,0
2,ex2-s5-e1-d1w-p01,24ffd9b1737d030752785836bd5868fd2bf79378d66c43e34e820495df755584,0,3235,0
2,ex2-s5-e1-d1w-p01,24ffd9b1737d030752785836bd5868fd2bf79378d66c43e34e820495df755584,0,3236,100
2,ex2-s5-e1-d1w-p01,24ffd9b1737d030752785836bd5868fd2bf79378d66c43e34e820495df755584,0,3237,0
2,ex2-s5-e1-d1w-p01,24ffd9b1737d030752785836bd5868fd2bf79378d66c43e34e820495df755584,0,3238,0
2,ex2-s5-e1-d1w-p01,24ffd9b1737d030752785836bd5868fd2bf79378d66c43e34e820495df755584,0,3239,0
2,ex2-s5-e1-d1w-p01,24ffd9b1737d030752785836bd5868fd2bf79378d66c43e34e820495df755584,0,3240,100
2,ex2-s5-e1-d1w-p01,24ffd9b1737d030752785836bd5868fd2bf79378d66c43e34e820495df755584,0,3241,0
2,ex2-s5-e1-d1w-p01,24ffd9b1737d030752785836bd5868fd2bf79378d66c43e34e820495df755584,0,3242,0
2,ex2-s5-e1-d1w-p01,24ffd9b1737d030752785836bd5868fd2bf79378d66c43e34e820495df755584,0,3243,100
2,ex2-s5-e1-d1w-p01,24ffd9b1737d030752785836bd5868fd2bf79378d66c43e34e820495df755584,0,3244,0
2,ex2-s5-e1-d1w-p01,24ffd9b1737d030752785836bd5868fd2bf79378d66c43e34e820495df755584,0,3245,0
2,ex2-s5-e1-d1w-p01,24ffd9b1737d030752785836bd5868fd2bf79378d66c43e34e820495df755584,0,3246,0
2,ex2-s5-e1-d1w-p01,24ffd9b1737d030752785836bd5868fd2bf79378d66c43e34e820495df755584,0,3247,100
2,ex2-s5-e1-d1w-p01,24ffd9b1737d030752785836bd5868fd2bf79378d66c43e34e820495df755584,0,3248,0
2,ex2-s5-e1-d1w-p01,24ffd9b1737d030752785836bd5868fd2bf79378d66c43e34e820495df755584,0,3249,0
2,ex2-s5-e1-d1w-p01,24ffd9b1737d030752785836bd5868fd2bf79378d66c43e34e820495df755584,0,3250,0
2,ex2-s5-e1-d1w-p01,24ffd9b1737d030752785836bd5868fd2bf79378d66c43e34e820495df755584,0,3251,100
2,ex2-s5-e1-d1w-p01,24ffd9b1737d030752785836bd5868fd2bf79378d66c43e34e820495df755584,0,3252,0
2,ex2-s5-e1-d1w-p01,24ffd9b1737d030752785836bd5868fd2bf79378d66c43e34e820495df755584,0,3253,0
2,ex2-s5-e1-d1w-p01,24ffd9b1737d030752785836bd5868fd2bf79378d66c43e34e820495df755584,0,3254,100
2,ex2-s5-e1-d1w-p01,24ffd9b1737d030752785836bd5868fd2bf79378d66c43e34e820495df755584,0,3255,0
2,ex2-s5-e1-d1w-p01,24ffd9b1737d030752785836bd5868fd2bf79378d66c43e34e820495df755584,0,3256,0
2,ex2-s5-e1-d1w-p01,24ffd9b1737d030752785836bd5868fd2bf79378d66c43e34e820495df755584,0,3257,0
2,ex2-s5-e1-d1w-p01,24ffd9b1737d030752785836bd5868fd2bf79378d66c43e34e820495df755584,0,3258,100
2,ex2-s5-e1-d1w-p01,24ffd9b1737d030752785836bd5868fd2bf79378d66c43e34e820495df755584,0,3259,0
2,ex2-s5-e1-d1w-p01,24ffd9b1737d030752785836bd5868fd2bf79378d66c43e34e820495df755584,0,3260,0
2,ex2-s5-e1-d1w-p01,24ffd9b1737d030752785836bd5868fd2bf79378d66c43e34e820495df755584,0,3261,0
2,ex2-s5-e1-d1w-p01,24ffd9b1737d030752785836bd5868fd2bf79378d66c43e34e820495df755584,0,3262,100
2,ex2-s5-e1-d1w-p01,24ffd9b1737d030752785836bd5868fd2bf79378d66c43e34e820495df755584,0,3263,0
2,ex2-s5-e1-d1w-p01,24ffd9b1737d030752785836bd5868fd2bf79378d66c43e34e820495df755584,0,3264,0
2,ex2-s5-e1-d1w-p01,24ffd9b1737d030752785836bd5868fd2bf79378d66c43e34e820495df755584,0,3265,100
2,ex2-s5-e1-d1w-p01,24ffd9b1737d030752785836bd5868fd2bf79378d66c43e34e820495df755584,0,3266,0
2,ex2-s5-e1-d1w-p01,24ffd9b1737d030752785836bd5868fd2bf79378d66c43e34e820495df755584,0,3267,0
2,ex2-s5-e1-d1w-p01,24ffd9b1737d030752785836bd5868fd2bf79378d66c43e34e820495df755584,0,3268,0
2,ex2-s5-e1-d1w-p01,24ffd9b1737d030752785836bd5868fd2bf79378d66c43e34e820495df755584,0,3269,100
2,ex2-s5-e1-d1w-p01,24ffd9b1737d030752785836bd5868fd2bf79378d66c43e34e820495df755584,0,3270,0
2,ex2-s5-e1-d1w-p01,24ffd9b1737d030752785836bd5868fd2bf79378d66c43e34e820495df755584,0,3271,0
2,ex2-s5-e1-d1w-p01,24ffd9b1737d030752785836bd5868fd2bf79378d66c43e34e820495df755584,0,3272,0
2,ex2-s5-e1-d1w-p01,24ffd9b1737d030752785836bd5868fd2bf79378d66c43e34e820495df755584,0,3273,100
2,ex2-s5-e1-d1w-p01,24ffd9b1737d030752785836bd5868fd2bf79378d66c43e34e820495df755584,0,3274,0
2,ex2-s5-e1-d1w-p01,24ffd9b1737d030752785836bd5868fd2bf79378d66c43e34e820495df755584,0,3275,0
2,ex2-s5-e1-d1w-p01,24ffd9b1737d030752785836bd5868fd2bf79378d66c43e34e820495df755584,0,3276,100
2,ex2-s5-e1-d1w-p01,24ffd9b1737d030752785836bd5868fd2bf79378d66c43e34e820495df755584,0,3277,0
2,ex2-s5-e1-d1w-p01,24ffd9b1737d030752785836bd5868fd2bf79378d66c43e34e820495df755584,0,3278,0
2,ex2-s5-e1-d1w-p01,24ffd9b1737d030752785836bd5868fd2bf79378d66c43e34e820495df755584,0,3279,0
2,ex2-s5-e1-d1w-p01,24ffd9b1737d030752785836bd5868fd2bf79378d66c43e34e820495df755584,0,3280,100
2,ex2-s5-e1-d1w-p01,24ffd9b1737d030752785836bd5868fd2bf79378d66c43e34e820495df755584,0,3281,0
2,ex2-s5-e1-d1w-p01,24ffd9b1737d030752785836bd5868fd2bf79378d66c43e34e820495df755584,0,3282,0
2,ex2-s5-e1-d1w-p01,24ffd9b1737d030752785836bd5868fd2bf79378d66c43e34e820495df755584,0,3283,0
2,ex2-s5-e1-d1w-p01,24ffd9b1737d030752785836bd5868fd2bf79378d66c43e34e820495df755584,0,3284,100
2,ex2-s5-e1-d1w-p01,24ffd9b1737d030752785836bd5868fd2bf79378d66c43e34e820495df755584,0,3285,0
2,ex2-s5-e1-d1w-p01,24ffd9b1737d030752785836bd5868fd2bf79378d66c43e34e820495df755584,0,3286,0
2,ex2-s5-e1-d1w-p01,24ffd9b1737d030752785836bd5868fd2bf79378d66c43e34e820495df755584,0,3287,100
2,ex2-s5-e1-d1w-p01,24ffd9b1737d030752785836bd5868fd2bf79378d66c43e34e820495df755584,0,3288,0
2,ex2-s5-e1-d1w-p01,24ffd9b1737d030752785836bd5868fd2bf79378d66c43e34e820495df755584,0,3289,0
2,ex2-s5-e1-d1w-p01,24ffd9b1737d030752785836bd5868fd2bf79378d66c43e34e820495df755584,0,3290,0
2,ex2-s5-e1-d1w-p01,24ffd9b1737d030752785836bd5868fd2bf79378d66c43e34e820495df755584,0,3291,100
2,ex2-s5-e1-d1w-p01,24ffd9b1737d030752785836bd5868fd2bf79378d66c43e34e820495df755584,0,3292,0
2,ex2-s5-e1-d1w-p01,24ffd9b1737d030752785836bd5868fd2bf79378d66c43e34e820495df755584,0,3293,0
2,ex2-s5-e1-d1w-p01,24ffd9b1737d030752785836bd5868fd2bf79378d66c43e34e820495df755584,0,3294,100
2,ex2-s5-e1-d1w-p01,24ffd9b1737d030752785836bd5868fd2bf79378d66c43e34e820495df755584,0,3295,0
2,ex2-s5-e1-d1w-p01,24ffd9b1737d030752785836bd5868fd2bf79378d66c43e34e820495df755584,0,3296,0
2,ex2-s5-e1-d1w-p01,24ffd9b1737d030752785836bd5868fd2bf79378d66c43e34e820495df755584,0,3297,0
2,ex2-s5-e1-d1w-p01,24ffd9b1737d030752785836bd5868fd2bf79378d66c43e34e820495df755584,0,3298,100
2,ex2-s5-e1-d1w-p01,24ffd9b1737d030752785836bd5868fd2bf79378d66c43e34e820495df755584,0,3299,0
2,ex2-s5-e1-d1w-p01,24ffd9b1737d030752785836bd5868fd2bf79378d66c43e34e820495df755584,0,3300,0
2,ex2-s5-e1-d1w-p01,24ffd9b1737d030752785836bd5868fd2bf79378d66c43e34e820495df755584,0,3301,0
2,ex2-s5-e1-d1w-p01,24ffd9b1737d030752785836bd5868fd2bf79378d66c43e34e820495df755584,0,3302,100
2,ex2-s5-e1-d1w-p01,24ffd9b1737d030752785836bd5868fd2bf79378d66c43e34e820495df755584,0,3303,0
2,ex2-s5-e1-d1w-p01,24ffd9b1737d030752785836bd5868fd2bf79378d66c43e34e820495df755584,0,3304,0
2,ex2-s5-e1-d1w-p01,24ffd9b1737d030752785836bd5868fd2bf79378d66c43e34e820495df755584,0,3305,100
2,ex2-s5-e1-d1w-p01,24ffd9b1737d030752785836bd5868fd2bf79378d66c43e34e820495df755584,0,3306,0
2,ex2-s5-e1-d1w-p01,24ffd9b1737d030752785836bd5868fd2bf79378d66c43e34e820495df755584,0,3307,0
2,ex2-s5-e1-d1w-p01,24ffd9b1737d030752785836bd5868fd2bf79378d66c43e34e820495df755584,0,3308,0
2,ex2-s5-e1-d1w-p01,24ffd9b1737d030752785836bd5868fd2bf79378d66c43e34e820495df755584,0,3309,100
2,ex2-s5-e1-d1w-p01,24ffd9b1737d030752785836bd5868fd2bf79378d66c43e34e820495df755584,0,3310,0
2,ex2-s5-e1-d1w-p01,24ffd9b1737d030752785836bd5868fd2bf79378d66c43e34e820495df755584,0,3311,0
2,ex2-s5-e1-d1w-p01,24ffd9b1737d030752785836bd5868fd2bf79378d66c43e34e820495df755584,0,3312,0
2,ex2-s5-e1-d1w-p01,24ffd9b1737d030752785836bd5868fd2bf79378d66c43e34e820495df755584,0,3313,100
2,ex2-s5-e1-d1w-p01,24ffd9b1737d030752785836bd5868fd2bf79378d66c43e34e820495df755584,0,3314,0
2,ex2-s5-e1-d1w-p01,24ffd9b1737d030752785836bd5868fd2bf79378d66c43e34e820495df755584,0,3315,0
2,ex2-s5-e1-d1w-p01,24ffd9b1737d030752785836bd5868fd2bf79378d66c43e34e820495df755584,0,3316,100
2,ex2-s5-e1-d1w-p01,24ffd9b1737d030752785836bd5868fd2bf79378d66c43e34e820495df755584,0,3317,0
2,ex2-s5-e1-d1w-p01,24ffd9b1737d030752785836bd5868fd2bf79378d66c43e34e820495df755584,0,3318,0
2,ex2-s5-e1-d1w-p01,24ffd9b1737d030752785836bd5868fd2bf79378d66c43e34e820495df755584,0,3319,0
2,ex2-s5-e1-d1w-p01,24ffd9b1737d030752785836bd5868fd2bf79378d66c43e34e820495df755584,0,3320,100
2,ex2-s5-e1-d1w-p01,24ffd9b1737d030752785836bd5868fd2bf79378d66c43e34e820495df755584,0,3321,0
2,ex2-s5-e1-d1w-p01,24ffd9b1737d030752785836bd5868fd2bf79378d66c43e34e820495df755584,0,3322,0
2,ex2-s5-e1-d1w-p01,24ffd9b1737d030752785836bd5868fd2bf79378d66c43e34e820495df755584,0,3323,0
2,ex2-s5-e1-d1w-p01,24ffd9b1737d030752785836bd5868fd2bf79378d66c43e34e820495df755584,0,3324,100
2,ex2-s5-e1-d1w-p01,24ffd9b1737d030752785836bd5868fd2bf79378d66c43e34e820495df755584,0,3325,0
2,ex2-s5-e1-d1w-p01,24ffd9b1737d030752785836bd5868fd2bf79378d66c43e34e820495df755584,0,3326,0
2,ex2-s5-e1-d1w-p01,24ffd9b1737d030752785836bd5868fd2bf79378d66c43e34e820495df755584,0,3327,100
2,ex2-s5-e1-d1w-p01,24ffd9b1737d030752785836bd5868fd2bf79378d66c43e34e820495df755584,0,3328,0
2,ex2-s5-e1-d1w-p01,24ffd9b1737d030752785836bd5868fd2bf79378d66c43e34e820495df755584,0,3329,0
2,ex2-s5-e1-d1w-p01,24ffd9b1737d030752785836bd5868fd2bf79378d66c43e34e820495df755584,0,3330,0
2,ex2-s5-e1-d1w-p01,24ffd9b1737d030752785836bd5868fd2bf79378d66c43e34e820495df755584,0,3331,100
2,ex2-s5-e1-d1w-p01,24ffd9b1737d030752785836bd5868fd2bf79378d66c43e34e820495df755584,0,3332,0
2,ex2-s5-e1-d1w-p01,24ffd9b1737d030752785836bd5868fd2bf79378d66c43e34e820495df755584,0,3333,0
2,ex2-s5-e1-d1w-p01,24ffd9b1737d030752785836bd5868fd2bf79378d66c43e34e820495df755584,0,3334,0
2,ex2-s5-e1-d1w-p01,24ffd9b1737d030752785836bd5868fd2bf79378d66c43e34e820495df755584,0,3335,100
2,ex2-s5-e1-d1w-p01,24ffd9b1737d030752785836bd5868fd2bf79378d66c43e34e820495df755584,0,3336,0
2,ex2-s5-e1-d1w-p01,24ffd9b1737d030752785836bd5868fd2bf79378d66c43e34e820495df755584,0,3337,0
2,ex2-s5-e1-d1w-p01,24ffd9b1737d030752785836bd5868fd2bf79378d66c43e34e820495df755584,0,3338,100
2,ex2-s5-e1-d1w-p01,24ffd9b1737d030752785836bd5868fd2bf79378d66c43e34e820495df755584,0,3339,0
2,ex2-s5-e1-d1w-p01,24ffd9b1737d030752785836bd5868fd2bf79378d66c43e34e820495df755584,0,3340,0
2,ex2-s5-e1-d1w-p01,24ffd9b1737d030752785836bd5868fd2bf79378d66c43e34e820495df755584,0,3341,0
2,ex2-s5-e1-d1w-p01,24ffd9b1737d030752785836bd5868fd2bf79378d66c43e34e820495df755584,0,3342,100
2,ex2-s5-e1-d1w-p01,24ffd9b1737d030752785836bd5868fd2bf79378d66c43e34e820495df755584,0,3343,0
2,ex2-s5-e1-d1w-p01,24ffd9b1737d030752785836bd5868fd2bf79378d66c43e34e820495df755584,0,3344,0
2,ex2-s5-e1-d1w-p01,24ffd9b1737d030752785836bd5868fd2bf79378d66c43e34e820495df755584,0,3345,0
2,ex2-s5-e1-d1w-p01,24ffd9b1737d030752785836bd5868fd2bf79378d66c43e34e820495df755584,0,3346,100
2,ex2-s5-e1-d1w-p01,24ffd9b1737d030752785836bd5868fd2bf79378d66c43e34e820495df755584,0,3347,0
2,ex2-s5-e1-d1w-p01,24ffd9b1737d030752785836bd5868fd2bf79378d66c43e34e820495df755584,0,3348,0
2,ex2-s5-e1-d1w-p01,24ffd9b1737d030752785836bd5868fd2bf79378d66c43e34e820495df755584,0,3349,100
2,ex2-s5-e1-d1w-p01,24ffd9b1737d030752785836bd5868fd2bf79378d66c43e34e820495df755584,0,3350,0
2,ex2-s5-e1-d1w-p01,24ffd9b1737d030752785836bd5868fd2bf79378d66c43e34e820495df755584,0,3351,0
2,ex2-s5-e1-d1w-p01,24ffd9b1737d030752785836bd5868fd2bf79378d66c43e34e820495df755584,0,3352,0
2,ex2-s5-e1-d1w-p01,24ffd9b1737d030752785836bd5868fd2bf79378d66c43e34e820495df755584,0,3353,100
2,ex2-s5-e1-d1w-p01,24ffd9b1737d030752785836bd5868fd2bf79378d66c43e34e820495df755584,0,3354,0
2,ex2-s5-e1-d1w-p01,24ffd9b1737d030752785836bd5868fd2bf79378d66c43e34e820495df755584,0,3355,0
2,ex2-s5-e1-d1w-p01,24ffd9b1737d030752785836bd5868fd2bf79378d66c43e34e820495df755584,0,3356,0
2,ex2-s5-e1-d1w-p01,24ffd9b1737d030752785836bd5868fd2bf79378d66c43e34e820495df755584,0,3357,100
2,ex2-s5-e1-d1w-p01,24ffd9b1737d030752785836bd5868fd2bf79378d66c43e34e820495df755584,0,3358,0
2,ex2-s5-e1-d1w-p01,24ffd9b1737d030752785836bd5868fd2bf79378d66c43e34e820495df755584,0,3359,0
2,ex2-s5-e1-d1w-p01,24ffd9b1737d030752785836bd5868fd2bf79378d66c43e34e820495df755584,0,3360,100
2,ex2-s5-e1-d1w-p01,24ffd9b1737d030752785836bd5868fd2bf79378d66c43e34e820495df755584,0,3361,0
2,ex2-s5-e1-d1w-p01,24ffd9b1737d030752785836bd5868fd2bf79378d66c43e34e820495df755584,0,3362,0
2,ex2-s5-e1-d1w-p01,24ffd9b1737d030752785836bd5868fd2bf79378d66c43e34e820495df755584,0,3363,0
2,ex2-s5-e1-d1w-p01,24ffd9b1737d030752785836bd5868fd2bf79378d66c43e34e820495df755584,0,3364,100
2,ex2-s5-e1-d1w-p01,24ffd9b1737d030752785836bd5868fd2bf79378d66c43e34e820495df755584,0,3365,0
2,ex2-s5-e1-d1w-p01,24ffd9b1737d030752785836bd5868fd2bf79378d66c43e34e820495df755584,0,3366,0
2,ex2-s5-e1-d1w-p01,24ffd9b1737d030752785836bd5868fd2bf79378d66c43e34e820495df755584,0,3367,0
2,ex2-s5-e1-d1w-p01,24ffd9b1737d030752785836bd5868fd2bf79378d66c43e34e820495df755584,0,3368,100
2,ex2-s5-e1-d1w-p01,24ffd9b1737d030752785836bd5868fd2bf79378d66c43e34e820495df755584,0,3369,0
2,ex2-s5-e1-d1w-p01,24ffd9b1737d030752785836bd5868fd2bf79378d66c43e34e820495df755584,0,3370,0
2,ex2-s5-e1-d1w-p01,24ffd9b1737d030752785836bd5868fd2bf79378d66c43e34e820495df755584,0,3371,100
2,ex2-s5-e1-d1w-p01,24ffd9b1737d030752785836bd5868fd2bf79378d66c43e34e820495df755584,0,3372,0
2,ex2-s5-e1-d1w-p01,24ffd9b1737d030752785836bd5868fd2bf79378d66c43e34e820495df755584,0,3373,0
2,ex2-s5-e1-d1w-p01,24ffd9b1737d030752785836bd5868fd2bf79378d66c43e34e820495df755584,0,3374,0
2,ex2-s5-e1-d1w-p01,24ffd9b1737d030752785836bd5868fd2bf79378d66c43e34e820495df755584,0,3375,100
2,ex2-s5-e1-d1w-p01,24ffd9b1737d030752785836bd5868fd2bf79378d66c43e34e820495df755584,0,3376,0
2,ex2-s5-e1-d1w-p01,24ffd9b1737d030752785836bd5868fd2bf79378d66c43e34e820495df755584,0,3377,0
2,ex2-s5-e1-d1w-p01,24ffd9b1737d030752785836bd5868fd2bf79378d66c43e34e820495df755584,0,3378,0
2,ex2-s5-e1-d1w-p01,24ffd9b1737d030752785836bd5868fd2bf79378d66c43e34e820495df755584,0,3379,100
2,ex2-s5-e1-d1w-p01,24ffd9b1737d030752785836bd5868fd2bf79378d66c43e34e820495df755584,0,3380,0
2,ex2-s5-e1-d1w-p01,24ffd9b1737d030752785836bd5868fd2bf79378d66c43e34e820495df755584,0,3381,0
2,ex2-s5-e1-d1w-p01,24ffd9b1737d030752785836bd5868fd2bf79378d66c43e34e820495df755584,0,3382,100
2,ex2-s5-e1-d1w-p01,24ffd9b1737d030752785836bd5868fd2bf79378d66c43e34e820495df755584,0,3383,0
2,ex2-s5-e1-d1w-p01,24ffd9b1737d030752785836bd5868fd2bf79378d66c43e34e820495df755584,0,3384,0
2,ex2-s5-e1-d1w-p01,24ffd9b1737d030752785836bd5868fd2bf79378d66c43e34e820495df755584,0,3385,0
2,ex2-s5-e1-d1w-p01,24ffd9b1737d030752785836bd5868fd2bf79378d66c43e34e820495df755584,0,3386,100
2,ex2-s5-e1-d1w-p01,24ffd9b1737d030752785836bd5868fd2bf79378d66c43e34e820495df755584,0,3387,0
2,ex2-s5-e1-d1w-p01,24ffd9b1737d030752785836bd5868fd2bf79378d66c43e34e820495df755584,0,3388,0
2,ex2-s5-e1-d1w-p01,24ffd9b1737d030752785836bd5868fd2bf79378d66c43e34e820495df755584,0,3389,0
2,ex2-s5-e1-d1w-p01,24ffd9b1737d030752785836bd5868fd2bf79378d66c43e34e820495df755584,0,3390,100
2,ex2-s5-e1-d1w-p01,24ffd9b1737d030752785836bd5868fd2bf79378d66c43e34e820495df755584,0,3391,0
2,ex2-s5-e1-d1w-p01,24ffd9b1737d030752785836bd5868fd2bf79378d66c43e34e820495df755584,0,3392,0
2,ex2-s5-e1-d1w-p01,24ffd9b1737d030752785836bd5868fd2bf79378d66c43e34e820495df755584,0,3393,100
2,ex2-s5-e1-d1w-p01,24ffd9b1737d030752785836bd5868fd2bf79378d66c43e34e820495df755584,0,3394,0
2,ex2-s5-e1-d1w-p01,24ffd9b1737d030752785836bd5868fd2bf79378d66c43e34e820495df755584,0,3395,0
2,ex2-s5-e1-d1w-p01,24ffd9b1737d030752785836bd5868fd2bf79378d66c43e34e820495df755584,0,3396,0
2,ex2-s5-e1-d1w-p01,24ffd9b1737d030752785836bd5868fd2bf79378d66c43e34e820495df755584,0,3397,100
2,ex2-s5-e1-d1w-p01,24ffd9b1737d030752785836bd5868fd2bf79378d66c43e34e820495df755584,0,3398,0
2,ex2-s5-e1-d1w-p01,24ffd9b1737d030752785836bd5868fd2bf79378d66c43e34e820495df755584,0,3399,0
2,ex2-s5-e1-d1w-p01,24ffd9b1737d030752785836bd5868fd2bf79378d66c43e34e820495df755584,0,3400,0
2,ex2-s5-e1-d1w-p01,24ffd9b1737d030752785836bd5868fd2bf79378d66c43e34e820495df755584,0,3401,100
2,ex2-s5-e1-d1w-p01,24ffd9b1737d030752785836bd5868fd2bf79378d66c43e34e820495df755584,0,3402,0
2,ex2-s5-e1-d1w-p01,24ffd9b1737d030752785836bd5868fd2bf79378d66c43e34e820495df755584,0,3403,0
2,ex2-s5-e1-d1w-p01,24ffd9b1737d030752785836bd5868fd2bf79378d66c43e34e820495df755584,0,3404,100
2,ex2-s5-e1-d1w-p01,24ffd9b1737d030752785836bd5868fd2bf79378d66c43e34e820495df755584,0,3405,0
2,ex2-s5-e1-d1w-p01,24ffd9b1737d030752785836bd5868fd2bf79378d66c43e34e820495df755584,0,3406,0
2,ex2-s5-e1-d1w-p01,24ffd9b1737d030752785836bd5868fd2bf79378d66c43e34e820495df755584,0,3407,0
2,ex2-s5-e1-d1w-p01,24ffd9b1737d030752785836bd5868fd2bf79378d66c43e34e820495df755584,0,3408,100
2,ex2-s5-e1-d1w-p01,24ffd9b1737d030752785836bd5868fd2bf79378d66c43e34e820495df755584,0,3409,0
2,ex2-s5-e1-d1w-p01,24ffd9b1737d030752785836bd5868fd2bf79378d66c43e34e820495df755584,0,3410,0
2,ex2-s5-e1-d1w-p01,24ffd9b1737d030752785836bd5868fd2bf79378d66c43e34e820495df755584,0,3411,0
2,ex2-s5-e1-d1w-p01,24ffd9b1737d030752785836bd5868fd2bf79378d66c43e34e820495df755584,0,3412,100
2,ex2-s5-e1-d1w-p01,24ffd9b1737d030752785836bd5868fd2bf79378d66c43e34e820495df755584,0,3413,0
2,ex2-s5-e1-d1w-p01,24ffd9b1737d030752785836bd5868fd2bf79378d66c43e34e820495df755584,0,3414,0
2,ex2-s5-e1-d1w-p01,24ffd9b1737d030752785836bd5868fd2bf79378d66c43e34e820495df755584,0,3415,100
2,ex2-s5-e1-d1w-p01,24ffd9b1737d030752785836bd5868fd2bf79378d66c43e34e820495df755584,0,3416,0
2,ex2-s5-e1-d1w-p01,24ffd9b1737d030752785836bd5868fd2bf79378d66c43e34e820495df755584,0,3417,0
2,ex2-s5-e1-d1w-p01,24ffd9b1737d030752785836bd5868fd2bf79378d66c43e34e820495df755584,0,3418,0
2,ex2-s5-e1-d1w-p01,24ffd9b1737d030752785836bd5868fd2bf79378d66c43e34e820495df755584,0,3419,100
2,ex2-s5-e1-d1w-p01,24ffd9b1737d030752785836bd5868fd2bf79378d66c43e34e820495df755584,0,3420,0
2,ex2-s5-e1-d1w-p01,24ffd9b1737d030752785836bd5868fd2bf79378d66c43e34e820495df755584,0,3421,0
2,ex2-s5-e1-d1w-p01,24ffd9b1737d030752785836bd5868fd2bf79378d66c43e34e820495df755584,0,3422,0
2,ex2-s5-e1-d1w-p01,24ffd9b1737d030752785836bd5868fd2bf79378d66c43e34e820495df755584,0,3423,100
2,ex2-s5-e1-d1w-p01,24ffd9b1737d030752785836bd5868fd2bf79378d66c43e34e820495df755584,0,3424,0
2,ex2-s5-e1-d1w-p01,24ffd9b1737d030752785836bd5868fd2bf79378d66c43e34e820495df755584,0,3425,0
2,ex2-s5-e1-d1w-p01,24ffd9b1737d030752785836bd5868fd2bf79378d66c43e34e820495df755584,0,3426,100
2,ex2-s5-e1-d1w-p01,24ffd9b1737d030752785836bd5868fd2bf79378d66c43e34e820495df755584,0,3427,0
2,ex2-s5-e1-d1w-p01,24ffd9b1737d030752785836bd5868fd2bf79378d66c43e34e820495df755584,0,3428,0
2,ex2-s5-e1-d1w-p01,24ffd9b1737d030752785836bd5868fd2bf79378d66c43e34e820495df755584,0,3429,0
2,ex2-s5-e1-d1w-p01,24ffd9b1737d030752785836bd5868fd2bf79378d66c43e34e820495df755584,0,3430,100
2,ex2-s5-e1-d1w-p01,24ffd9b1737d030752785836bd5868fd2bf79378d66c43e34e820495df755584,0,3431,0
2,ex2-s5-e1-d1w-p01,24ffd9b1737d030752785836bd5868fd2bf79378d66c43e34e820495df755584,0,3432,0
2,ex2-s5-e1-d1w-p01,24ffd9b1737d030752785836bd5868fd2bf79378d66c43e34e820495df755584,0,3433,0
2,ex2-s5-e1-d1w-p01,24ffd9b1737d030752785836bd5868fd2bf79378d66c43e34e820495df755584,0,3434,100
2,ex2-s5-e1-d1w-p01,24ffd9b1737d030752785836bd5868fd2bf79378d66c43e34e820495df755584,0,3435,0
2,ex2-s5-e1-d1w-p01,24ffd9b1737d030752785836bd5868fd2bf79378d66c43e34e820495df755584,0,3436,0
2,ex2-s5-e1-d1w-p01,24ffd9b1737d030752785836bd5868fd2bf79378d66c43e34e820495df755584,0,3437,100
2,ex2-s5-e1-d1w-p01,24ffd9b1737d030752785836bd5868fd2bf79378d66c43e34e820495df755584,0,3438,0
2,ex2-s5-e1-d1w-p01,24ffd9b1737d030752785836bd5868fd2bf79378d66c43e34e820495df755584,0,3439,0
2,ex2-s5-e1-d1w-p01,24ffd9b1737d030752785836bd5868fd2bf79378d66c43e34e820495df755584,0,3440,0
2,ex2-s5-e1-d1w-p01,24ffd9b1737d030752785836bd5868fd2bf79378d66c43e34e820495df755584,0,3441,100
2,ex2-s5-e1-d1w-p01,24ffd9b1737d030752785836bd5868fd2bf79378d66c43e34e820495df755584,0,3442,0
2,ex2-s5-e1-d1w-p01,24ffd9b1737d030752785836bd5868fd2bf79378d66c43e34e820495df755584,0,3443,0
2,ex2-s5-e1-d1w-p01,24ffd9b1737d030752785836bd5868fd2bf79378d66c43e34e820495df755584,0,3444,0
2,ex2-s5-e1-d1w-p01,24ffd9b1737d030752785836bd5868fd2bf79378d66c43e34e820495df755584,0,3445,100
2,ex2-s5-e1-d1w-p01,24ffd9b1737d030752785836bd5868fd2bf79378d66c43e34e820495df755584,0,3446,0
2,ex2-s5-e1-d1w-p01,24ffd9b1737d030752785836bd5868fd2bf79378d66c43e34e820495df755584,0,3447,0
2,ex2-s5-e1-d1w-p01,24ffd9b1737d030752785836bd5868fd2bf79378d66c43e34e820495df755584,0,3448,100
2,ex2-s5-e1-d1w-p01,24ffd9b1737d030752785836bd5868fd2bf79378d66c43e34e820495df755584,0,3449,0
2,ex2-s5-e1-d1w-p01,24ffd9b1737d030752785836bd5868fd2bf79378d66c43e34e820495df755584,0,3450,0
2,ex2-s5-e1-d1w-p01,24ffd9b1737d030752785836bd5868fd2bf79378d66c43e34e820495df755584,0,3451,0
2,ex2-s5-e1-d1w-p01,24ffd9b1737d030752785836bd5868fd2bf79378d66c43e34e820495df755584,0,3452,100
2,ex2-s5-e1-d1w-p01,24ffd9b1737d030752785836bd5868fd2bf79378d66c43e34e820495df755584,0,3453,0
2,ex2-s5-e1-d1w-p01,24ffd9b1737d030752785836bd5868fd2bf79378d66c43e34e820495df755584,0,3454,0
2,ex2-s5-e1-d1w-p01,24ffd9b1737d030752785836bd5868fd2bf79378d66c43e34e820495df755584,0,3455,0
2,ex2-s5-e1-d1w-p01,24ffd9b1737d030752785836bd5868fd2bf79378d66c43e34e820495df755584,0,3456,100
2,ex2-s5-e1-d1w-p01,24ffd9b1737d030752785836bd5868fd2bf79378d66c43e34e820495df755584,0,3457,0
2,ex2-s5-e1-d1w-p01,24ffd9b1737d030752785836bd5868fd2bf79378d66c43e34e820495df755584,0,3458,0
2,ex2-s5-e1-d1w-p01,24ffd9b1737d030752785836bd5868fd2bf79378d66c43e34e820495df755584,0,3459,100
2,ex2-s5-e1-d1w-p01,24ffd9b1737d030752785836bd5868fd2bf79378d66c43e34e820495df755584,0,3460,0
2,ex2-s5-e1-d1w-p01,24ffd9b1737d030752785836bd5868fd2bf79378d66c43e34e820495df755584,0,3461,0
2,ex2-s5-e1-d1w-p01,24ffd9b1737d030752785836bd5868fd2bf79378d66c43e34e820495df755584,0,3462,0
2,ex2-s5-e1-d1w-p01,24ffd9b1737d030752785836bd5868fd2bf79378d66c43e34e820495df755584,0,3463,100
2,ex2-s5-e1-d1w-p01,24ffd9b1737d030752785836bd5868fd2bf79378d66c43e34e820495df755584,0,3464,0
2,ex2-s5-e1-d1w-p01,24ffd9b1737d030752785836bd5868fd2bf79378d66c43e34e820495df755584,0,3465,0
2,ex2-s5-e1-d1w-p01,24ffd9b1737d030752785836bd5868fd2bf79378d66c43e34e820495df755584,0,3466,0
2,ex2-s5-e1-d1w-p01,24ffd9b1737d030752785836bd5868fd2bf79378d66c43e34e820495df755584,0,3467,100
2,ex2-s5-e1-d1w-p01,24ffd9b1737d030752785836bd5868fd2bf79378d66c43e34e820495df755584,0,3468,0
2,ex2-s5-e1-d1w-p01,24ffd9b1737d030752785836bd5868fd2bf79378d66c43e34e820495df755584,0,3469,0
2,ex2-s5-e1-d1w-p01,24ffd9b1737d030752785836bd5868fd2bf79378d66c43e34e820495df755584,0,3470,100
2,ex2-s5-e1-d1w-p01,24ffd9b1737d030752785836bd5868fd2bf79378d66c43e34e820495df755584,0,3471,0
2,ex2-s5-e1-d1w-p01,24ffd9b1737d030752785836bd5868fd2bf79378d66c43e34e820495df755584,0,3472,0
2,ex2-s5-e1-d1w-p01,24ffd9b1737d030752785836bd5868fd2bf79378d66c43e34e820495df755584,0,3473,0
2,ex2-s5-e1-d1w-p01,24ffd9b1737d030752785836bd5868fd2bf79378d66c43e34e820495df755584,0,3474,100
2,ex2-s5-e1-d1w-p01,24ffd9b1737d030752785836bd5868fd2bf79378d66c43e34e820495df755584,0,3475,0
2,ex2-s5-e1-d1w-p01,24ffd9b1737d030752785836bd5868fd2bf79378d66c43e34e820495df755584,0,3476,0
2,ex2-s5-e1-d1w-p01,24ffd9b1737d030752785836bd5868fd2bf79378d66c43e34e820495df755584,0,3477,0
2,ex2-s5-e1-d1w-p01,24ffd9b1737d030752785836bd5868fd2bf79378d66c43e34e820495df755584,0,3478,100
2,ex2-s5-e1-d1w-p01,24ffd9b1737d030752785836bd5868fd2bf79378d66c43e34e820495df755584,0,3479,0
2,ex2-s5-e1-d1w-p01,24ffd9b1737d030752785836bd5868fd2bf79378d66c43e34e820495df755584,0,3480,0
2,ex2-s5-e1-d1w-p01,24ffd9b1737d030752785836bd5868fd2bf79378d66c43e34e820495df755584,0,3481,100
2,ex2-s5-e1-d1w-p01,24ffd9b1737d030752785836bd5868fd2bf79378d66c43e34e820495df755584,0,3482,0
2,ex2-s5-e1-d1w-p01,24ffd9b1737d030752785836bd5868fd2bf79378d66c43e34e820495df755584,0,3483,0
2,ex2-s5-e1-d1w-p01,24ffd9b1737d030752785836bd5868fd2bf79378d66c43e34e820495df755584,0,3484,0
2,ex2-s5-e1-d1w-p01,24ffd9b1737d030752785836bd5868fd2bf79378d66c43e34e820495df755584,0,3485,100
2,ex2-s5-e1-d1w-p01,24ffd9b1737d030752785836bd5868fd2bf79378d66c43e34e820495df755584,0,3486,0
2,ex2-s5-e1-d1w-p01,24ffd9b1737d030752785836bd5868fd2bf79378d66c43e34e820495df755584,0,3487,0
2,ex2-s5-e1-d1w-p01,24ffd9b1737d030752785836bd5868fd2bf79378d66c43e34e820495df755584,0,3488,0
2,ex2-s5-e1-d1w-p01,24ffd9b1737d030752785836bd5868fd2bf79378d66c43e34e820495df755584,0,3489,100
2,ex2-s5-e1-d1w-p01,24ffd9b1737d030752785836bd5868fd2bf79378d66c43e34e820495df755584,0,3490,0
2,ex2-s5-e1-d1w-p01,24ffd9b1737d030752785836bd5868fd2bf79378d66c43e34e820495df755584,0,3491,0
2,ex2-s5-e1-d1w-p01,24ffd9b1737d030752785836bd5868fd2bf79378d66c43e34e820495df755584,0,3492,100
2,ex2-s5-e1-d1w-p01,24ffd9b1737d030752785836bd5868fd2bf79378d66c43e34e820495df755584,0,3493,0
2,ex2-s5-e1-d1w-p01,24ffd9b1737d030752785836bd5868fd2bf79378d66c43e34e820495df755584,0,3494,0
2,ex2-s5-e1-d1w-p01,24ffd9b1737d030752785836bd5868fd2bf79378d66c43e34e820495df755584,0,3495,0
2,ex2-s5-e1-d1w-p01,24ffd9b1737d030752785836bd5868fd2bf79378d66c43e34e820495df755584,0,3496,100
2,ex2-s5-e1-d1w-p01,24ffd9b1737d030752785836bd5868fd2bf79378d66c43e34e820495df755584,0,3497,0
2,ex2-s5-e1-d1w-p01,24ffd9b1737d030752785836bd5868fd2bf79378d66c43e34e820495df755584,0,3498,0
2,ex2-s5-e1-d1w-p01,24ffd9b1737d030752785836bd5868fd2bf79378d66c43e34e820495df755584,0,3499,0
2,ex2-s5-e1-d1w-p01,24ffd9b1737d030752785836bd5868fd2bf79378d66c43e34e820495df755584,0,3500,100
2,ex2-s5-e1-d1w-p01,24ffd9b1737d030752785836bd5868fd2bf79378d66c43e34e820495df755584,0,3501,0
2,ex2-s5-e1-d1w-p01,24ffd9b1737d030752785836bd5868fd2bf79378d66c43e34e820495df755584,0,3502,0
2,ex2-s5-e1-d1w-p01,24ffd9b1737d030752785836bd5868fd2bf79378d66c43e34e820495df755584,0,3503,100
2,ex2-s5-e1-d1w-p01,24ffd9b1737d030752785836bd5868fd2bf79378d66c43e34e820495df755584,0,3504,0
2,ex2-s5-e1-d1w-p01,24ffd9b1737d030752785836bd5868fd2bf79378d66c43e34e820495df755584,0,3505,0
2,ex2-s5-e1-d1w-p01,24ffd9b1737d030752785836bd5868fd2bf79378d66c43e34e820495df755584,0,3506,0
2,ex2-s5-e1-d1w-p01,24ffd9b1737d030752785836bd5868fd2bf79378d66c43e34e820495df755584,0,3507,100
2,ex2-s5-e1-d1w-p01,24ffd9b1737d030752785836bd5868fd2bf79378d66c43e34e820495df755584,0,3508,0
2,ex2-s5-e1-d1w-p01,24ffd9b1737d030752785836bd5868fd2bf79378d66c43e34e820495df755584,0,3509,0
2,ex2-s5-e1-d1w-p01,24ffd9b1737d030752785836bd5868fd2bf79378d66c43e34e820495df755584,0,3510,0
2,ex2-s5-e1-d1w-p01,24ffd9b1737d030752785836bd5868fd2bf79378d66c43e34e820495df755584,0,3511,100
2,ex2-s5-e1-d1w-p01,24ffd9b1737d030752785836bd5868fd2bf79378d66c43e34e820495df755584,0,3512,0
2,ex2-s5-e1-d1w-p01,24ffd9b1737d030752785836bd5868fd2bf79378d66c43e34e820495df755584,0,3513,0
2,ex2-s5-e1-d1w-p01,24ffd9b1737d030752785836bd5868fd2bf79378d66c43e34e820495df755584,0,3514,100
2,ex2-s5-e1-d1w-p01,24ffd9b1737d030752785836bd5868fd2bf79378d66c43e34e820495df755584,0,3515,0
2,ex2-s5-e1-d1w-p01,24ffd9b1737d030752785836bd5868fd2bf79378d66c43e34e820495df755584,0,3516,0
2,ex2-s5-e1-d1w-p01,24ffd9b1737d030752785836bd5868fd2bf79378d66c43e34e820495df755584,0,3517,0
2,ex2-s5-e1-d1w-p01,24ffd9b1737d030752785836bd5868fd2bf79378d66c43e34e820495df755584,0,3518,100
2,ex2-s5-e1-d1w-p01,24ffd9b1737d030752785836bd5868fd2bf79378d66c43e34e820495df755584,0,3519,0
2,ex2-s5-e1-d1w-p01,24ffd9b1737d030752785836bd5868fd2bf79378d66c43e34e820495df755584,0,3520,0
2,ex2-s5-e1-d1w-p01,24ffd9b1737d030752785836bd5868fd2bf79378d66c43e34e820495df755584,0,3521,0
2,ex2-s5-e1-d1w-p01,24ffd9b1737d030752785836bd5868fd2bf79378d66c43e34e820495df755584,0,3522,100
2,ex2-s5-e1-d1w-p01,24ffd9b1737d030752785836bd5868fd2bf79378d66c43e34e820495df755584,0,3523,0
2,ex2-s5-e1-d1w-p01,24ffd9b1737d030752785836bd5868fd2bf79378d66c43e34e820495df755584,0,3524,0
2,ex2-s5-e1-d1w-p01,24ffd9b1737d030752785836bd5868fd2bf79378d66c43e34e820495df755584,0,3525,100
2,ex2-s5-e1-d1w-p01,24ffd9b1737d030752785836bd5868fd2bf79378d66c43e34e820495df755584,0,3526,0
2,ex2-s5-e1-d1w-p01,24ffd9b1737d030752785836bd5868fd2bf79378d66c43e34e820495df755584,0,3527,0
2,ex2-s5-e1-d1w-p01,24ffd9b1737d030752785836bd5868fd2bf79378d66c43e34e820495df755584,0,3528,0
2,ex2-s5-e1-d1w-p01,24ffd9b1737d030752785836bd5868fd2bf79378d66c43e34e820495df755584,0,3529,100
2,ex2-s5-e1-d1w-p01,24ffd9b1737d030752785836bd5868fd2bf79378d66c43e34e820495df755584,0,3530,0
2,ex2-s5-e1-d1w-p01,24ffd9b1737d030752785836bd5868fd2bf79378d66c43e34e820495df755584,0,3531,0
2,ex2-s5-e1-d1w-p01,24ffd9b1737d030752785836bd5868fd2bf79378d66c43e34e820495df755584,0,3532,0
2,ex2-s5-e1-d1w-p01,24ffd9b1737d030752785836bd5868fd2bf79378d66c43e34e820495df755584,0,3533,100
2,ex2-s5-e1-d1w-p01,24ffd9b1737d030752785836bd5868fd2bf79378d66c43e34e820495df755584,0,3534,0
2,ex2-s5-e1-d1w-p01,24ffd9b1737d030752785836bd5868fd2bf79378d66c43e34e820495df755584,0,3535,0
2,ex2-s5-e1-d1w-p01,24ffd9b1737d030752785836bd5868fd2bf79378d66c43e34e820495df755584,0,3536,100
2,ex2-s5-e1-d1w-p01,24ffd9b1737d030752785836bd5868fd2bf79378d66c43e34e820495df755584,0,3537,0
2,ex2-s5-e1-d1w-p01,24ffd9b1737d030752785836bd5868fd2bf79378d66c43e34e820495df755584,0,3538,0
2,ex2-s5-e1-d1w-p01,24ffd9b1737d030752785836bd5868fd2bf79378d66c43e34e820495df755584,0,3539,0
2,ex2-s5-e1-d1w-p01,24ffd9b1737d030752785836bd5868fd2bf79378d66c43e34e820495df755584,0,3540,100
2,ex2-s5-e1-d1w-p01,24ffd9b1737d030752785836bd5868fd2bf79378d66c43e34e820495df755584,0,3541,0
2,ex2-s5-e1-d1w-p01,24ffd9b1737d030752785836bd5868fd2bf79378d66c43e34e820495df755584,0,3542,0
2,ex2-s5-e1-d1w-p01,24ffd9b1737d030752785836bd5868fd2bf79378d66c43e34e820495df755584,0,3543,0
2,ex2-s5-e1-d1w-p01,24ffd9b1737d030752785836bd5868fd2bf79378d66c43e34e820495df755584,0,3544,100
2,ex2-s5-e1-d1w-p01,24ffd9b1737d030752785836bd5868fd2bf79378d66c43e34e820495df755584,0,3545,0
2,ex2-s5-e1-d1w-p01,24ffd9b1737d030752785836bd5868fd2bf79378d66c43e34e820495df755584,0,3546,0
2,ex2-s5-e1-d1w-p01,24ffd9b1737d030752785836bd5868fd2bf79378d66c43e34e820495df755584,0,3547,100
2,ex2-s5-e1-d1w-p01,24ffd9b1737d030752785836bd5868fd2bf79378d66c43e34e820495df755584,0,3548,0
2,ex2-s5-e1-d1w-p01,24ffd9b1737d030752785836bd5868fd2bf79378d66c43e34e820495df755584,0,3549,0
2,ex2-s5-e1-d1w-p01,24ffd9b1737d030752785836bd5868fd2bf79378d66c43e34e820495df755584,0,3550,0
2,ex2-s5-e1-d1w-p01,24ffd9b1737d030752785836bd5868fd2bf79378d66c43e34e820495df755584,0,3551,100
2,ex2-s5-e1-d1w-p01,24ffd9b1737d030752785836bd5868fd2bf79378d66c43e34e820495df755584,0,3552,0
2,ex2-s5-e1-d1w-p01,24ffd9b1737d030752785836bd5868fd2bf79378d66c43e34e820495df755584,0,3553,0
2,ex2-s5-e1-d1w-p01,24ffd9b1737d030752785836bd5868fd2bf79378d66c43e34e820495df755584,0,3554,0
2,ex2-s5-e1-d1w-p01,24ffd9b1737d030752785836bd5868fd2bf79378d66c43e34e820495df755584,0,3555,100
2,ex2-s5-e1-d1w-p01,24ffd9b1737d030752785836bd5868fd2bf79378d66c43e34e820495df755584,0,3556,0
2,ex2-s5-e1-d1w-p01,24ffd9b1737d030752785836bd5868fd2bf79378d66c43e34e820495df755584,0,3557,0
2,ex2-s5-e1-d1w-p01,24ffd9b1737d030752785836bd5868fd2bf79378d66c43e34e820495df755584,0,3558,100
2,ex2-s5-e1-d1w-p01,24ffd9b1737d030752785836bd5868fd2bf79378d66c43e34e820495df755584,0,3559,0
2,ex2-s5-e1-d1w-p01,24ffd9b1737d030752785836bd5868fd2bf79378d66c43e34e820495df755584,0,3560,0
2,ex2-s5-e1-d1w-p01,24ffd9b1737d030752785836bd5868fd2bf79378d66c43e34e820495df755584,0,3561,0
2,ex2-s5-e1-d1w-p01,24ffd9b1737d030752785836bd5868fd2bf79378d66c43e34e820495df755584,0,3562,100
2,ex2-s5-e1-d1w-p01,24ffd9b1737d030752785836bd5868fd2bf79378d66c43e34e820495df755584,0,3563,0
2,ex2-s5-e1-d1w-p01,24ffd9b1737d030752785836bd5868fd2bf79378d66c43e34e820495df755584,0,3564,0
2,ex2-s5-e1-d1w-p01,24ffd9b1737d030752785836bd5868fd2bf79378d66c43e34e820495df755584,0,3565,0
2,ex2-s5-e1-d1w-p01,24ffd9b1737d030752785836bd5868fd2bf79378d66c43e34e820495df755584,0,3566,100
2,ex2-s5-e1-d1w-p01,24ffd9b1737d030752785836bd5868fd2bf79378d66c43e34e820495df755584,0,3567,0
2,ex2-s5-e1-d1w-p01,24ffd9b1737d030752785836bd5868fd2bf79378d66c43e34e820495df755584,0,3568,0
2,ex2-s5-e1-d1w-p01,24ffd9b1737d030752785836bd5868fd2bf79378d66c43e34e820495df755584,0,3569,100
2,ex2-s5-e1-d1w-p01,24ffd9b1737d030752785836bd5868fd2bf79378d66c43e34e820495df755584,0,3570,0
2,ex2-s5-e1-d1w-p01,24ffd9b1737d030752785836bd5868fd2bf79378d66c43e34e820495df755584,0,3571,0
2,ex2-s5-e1-d1w-p01,24ffd9b1737d030752785836bd5868fd2bf79378d66c43e34e820495df755584,0,3572,0
2,ex2-s5-e1-d1w-p01,24ffd9b1737d030752785836bd5868fd2bf79378d66c43e34e820495df755584,0,3573,100
2,ex2-s5-e1-d1w-p01,24ffd9b1737d030752785836bd5868fd2bf79378d66c43e34e820495df755584,0,3574,0
2,ex2-s5-e1-d1w-p01,24ffd9b1737d030752785836bd5868fd2bf79378d66c43e34e820495df755584,0,3575,0
2,ex2-s5-e1-d1w-p01,24ffd9b1737d030752785836bd5868fd2bf79378d66c43e34e820495df755584,0,3576,100
2,ex2-s5-e1-d1w-p01,24ffd9b1737d030752785836bd5868fd2bf79378d66c43e34e820495df755584,0,3577,0
2,ex2-s5-e1-d1w-p01,24ffd9b1737d030752785836bd5868fd2bf79378d66c43e34e820495df755584,0,3578,0
2,ex2-s5-e1-d1w-p01,24ffd9b1737d030752785836bd5868fd2bf79378d66c43e34e820495df755584,0,3579,0
2,ex2-s5-e1-d1w-p01,24ffd9b1737d030752785836bd5868fd2bf79378d66c43e34e820495df755584,0,3580,100
2,ex2-s5-e1-d1w-p01,24ffd9b1737d030752785836bd5868fd2bf79378d66c43e34e820495df755584,0,3581,0
2,ex2-s5-e1-d1w-p01,24ffd9b1737d030752785836bd5868fd2bf79378d66c43e34e820495df755584,0,3582,0
2,ex2-s5-e1-d1w-p01,24ffd9b1737d030752785836bd5868fd2bf79378d66c43e34e820495df755584,0,3583,0
2,ex2-s5-e1-d1w-p01,24ffd9b1737d030752785836bd5868fd2bf79378d66c43e34e820495df755584,0,3584,100
2,ex2-s5-e1-d1w-p01,24ffd9b1737d030752785836bd5868fd2bf79378d66c43e34e820495df755584,0,3585,0
2,ex2-s5-e1-d1w-p01,24ffd9b1737d030752785836bd5868fd2bf79378d66c43e34e820495df755584,0,3586,0
2,ex2-s5-e1-d1w-p01,24ffd9b1737d030752785836bd5868fd2bf79378d66c43e34e820495df755584,0,3587,100
2,ex2-s5-e1-d1w-p01,24ffd9b1737d030752785836bd5868fd2bf79378d66c43e34e820495df755584,0,3588,0
2,ex2-s5-e1-d1w-p01,24ffd9b1737d030752785836bd5868fd2bf79378d66c43e34e820495df755584,0,3589,0
2,ex2-s5-e1-d1w-p01,24ffd9b1737d030752785836bd5868fd2bf79378d66c43e34e820495df755584,0,3590,0
2,ex2-s5-e1-d1w-p01,24ffd9b1737d030752785836bd5868fd2bf79378d66c43e34e820495df755584,0,3591,100
2,ex2-s5-e1-d1w-p01,24ffd9b1737d030752785836bd5868fd2bf79378d66c43e34e820495df755584,0,3592,0
2,ex2-s5-e1-d1w-p01,24ffd9b1737d030752785836bd5868fd2bf79378d66c43e34e820495df755584,0,3593,0
2,ex2-s5-e1-d1w-p01,24ffd9b1737d030752785836bd5868fd2bf79378d66c43e34e820495df755584,0,3594,0
2,ex2-s5-e1-d1w-p01,24ffd9b1737d030752785836bd5868fd2bf79378d66c43e34e820495df755584,0,3595,100
2,ex2-s5-e1-d1w-p01,24ffd9b1737d030752785836bd5868fd2bf79378d66c43e34e820495df755584,0,3596,0
2,ex2-s5-e1-d1w-p01,24ffd9b1737d030752785836bd5868fd2bf79378d66c43e34e820495df755584,0,3597,0
2,ex2-s5-e1-d1w-p01,24ffd9b1737d030752785836bd5868fd2bf79378d66c43e34e820495df755584,0,3598,100
2,ex2-s5-e1-d1w-p01,24ffd9b1737d030752785836bd5868fd2bf79378d66c43e34e820495df755584,0,3599,0
2,ex2-s5-e1-d1w-p01,24ffd9b1737d030752785836bd5868fd2bf79378d66c43e34e820495df755584,0,3600,0
2,ex2-s5-e1-d1w-p01,24ffd9b1737d030752785836bd5868fd2bf79378d66c43e34e820495df755584,0,3601,0
2,ex2-s5-e1-d1w-p01,24ffd9b1737d030752785836bd5868fd2bf79378d66c43e34e820495df755584,0,3602,100
2,ex2-s5-e1-d1w-p01,24ffd9b1737d030752785836bd5868fd2bf79378d66c43e34e820495df755584,0,3603,0
2,ex2-s5-e1-d1w-p01,24ffd9b1737d030752785836bd5868fd2bf79378d66c43e34e820495df755584,0,3604,0
2,ex2-s5-e1-d1w-p01,24ffd9b1737d030752785836bd5868fd2bf79378d66c43e34e820495df755584,0,3605,0
2,ex2-s5-e1-d1w-p01,24ffd9b1737d030752785836bd5868fd2bf79378d66c43e34e820495df755584,0,3606,100
2,ex2-s5-e1-d1w-p01,24ffd9b1737d030752785836bd5868fd2bf79378d66c43e34e820495df755584,0,3607,0
2,ex2-s5-e1-d1w-p01,24ffd9b1737d030752785836bd5868fd2bf79378d66c43e34e820495df755584,0,3608,0
2,ex2-s5-e1-d1w-p01,24ffd9b1737d030752785836bd5868fd2bf79378d66c43e34e820495df755584,0,3609,100
2,ex2-s5-e1-d1w-p01,24ffd9b1737d030752785836bd5868fd2bf79378d66c43e34e820495df755584,0,3610,0
2,ex2-s5-e1-d1w-p01,24ffd9b1737d030752785836bd5868fd2bf79378d66c43e34e820495df755584,0,3611,0
2,ex2-s5-e1-d1w-p01,24ffd9b1737d030752785836bd5868fd2bf79378d66c43e34e820495df755584,0,3612,0
2,ex2-s5-e1-d1w-p01,24ffd9b1737d030752785836bd5868fd2bf79378d66c43e34e820495df755584,0,3613,100
2,ex2-s5-e1-d1w-p01,24ffd9b1737d030752785836bd5868fd2bf79378d66c43e34e820495df755584,0,3614,0
2,ex2-s5-e1-d1w-p01,24ffd9b1737d030752785836bd5868fd2bf79378d66c43e34e820495df755584,0,3615,0
2,ex2-s5-e1-d1w-p01,24ffd9b1737d030752785836bd5868fd2bf79378d66c43e34e820495df755584,0,3616,0
2,ex2-s5-e1-d1w-p01,24ffd9b1737d030752785836bd5868fd2bf79378d66c43e34e820495df755584,0,3617,100
2,ex2-s5-e1-d1w-p01,24ffd9b1737d030752785836bd5868fd2bf79378d66c43e34e820495df755584,0,3618,0
2,ex2-s5-e1-d1w-p01,24ffd9b1737d030752785836bd5868fd2bf79378d66c43e34e820495df755584,0,3619,0
2,ex2-s5-e1-d1w-p01,24ffd9b1737d030752785836bd5868fd2bf79378d66c43e34e820495df755584,0,3620,100
2,ex2-s5-e1-d1w-p01,24ffd9b1737d030752785836bd5868fd2bf79378d66c43e34e820495df755584,0,3621,0
2,ex2-s5-e1-d1w-p01,24ffd9b1737d030752785836bd5868fd2bf79378d66c43e34e820495df755584,0,3622,0
2,ex2-s5-e1-d1w-p01,24ffd9b1737d030752785836bd5868fd2bf79378d66c43e34e820495df755584,0,3623,0
2,ex2-s5-e1-d1w-p01,24ffd9b1737d030752785836bd5868fd2bf79378d66c43e34e820495df755584,0,3624,100
2,ex2-s5-e1-d1w-p01,24ffd9b1737d030752785836bd5868fd2bf79378d66c43e34e820495df755584,0,3625,0
2,ex2-s5-e1-d1w-p01,24ffd9b1737d030752785836bd5868fd2bf79378d66c43e34e820495df755584,0,3626,0
2,ex2-s5-e1-d1w-p01,24ffd9b1737d030752785836bd5868fd2bf79378d66c43e34e820495df755584,0,3627,0
2,ex2-s5-e1-d1w-p01,24ffd9b1737d030752785836bd5868fd2bf79378d66c43e34e820495df755584,0,3628,100
2,ex2-s5-e1-d1w-p01,24ffd9b1737d030752785836bd5868fd2bf79378d66c43e34e820495df755584,0,3629,0
2,ex2-s5-e1-d1w-p01,24ffd9b1737d030752785836bd5868fd2bf79378d66c43e34e820495df755584,0,3630,0
2,ex2-s5-e1-d1w-p01,24ffd9b1737d030752785836bd5868fd2bf79378d66c43e34e820495df755584,0,3631,100
2,ex2-s5-e1-d1w-p01,24ffd9b1737d030752785836bd5868fd2bf79378d66c43e34e820495df755584,0,3632,0
2,ex2-s5-e1-d1w-p01,24ffd9b1737d030752785836bd5868fd2bf79378d66c43e34e820495df755584,0,3633,0
2,ex2-s5-e1-d1w-p01,24ffd9b1737d030752785836bd5868fd2bf79378d66c43e34e820495df755584,0,3634,0
2,ex2-s5-e1-d1w-p01,24ffd9b1737d030752785836bd5868fd2bf79378d66c43e34e820495df755584,0,3635,100
2,ex2-s5-e1-d1w-p01,24ffd9b1737d030752785836bd5868fd2bf79378d66c43e34e820495df755584,0,3636,0
2,ex2-s5-e1-d1w-p01,24ffd9b1737d030752785836bd5868fd2bf79378d66c43e34e820495df755584,0,3637,0
2,ex2-s5-e1-d1w-p01,24ffd9b1737d030752785836bd5868fd2bf79378d66c43e34e820495df755584,0,3638,0
2,ex2-s5-e1-d1w-p01,24ffd9b1737d030752785836bd5868fd2bf79378d66c43e34e820495df755584,0,3639,100
2,ex2-s5-e1-d1w-p01,24ffd9b1737d030752785836bd5868fd2bf79378d66c43e34e820495df755584,0,3640,0
2,ex2-s5-e1-d1w-p01,24ffd9b1737d030752785836bd5868fd2bf79378d66c43e34e820495df755584,0,3641,0
2,ex2-s5-e1-d1w-p01,24ffd9b1737d030752785836bd5868fd2bf79378d66c43e34e820495df755584,0,3642,100
2,ex2-s5-e1-d1w-p01,24ffd9b1737d030752785836bd5868fd2bf79378d66c43e34e820495df755584,0,3643,0
2,ex2-s5-e1-d1w-p01,24ffd9b1737d030752785836bd5868fd2bf79378d66c43e34e820495df755584,0,3644,0
2,ex2-s5-e1-d1w-p01,24ffd9b1737d030752785836bd5868fd2bf79378d66c43e34e820495df755584,0,3645,0
2,ex2-s5-e1-d1w-p01,24ffd9b1737d030752785836bd5868fd2bf79378d66c43e34e820495df755584,0,3646,100
2,ex2-s5-e1-d1w-p01,24ffd9b1737d030752785836bd5868fd2bf79378d66c43e34e820495df755584,0,3647,0
2,ex2-s5-e1-d1w-p01,24ffd9b1737d030752785836bd5868fd2bf79378d66c43e34e820495df755584,0,3648,0
2,ex2-s5-e1-d1w-p01,24ffd9b1737d030752785836bd5868fd2bf79378d66c43e34e820495df755584,0,3649,0
2,ex2-s5-e1-d1w-p01,24ffd9b1737d030752785836bd5868fd2bf79378d66c43e34e820495df755584,0,3650,100
2,ex2-s5-e1-d1w-p01,24ffd9b1737d030752785836bd5868fd2bf79378d66c43e34e820495df755584,0,3651,0
2,ex2-s5-e1-d1w-p01,24ffd9b1737d030752785836bd5868fd2bf79378d66c43e34e820495df755584,0,3652,0
2,ex2-s5-e1-d1w-p01,24ffd9b1737d030752785836bd5868fd2bf79378d66c43e34e820495df755584,0,3653,100
2,ex2-s5-e1-d1w-p01,24ffd9b1737d030752785836bd5868fd2bf79378d66c43e34e820495df755584,0,3654,0
2,ex2-s5-e1-d1w-p01,24ffd9b1737d030752785836bd5868fd2bf79378d66c43e34e820495df755584,0,3655,0
2,ex2-s5-e1-d1w-p01,24ffd9b1737d030752785836bd5868fd2bf79378d66c43e34e820495df755584,0,3656,0
2,ex2-s5-e1-d1w-p01,24ffd9b1737d030752785836bd5868fd2bf79378d66c43e34e820495df755584,0,3657,100
2,ex2-s5-e1-d1w-p01,24ffd9b1737d030752785836bd5868fd2bf79378d66c43e34e820495df755584,0,3658,0
2,ex2-s5-e1-d1w-p01,24ffd9b1737d030752785836bd5868fd2bf79378d66c43e34e820495df755584,0,3659,0
2,ex2-s5-e1-d1w-p01,24ffd9b1737d030752785836bd5868fd2bf79378d66c43e34e820495df755584,0,3660,0
2,ex2-s5-e1-d1w-p01,24ffd9b1737d030752785836bd5868fd2bf79378d66c43e34e820495df755584,0,3661,100
2,ex2-s5-e1-d1w-p01,24ffd9b1737d030752785836bd5868fd2bf79378d66c43e34e820495df755584,0,3662,0
2,ex2-s5-e1-d1w-p01,24ffd9b1737d030752785836bd5868fd2bf79378d66c43e34e820495df755584,0,3663,0
2,ex2-s5-e1-d1w-p01,24ffd9b1737d030752785836bd5868fd2bf79378d66c43e34e820495df755584,0,3664,100
2,ex2-s5-e1-d1w-p01,24ffd9b1737d030752785836bd5868fd2bf79378d66c43e34e820495df755584,0,3665,0
2,ex2-s5-e1-d1w-p01,24ffd9b1737d030752785836bd5868fd2bf79378d66c43e34e820495df755584,0,3666,0
2,ex2-s5-e1-d1w-p01,24ffd9b1737d030752785836bd5868fd2bf79378d66c43e34e820495df755584,0,3667,0
2,ex2-s5-e1-d1w-p01,24ffd9b1737d030752785836bd5868fd2bf79378d66c43e34e820495df755584,0,3668,100
2,ex2-s5-e1-d1w-p01,24ffd9b1737d030752785836bd5868fd2bf79378d66c43e34e820495df755584,0,3669,0
2,ex2-s5-e1-d1w-p01,24ffd9b1737d030752785836bd5868fd2bf79378d66c43e34e820495df755584,0,3670,0
2,ex2-s5-e1-d1w-p01,24ffd9b1737d030752785836bd5868fd2bf79378d66c43e34e820495df755584,0,3671,0
2,ex2-s5-e1-d1w-p01,24ffd9b1737d030752785836bd5868fd2bf79378d66c43e34e820495df755584,0,3672,100
2,ex2-s5-e1-d1w-p01,24ffd9b1737d030752785836bd5868fd2bf79378d66c43e34e820495df755584,0,3673,0
2,ex2-s5-e1-d1w-p01,24ffd9b1737d030752785836bd5868fd2bf79378d66c43e34e820495df755584,0,3674,0
2,ex2-s5-e1-d1w-p01,24ffd9b1737d030752785836bd5868fd2bf79378d66c43e34e820495df755584,0,3675,100
2,ex2-s5-e1-d1w-p01,24ffd9b1737d030752785836bd5868fd2bf79378d66c43e34e820495df755584,0,3676,0
2,ex2-s5-e1-d1w-p01,24ffd9b1737d030752785836bd5868fd2bf79378d66c43e34e820495df755584,0,3677,0
2,ex2-s5-e1-d1w-p01,24ffd9b1737d030752785836bd5868fd2bf79378d66c43e34e820495df755584,0,3678,0
2,ex2-s5-e1-d1w-p01,24ffd9b1737d030752785836bd5868fd2bf79378d66c43e34e820495df755584,0,3679,100
2,ex2-s5-e1-d1w-p01,24ffd9b1737d030752785836bd5868fd2bf79378d66c43e34e820495df755584,0,3680,0
2,ex2-s5-e1-d1w-p01,24ffd9b1737d030752785836bd5868fd2bf79378d66c43e34e820495df755584,0,3681,0
2,ex2-s5-e1-d1w-p01,24ffd9b1737d030752785836bd5868fd2bf79378d66c43e34e820495df755584,0,3682,0
2,ex2-s5-e1-d1w-p01,24ffd9b1737d030752785836bd5868fd2bf79378d66c43e34e820495df755584,0,3683,100
2,ex2-s5-e1-d1w-p01,24ffd9b1737d030752785836bd5868fd2bf79378d66c43e34e820495df755584,0,3684,0
2,ex2-s5-e1-d1w-p01,24ffd9b1737d030752785836bd5868fd2bf79378d66c43e34e820495df755584,0,3685,0
2,ex2-s5-e1-d1w-p01,24ffd9b1737d030752785836bd5868fd2bf79378d66c43e34e820495df755584,0,3686,100
2,ex2-s5-e1-d1w-p01,24ffd9b1737d030752785836bd5868fd2bf79378d66c43e34e820495df755584,0,3687,0
2,ex2-s5-e1-d1w-p01,24ffd9b1737d030752785836bd5868fd2bf79378d66c43e34e820495df755584,0,3688,0
2,ex2-s5-e1-d1w-p01,24ffd9b1737d030752785836bd5868fd2bf79378d66c43e34e820495df755584,0,3689,0
2,ex2-s5-e1-d1w-p01,24ffd9b1737d030752785836bd5868fd2bf79378d66c43e34e820495df755584,0,3690,100
2,ex2-s5-e1-d1w-p01,24ffd9b1737d030752785836bd5868fd2bf79378d66c43e34e820495df755584,0,3691,0
2,ex2-s5-e1-d1w-p01,24ffd9b1737d030752785836bd5868fd2bf79378d66c43e34e820495df755584,0,3692,0
2,ex2-s5-e1-d1w-p01,24ffd9b1737d030752785836bd5868fd2bf79378d66c43e34e820495df755584,0,3693,0
2,ex2-s5-e1-d1w-p01,24ffd9b1737d030752785836bd5868fd2bf79378d66c43e34e820495df755584,0,3694,100
2,ex2-s5-e1-d1w-p01,24ffd9b1737d030752785836bd5868fd2bf79378d66c43e34e820495df755584,0,3695,0
2,ex2-s5-e1-d1w-p01,24ffd9b1737d030752785836bd5868fd2bf79378d66c43e34e820495df755584,0,3696,0
2,ex2-s5-e1-d1w-p01,24ffd9b1737d030752785836bd5868fd2bf79378d66c43e34e820495df755584,0,3697,100
2,ex2-s5-e1-d1w-p01,24ffd9b1737d030752785836bd5868fd2bf79378d66c43e34e820495df755584,0,3698,0
2,ex2-s5-e1-d1w-p01,24ffd9b1737d030752785836bd5868fd2bf79378d66c43e34e820495df755584,0,3699,0
2,ex2-s5-e1-d1w-p01,24ffd9b1737d030752785836bd5868fd2bf79378d66c43e34e820495df755584,0,3700,0
2,ex2-s5-e1-d1w-p01,24ffd9b1737d030752785836bd5868fd2bf79378d66c43e34e820495df755584,0,3701,100
2,ex2-s5-e1-d1w-p01,24ffd9b1737d030752785836bd5868fd2bf79378d66c43e34e820495df755584,0,3702,0
2,ex2-s5-e1-d1w-p01,24ffd9b1737d030752785836bd5868fd2bf79378d66c43e34e820495df755584,0,3703,0
2,ex2-s5-e1-d1w-p01,24ffd9b1737d030752785836bd5868fd2bf79378d66c43e34e820495df755584,0,3704,0
2,ex2-s5-e1-d1w-p01,24ffd9b1737d030752785836bd5868fd2bf79378d66c43e34e820495df755584,0,3705,100
2,ex2-s5-e1-d1w-p01,24ffd9b1737d030752785836bd5868fd2bf79378d66c43e34e820495df755584,0,3706,0
2,ex2-s5-e1-d1w-p01,24ffd9b1737d030752785836bd5868fd2bf79378d66c43e34e820495df755584,0,3707,0
2,ex2-s5-e1-d1w-p01,24ffd9b1737d030752785836bd5868fd2bf79378d66c43e34e820495df755584,0,3708,100
2,ex2-s5-e1-d1w-p01,24ffd9b1737d030752785836bd5868fd2bf79378d66c43e34e820495df755584,0,3709,0
2,ex2-s5-e1-d1w-p01,24ffd9b1737d030752785836bd5868fd2bf79378d66c43e34e820495df755584,0,3710,0
2,ex2-s5-e1-d1w-p01,24ffd9b1737d030752785836bd5868fd2bf79378d66c43e34e820495df755584,0,3711,0
2,ex2-s5-e1-d1w-p01,24ffd9b1737d030752785836bd5868fd2bf79378d66c43e34e820495df755584,0,3712,100
2,ex2-s5-e1-d1w-p01,24ffd9b1737d030752785836bd5868fd2bf79378d66c43e34e820495df755584,0,3713,0
2,ex2-s5-e1-d1w-p01,24ffd9b1737d030752785836bd5868fd2bf79378d66c43e34e820495df755584,0,3714,0
2,ex2-s5-e1-d1w-p01,24ffd9b1737d030752785836bd5868fd2bf79378d66c43e34e820495df755584,0,3715,0
2,ex2-s5-e1-d1w-p01,24ffd9b1737d030752785836bd5868fd2bf79378d66c43e34e820495df755584,0,3716,100
2,ex2-s5-e1-d1w-p01,24ffd9b1737d030752785836bd5868fd2bf79378d66c43e34e820495df755584,0,3717,0
2,ex2-s5-e1-d1w-p01,24ffd9b1737d030752785836bd5868fd2bf79378d66c43e34e820495df755584,0,3718,0
2,ex2-s5-e1-d1w-p01,24ffd9b1737d030752785836bd5868fd2bf79378d66c43e34e820495df755584,0,3719,100
2,ex2-s5-e1-d1w-p01,24ffd9b1737d030752785836bd5868fd2bf79378d66c43e34e820495df755584,0,3720,0
2,ex2-s5-e1-d1w-p01,24ffd9b1737d030752785836bd5868fd2bf79378d66c43e34e820495df755584,0,3721,0
2,ex2-s5-e1-d1w-p01,24ffd9b1737d030752785836bd5868fd2bf79378d66c43e34e820495df755584,0,3722,0
2,ex2-s5-e1-d1w-p01,24ffd9b1737d030752785836bd5868fd2bf79378d66c43e34e820495df755584,0,3723,100
2,ex2-s5-e1-d1w-p01,24ffd9b1737d030752785836bd5868fd2bf79378d66c43e34e820495df755584,0,3724,0
2,ex2-s5-e1-d1w-p01,24ffd9b1737d030752785836bd5868fd2bf79378d66c43e34e820495df755584,0,3725,0
2,ex2-s5-e1-d1w-p01,24ffd9b1737d030752785836bd5868fd2bf79378d66c43e34e820495df755584,0,3726,100
2,ex2-s5-e1-d1w-p01,24ffd9b1737d030752785836bd5868fd2bf79378d66c43e34e820495df755584,0,3727,0
2,ex2-s5-e1-d1w-p01,24ffd9b1737d030752785836bd5868fd2bf79378d66c43e34e820495df755584,0,3728,0
2,ex2-s5-e1-d1w-p01,24ffd9b1737d030752785836bd5868fd2bf79378d66c43e34e820495df755584,0,3729,0
2,ex2-s5-e1-d1w-p01,24ffd9b1737d030752785836bd5868fd2bf79378d66c43e34e820495df755584,0,3730,100
2,ex2-s5-e1-d1w-p01,24ffd9b1737d030752785836bd5868fd2bf79378d66c43e34e820495df755584,0,3731,0
2,ex2-s5-e1-d1w-p01,24ffd9b1737d030752785836bd5868fd2bf79378d66c43e34e820495df755584,0,3732,0
2,ex2-s5-e1-d1w-p01,24ffd9b1737d030752785836bd5868fd2bf79378d66c43e34e820495df755584,0,3733,0
2,ex2-s5-e1-d1w-p01,24ffd9b1737d030752785836bd5868fd2bf79378d66c43e34e820495df755584,0,3734,100
2,ex2-s5-e1-d1w-p01,24ffd9b1737d030752785836bd5868fd2bf79378d66c43e34e820495df755584,0,3735,0
2,ex2-s5-e1-d1w-p01,24ffd9b1737d030752785836bd5868fd2bf79378d66c43e34e820495df755584,0,3736,0
2,ex2-s5-e1-d1w-p01,24ffd9b1737d030752785836bd5868fd2bf79378d66c43e34e820495df755584,0,3737,100
2,ex2-s5-e1-d1w-p01,24ffd9b1737d030752785836bd5868fd2bf79378d66c43e34e820495df755584,0,3738,0
2,ex2-s5-e1-d1w-p01,24ffd9b1737d030752785836bd5868fd2bf79378d66c43e34e820495df755584,0,3739,0
2,ex2-s5-e1-d1w-p01,24ffd9b1737d030752785836bd5868fd2bf79378d66c43e34e820495df755584,0,3740,0
2,ex2-s5-e1-d1w-p01,24ffd9b1737d030752785836bd5868fd2bf79378d66c43e34e820495df755584,0,3741,100
2,ex2-s5-e1-d1w-p01,24ffd9b1737d030752785836bd5868fd2bf79378d66c43e34e820495df755584,0,3742,0
2,ex2-s5-e1-d1w-p01,24ffd9b1737d030752785836bd5868fd2bf79378d66c43e34e820495df755584,0,3743,0
2,ex2-s5-e1-d1w-p01,24ffd9b1737d030752785836bd5868fd2bf79378d66c43e34e820495df755584,0,3744,0
2,ex2-s5-e1-d1w-p01,24ffd9b1737d030752785836bd5868fd2bf79378d66c43e34e820495df755584,0,3745,100
2,ex2-s5-e1-d1w-p01,24ffd9b1737d030752785836bd5868fd2bf79378d66c43e34e820495df755584,0,3746,0
2,ex2-s5-e1-d1w-p01,24ffd9b1737d030752785836bd5868fd2bf79378d66c43e34e820495df755584,0,3747,0
2,ex2-s5-e1-d1w-p01,24ffd9b1737d030752785836bd5868fd2bf79378d66c43e34e820495df755584,0,3748,100
2,ex2-s5-e1-d1w-p01,24ffd9b1737d030752785836bd5868fd2bf79378d66c43e34e820495df755584,0,3749,0
2,ex2-s5-e1-d1w-p01,24ffd9b1737d030752785836bd5868fd2bf79378d66c43e34e820495df755584,0,3750,0
2,ex2-s5-e1-d1w-p01,24ffd9b1737d030752785836bd5868fd2bf79378d66c43e34e820495df755584,0,3751,0
2,ex2-s5-e1-d1w-p01,24ffd9b1737d030752785836bd5868fd2bf79378d66c43e34e820495df755584,0,3752,100
2,ex2-s5-e1-d1w-p01,24ffd9b1737d030752785836bd5868fd2bf79378d66c43e34e820495df755584,0,3753,0
2,ex2-s5-e1-d1w-p01,24ffd9b1737d030752785836bd5868fd2bf79378d66c43e34e820495df755584,0,3754,0
2,ex2-s5-e1-d1w-p01,24ffd9b1737d030752785836bd5868fd2bf79378d66c43e34e820495df755584,0,3755,0
2,ex2-s5-e1-d1w-p01,24ffd9b1737d030752785836bd5868fd2bf79378d66c43e34e820495df755584,0,3756,100
2,ex2-s5-e1-d1w-p01,24ffd9b1737d030752785836bd5868fd2bf79378d66c43e34e820495df755584,0,3757,0
2,ex2-s5-e1-d1w-p01,24ffd9b1737d030752785836bd5868fd2bf79378d66c43e34e820495df755584,0,3758,0
2,ex2-s5-e1-d1w-p01,24ffd9b1737d030752785836bd5868fd2bf79378d66c43e34e820495df755584,0,3759,100
2,ex2-s5-e1-d1w-p01,24ffd9b1737d030752785836bd5868fd2bf79378d66c43e34e820495df755584,0,3760,0
2,ex2-s5-e1-d1w-p01,24ffd9b1737d030752785836bd5868fd2bf79378d66c43e34e820495df755584,0,3761,0
2,ex2-s5-e1-d1w-p01,24ffd9b1737d030752785836bd5868fd2bf79378d66c43e34e820495df755584,0,3762,0
2,ex2-s5-e1-d1w-p01,24ffd9b1737d030752785836bd5868fd2bf79378d66c43e34e820495df755584,0,3763,100
2,ex2-s5-e1-d1w-p01,24ffd9b1737d030752785836bd5868fd2bf79378d66c43e34e820495df755584,0,3764,0
2,ex2-s5-e1-d1w-p01,24ffd9b1737d030752785836bd5868fd2bf79378d66c43e34e820495df755584,0,3765,0
2,ex2-s5-e1-d1w-p01,24ffd9b1737d030752785836bd5868fd2bf79378d66c43e34e820495df755584,0,3766,0
2,ex2-s5-e1-d1w-p01,24ffd9b1737d030752785836bd5868fd2bf79378d66c43e34e820495df755584,0,3767,100
2,ex2-s5-e1-d1w-p01,24ffd9b1737d030752785836bd5868fd2bf79378d66c43e34e820495df755584,0,3768,0
2,ex2-s5-e1-d1w-p01,24ffd9b1737d030752785836bd5868fd2bf79378d66c43e34e820495df755584,0,3769,0
2,ex2-s5-e1-d1w-p01,24ffd9b1737d030752785836bd5868fd2bf79378d66c43e34e820495df755584,0,3770,100
2,ex2-s5-e1-d1w-p01,24ffd9b1737d030752785836bd5868fd2bf79378d66c43e34e820495df755584,0,3771,0
2,ex2-s5-e1-d1w-p01,24ffd9b1737d030752785836bd5868fd2bf79378d66c43e34e820495df755584,0,3772,0
2,ex2-s5-e1-d1w-p01,24ffd9b1737d030752785836bd5868fd2bf79378d66c43e34e820495df755584,0,3773,0
2,ex2-s5-e1-d1w-p01,24ffd9b1737d030752785836bd5868fd2bf79378d66c43e34e820495df755584,0,3774,100
2,ex2-s5-e1-d1w-p01,24ffd9b1737d030752785836bd5868fd2bf79378d66c43e34e820495df755584,0,3775,0
2,ex2-s5-e1-d1w-p01,24ffd9b1737d030752785836bd5868fd2bf79378d66c43e34e820495df755584,0,3776,0
2,ex2-s5-e1-d1w-p01,24ffd9b1737d030752785836bd5868fd2bf79378d66c43e34e820495df755584,0,3777,0
2,ex2-s5-e1-d1w-p01,24ffd9b1737d030752785836bd5868fd2bf79378d66c43e34e820495df755584,0,3778,100
2,ex2-s5-e1-d1w-p01,24ffd9b1737d030752785836bd5868fd2bf79378d66c43e34e820495df755584,0,3779,0
2,ex2-s5-e1-d1w-p01,24ffd9b1737d030752785836bd5868fd2bf79378d66c43e34e820495df755584,0,3780,0
2,ex2-s5-e1-d1w-p01,24ffd9b1737d030752785836bd5868fd2bf79378d66c43e34e820495df755584,0,3781,100
2,ex2-s5-e1-d1w-p01,24ffd9b1737d030752785836bd5868fd2bf79378d66c43e34e820495df755584,0,3782,0
2,ex2-s5-e1-d1w-p01,24ffd9b1737d030752785836bd5868fd2bf79378d66c43e34e820495df755584,0,3783,0
2,ex2-s5-e1-d1w-p01,24ffd9b1737d030752785836bd5868fd2bf79378d66c43e34e820495df755584,0,3784,0
2,ex2-s5-e1-d1w-p01,24ffd9b1737d030752785836bd5868fd2bf79378d66c43e34e820495df755584,0,3785,100
2,ex2-s5-e1-d1w-p01,24ffd9b1737d030752785836bd5868fd2bf79378d66c43e34e820495df755584,0,3786,0
2,ex2-s5-e1-d1w-p01,24ffd9b1737d030752785836bd5868fd2bf79378d66c43e34e820495df755584,0,3787,0
2,ex2-s5-e1-d1w-p01,24ffd9b1737d030752785836bd5868fd2bf79378d66c43e34e820495df755584,0,3788,0
2,ex2-s5-e1-d1w-p01,24ffd9b1737d030752785836bd5868fd2bf79378d66c43e34e820495df755584,0,3789,100
2,ex2-s5-e1-d1w-p01,24ffd9b1737d030752785836bd5868fd2bf79378d66c43e34e820495df755584,0,3790,0
2,ex2-s5-e1-d1w-p01,24ffd9b1737d030752785836bd5868fd2bf79378d66c43e34e820495df755584,0,3791,0
2,ex2-s5-e1-d1w-p01,24ffd9b1737d030752785836bd5868fd2bf79378d66c43e34e820495df755584,0,3792,100
2,ex2-s5-e1-d1w-p01,24ffd9b1737d030752785836bd5868fd2bf79378d66c43e34e820495df755584,0,3793,0
2,ex2-s5-e1-d1w-p01,24ffd9b1737d030752785836bd5868fd2bf79378d66c43e34e820495df755584,0,3794,0
2,ex2-s5-e1-d1w-p01,24ffd9b1737d030752785836bd5868fd2bf79378d66c43e34e820495df755584,0,3795,0
2,ex2-s5-e1-d1w-p01,24ffd9b1737d030752785836bd5868fd2bf79378d66c43e34e820495df755584,0,3796,100
2,ex2-s5-e1-d1w-p01,24ffd9b1737d030752785836bd5868fd2bf79378d66c43e34e820495df755584,0,3797,0
2,ex2-s5-e1-d1w-p01,24ffd9b1737d030752785836bd5868fd2bf79378d66c43e34e820495df755584,0,3798,0
2,ex2-s5-e1-d1w-p01,24ffd9b1737d030752785836bd5868fd2bf79378d66c43e34e820495df755584,0,3799,0
2,ex2-s5-e1-d1w-p01,24ffd9b1737d030752785836bd5868fd2bf79378d66c43e34e820495df755584,0,3800,100
2,ex2-s5-e1-d1w-p01,24ffd9b1737d030752785836bd5868fd2bf79378d66c43e34e820495df755584,0,3801,0
2,ex2-s5-e1-d1w-p01,24ffd9b1737d030752785836bd5868fd2bf79378d66c43e34e820495df755584,0,3802,0
2,ex2-s5-e1-d1w-p01,24ffd9b1737d030752785836bd5868fd2bf79378d66c43e34e820495df755584,0,3803,100
2,ex2-s5-e1-d1w-p01,24ffd9b1737d030752785836bd5868fd2bf79378d66c43e34e820495df755584,0,3804,0
2,ex2-s5-e1-d1w-p01,24ffd9b1737d030752785836bd5868fd2bf79378d66c43e34e820495df755584,0,3805,0
2,ex2-s5-e1-d1w-p01,24ffd9b1737d030752785836bd5868fd2bf79378d66c43e34e820495df755584,0,3806,0
2,ex2-s5-e1-d1w-p01,24ffd9b1737d030752785836bd5868fd2bf79378d66c43e34e820495df755584,0,3807,100
2,ex2-s5-e1-d1w-p01,24ffd9b1737d030752785836bd5868fd2bf79378d66c43e34e820495df755584,0,3808,0
2,ex2-s5-e1-d1w-p01,24ffd9b1737d030752785836bd5868fd2bf79378d66c43e34e820495df755584,0,3809,0
2,ex2-s5-e1-d1w-p01,24ffd9b1737d030752785836bd5868fd2bf79378d66c43e34e820495df755584,0,3810,0
2,ex2-s5-e1-d1w-p01,24ffd9b1737d030752785836bd5868fd2bf79378d66c43e34e820495df755584,0,3811,100
2,ex2-s5-e1-d1w-p01,24ffd9b1737d030752785836bd5868fd2bf79378d66c43e34e820495df755584,0,3812,0
2,ex2-s5-e1-d1w-p01,24ffd9b1737d030752785836bd5868fd2bf79378d66c43e34e820495df755584,0,3813,0
2,ex2-s5-e1-d1w-p01,24ffd9b1737d030752785836bd5868fd2bf79378d66c43e34e820495df755584,0,3814,100
2,ex2-s5-e1-d1w-p01,24ffd9b1737d030752785836bd5868fd2bf79378d66c43e34e820495df755584,0,3815,0
2,ex2-s5-e1-d1w-p01,24ffd9b1737d030752785836bd5868fd2bf79378d66c43e34e820495df755584,0,3816,0
2,ex2-s5-e1-d1w-p01,24ffd9b1737d030752785836bd5868fd2bf79378d66c43e34e820495df755584,0,3817,0
2,ex2-s5-e1-d1w-p01,24ffd9b1737d030752785836bd5868fd2bf79378d66c43e34e820495df755584,0,3818,100
2,ex2-s5-e1-d1w-p01,24ffd9b1737d030752785836bd5868fd2bf79378d66c43e34e820495df755584,0,3819,0
2,ex2-s5-e1-d1w-p01,24ffd9b1737d030752785836bd5868fd2bf79378d66c43e34e820495df755584,0,3820,0
2,ex2-s5-e1-d1w-p01,24ffd9b1737d030752785836bd5868fd2bf79378d66c43e34e820495df755584,0,3821,100
2,ex2-s5-e1-d1w-p01,24ffd9b1737d030752785836bd5868fd2bf79378d66c43e34e820495df755584,0,3822,0
2,ex2-s5-e1-d1w-p01,24ffd9b1737d030752785836bd5868fd2bf79378d66c43e34e820495df755584,0,3823,0
2,ex2-s5-e1-d1w-p01,24ffd9b1737d030752785836bd5868fd2bf79378d66c43e34e820495df755584,0,3824,0
2,ex2-s5-e1-d1w-p01,24ffd9b1737d030752785836bd5868fd2bf79378d66c43e34e820495df755584,0,3825,100
2,ex2-s5-e1-d1w-p01,24ffd9b1737d030752785836bd5868fd2bf79378d66c43e34e820495df755584,0,3826,0
2,ex2-s5-e1-d1w-p01,24ffd9b1737d030752785836bd5868fd2bf79378d66c43e34e820495df755584,0,3827,0
2,ex2-s5-e1-d1w-p01,24ffd9b1737d030752785836bd5868fd2bf79378d66c43e34e820495df755584,0,3828,0
2,ex2-s5-e1-d1w-p01,24ffd9b1737d030752785836bd5868fd2bf79378d66c43e34e820495df755584,0,3829,100
2,ex2-s5-e1-d1w-p01,24ffd9b1737d030752785836bd5868fd2bf79378d66c43e34e820495df755584,0,3830,0
2,ex2-s5-e1-d1w-p01,24ffd9b1737d030752785836bd5868fd2bf79378d66c43e34e820495df755584,0,3831,0
2,ex2-s5-e1-d1w-p01,24ffd9b1737d030752785836bd5868fd2bf79378d66c43e34e820495df755584,0,3832,100
2,ex2-s5-e1-d1w-p01,24ffd9b1737d030752785836bd5868fd2bf79378d66c43e34e820495df755584,0,3833,0
2,ex2-s5-e1-d1w-p01,24ffd9b1737d030752785836bd5868fd2bf79378d66c43e34e820495df755584,0,3834,0
2,ex2-s5-e1-d1w-p01,24ffd9b1737d030752785836bd5868fd2bf79378d66c43e34e820495df755584,0,3835,0
2,ex2-s5-e1-d1w-p01,24ffd9b1737d030752785836bd5868fd2bf79378d66c43e34e820495df755584,0,3836,100
2,ex2-s5-e1-d1w-p01,24ffd9b1737d030752785836bd5868fd2bf79378d66c43e34e820495df755584,0,3837,0
2,ex2-s5-e1-d1w-p01,24ffd9b1737d030752785836bd5868fd2bf79378d66c43e34e820495df755584,0,3838,0
2,ex2-s5-e1-d1w-p01,24ffd9b1737d030752785836bd5868fd2bf79378d66c43e34e820495df755584,0,3839,0
2,ex2-s5-e1-d1w-p01,24ffd9b1737d030752785836bd5868fd2bf79378d66c43e34e820495df755584,0,3840,100
2,ex2-s5-e1-d1w-p01,24ffd9b1737d030752785836bd5868fd2bf79378d66c43e34e820495df755584,0,3841,0
2,ex2-s5-e1-d1w-p01,24ffd9b1737d030752785836bd5868fd2bf79378d66c43e34e820495df755584,0,3842,0
2,ex2-s5-e1-d1w-p01,24ffd9b1737d030752785836bd5868fd2bf79378d66c43e34e820495df755584,0,3843,100
2,ex2-s5-e1-d1w-p01,24ffd9b1737d030752785836bd5868fd2bf79378d66c43e34e820495df755584,0,3844,0
2,ex2-s5-e1-d1w-p01,24ffd9b1737d030752785836bd5868fd2bf79378d66c43e34e820495df755584,0,3845,0
2,ex2-s5-e1-d1w-p01,24ffd9b1737d030752785836bd5868fd2bf79378d66c43e34e820495df755584,0,3846,0
2,ex2-s5-e1-d1w-p01,24ffd9b1737d030752785836bd5868fd2bf79378d66c43e34e820495df755584,0,3847,100
2,ex2-s5-e1-d1w-p01,24ffd9b1737d030752785836bd5868fd2bf79378d66c43e34e820495df755584,0,3848,0
2,ex2-s5-e1-d1w-p01,24ffd9b1737d030752785836bd5868fd2bf79378d66c43e34e820495df755584,0,3849,0
2,ex2-s5-e1-d1w-p01,24ffd9b1737d030752785836bd5868fd2bf79378d66c43e34e820495df755584,0,3850,0
2,ex2-s5-e1-d1w-p01,24ffd9b1737d030752785836bd5868fd2bf79378d66c43e34e820495df755584,0,3851,100
2,ex2-s5-e1-d1w-p01,24ffd9b1737d030752785836bd5868fd2bf79378d66c43e34e820495df755584,0,3852,0
2,ex2-s5-e1-d1w-p01,24ffd9b1737d030752785836bd5868fd2bf79378d66c43e34e820495df755584,0,3853,0
2,ex2-s5-e1-d1w-p01,24ffd9b1737d030752785836bd5868fd2bf79378d66c43e34e820495df755584,0,3854,100
2,ex2-s5-e1-d1w-p01,24ffd9b1737d030752785836bd5868fd2bf79378d66c43e34e820495df755584,0,3855,0
2,ex2-s5-e1-d1w-p01,24ffd9b1737d030752785836bd5868fd2bf79378d66c43e34e820495df755584,0,3856,0
2,ex2-s5-e1-d1w-p01,24ffd9b1737d030752785836bd5868fd2bf79378d66c43e34e820495df755584,0,3857,0
2,ex2-s5-e1-d1w-p01,24ffd9b1737d030752785836bd5868fd2bf79378d66c43e34e820495df755584,0,3858,100
2,ex2-s5-e1-d1w-p01,24ffd9b1737d030752785836bd5868fd2bf79378d66c43e34e820495df755584,0,3859,0
2,ex2-s5-e1-d1w-p01,24ffd9b1737d030752785836bd5868fd2bf79378d66c43e34e820495df755584,0,3860,0
2,ex2-s5-e1-d1w-p01,24ffd9b1737d030752785836bd5868fd2bf79378d66c43e34e820495df755584,0,3861,0
2,ex2-s5-e1-d1w-p01,24ffd9b1737d030752785836bd5868fd2bf79378d66c43e34e820495df755584,0,3862,100
2,ex2-s5-e1-d1w-p01,24ffd9b1737d030752785836bd5868fd2bf79378d66c43e34e820495df755584,0,3863,0
2,ex2-s5-e1-d1w-p01,24ffd9b1737d030752785836bd5868fd2bf79378d66c43e34e820495df755584,0,3864,0
2,ex2-s5-e1-d1w-p01,24ffd9b1737d030752785836bd5868fd2bf79378d66c43e34e820495df755584,0,3865,100
2,ex2-s5-e1-d1w-p01,24ffd9b1737d030752785836bd5868fd2bf79378d66c43e34e820495df755584,0,3866,0
2,ex2-s5-e1-d1w-p01,24ffd9b1737d030752785836bd5868fd2bf79378d66c43e34e820495df755584,0,3867,0
2,ex2-s5-e1-d1w-p01,24ffd9b1737d030752785836bd5868fd2bf79378d66c43e34e820495df755584,0,3868,0
2,ex2-s5-e1-d1w-p01,24ffd9b1737d030752785836bd5868fd2bf79378d66c43e34e820495df755584,0,3869,100
2,ex2-s5-e1-d1w-p01,24ffd9b1737d030752785836bd5868fd2bf79378d66c43e34e820495df755584,0,3870,0
2,ex2-s5-e1-d1w-p01,24ffd9b1737d030752785836bd5868fd2bf79378d66c43e34e820495df755584,0,3871,0
2,ex2-s5-e1-d1w-p01,24ffd9b1737d030752785836bd5868fd2bf79378d66c43e34e820495df755584,0,3872,0
2,ex2-s5-e1-d1w-p01,24ffd9b1737d030752785836bd5868fd2bf79378d66c43e34e820495df755584,0,3873,100
2,ex2-s5-e1-d1w-p01,24ffd9b1737d030752785836bd5868fd2bf79378d66c43e34e820495df755584,0,3874,0
2,ex2-s5-e1-d1w-p01,24ffd9b1737d030752785836bd5868fd2bf79378d66c43e34e820495df755584,0,3875,0
2,ex2-s5-e1-d1w-p01,24ffd9b1737d030752785836bd5868fd2bf79378d66c43e34e820495df755584,0,3876,100
2,ex2-s5-e1-d1w-p01,24ffd9b1737d030752785836bd5868fd2bf79378d66c43e34e820495df755584,0,3877,0
2,ex2-s5-e1-d1w-p01,24ffd9b1737d030752785836bd5868fd2bf79378d66c43e34e820495df755584,0,3878,0
2,ex2-s5-e1-d1w-p01,24ffd9b1737d030752785836bd5868fd2bf79378d66c43e34e820495df755584,0,3879,0
2,ex2-s5-e1-d1w-p01,24ffd9b1737d030752785836bd5868fd2bf79378d66c43e34e820495df755584,0,3880,100
2,ex2-s5-e1-d1w-p01,24ffd9b1737d030752785836bd5868fd2bf79378d66c43e34e820495df755584,0,3881,0
2,ex2-s5-e1-d1w-p01,24ffd9b1737d030752785836bd5868fd2bf79378d66c43e34e820495df755584,0,3882,0
2,ex2-s5-e1-d1w-p01,24ffd9b1737d030752785836bd5868fd2bf79378d66c43e34e820495df755584,0,3883,0
2,ex2-s5-e1-d1w-p01,24ffd9b1737d030752785836bd5868fd2bf79378d66c43e34e820495df755584,0,3884,100
2,ex2-s5-e1-d1w-p01,24ffd9b1737d030752785836bd5868fd2bf79378d66c43e34e820495df755584,0,3885,0
2,ex2-s5-e1-d1w-p01,24ffd9b1737d030752785836bd5868fd2bf79378d66c43e34e820495df755584,0,3886,0
2,ex2-s5-e1-d1w-p01,24ffd9b1737d030752785836bd5868fd2bf79378d66c43e34e820495df755584,0,3887,100
2,ex2-s5-e1-d1w-p01,24ffd9b1737d030752785836bd5868fd2bf79378d66c43e34e820495df755584,0,3888,0
2,ex2-s5-e1-d1w-p01,24ffd9b1737d030752785836bd5868fd2bf79378d66c43e34e820495df755584,0,3889,0
2,ex2-s5-e1-d1w-p01,24ffd9b1737d030752785836bd5868fd2bf79378d66c43e34e820495df755584,0,3890,0
2,ex2-s5-e1-d1w-p01,24ffd9b1737d030752785836bd5868fd2bf79378d66c43e34e820495df755584,0,3891,100
2,ex2-s5-e1-d1w-p01,24ffd9b1737d030752785836bd5868fd2bf79378d66c43e34e820495df755584,0,3892,0
2,ex2-s5-e1-d1w-p01,24ffd9b1737d030752785836bd5868fd2bf79378d66c43e34e820495df755584,0,3893,0
2,ex2-s5-e1-d1w-p01,24ffd9b1737d030752785836bd5868fd2bf79378d66c43e34e820495df755584,0,3894,100
2,ex2-s5-e1-d1w-p01,24ffd9b1737d030752785836bd5868fd2bf79378d66c43e34e820495df755584,0,3895,0
2,ex2-s5-e1-d1w-p01,24ffd9b1737d030752785836bd5868fd2bf79378d66c43e34e820495df755584,0,3896,0
2,ex2-s5-e1-d1w-p01,24ffd9b1737d030752785836bd5868fd2bf79378d66c43e34e820495df755584,0,3897,0
2,ex2-s5-e1-d1w-p01,24ffd9b1737d030752785836bd5868fd2bf79378d66c43e34e820495df755584,0,3898,100
2,ex2-s5-e1-d1w-p01,24ffd9b1737d030752785836bd5868fd2bf79378d66c43e34e820495df755584,0,3899,0
2,ex2-s5-e1-d1w-p01,24ffd9b1737d030752785836bd5868fd2bf79378d66c43e34e820495df755584,0,3900,0
2,ex2-s5-e1-d1w-p01,24ffd9b1737d030752785836bd5868fd2bf79378d66c43e34e820495df755584,0,3901,0
2,ex2-s5-e1-d1w-p01,24ffd9b1737d030752785836bd5868fd2bf79378d66c43e34e820495df755584,0,3902,100
2,ex2-s5-e1-d1w-p01,24ffd9b1737d030752785836bd5868fd2bf79378d66c43e34e820495df755584,0,3903,0
2,ex2-s5-e1-d1w-p01,24ffd9b1737d030752785836bd5868fd2bf79378d66c43e34e820495df755584,0,3904,0
2,ex2-s5-e1-d1w-p01,24ffd9b1737d030752785836bd5868fd2bf79378d66c43e34e820495df755584,0,3905,100
2,ex2-s5-e1-d1w-p01,24ffd9b1737d030752785836bd5868fd2bf79378d66c43e34e820495df755584,0,3906,0
2,ex2-s5-e1-d1w-p01,24ffd9b1737d030752785836bd5868fd2bf79378d66c43e34e820495df755584,0,3907,0
2,ex2-s5-e1-d1w-p01,24ffd9b1737d030752785836bd5868fd2bf79378d66c43e34e820495df755584,0,3908,0
2,ex2-s5-e1-d1w-p01,24ffd9b1737d030752785836bd5868fd2bf79378d66c43e34e820495df755584,0,3909,100
2,ex2-s5-e1-d1w-p01,24ffd9b1737d030752785836bd5868fd2bf79378d66c43e34e820495df755584,0,3910,0
2,ex2-s5-e1-d1w-p01,24ffd9b1737d030752785836bd5868fd2bf79378d66c43e34e820495df755584,0,3911,0
2,ex2-s5-e1-d1w-p01,24ffd9b1737d030752785836bd5868fd2bf79378d66c43e34e820495df755584,0,3912,0
2,ex2-s5-e1-d1w-p01,24ffd9b1737d030752785836bd5868fd2bf79378d66c43e34e820495df755584,0,3913,100
2,ex2-s5-e1-d1w-p01,24ffd9b1737d030752785836bd5868fd2bf79378d66c43e34e820495df755584,0,3914,0
2,ex2-s5-e1-d1w-p01,24ffd9b1737d030752785836bd5868fd2bf79378d66c43e34e820495df755584,0,3915,0
2,ex2-s5-e1-d1w-p01,24ffd9b1737d030752785836bd5868fd2bf79378d66c43e34e820495df755584,0,3916,100
2,ex2-s5-e1-d1w-p01,24ffd9b1737d030752785836bd5868fd2bf79378d66c43e34e820495df755584,0,3917,0
2,ex2-s5-e1-d1w-p01,24ffd9b1737d030752785836bd5868fd2bf79378d66c43e34e820495df755584,0,3918,0
2,ex2-s5-e1-d1w-p01,24ffd9b1737d030752785836bd5868fd2bf79378d66c43e34e820495df755584,0,3919,0
2,ex2-s5-e1-d1w-p01,24ffd9b1737d030752785836bd5868fd2bf79378d66c43e34e820495df755584,0,3920,100
2,ex2-s5-e1-d1w-p01,24ffd9b1737d030752785836bd5868fd2bf79378d66c43e34e820495df755584,0,3921,0
2,ex2-s5-e1-d1w-p01,24ffd9b1737d030752785836bd5868fd2bf79378d66c43e34e820495df755584,0,3922,0
2,ex2-s5-e1-d1w-p01,24ffd9b1737d030752785836bd5868fd2bf79378d66c43e34e820495df755584,0,3923,0
2,ex2-s5-e1-d1w-p01,24ffd9b1737d030752785836bd5868fd2bf79378d66c43e34e820495df755584,0,3924,100
2,ex2-s5-e1-d1w-p01,24ffd9b1737d030752785836bd5868fd2bf79378d66c43e34e820495df755584,0,3925,0
2,ex2-s5-e1-d1w-p01,24ffd9b1737d030752785836bd5868fd2bf79378d66c43e34e820495df755584,0,3926,0
2,ex2-s5-e1-d1w-p01,24ffd9b1737d030752785836bd5868fd2bf79378d66c43e34e820495df755584,0,3927,100
2,ex2-s5-e1-d1w-p01,24ffd9b1737d030752785836bd5868fd2bf79378d66c43e34e820495df755584,0,3928,0
2,ex2-s5-e1-d1w-p01,24ffd9b1737d030752785836bd5868fd2bf79378d66c43e34e820495df755584,0,3929,0
2,ex2-s5-e1-d1w-p01,24ffd9b1737d030752785836bd5868fd2bf79378d66c43e34e820495df755584,0,3930,0
2,ex2-s5-e1-d1w-p01,24ffd9b1737d030752785836bd5868fd2bf79378d66c43e34e820495df755584,0,3931,100
2,ex2-s5-e1-d1w-p01,24ffd9b1737d030752785836bd5868fd2bf79378d66c43e34e820495df755584,0,3932,0
2,ex2-s5-e1-d1w-p01,24ffd9b1737d030752785836bd5868fd2bf79378d66c43e34e820495df755584,0,3933,0
2,ex2-s5-e1-d1w-p01,24ffd9b1737d030752785836bd5868fd2bf79378d66c43e34e820495df755584,0,3934,0
2,ex2-s5-e1-d1w-p01,24ffd9b1737d030752785836bd5868fd2bf79378d66c43e34e820495df755584,0,3935,100
2,ex2-s5-e1-d1w-p01,24ffd9b1737d030752785836bd5868fd2bf79378d66c43e34e820495df755584,0,3936,0
2,ex2-s5-e1-d1w-p01,24ffd9b1737d030752785836bd5868fd2bf79378d66c43e34e820495df755584,0,3937,0
2,ex2-s5-e1-d1w-p01,24ffd9b1737d030752785836bd5868fd2bf79378d66c43e34e820495df755584,0,3938,100
2,ex2-s5-e1-d1w-p01,24ffd9b1737d030752785836bd5868fd2bf79378d66c43e34e820495df755584,0,3939,0
2,ex2-s5-e1-d1w-p01,24ffd9b1737d030752785836bd5868fd2bf79378d66c43e34e820495df755584,0,3940,0
2,ex2-s5-e1-d1w-p01,24ffd9b1737d030752785836bd5868fd2bf79378d66c43e34e820495df755584,0,3941,100
2,ex2-s5-e1-d1w-p01,24ffd9b1737d030752785836bd5868fd2bf79378d66c43e34e820495df755584,0,3942,0
2,ex2-s5-e1-d1w-p01,24ffd9b1737d030752785836bd5868fd2bf79378d66c43e34e820495df755584,0,3943,0
2,ex2-s5-e1-d1w-p01,24ffd9b1737d030752785836bd5868fd2bf79378d66c43e34e820495df755584,0,3944,0
2,ex2-s5-e1-d1w-p01,24ffd9b1737d030752785836bd5868fd2bf79378d66c43e34e820495df755584,0,3945,100
2,ex2-s5-e1-d1w-p01,24ffd9b1737d030752785836bd5868fd2bf79378d66c43e34e820495df755584,0,3946,0
2,ex2-s5-e1-d1w-p01,24ffd9b1737d030752785836bd5868fd2bf79378d66c43e34e820495df755584,0,3947,0
2,ex2-s5-e1-d1w-p01,24ffd9b1737d030752785836bd5868fd2bf79378d66c43e34e820495df755584,0,3948,0
2,ex2-s5-e1-d1w-p01,24ffd9b1737d030752785836bd5868fd2bf79378d66c43e34e820495df755584,0,3949,100
2,ex2-s5-e1-d1w-p01,24ffd9b1737d030752785836bd5868fd2bf79378d66c43e34e820495df755584,0,3950,0
2,ex2-s5-e1-d1w-p01,24ffd9b1737d030752785836bd5868fd2bf79378d66c43e34e820495df755584,0,3951,0
2,ex2-s5-e1-d1w-p01,24ffd9b1737d030752785836bd5868fd2bf79378d66c43e34e820495df755584,0,3952,100
2,ex2-s5-e1-d1w-p01,24ffd9b1737d030752785836bd5868fd2bf79378d66c43e34e820495df755584,0,3953,0
2,ex2-s5-e1-d1w-p01,24ffd9b1737d030752785836bd5868fd2bf79378d66c43e34e820495df755584,0,3954,0
2,ex2-s5-e1-d1w-p01,24ffd9b1737d030752785836bd5868fd2bf79378d66c43e34e820495df755584,0,3955,0
2,ex2-s5-e1-d1w-p01,24ffd9b1737d030752785836bd5868fd2bf79378d66c43e34e820495df755584,0,3956,100
2,ex2-s5-e1-d1w-p01,24ffd9b1737d030752785836bd5868fd2bf79378d66c43e34e820495df755584,0,3957,0
2,ex2-s5-e1-d1w-p01,24ffd9b1737d030752785836bd5868fd2bf79378d66c43e34e820495df755584,0,3958,0
2,ex2-s5-e1-d1w-p01,24ffd9b1737d030752785836bd5868fd2bf79378d66c43e34e820495df755584,0,3959,0
2,ex2-s5-e1-d1w-p01,24ffd9b1737d030752785836bd5868fd2bf79378d66c43e34e820495df755584,0,3960,100
2,ex2-s5-e1-d1w-p01,24ffd9b1737d030752785836bd5868fd2bf79378d66c43e34e820495df755584,0,3961,0
2,ex2-s5-e1-d1w-p01,24ffd9b1737d030752785836bd5868fd2bf79378d66c43e34e820495df755584,0,3962,0
2,ex2-s5-e1-d1w-p01,24ffd9b1737d030752785836bd5868fd2bf79378d66c43e34e820495df755584,0,3963,100
2,ex2-s5-e1-d1w-p01,24ffd9b1737d030752785836bd5868fd2bf79378d66c43e34e820495df755584,0,3964,0
2,ex2-s5-e1-d1w-p01,24ffd9b1737d030752785836bd5868fd2bf79378d66c43e34e820495df755584,0,3965,0
2,ex2-s5-e1-d1w-p01,24ffd9b1737d030752785836bd5868fd2bf79378d66c43e34e820495df755584,0,3966,0
2,ex2-s5-e1-d1w-p01,24ffd9b1737d030752785836bd5868fd2bf79378d66c43e34e820495df755584,0,3967,100
2,ex2-s5-e1-d1w-p01,24ffd9b1737d030752785836bd5868fd2bf79378d66c43e34e820495df755584,0,3968,0
2,ex2-s5-e1-d1w-p01,24ffd9b1737d030752785836bd5868fd2bf79378d66c43e34e820495df755584,0,3969,0
2,ex2-s5-e1-d1w-p01,24ffd9b1737d030752785836bd5868fd2bf79378d66c43e34e820495df755584,0,3970,0
2,ex2-s5-e1-d1w-p01,24ffd9b1737d030752785836bd5868fd2bf79378d66c43e34e820495df755584,0,3971,100
2,ex2-s5-e1-d1w-p01,24ffd9b1737d030752785836bd5868fd2bf79378d66c43e34e820495df755584,0,3972,0
2,ex2-s5-e1-d1w-p01,24ffd9b1737d030752785836bd5868fd2bf79378d66c43e34e820495df755584,0,3973,0
2,ex2-s5-e1-d1w-p01,24ffd9b1737d030752785836bd5868fd2bf79378d66c43e34e820495df755584,0,3974,100
2,ex2-s5-e1-d1w-p01,24ffd9b1737d030752785836bd5868fd2bf79378d66c43e34e820495df755584,0,3975,0
2,ex2-s5-e1-d1w-p01,24ffd9b1737d030752785836bd5868fd2bf79378d66c43e34e820495df755584,0,3976,0
2,ex2-s5-e1-d1w-p01,24ffd9b1737d030752785836bd5868fd2bf79378d66c43e34e820495df755584,0,3977,0
2,ex2-s5-e1-d1w-p01,24ffd9b1737d030752785836bd5868fd2bf79378d66c43e34e820495df755584,0,3978,100
2,ex2-s5-e1-d1w-p01,24ffd9b1737d030752785836bd5868fd2bf79378d66c43e34e820495df755584,0,3979,0
2,ex2-s5-e1-d1w-p01,24ffd9b1737d030752785836bd5868fd2bf79378d66c43e34e820495df755584,0,3980,0
2,ex2-s5-e1-d1w-p01,24ffd9b1737d030752785836bd5868fd2bf79378d66c43e34e820495df755584,0,3981,0
2,ex2-s5-e1-d1w-p01,24ffd9b1737d030752785836bd5868fd2bf79378d66c43e34e820495df755584,0,3982,100
2,ex2-s5-e1-d1w-p01,24ffd9b1737d030752785836bd5868fd2bf79378d66c43e34e820495df755584,0,3983,0
2,ex2-s5-e1-d1w-p01,24ffd9b1737d030752785836bd5868fd2bf79378d66c43e34e820495df755584,0,3984,0
2,ex2-s5-e1-d1w-p01,24ffd9b1737d030752785836bd5868fd2bf79378d66c43e34e820495df755584,0,3985,100
2,ex2-s5-e1-d1w-p01,24ffd9b1737d030752785836bd5868fd2bf79378d66c43e34e820495df755584,0,3986,0
2,ex2-s5-e1-d1w-p01,24ffd9b1737d030752785836bd5868fd2bf79378d66c43e34e820495df755584,0,3987,0
2,ex2-s5-e1-d1w-p01,24ffd9b1737d030752785836bd5868fd2bf79378d66c43e34e820495df755584,0,3988,0
2,ex2-s5-e1-d1w-p01,24ffd9b1737d030752785836bd5868fd2bf79378d66c43e34e820495df755584,0,3989,100
2,ex2-s5-e1-d1w-p01,24ffd9b1737d030752785836bd5868fd2bf79378d66c43e34e820495df755584,0,3990,0
2,ex2-s5-e1-d1w-p01,24ffd9b1737d030752785836bd5868fd2bf79378d66c43e34e820495df755584,0,3991,0
2,ex2-s5-e1-d1w-p01,24ffd9b1737d030752785836bd5868fd2bf79378d66c43e34e820495df755584,0,3992,0
2,ex2-s5-e1-d1w-p01,24ffd9b1737d030752785836bd5868fd2bf79378d66c43e34e820495df755584,0,3993,100
2,ex2-s5-e1-d1w-p01,24ffd9b1737d030752785836bd5868fd2bf79378d66c43e34e820495df755584,0,3994,0
2,ex2-s5-e1-d1w-p01,24ffd9b1737d030752785836bd5868fd2bf79378d66c43e34e820495df755584,0,3995,0
2,ex2-s5-e1-d1w-p01,24ffd9b1737d030752785836bd5868fd2bf79378d66c43e34e820495df755584,0,3996,100
2,ex2-s5-e1-d1w-p01,24ffd9b1737d030752785836bd5868fd2bf79378d66c43e34e820495df755584,0,3997,0
2,ex2-s5-e1-d1w-p01,24ffd9b1737d030752785836bd5868fd2bf79378d66c43e34e820495df755584,0,3998,0
2,ex2-s5-e1-d1w-p01,24ffd9b1737d030752785836bd5868fd2bf79378d66c43e34e820495df755584,0,3999,0
2,ex2-s5-e1-d1w-p01,24ffd9b1737d030752785836bd5868fd2bf79378d66c43e34e820495df755584,0,4000,100
2,ex2-s5-e1-d1w-p01,24ffd9b1737d030752785836bd5868fd2bf79378d66c43e34e820495df755584,0,4001,0
2,ex2-s5-e1-d1w-p01,24ffd9b1737d030752785836bd5868fd2bf79378d66c43e34e820495df755584,0,4002,0
2,ex2-s5-e1-d1w-p01,24ffd9b1737d030752785836bd5868fd2bf79378d66c43e34e820495df755584,0,4003,0
2,ex2-s5-e1-d1w-p01,24ffd9b1737d030752785836bd5868fd2bf79378d66c43e34e820495df755584,0,4004,100
2,ex2-s5-e1-d1w-p01,24ffd9b1737d030752785836bd5868fd2bf79378d66c43e34e820495df755584,0,4005,0
2,ex2-s5-e1-d1w-p01,24ffd9b1737d030752785836bd5868fd2bf79378d66c43e34e820495df755584,0,4006,0
2,ex2-s5-e1-d1w-p01,24ffd9b1737d030752785836bd5868fd2bf79378d66c43e34e820495df755584,0,4007,100
2,ex2-s5-e1-d1w-p01,24ffd9b1737d030752785836bd5868fd2bf79378d66c43e34e820495df755584,0,4008,0
2,ex2-s5-e1-d1w-p01,24ffd9b1737d030752785836bd5868fd2bf79378d66c43e34e820495df755584,0,4009,0
2,ex2-s5-e1-d1w-p01,24ffd9b1737d030752785836bd5868fd2bf79378d66c43e34e820495df755584,0,4010,0
2,ex2-s5-e1-d1w-p01,24ffd9b1737d030752785836bd5868fd2bf79378d66c43e34e820495df755584,0,4011,100
2,ex2-s5-e1-d1w-p01,24ffd9b1737d030752785836bd5868fd2bf79378d66c43e34e820495df755584,0,4012,0
2,ex2-s5-e1-d1w-p01,24ffd9b1737d030752785836bd5868fd2bf79378d66c43e34e820495df755584,0,4013,0
2,ex2-s5-e1-d1w-p01,24ffd9b1737d030752785836bd5868fd2bf79378d66c43e34e820495df755584,0,4014,100
2,ex2-s5-e1-d1w-p01,24ffd9b1737d030752785836bd5868fd2bf79378d66c43e34e820495df755584,0,4015,0
2,ex2-s5-e1-d1w-p01,24ffd9b1737d030752785836bd5868fd2bf79378d66c43e34e820495df755584,0,4016,0
2,ex2-s5-e1-d1w-p01,24ffd9b1737d030752785836bd5868fd2bf79378d66c43e34e820495df755584,0,4017,0
2,ex2-s5-e1-d1w-p01,24ffd9b1737d030752785836bd5868fd2bf79378d66c43e34e820495df755584,0,4018,100
2,ex2-s5-e1-d1w-p01,24ffd9b1737d030752785836bd5868fd2bf79378d66c43e34e820495df755584,0,4019,0
2,ex2-s5-e1-d1w-p01,24ffd9b1737d030752785836bd5868fd2bf79378d66c43e34e820495df755584,0,4020,0
2,ex2-s5-e1-d1w-p01,24ffd9b1737d030752785836bd5868fd2bf79378d66c43e34e820495df755584,0,4021,0
2,ex2-s5-e1-d1w-p01,24ffd9b1737d030752785836bd5868fd2bf79378d66c43e34e820495df755584,0,4022,100
2,ex2-s5-e1-d1w-p01,24ffd9b1737d030752785836bd5868fd2bf79378d66c43e34e820495df755584,0,4023,0
2,ex2-s5-e1-d1w-p01,24ffd9b1737d030752785836bd5868fd2bf79378d66c43e34e820495df755584,0,4024,0
2,ex2-s5-e1-d1w-p01,24ffd9b1737d030752785836bd5868fd2bf79378d66c43e34e820495df755584,0,4025,100
2,ex2-s5-e1-d1w-p01,24ffd9b1737d030752785836bd5868fd2bf79378d66c43e34e820495df755584,0,4026,0
2,ex2-s5-e1-d1w-p01,24ffd9b1737d030752785836bd5868fd2bf79378d66c43e34e820495df755584,0,4027,0
2,ex2-s5-e1-d1w-p01,24ffd9b1737d030752785836bd5868fd2bf79378d66c43e34e820495df755584,0,4028,0
2,ex2-s5-e1-d1w-p01,24ffd9b1737d030752785836bd5868fd2bf79378d66c43e34e820495df755584,0,4029,100
2,ex2-s5-e1-d1w-p01,24ffd9b1737d030752785836bd5868fd2bf79378d66c43e34e820495df755584,0,4030,0
2,ex2-s5-e1-d1w-p01,24ffd9b1737d030752785836bd5868fd2bf79378d66c43e34e820495df755584,0,4031,0
2,ex2-s5-e1-d1w-p01,24ffd9b1737d030752785836bd5868fd2bf79378d66c43e34e820495df755584,0,4032,0
2,ex2-s5-e1-d1w-p01,24ffd9b1737d030752785836bd5868fd2bf79378d66c43e34e820495df755584,0,4033,100
2,ex2-s5-e1-d1w-p01,24ffd9b1737d030752785836bd5868fd2bf79378d66c43e34e820495df755584,0,4034,0
2,ex2-s5-e1-d1w-p01,24ffd9b1737d030752785836bd5868fd2bf79378d66c43e34e820495df755584,0,4035,0
2,ex2-s5-e1-d1w-p01,24ffd9b1737d030752785836bd5868fd2bf79378d66c43e34e820495df755584,0,4036,100
2,ex2-s5-e1-d1w-p01,24ffd9b1737d030752785836bd5868fd2bf79378d66c43e34e820495df755584,0,4037,0
2,ex2-s5-e1-d1w-p01,24ffd9b1737d030752785836bd5868fd2bf79378d66c43e34e820495df755584,0,4038,0
2,ex2-s5-e1-d1w-p01,24ffd9b1737d030752785836bd5868fd2bf79378d66c43e34e820495df755584,0,4039,0
2,ex2-s5-e1-d1w-p01,24ffd9b1737d030752785836bd5868fd2bf79378d66c43e34e820495df755584,0,4040,100
2,ex2-s5-e1-d1w-p01,24ffd9b1737d030752785836bd5868fd2bf79378d66c43e34e820495df755584,0,4041,0
2,ex2-s5-e1-d1w-p01,24ffd9b1737d030752785836bd5868fd2bf79378d66c43e34e820495df755584,0,4042,0
2,ex2-s5-e1-d1w-p01,24ffd9b1737d030752785836bd5868fd2bf79378d66c43e34e820495df755584,0,4043,0
2,ex2-s5-e1-d1w-p01,24ffd9b1737d030752785836bd5868fd2bf79378d66c43e34e820495df755584,0,4044,100
2,ex2-s5-e1-d1w-p01,24ffd9b1737d030752785836bd5868fd2bf79378d66c43e34e820495df755584,0,4045,0
2,ex2-s5-e1-d1w-p01,24ffd9b1737d030752785836bd5868fd2bf79378d66c43e34e820495df755584,0,4046,0
2,ex2-s5-e1-d1w-p01,24ffd9b1737d030752785836bd5868fd2bf79378d66c43e34e820495df755584,0,4047,100
2,ex2-s5-e1-d1w-p01,24ffd9b1737d030752785836bd5868fd2bf79378d66c43e34e820495df755584,0,4048,0
2,ex2-s5-e1-d1w-p01,24ffd9b1737d030752785836bd5868fd2bf79378d66c43e34e820495df755584,0,4049,0
2,ex2-s5-e1-d1w-p01,24ffd9b1737d030752785836bd5868fd2bf79378d66c43e34e820495df755584,0,4050,0
2,ex2-s5-e1-d1w-p01,24ffd9b1737d030752785836bd5868fd2bf79378d66c43e34e820495df755584,0,4051,100
2,ex2-s5-e1-d1w-p01,24ffd9b1737d030752785836bd5868fd2bf79378d66c43e34e820495df755584,0,4052,0
2,ex2-s5-e1-d1w-p01,24ffd9b1737d030752785836bd5868fd2bf79378d66c43e34e820495df755584,0,4053,0
2,ex2-s5-e1-d1w-p01,24ffd9b1737d030752785836bd5868fd2bf79378d66c43e34e820495df755584,0,4054,0
2,ex2-s5-e1-d1w-p01,24ffd9b1737d030752785836bd5868fd2bf79378d66c43e34e820495df755584,0,4055,100
2,ex2-s5-e1-d1w-p01,24ffd9b1737d030752785836bd5868fd2bf79378d66c43e34e820495df755584,0,4056,0
2,ex2-s5-e1-d1w-p01,24ffd9b1737d030752785836bd5868fd2bf79378d66c43e34e820495df755584,0,4057,0
2,ex2-s5-e1-d1w-p01,24ffd9b1737d030752785836bd5868fd2bf79378d66c43e34e820495df755584,0,4058,100
2,ex2-s5-e1-d1w-p01,24ffd9b1737d030752785836bd5868fd2bf79378d66c43e34e820495df755584,0,4059,0
2,ex2-s5-e1-d1w-p01,24ffd9b1737d030752785836bd5868fd2bf79378d66c43e34e820495df755584,0,4060,0
2,ex2-s5-e1-d1w-p01,24ffd9b1737d030752785836bd5868fd2bf79378d66c43e34e820495df755584,0,4061,0
2,ex2-s5-e1-d1w-p01,24ffd9b1737d030752785836bd5868fd2bf79378d66c43e34e820495df755584,0,4062,100
2,ex2-s5-e1-d1w-p01,24ffd9b1737d030752785836bd5868fd2bf79378d66c43e34e820495df755584,0,4063,0
2,ex2-s5-e1-d1w-p01,24ffd9b1737d030752785836bd5868fd2bf79378d66c43e34e820495df755584,0,4064,0
2,ex2-s5-e1-d1w-p01,24ffd9b1737d030752785836bd5868fd2bf79378d66c43e34e820495df755584,0,4065,0
2,ex2-s5-e1-d1w-p01,24ffd9b1737d030752785836bd5868fd2bf79378d66c43e34e820495df755584,0,4066,100
2,ex2-s5-e1-d1w-p01,24ffd9b1737d030752785836bd5868fd2bf79378d66c43e34e820495df755584,0,4067,0
2,ex2-s5-e1-d1w-p01,24ffd9b1737d030752785836bd5868fd2bf79378d66c43e34e820495df755584,0,4068,0
2,ex2-s5-e1-d1w-p01,24ffd9b1737d030752785836bd5868fd2bf79378d66c43e34e820495df755584,0,4069,100
2,ex2-s5-e1-d1w-p01,24ffd9b1737d030752785836bd5868fd2bf79378d66c43e34e820495df755584,0,4070,0
2,ex2-s5-e1-d1w-p01,24ffd9b1737d030752785836bd5868fd2bf79378d66c43e34e820495df755584,0,4071,0
2,ex2-s5-e1-d1w-p01,24ffd9b1737d030752785836bd5868fd2bf79378d66c43e34e820495df755584,0,4072,0
2,ex2-s5-e1-d1w-p01,24ffd9b1737d030752785836bd5868fd2bf79378d66c43e34e820495df755584,0,4073,100
2,ex2-s5-e1-d1w-p01,24ffd9b1737d030752785836bd5868fd2bf79378d66c43e34e820495df755584,0,4074,0
2,ex2-s5-e1-d1w-p01,24ffd9b1737d030752785836bd5868fd2bf79378d66c43e34e820495df755584,0,4075,0
2,ex2-s5-e1-d1w-p01,24ffd9b1737d030752785836bd5868fd2bf79378d66c43e34e820495df755584,0,4076,100
2,ex2-s5-e1-d1w-p01,24ffd9b1737d030752785836bd5868fd2bf79378d66c43e34e820495df755584,0,4077,0
2,ex2-s5-e1-d1w-p01,24ffd9b1737d030752785836bd5868fd2bf79378d66c43e34e820495df755584,0,4078,0
2,ex2-s5-e1-d1w-p01,24ffd9b1737d030752785836bd5868fd2bf79378d66c43e34e820495df755584,0,4079,0
2,ex2-s5-e1-d1w-p01,24ffd9b1737d030752785836bd5868fd2bf79378d66c43e34e820495df755584,0,4080,100
2,ex2-s5-e1-d1w-p01,24ffd9b1737d030752785836bd5868fd2bf79378d66c43e34e820495df755584,0,4081,0
2,ex2-s5-e1-d1w-p01,24ffd9b1737d030752785836bd5868fd2bf79378d66c43e34e820495df755584,0,4082,0
2,ex2-s5-e1-d1w-p01,24ffd9b1737d030752785836bd5868fd2bf79378d66c43e34e820495df755584,0,4083,0
2,ex2-s5-e1-d1w-p01,24ffd9b1737d030752785836bd5868fd2bf79378d66c43e34e820495df755584,0,4084,100
2,ex2-s5-e1-d1w-p01,24ffd9b1737d030752785836bd5868fd2bf79378d66c43e34e820495df755584,0,4085,0
2,ex2-s5-e1-d1w-p01,24ffd9b1737d030752785836bd5868fd2bf79378d66c43e34e820495df755584,0,4086,0
2,ex2-s5-e1-d1w-p01,24ffd9b1737d030752785836bd5868fd2bf79378d66c43e34e820495df755584,0,4087,100
2,ex2-s5-e1-d1w-p01,24ffd9b1737d030752785836bd5868fd2bf79378d66c43e34e820495df755584,0,4088,0
2,ex2-s5-e1-d1w-p01,24ffd9b1737d030752785836bd5868fd2bf79378d66c43e34e820495df755584,0,4089,0
2,ex2-s5-e1-d1w-p01,24ffd9b1737d030752785836bd5868fd2bf79378d66c43e34e820495df755584,0,4090,0
2,ex2-s5-e1-d1w-p01,24ffd9b1737d030752785836bd5868fd2bf79378d66c43e34e820495df755584,0,4091,100
2,ex2-s5-e1-d1w-p01,24ffd9b1737d030752785836bd5868fd2bf79378d66c43e34e820495df755584,0,4092,0
2,ex2-s5-e1-d1w-p01,24ffd9b1737d030752785836bd5868fd2bf79378d66c43e34e820495df755584,0,4093,0
2,ex2-s5-e1-d1w-p01,24ffd9b1737d030752785836bd5868fd2bf79378d66c43e34e820495df755584,0,4094,0
