schema_version,run_id,series_id,process_index,sequence_index,delta_ns
2,ex2-s5-e1-a1-p06,05e12ab545f0ff015d9f26705c28409427a259b581e229e4b278fd34b130e759,3,0,100
2,ex2-s5-e1-a1-p06,05e12ab545f0ff015d9f26705c28409427a259b581e229e4b278fd34b130e759,3,1,0
2,ex2-s5-e1-a1-p06,05e12ab545f0ff015d9f26705c28409427a259b581e229e4b278fd34b130e759,3,2,0
2,ex2-s5-e1-a1-p06,05e12ab545f0ff015d9f26705c28409427a259b581e229e4b278fd34b130e759,3,3,0
2,ex2-s5-e1-a1-p06,05e12ab545f0ff015d9f26705c28409427a259b581e229e4b278fd34b130e759,3,4,0
2,ex2-s5-e1-a1-p06,05e12ab545f0ff015d9f26705c28409427a259b581e229e4b278fd34b130e759,3,5,100
2,ex2-s5-e1-a1-p06,05e12ab545f0ff015d9f26705c28409427a259b581e229e4b278fd34b130e759,3,6,0
2,ex2-s5-e1-a1-p06,05e12ab545f0ff015d9f26705c28409427a259b581e229e4b278fd34b130e759,3,7,0
2,ex2-s5-e1-a1-p06,05e12ab545f0ff015d9f26705c28409427a259b581e229e4b278fd34b130e759,3,8,0
2,ex2-s5-e1-a1-p06,05e12ab545f0ff015d9f26705c28409427a259b581e229e4b278fd34b130e759,3,9,0
2,ex2-s5-e1-a1-p06,05e12ab545f0ff015d9f26705c28409427a259b581e229e4b278fd34b130e759,3,10,0
2,ex2-s5-e1-a1-p06,05e12ab545f0ff015d9f26705c28409427a259b581e229e4b278fd34b130e759,3,11,0
2,ex2-s5-e1-a1-p06,05e12ab545f0ff015d9f26705c28409427a259b581e229e4b278fd34b130e759,3,12,100
2,ex2-s5-e1-a1-p06,05e12ab545f0ff015d9f26705c28409427a259b581e229e4b278fd34b130e759,3,13,0
2,ex2-s5-e1-a1-p06,05e12ab545f0ff015d9f26705c28409427a259b581e229e4b278fd34b130e759,3,14,0
2,ex2-s5-e1-a1-p06,05e12ab545f0ff015d9f26705c28409427a259b581e229e4b278fd34b130e759,3,15,0
2,ex2-s5-e1-a1-p06,05e12ab545f0ff015d9f26705c28409427a259b581e229e4b278fd34b130e759,3,16,0
2,ex2-s5-e1-a1-p06,05e12ab545f0ff015d9f26705c28409427a259b581e229e4b278fd34b130e759,3,17,0
2,ex2-s5-e1-a1-p06,05e12ab545f0ff015d9f26705c28409427a259b581e229e4b278fd34b130e759,3,18,100
2,ex2-s5-e1-a1-p06,05e12ab545f0ff015d9f26705c28409427a259b581e229e4b278fd34b130e759,3,19,0
2,ex2-s5-e1-a1-p06,05e12ab545f0ff015d9f26705c28409427a259b581e229e4b278fd34b130e759,3,20,0
2,ex2-s5-e1-a1-p06,05e12ab545f0ff015d9f26705c28409427a259b581e229e4b278fd34b130e759,3,21,0
2,ex2-s5-e1-a1-p06,05e12ab545f0ff015d9f26705c28409427a259b581e229e4b278fd34b130e759,3,22,0
2,ex2-s5-e1-a1-p06,05e12ab545f0ff015d9f26705c28409427a259b581e229e4b278fd34b130e759,3,23,0
2,ex2-s5-e1-a1-p06,05e12ab545f0ff015d9f26705c28409427a259b581e229e4b278fd34b130e759,3,24,0
2,ex2-s5-e1-a1-p06,05e12ab545f0ff015d9f26705c28409427a259b581e229e4b278fd34b130e759,3,25,100
2,ex2-s5-e1-a1-p06,05e12ab545f0ff015d9f26705c28409427a259b581e229e4b278fd34b130e759,3,26,0
2,ex2-s5-e1-a1-p06,05e12ab545f0ff015d9f26705c28409427a259b581e229e4b278fd34b130e759,3,27,0
2,ex2-s5-e1-a1-p06,05e12ab545f0ff015d9f26705c28409427a259b581e229e4b278fd34b130e759,3,28,0
2,ex2-s5-e1-a1-p06,05e12ab545f0ff015d9f26705c28409427a259b581e229e4b278fd34b130e759,3,29,0
2,ex2-s5-e1-a1-p06,05e12ab545f0ff015d9f26705c28409427a259b581e229e4b278fd34b130e759,3,30,0
2,ex2-s5-e1-a1-p06,05e12ab545f0ff015d9f26705c28409427a259b581e229e4b278fd34b130e759,3,31,0
2,ex2-s5-e1-a1-p06,05e12ab545f0ff015d9f26705c28409427a259b581e229e4b278fd34b130e759,3,32,100
2,ex2-s5-e1-a1-p06,05e12ab545f0ff015d9f26705c28409427a259b581e229e4b278fd34b130e759,3,33,0
2,ex2-s5-e1-a1-p06,05e12ab545f0ff015d9f26705c28409427a259b581e229e4b278fd34b130e759,3,34,0
2,ex2-s5-e1-a1-p06,05e12ab545f0ff015d9f26705c28409427a259b581e229e4b278fd34b130e759,3,35,0
2,ex2-s5-e1-a1-p06,05e12ab545f0ff015d9f26705c28409427a259b581e229e4b278fd34b130e759,3,36,0
2,ex2-s5-e1-a1-p06,05e12ab545f0ff015d9f26705c28409427a259b581e229e4b278fd34b130e759,3,37,0
2,ex2-s5-e1-a1-p06,05e12ab545f0ff015d9f26705c28409427a259b581e229e4b278fd34b130e759,3,38,100
2,ex2-s5-e1-a1-p06,05e12ab545f0ff015d9f26705c28409427a259b581e229e4b278fd34b130e759,3,39,0
2,ex2-s5-e1-a1-p06,05e12ab545f0ff015d9f26705c28409427a259b581e229e4b278fd34b130e759,3,40,0
2,ex2-s5-e1-a1-p06,05e12ab545f0ff015d9f26705c28409427a259b581e229e4b278fd34b130e759,3,41,0
2,ex2-s5-e1-a1-p06,05e12ab545f0ff015d9f26705c28409427a259b581e229e4b278fd34b130e759,3,42,0
2,ex2-s5-e1-a1-p06,05e12ab545f0ff015d9f26705c28409427a259b581e229e4b278fd34b130e759,3,43,0
2,ex2-s5-e1-a1-p06,05e12ab545f0ff015d9f26705c28409427a259b581e229e4b278fd34b130e759,3,44,0
2,ex2-s5-e1-a1-p06,05e12ab545f0ff015d9f26705c28409427a259b581e229e4b278fd34b130e759,3,45,100
2,ex2-s5-e1-a1-p06,05e12ab545f0ff015d9f26705c28409427a259b581e229e4b278fd34b130e759,3,46,0
2,ex2-s5-e1-a1-p06,05e12ab545f0ff015d9f26705c28409427a259b581e229e4b278fd34b130e759,3,47,0
2,ex2-s5-e1-a1-p06,05e12ab545f0ff015d9f26705c28409427a259b581e229e4b278fd34b130e759,3,48,0
2,ex2-s5-e1-a1-p06,05e12ab545f0ff015d9f26705c28409427a259b581e229e4b278fd34b130e759,3,49,0
2,ex2-s5-e1-a1-p06,05e12ab545f0ff015d9f26705c28409427a259b581e229e4b278fd34b130e759,3,50,0
2,ex2-s5-e1-a1-p06,05e12ab545f0ff015d9f26705c28409427a259b581e229e4b278fd34b130e759,3,51,100
2,ex2-s5-e1-a1-p06,05e12ab545f0ff015d9f26705c28409427a259b581e229e4b278fd34b130e759,3,52,0
2,ex2-s5-e1-a1-p06,05e12ab545f0ff015d9f26705c28409427a259b581e229e4b278fd34b130e759,3,53,0
2,ex2-s5-e1-a1-p06,05e12ab545f0ff015d9f26705c28409427a259b581e229e4b278fd34b130e759,3,54,0
2,ex2-s5-e1-a1-p06,05e12ab545f0ff015d9f26705c28409427a259b581e229e4b278fd34b130e759,3,55,0
2,ex2-s5-e1-a1-p06,05e12ab545f0ff015d9f26705c28409427a259b581e229e4b278fd34b130e759,3,56,0
2,ex2-s5-e1-a1-p06,05e12ab545f0ff015d9f26705c28409427a259b581e229e4b278fd34b130e759,3,57,0
2,ex2-s5-e1-a1-p06,05e12ab545f0ff015d9f26705c28409427a259b581e229e4b278fd34b130e759,3,58,100
2,ex2-s5-e1-a1-p06,05e12ab545f0ff015d9f26705c28409427a259b581e229e4b278fd34b130e759,3,59,0
2,ex2-s5-e1-a1-p06,05e12ab545f0ff015d9f26705c28409427a259b581e229e4b278fd34b130e759,3,60,0
2,ex2-s5-e1-a1-p06,05e12ab545f0ff015d9f26705c28409427a259b581e229e4b278fd34b130e759,3,61,0
2,ex2-s5-e1-a1-p06,05e12ab545f0ff015d9f26705c28409427a259b581e229e4b278fd34b130e759,3,62,0
2,ex2-s5-e1-a1-p06,05e12ab545f0ff015d9f26705c28409427a259b581e229e4b278fd34b130e759,3,63,0
2,ex2-s5-e1-a1-p06,05e12ab545f0ff015d9f26705c28409427a259b581e229e4b278fd34b130e759,3,64,0
2,ex2-s5-e1-a1-p06,05e12ab545f0ff015d9f26705c28409427a259b581e229e4b278fd34b130e759,3,65,100
2,ex2-s5-e1-a1-p06,05e12ab545f0ff015d9f26705c28409427a259b581e229e4b278fd34b130e759,3,66,0
2,ex2-s5-e1-a1-p06,05e12ab545f0ff015d9f26705c28409427a259b581e229e4b278fd34b130e759,3,67,0
2,ex2-s5-e1-a1-p06,05e12ab545f0ff015d9f26705c28409427a259b581e229e4b278fd34b130e759,3,68,0
2,ex2-s5-e1-a1-p06,05e12ab545f0ff015d9f26705c28409427a259b581e229e4b278fd34b130e759,3,69,0
2,ex2-s5-e1-a1-p06,05e12ab545f0ff015d9f26705c28409427a259b581e229e4b278fd34b130e759,3,70,0
2,ex2-s5-e1-a1-p06,05e12ab545f0ff015d9f26705c28409427a259b581e229e4b278fd34b130e759,3,71,100
2,ex2-s5-e1-a1-p06,05e12ab545f0ff015d9f26705c28409427a259b581e229e4b278fd34b130e759,3,72,0
2,ex2-s5-e1-a1-p06,05e12ab545f0ff015d9f26705c28409427a259b581e229e4b278fd34b130e759,3,73,0
2,ex2-s5-e1-a1-p06,05e12ab545f0ff015d9f26705c28409427a259b581e229e4b278fd34b130e759,3,74,0
2,ex2-s5-e1-a1-p06,05e12ab545f0ff015d9f26705c28409427a259b581e229e4b278fd34b130e759,3,75,0
2,ex2-s5-e1-a1-p06,05e12ab545f0ff015d9f26705c28409427a259b581e229e4b278fd34b130e759,3,76,0
2,ex2-s5-e1-a1-p06,05e12ab545f0ff015d9f26705c28409427a259b581e229e4b278fd34b130e759,3,77,0
2,ex2-s5-e1-a1-p06,05e12ab545f0ff015d9f26705c28409427a259b581e229e4b278fd34b130e759,3,78,100
2,ex2-s5-e1-a1-p06,05e12ab545f0ff015d9f26705c28409427a259b581e229e4b278fd34b130e759,3,79,0
2,ex2-s5-e1-a1-p06,05e12ab545f0ff015d9f26705c28409427a259b581e229e4b278fd34b130e759,3,80,0
2,ex2-s5-e1-a1-p06,05e12ab545f0ff015d9f26705c28409427a259b581e229e4b278fd34b130e759,3,81,0
2,ex2-s5-e1-a1-p06,05e12ab545f0ff015d9f26705c28409427a259b581e229e4b278fd34b130e759,3,82,0
2,ex2-s5-e1-a1-p06,05e12ab545f0ff015d9f26705c28409427a259b581e229e4b278fd34b130e759,3,83,0
2,ex2-s5-e1-a1-p06,05e12ab545f0ff015d9f26705c28409427a259b581e229e4b278fd34b130e759,3,84,0
2,ex2-s5-e1-a1-p06,05e12ab545f0ff015d9f26705c28409427a259b581e229e4b278fd34b130e759,3,85,100
2,ex2-s5-e1-a1-p06,05e12ab545f0ff015d9f26705c28409427a259b581e229e4b278fd34b130e759,3,86,0
2,ex2-s5-e1-a1-p06,05e12ab545f0ff015d9f26705c28409427a259b581e229e4b278fd34b130e759,3,87,0
2,ex2-s5-e1-a1-p06,05e12ab545f0ff015d9f26705c28409427a259b581e229e4b278fd34b130e759,3,88,0
2,ex2-s5-e1-a1-p06,05e12ab545f0ff015d9f26705c28409427a259b581e229e4b278fd34b130e759,3,89,0
2,ex2-s5-e1-a1-p06,05e12ab545f0ff015d9f26705c28409427a259b581e229e4b278fd34b130e759,3,90,0
2,ex2-s5-e1-a1-p06,05e12ab545f0ff015d9f26705c28409427a259b581e229e4b278fd34b130e759,3,91,100
2,ex2-s5-e1-a1-p06,05e12ab545f0ff015d9f26705c28409427a259b581e229e4b278fd34b130e759,3,92,0
2,ex2-s5-e1-a1-p06,05e12ab545f0ff015d9f26705c28409427a259b581e229e4b278fd34b130e759,3,93,0
2,ex2-s5-e1-a1-p06,05e12ab545f0ff015d9f26705c28409427a259b581e229e4b278fd34b130e759,3,94,0
2,ex2-s5-e1-a1-p06,05e12ab545f0ff015d9f26705c28409427a259b581e229e4b278fd34b130e759,3,95,0
2,ex2-s5-e1-a1-p06,05e12ab545f0ff015d9f26705c28409427a259b581e229e4b278fd34b130e759,3,96,0
2,ex2-s5-e1-a1-p06,05e12ab545f0ff015d9f26705c28409427a259b581e229e4b278fd34b130e759,3,97,0
2,ex2-s5-e1-a1-p06,05e12ab545f0ff015d9f26705c28409427a259b581e229e4b278fd34b130e759,3,98,100
2,ex2-s5-e1-a1-p06,05e12ab545f0ff015d9f26705c28409427a259b581e229e4b278fd34b130e759,3,99,0
2,ex2-s5-e1-a1-p06,05e12ab545f0ff015d9f26705c28409427a259b581e229e4b278fd34b130e759,3,100,0
2,ex2-s5-e1-a1-p06,05e12ab545f0ff015d9f26705c28409427a259b581e229e4b278fd34b130e759,3,101,0
2,ex2-s5-e1-a1-p06,05e12ab545f0ff015d9f26705c28409427a259b581e229e4b278fd34b130e759,3,102,0
2,ex2-s5-e1-a1-p06,05e12ab545f0ff015d9f26705c28409427a259b581e229e4b278fd34b130e759,3,103,0
2,ex2-s5-e1-a1-p06,05e12ab545f0ff015d9f26705c28409427a259b581e229e4b278fd34b130e759,3,104,0
2,ex2-s5-e1-a1-p06,05e12ab545f0ff015d9f26705c28409427a259b581e229e4b278fd34b130e759,3,105,100
2,ex2-s5-e1-a1-p06,05e12ab545f0ff015d9f26705c28409427a259b581e229e4b278fd34b130e759,3,106,0
2,ex2-s5-e1-a1-p06,05e12ab545f0ff015d9f26705c28409427a259b581e229e4b278fd34b130e759,3,107,0
2,ex2-s5-e1-a1-p06,05e12ab545f0ff015d9f26705c28409427a259b581e229e4b278fd34b130e759,3,108,0
2,ex2-s5-e1-a1-p06,05e12ab545f0ff015d9f26705c28409427a259b581e229e4b278fd34b130e759,3,109,0
2,ex2-s5-e1-a1-p06,05e12ab545f0ff015d9f26705c28409427a259b581e229e4b278fd34b130e759,3,110,0
2,ex2-s5-e1-a1-p06,05e12ab545f0ff015d9f26705c28409427a259b581e229e4b278fd34b130e759,3,111,100
2,ex2-s5-e1-a1-p06,05e12ab545f0ff015d9f26705c28409427a259b581e229e4b278fd34b130e759,3,112,0
2,ex2-s5-e1-a1-p06,05e12ab545f0ff015d9f26705c28409427a259b581e229e4b278fd34b130e759,3,113,0
2,ex2-s5-e1-a1-p06,05e12ab545f0ff015d9f26705c28409427a259b581e229e4b278fd34b130e759,3,114,0
2,ex2-s5-e1-a1-p06,05e12ab545f0ff015d9f26705c28409427a259b581e229e4b278fd34b130e759,3,115,0
2,ex2-s5-e1-a1-p06,05e12ab545f0ff015d9f26705c28409427a259b581e229e4b278fd34b130e759,3,116,0
2,ex2-s5-e1-a1-p06,05e12ab545f0ff015d9f26705c28409427a259b581e229e4b278fd34b130e759,3,117,0
2,ex2-s5-e1-a1-p06,05e12ab545f0ff015d9f26705c28409427a259b581e229e4b278fd34b130e759,3,118,100
2,ex2-s5-e1-a1-p06,05e12ab545f0ff015d9f26705c28409427a259b581e229e4b278fd34b130e759,3,119,0
2,ex2-s5-e1-a1-p06,05e12ab545f0ff015d9f26705c28409427a259b581e229e4b278fd34b130e759,3,120,0
2,ex2-s5-e1-a1-p06,05e12ab545f0ff015d9f26705c28409427a259b581e229e4b278fd34b130e759,3,121,0
2,ex2-s5-e1-a1-p06,05e12ab545f0ff015d9f26705c28409427a259b581e229e4b278fd34b130e759,3,122,0
2,ex2-s5-e1-a1-p06,05e12ab545f0ff015d9f26705c28409427a259b581e229e4b278fd34b130e759,3,123,0
2,ex2-s5-e1-a1-p06,05e12ab545f0ff015d9f26705c28409427a259b581e229e4b278fd34b130e759,3,124,0
2,ex2-s5-e1-a1-p06,05e12ab545f0ff015d9f26705c28409427a259b581e229e4b278fd34b130e759,3,125,100
2,ex2-s5-e1-a1-p06,05e12ab545f0ff015d9f26705c28409427a259b581e229e4b278fd34b130e759,3,126,0
2,ex2-s5-e1-a1-p06,05e12ab545f0ff015d9f26705c28409427a259b581e229e4b278fd34b130e759,3,127,0
2,ex2-s5-e1-a1-p06,05e12ab545f0ff015d9f26705c28409427a259b581e229e4b278fd34b130e759,3,128,0
2,ex2-s5-e1-a1-p06,05e12ab545f0ff015d9f26705c28409427a259b581e229e4b278fd34b130e759,3,129,0
2,ex2-s5-e1-a1-p06,05e12ab545f0ff015d9f26705c28409427a259b581e229e4b278fd34b130e759,3,130,0
2,ex2-s5-e1-a1-p06,05e12ab545f0ff015d9f26705c28409427a259b581e229e4b278fd34b130e759,3,131,100
2,ex2-s5-e1-a1-p06,05e12ab545f0ff015d9f26705c28409427a259b581e229e4b278fd34b130e759,3,132,0
2,ex2-s5-e1-a1-p06,05e12ab545f0ff015d9f26705c28409427a259b581e229e4b278fd34b130e759,3,133,0
2,ex2-s5-e1-a1-p06,05e12ab545f0ff015d9f26705c28409427a259b581e229e4b278fd34b130e759,3,134,0
2,ex2-s5-e1-a1-p06,05e12ab545f0ff015d9f26705c28409427a259b581e229e4b278fd34b130e759,3,135,0
2,ex2-s5-e1-a1-p06,05e12ab545f0ff015d9f26705c28409427a259b581e229e4b278fd34b130e759,3,136,0
2,ex2-s5-e1-a1-p06,05e12ab545f0ff015d9f26705c28409427a259b581e229e4b278fd34b130e759,3,137,0
2,ex2-s5-e1-a1-p06,05e12ab545f0ff015d9f26705c28409427a259b581e229e4b278fd34b130e759,3,138,100
2,ex2-s5-e1-a1-p06,05e12ab545f0ff015d9f26705c28409427a259b581e229e4b278fd34b130e759,3,139,0
2,ex2-s5-e1-a1-p06,05e12ab545f0ff015d9f26705c28409427a259b581e229e4b278fd34b130e759,3,140,0
2,ex2-s5-e1-a1-p06,05e12ab545f0ff015d9f26705c28409427a259b581e229e4b278fd34b130e759,3,141,0
2,ex2-s5-e1-a1-p06,05e12ab545f0ff015d9f26705c28409427a259b581e229e4b278fd34b130e759,3,142,0
2,ex2-s5-e1-a1-p06,05e12ab545f0ff015d9f26705c28409427a259b581e229e4b278fd34b130e759,3,143,0
2,ex2-s5-e1-a1-p06,05e12ab545f0ff015d9f26705c28409427a259b581e229e4b278fd34b130e759,3,144,0
2,ex2-s5-e1-a1-p06,05e12ab545f0ff015d9f26705c28409427a259b581e229e4b278fd34b130e759,3,145,100
2,ex2-s5-e1-a1-p06,05e12ab545f0ff015d9f26705c28409427a259b581e229e4b278fd34b130e759,3,146,0
2,ex2-s5-e1-a1-p06,05e12ab545f0ff015d9f26705c28409427a259b581e229e4b278fd34b130e759,3,147,0
2,ex2-s5-e1-a1-p06,05e12ab545f0ff015d9f26705c28409427a259b581e229e4b278fd34b130e759,3,148,0
2,ex2-s5-e1-a1-p06,05e12ab545f0ff015d9f26705c28409427a259b581e229e4b278fd34b130e759,3,149,0
2,ex2-s5-e1-a1-p06,05e12ab545f0ff015d9f26705c28409427a259b581e229e4b278fd34b130e759,3,150,0
2,ex2-s5-e1-a1-p06,05e12ab545f0ff015d9f26705c28409427a259b581e229e4b278fd34b130e759,3,151,100
2,ex2-s5-e1-a1-p06,05e12ab545f0ff015d9f26705c28409427a259b581e229e4b278fd34b130e759,3,152,0
2,ex2-s5-e1-a1-p06,05e12ab545f0ff015d9f26705c28409427a259b581e229e4b278fd34b130e759,3,153,0
2,ex2-s5-e1-a1-p06,05e12ab545f0ff015d9f26705c28409427a259b581e229e4b278fd34b130e759,3,154,0
2,ex2-s5-e1-a1-p06,05e12ab545f0ff015d9f26705c28409427a259b581e229e4b278fd34b130e759,3,155,0
2,ex2-s5-e1-a1-p06,05e12ab545f0ff015d9f26705c28409427a259b581e229e4b278fd34b130e759,3,156,0
2,ex2-s5-e1-a1-p06,05e12ab545f0ff015d9f26705c28409427a259b581e229e4b278fd34b130e759,3,157,0
2,ex2-s5-e1-a1-p06,05e12ab545f0ff015d9f26705c28409427a259b581e229e4b278fd34b130e759,3,158,100
2,ex2-s5-e1-a1-p06,05e12ab545f0ff015d9f26705c28409427a259b581e229e4b278fd34b130e759,3,159,0
2,ex2-s5-e1-a1-p06,05e12ab545f0ff015d9f26705c28409427a259b581e229e4b278fd34b130e759,3,160,0
2,ex2-s5-e1-a1-p06,05e12ab545f0ff015d9f26705c28409427a259b581e229e4b278fd34b130e759,3,161,0
2,ex2-s5-e1-a1-p06,05e12ab545f0ff015d9f26705c28409427a259b581e229e4b278fd34b130e759,3,162,0
2,ex2-s5-e1-a1-p06,05e12ab545f0ff015d9f26705c28409427a259b581e229e4b278fd34b130e759,3,163,0
2,ex2-s5-e1-a1-p06,05e12ab545f0ff015d9f26705c28409427a259b581e229e4b278fd34b130e759,3,164,0
2,ex2-s5-e1-a1-p06,05e12ab545f0ff015d9f26705c28409427a259b581e229e4b278fd34b130e759,3,165,100
2,ex2-s5-e1-a1-p06,05e12ab545f0ff015d9f26705c28409427a259b581e229e4b278fd34b130e759,3,166,0
2,ex2-s5-e1-a1-p06,05e12ab545f0ff015d9f26705c28409427a259b581e229e4b278fd34b130e759,3,167,0
2,ex2-s5-e1-a1-p06,05e12ab545f0ff015d9f26705c28409427a259b581e229e4b278fd34b130e759,3,168,0
2,ex2-s5-e1-a1-p06,05e12ab545f0ff015d9f26705c28409427a259b581e229e4b278fd34b130e759,3,169,0
2,ex2-s5-e1-a1-p06,05e12ab545f0ff015d9f26705c28409427a259b581e229e4b278fd34b130e759,3,170,0
2,ex2-s5-e1-a1-p06,05e12ab545f0ff015d9f26705c28409427a259b581e229e4b278fd34b130e759,3,171,100
2,ex2-s5-e1-a1-p06,05e12ab545f0ff015d9f26705c28409427a259b581e229e4b278fd34b130e759,3,172,0
2,ex2-s5-e1-a1-p06,05e12ab545f0ff015d9f26705c28409427a259b581e229e4b278fd34b130e759,3,173,0
2,ex2-s5-e1-a1-p06,05e12ab545f0ff015d9f26705c28409427a259b581e229e4b278fd34b130e759,3,174,0
2,ex2-s5-e1-a1-p06,05e12ab545f0ff015d9f26705c28409427a259b581e229e4b278fd34b130e759,3,175,0
2,ex2-s5-e1-a1-p06,05e12ab545f0ff015d9f26705c28409427a259b581e229e4b278fd34b130e759,3,176,0
2,ex2-s5-e1-a1-p06,05e12ab545f0ff015d9f26705c28409427a259b581e229e4b278fd34b130e759,3,177,0
2,ex2-s5-e1-a1-p06,05e12ab545f0ff015d9f26705c28409427a259b581e229e4b278fd34b130e759,3,178,100
2,ex2-s5-e1-a1-p06,05e12ab545f0ff015d9f26705c28409427a259b581e229e4b278fd34b130e759,3,179,0
2,ex2-s5-e1-a1-p06,05e12ab545f0ff015d9f26705c28409427a259b581e229e4b278fd34b130e759,3,180,0
2,ex2-s5-e1-a1-p06,05e12ab545f0ff015d9f26705c28409427a259b581e229e4b278fd34b130e759,3,181,0
2,ex2-s5-e1-a1-p06,05e12ab545f0ff015d9f26705c28409427a259b581e229e4b278fd34b130e759,3,182,0
2,ex2-s5-e1-a1-p06,05e12ab545f0ff015d9f26705c28409427a259b581e229e4b278fd34b130e759,3,183,0
2,ex2-s5-e1-a1-p06,05e12ab545f0ff015d9f26705c28409427a259b581e229e4b278fd34b130e759,3,184,0
2,ex2-s5-e1-a1-p06,05e12ab545f0ff015d9f26705c28409427a259b581e229e4b278fd34b130e759,3,185,100
2,ex2-s5-e1-a1-p06,05e12ab545f0ff015d9f26705c28409427a259b581e229e4b278fd34b130e759,3,186,0
2,ex2-s5-e1-a1-p06,05e12ab545f0ff015d9f26705c28409427a259b581e229e4b278fd34b130e759,3,187,0
2,ex2-s5-e1-a1-p06,05e12ab545f0ff015d9f26705c28409427a259b581e229e4b278fd34b130e759,3,188,0
2,ex2-s5-e1-a1-p06,05e12ab545f0ff015d9f26705c28409427a259b581e229e4b278fd34b130e759,3,189,0
2,ex2-s5-e1-a1-p06,05e12ab545f0ff015d9f26705c28409427a259b581e229e4b278fd34b130e759,3,190,0
2,ex2-s5-e1-a1-p06,05e12ab545f0ff015d9f26705c28409427a259b581e229e4b278fd34b130e759,3,191,100
2,ex2-s5-e1-a1-p06,05e12ab545f0ff015d9f26705c28409427a259b581e229e4b278fd34b130e759,3,192,0
2,ex2-s5-e1-a1-p06,05e12ab545f0ff015d9f26705c28409427a259b581e229e4b278fd34b130e759,3,193,0
2,ex2-s5-e1-a1-p06,05e12ab545f0ff015d9f26705c28409427a259b581e229e4b278fd34b130e759,3,194,0
2,ex2-s5-e1-a1-p06,05e12ab545f0ff015d9f26705c28409427a259b581e229e4b278fd34b130e759,3,195,0
2,ex2-s5-e1-a1-p06,05e12ab545f0ff015d9f26705c28409427a259b581e229e4b278fd34b130e759,3,196,0
2,ex2-s5-e1-a1-p06,05e12ab545f0ff015d9f26705c28409427a259b581e229e4b278fd34b130e759,3,197,0
2,ex2-s5-e1-a1-p06,05e12ab545f0ff015d9f26705c28409427a259b581e229e4b278fd34b130e759,3,198,100
2,ex2-s5-e1-a1-p06,05e12ab545f0ff015d9f26705c28409427a259b581e229e4b278fd34b130e759,3,199,0
2,ex2-s5-e1-a1-p06,05e12ab545f0ff015d9f26705c28409427a259b581e229e4b278fd34b130e759,3,200,0
2,ex2-s5-e1-a1-p06,05e12ab545f0ff015d9f26705c28409427a259b581e229e4b278fd34b130e759,3,201,0
2,ex2-s5-e1-a1-p06,05e12ab545f0ff015d9f26705c28409427a259b581e229e4b278fd34b130e759,3,202,0
2,ex2-s5-e1-a1-p06,05e12ab545f0ff015d9f26705c28409427a259b581e229e4b278fd34b130e759,3,203,0
2,ex2-s5-e1-a1-p06,05e12ab545f0ff015d9f26705c28409427a259b581e229e4b278fd34b130e759,3,204,0
2,ex2-s5-e1-a1-p06,05e12ab545f0ff015d9f26705c28409427a259b581e229e4b278fd34b130e759,3,205,100
2,ex2-s5-e1-a1-p06,05e12ab545f0ff015d9f26705c28409427a259b581e229e4b278fd34b130e759,3,206,0
2,ex2-s5-e1-a1-p06,05e12ab545f0ff015d9f26705c28409427a259b581e229e4b278fd34b130e759,3,207,0
2,ex2-s5-e1-a1-p06,05e12ab545f0ff015d9f26705c28409427a259b581e229e4b278fd34b130e759,3,208,0
2,ex2-s5-e1-a1-p06,05e12ab545f0ff015d9f26705c28409427a259b581e229e4b278fd34b130e759,3,209,0
2,ex2-s5-e1-a1-p06,05e12ab545f0ff015d9f26705c28409427a259b581e229e4b278fd34b130e759,3,210,0
2,ex2-s5-e1-a1-p06,05e12ab545f0ff015d9f26705c28409427a259b581e229e4b278fd34b130e759,3,211,100
2,ex2-s5-e1-a1-p06,05e12ab545f0ff015d9f26705c28409427a259b581e229e4b278fd34b130e759,3,212,0
2,ex2-s5-e1-a1-p06,05e12ab545f0ff015d9f26705c28409427a259b581e229e4b278fd34b130e759,3,213,0
2,ex2-s5-e1-a1-p06,05e12ab545f0ff015d9f26705c28409427a259b581e229e4b278fd34b130e759,3,214,0
2,ex2-s5-e1-a1-p06,05e12ab545f0ff015d9f26705c28409427a259b581e229e4b278fd34b130e759,3,215,0
2,ex2-s5-e1-a1-p06,05e12ab545f0ff015d9f26705c28409427a259b581e229e4b278fd34b130e759,3,216,0
2,ex2-s5-e1-a1-p06,05e12ab545f0ff015d9f26705c28409427a259b581e229e4b278fd34b130e759,3,217,0
2,ex2-s5-e1-a1-p06,05e12ab545f0ff015d9f26705c28409427a259b581e229e4b278fd34b130e759,3,218,100
2,ex2-s5-e1-a1-p06,05e12ab545f0ff015d9f26705c28409427a259b581e229e4b278fd34b130e759,3,219,0
2,ex2-s5-e1-a1-p06,05e12ab545f0ff015d9f26705c28409427a259b581e229e4b278fd34b130e759,3,220,0
2,ex2-s5-e1-a1-p06,05e12ab545f0ff015d9f26705c28409427a259b581e229e4b278fd34b130e759,3,221,0
2,ex2-s5-e1-a1-p06,05e12ab545f0ff015d9f26705c28409427a259b581e229e4b278fd34b130e759,3,222,0
2,ex2-s5-e1-a1-p06,05e12ab545f0ff015d9f26705c28409427a259b581e229e4b278fd34b130e759,3,223,0
2,ex2-s5-e1-a1-p06,05e12ab545f0ff015d9f26705c28409427a259b581e229e4b278fd34b130e759,3,224,0
2,ex2-s5-e1-a1-p06,05e12ab545f0ff015d9f26705c28409427a259b581e229e4b278fd34b130e759,3,225,100
2,ex2-s5-e1-a1-p06,05e12ab545f0ff015d9f26705c28409427a259b581e229e4b278fd34b130e759,3,226,0
2,ex2-s5-e1-a1-p06,05e12ab545f0ff015d9f26705c28409427a259b581e229e4b278fd34b130e759,3,227,0
2,ex2-s5-e1-a1-p06,05e12ab545f0ff015d9f26705c28409427a259b581e229e4b278fd34b130e759,3,228,0
2,ex2-s5-e1-a1-p06,05e12ab545f0ff015d9f26705c28409427a259b581e229e4b278fd34b130e759,3,229,0
2,ex2-s5-e1-a1-p06,05e12ab545f0ff015d9f26705c28409427a259b581e229e4b278fd34b130e759,3,230,0
2,ex2-s5-e1-a1-p06,05e12ab545f0ff015d9f26705c28409427a259b581e229e4b278fd34b130e759,3,231,100
2,ex2-s5-e1-a1-p06,05e12ab545f0ff015d9f26705c28409427a259b581e229e4b278fd34b130e759,3,232,0
2,ex2-s5-e1-a1-p06,05e12ab545f0ff015d9f26705c28409427a259b581e229e4b278fd34b130e759,3,233,0
2,ex2-s5-e1-a1-p06,05e12ab545f0ff015d9f26705c28409427a259b581e229e4b278fd34b130e759,3,234,0
2,ex2-s5-e1-a1-p06,05e12ab545f0ff015d9f26705c28409427a259b581e229e4b278fd34b130e759,3,235,0
2,ex2-s5-e1-a1-p06,05e12ab545f0ff015d9f26705c28409427a259b581e229e4b278fd34b130e759,3,236,0
2,ex2-s5-e1-a1-p06,05e12ab545f0ff015d9f26705c28409427a259b581e229e4b278fd34b130e759,3,237,0
2,ex2-s5-e1-a1-p06,05e12ab545f0ff015d9f26705c28409427a259b581e229e4b278fd34b130e759,3,238,100
2,ex2-s5-e1-a1-p06,05e12ab545f0ff015d9f26705c28409427a259b581e229e4b278fd34b130e759,3,239,0
2,ex2-s5-e1-a1-p06,05e12ab545f0ff015d9f26705c28409427a259b581e229e4b278fd34b130e759,3,240,0
2,ex2-s5-e1-a1-p06,05e12ab545f0ff015d9f26705c28409427a259b581e229e4b278fd34b130e759,3,241,0
2,ex2-s5-e1-a1-p06,05e12ab545f0ff015d9f26705c28409427a259b581e229e4b278fd34b130e759,3,242,0
2,ex2-s5-e1-a1-p06,05e12ab545f0ff015d9f26705c28409427a259b581e229e4b278fd34b130e759,3,243,0
2,ex2-s5-e1-a1-p06,05e12ab545f0ff015d9f26705c28409427a259b581e229e4b278fd34b130e759,3,244,100
2,ex2-s5-e1-a1-p06,05e12ab545f0ff015d9f26705c28409427a259b581e229e4b278fd34b130e759,3,245,0
2,ex2-s5-e1-a1-p06,05e12ab545f0ff015d9f26705c28409427a259b581e229e4b278fd34b130e759,3,246,0
2,ex2-s5-e1-a1-p06,05e12ab545f0ff015d9f26705c28409427a259b581e229e4b278fd34b130e759,3,247,0
2,ex2-s5-e1-a1-p06,05e12ab545f0ff015d9f26705c28409427a259b581e229e4b278fd34b130e759,3,248,0
2,ex2-s5-e1-a1-p06,05e12ab545f0ff015d9f26705c28409427a259b581e229e4b278fd34b130e759,3,249,0
2,ex2-s5-e1-a1-p06,05e12ab545f0ff015d9f26705c28409427a259b581e229e4b278fd34b130e759,3,250,0
2,ex2-s5-e1-a1-p06,05e12ab545f0ff015d9f26705c28409427a259b581e229e4b278fd34b130e759,3,251,100
2,ex2-s5-e1-a1-p06,05e12ab545f0ff015d9f26705c28409427a259b581e229e4b278fd34b130e759,3,252,0
2,ex2-s5-e1-a1-p06,05e12ab545f0ff015d9f26705c28409427a259b581e229e4b278fd34b130e759,3,253,0
2,ex2-s5-e1-a1-p06,05e12ab545f0ff015d9f26705c28409427a259b581e229e4b278fd34b130e759,3,254,0
2,ex2-s5-e1-a1-p06,05e12ab545f0ff015d9f26705c28409427a259b581e229e4b278fd34b130e759,3,255,0
2,ex2-s5-e1-a1-p06,05e12ab545f0ff015d9f26705c28409427a259b581e229e4b278fd34b130e759,3,256,0
2,ex2-s5-e1-a1-p06,05e12ab545f0ff015d9f26705c28409427a259b581e229e4b278fd34b130e759,3,257,0
2,ex2-s5-e1-a1-p06,05e12ab545f0ff015d9f26705c28409427a259b581e229e4b278fd34b130e759,3,258,100
2,ex2-s5-e1-a1-p06,05e12ab545f0ff015d9f26705c28409427a259b581e229e4b278fd34b130e759,3,259,0
2,ex2-s5-e1-a1-p06,05e12ab545f0ff015d9f26705c28409427a259b581e229e4b278fd34b130e759,3,260,0
2,ex2-s5-e1-a1-p06,05e12ab545f0ff015d9f26705c28409427a259b581e229e4b278fd34b130e759,3,261,0
2,ex2-s5-e1-a1-p06,05e12ab545f0ff015d9f26705c28409427a259b581e229e4b278fd34b130e759,3,262,0
2,ex2-s5-e1-a1-p06,05e12ab545f0ff015d9f26705c28409427a259b581e229e4b278fd34b130e759,3,263,0
2,ex2-s5-e1-a1-p06,05e12ab545f0ff015d9f26705c28409427a259b581e229e4b278fd34b130e759,3,264,100
2,ex2-s5-e1-a1-p06,05e12ab545f0ff015d9f26705c28409427a259b581e229e4b278fd34b130e759,3,265,0
2,ex2-s5-e1-a1-p06,05e12ab545f0ff015d9f26705c28409427a259b581e229e4b278fd34b130e759,3,266,0
2,ex2-s5-e1-a1-p06,05e12ab545f0ff015d9f26705c28409427a259b581e229e4b278fd34b130e759,3,267,0
2,ex2-s5-e1-a1-p06,05e12ab545f0ff015d9f26705c28409427a259b581e229e4b278fd34b130e759,3,268,0
2,ex2-s5-e1-a1-p06,05e12ab545f0ff015d9f26705c28409427a259b581e229e4b278fd34b130e759,3,269,0
2,ex2-s5-e1-a1-p06,05e12ab545f0ff015d9f26705c28409427a259b581e229e4b278fd34b130e759,3,270,0
2,ex2-s5-e1-a1-p06,05e12ab545f0ff015d9f26705c28409427a259b581e229e4b278fd34b130e759,3,271,100
2,ex2-s5-e1-a1-p06,05e12ab545f0ff015d9f26705c28409427a259b581e229e4b278fd34b130e759,3,272,0
2,ex2-s5-e1-a1-p06,05e12ab545f0ff015d9f26705c28409427a259b581e229e4b278fd34b130e759,3,273,0
2,ex2-s5-e1-a1-p06,05e12ab545f0ff015d9f26705c28409427a259b581e229e4b278fd34b130e759,3,274,0
2,ex2-s5-e1-a1-p06,05e12ab545f0ff015d9f26705c28409427a259b581e229e4b278fd34b130e759,3,275,0
2,ex2-s5-e1-a1-p06,05e12ab545f0ff015d9f26705c28409427a259b581e229e4b278fd34b130e759,3,276,0
2,ex2-s5-e1-a1-p06,05e12ab545f0ff015d9f26705c28409427a259b581e229e4b278fd34b130e759,3,277,0
2,ex2-s5-e1-a1-p06,05e12ab545f0ff015d9f26705c28409427a259b581e229e4b278fd34b130e759,3,278,100
2,ex2-s5-e1-a1-p06,05e12ab545f0ff015d9f26705c28409427a259b581e229e4b278fd34b130e759,3,279,0
2,ex2-s5-e1-a1-p06,05e12ab545f0ff015d9f26705c28409427a259b581e229e4b278fd34b130e759,3,280,0
2,ex2-s5-e1-a1-p06,05e12ab545f0ff015d9f26705c28409427a259b581e229e4b278fd34b130e759,3,281,0
2,ex2-s5-e1-a1-p06,05e12ab545f0ff015d9f26705c28409427a259b581e229e4b278fd34b130e759,3,282,0
2,ex2-s5-e1-a1-p06,05e12ab545f0ff015d9f26705c28409427a259b581e229e4b278fd34b130e759,3,283,0
2,ex2-s5-e1-a1-p06,05e12ab545f0ff015d9f26705c28409427a259b581e229e4b278fd34b130e759,3,284,100
2,ex2-s5-e1-a1-p06,05e12ab545f0ff015d9f26705c28409427a259b581e229e4b278fd34b130e759,3,285,0
2,ex2-s5-e1-a1-p06,05e12ab545f0ff015d9f26705c28409427a259b581e229e4b278fd34b130e759,3,286,0
2,ex2-s5-e1-a1-p06,05e12ab545f0ff015d9f26705c28409427a259b581e229e4b278fd34b130e759,3,287,0
2,ex2-s5-e1-a1-p06,05e12ab545f0ff015d9f26705c28409427a259b581e229e4b278fd34b130e759,3,288,0
2,ex2-s5-e1-a1-p06,05e12ab545f0ff015d9f26705c28409427a259b581e229e4b278fd34b130e759,3,289,0
2,ex2-s5-e1-a1-p06,05e12ab545f0ff015d9f26705c28409427a259b581e229e4b278fd34b130e759,3,290,0
2,ex2-s5-e1-a1-p06,05e12ab545f0ff015d9f26705c28409427a259b581e229e4b278fd34b130e759,3,291,100
2,ex2-s5-e1-a1-p06,05e12ab545f0ff015d9f26705c28409427a259b581e229e4b278fd34b130e759,3,292,0
2,ex2-s5-e1-a1-p06,05e12ab545f0ff015d9f26705c28409427a259b581e229e4b278fd34b130e759,3,293,0
2,ex2-s5-e1-a1-p06,05e12ab545f0ff015d9f26705c28409427a259b581e229e4b278fd34b130e759,3,294,0
2,ex2-s5-e1-a1-p06,05e12ab545f0ff015d9f26705c28409427a259b581e229e4b278fd34b130e759,3,295,0
2,ex2-s5-e1-a1-p06,05e12ab545f0ff015d9f26705c28409427a259b581e229e4b278fd34b130e759,3,296,0
2,ex2-s5-e1-a1-p06,05e12ab545f0ff015d9f26705c28409427a259b581e229e4b278fd34b130e759,3,297,0
2,ex2-s5-e1-a1-p06,05e12ab545f0ff015d9f26705c28409427a259b581e229e4b278fd34b130e759,3,298,100
2,ex2-s5-e1-a1-p06,05e12ab545f0ff015d9f26705c28409427a259b581e229e4b278fd34b130e759,3,299,0
2,ex2-s5-e1-a1-p06,05e12ab545f0ff015d9f26705c28409427a259b581e229e4b278fd34b130e759,3,300,0
2,ex2-s5-e1-a1-p06,05e12ab545f0ff015d9f26705c28409427a259b581e229e4b278fd34b130e759,3,301,0
2,ex2-s5-e1-a1-p06,05e12ab545f0ff015d9f26705c28409427a259b581e229e4b278fd34b130e759,3,302,0
2,ex2-s5-e1-a1-p06,05e12ab545f0ff015d9f26705c28409427a259b581e229e4b278fd34b130e759,3,303,0
2,ex2-s5-e1-a1-p06,05e12ab545f0ff015d9f26705c28409427a259b581e229e4b278fd34b130e759,3,304,100
2,ex2-s5-e1-a1-p06,05e12ab545f0ff015d9f26705c28409427a259b581e229e4b278fd34b130e759,3,305,0
2,ex2-s5-e1-a1-p06,05e12ab545f0ff015d9f26705c28409427a259b581e229e4b278fd34b130e759,3,306,0
2,ex2-s5-e1-a1-p06,05e12ab545f0ff015d9f26705c28409427a259b581e229e4b278fd34b130e759,3,307,0
2,ex2-s5-e1-a1-p06,05e12ab545f0ff015d9f26705c28409427a259b581e229e4b278fd34b130e759,3,308,0
2,ex2-s5-e1-a1-p06,05e12ab545f0ff015d9f26705c28409427a259b581e229e4b278fd34b130e759,3,309,0
2,ex2-s5-e1-a1-p06,05e12ab545f0ff015d9f26705c28409427a259b581e229e4b278fd34b130e759,3,310,0
2,ex2-s5-e1-a1-p06,05e12ab545f0ff015d9f26705c28409427a259b581e229e4b278fd34b130e759,3,311,100
2,ex2-s5-e1-a1-p06,05e12ab545f0ff015d9f26705c28409427a259b581e229e4b278fd34b130e759,3,312,0
2,ex2-s5-e1-a1-p06,05e12ab545f0ff015d9f26705c28409427a259b581e229e4b278fd34b130e759,3,313,0
2,ex2-s5-e1-a1-p06,05e12ab545f0ff015d9f26705c28409427a259b581e229e4b278fd34b130e759,3,314,0
2,ex2-s5-e1-a1-p06,05e12ab545f0ff015d9f26705c28409427a259b581e229e4b278fd34b130e759,3,315,0
2,ex2-s5-e1-a1-p06,05e12ab545f0ff015d9f26705c28409427a259b581e229e4b278fd34b130e759,3,316,0
2,ex2-s5-e1-a1-p06,05e12ab545f0ff015d9f26705c28409427a259b581e229e4b278fd34b130e759,3,317,0
2,ex2-s5-e1-a1-p06,05e12ab545f0ff015d9f26705c28409427a259b581e229e4b278fd34b130e759,3,318,100
2,ex2-s5-e1-a1-p06,05e12ab545f0ff015d9f26705c28409427a259b581e229e4b278fd34b130e759,3,319,0
2,ex2-s5-e1-a1-p06,05e12ab545f0ff015d9f26705c28409427a259b581e229e4b278fd34b130e759,3,320,0
2,ex2-s5-e1-a1-p06,05e12ab545f0ff015d9f26705c28409427a259b581e229e4b278fd34b130e759,3,321,0
2,ex2-s5-e1-a1-p06,05e12ab545f0ff015d9f26705c28409427a259b581e229e4b278fd34b130e759,3,322,0
2,ex2-s5-e1-a1-p06,05e12ab545f0ff015d9f26705c28409427a259b581e229e4b278fd34b130e759,3,323,0
2,ex2-s5-e1-a1-p06,05e12ab545f0ff015d9f26705c28409427a259b581e229e4b278fd34b130e759,3,324,100
2,ex2-s5-e1-a1-p06,05e12ab545f0ff015d9f26705c28409427a259b581e229e4b278fd34b130e759,3,325,0
2,ex2-s5-e1-a1-p06,05e12ab545f0ff015d9f26705c28409427a259b581e229e4b278fd34b130e759,3,326,0
2,ex2-s5-e1-a1-p06,05e12ab545f0ff015d9f26705c28409427a259b581e229e4b278fd34b130e759,3,327,0
2,ex2-s5-e1-a1-p06,05e12ab545f0ff015d9f26705c28409427a259b581e229e4b278fd34b130e759,3,328,0
2,ex2-s5-e1-a1-p06,05e12ab545f0ff015d9f26705c28409427a259b581e229e4b278fd34b130e759,3,329,0
2,ex2-s5-e1-a1-p06,05e12ab545f0ff015d9f26705c28409427a259b581e229e4b278fd34b130e759,3,330,0
2,ex2-s5-e1-a1-p06,05e12ab545f0ff015d9f26705c28409427a259b581e229e4b278fd34b130e759,3,331,100
2,ex2-s5-e1-a1-p06,05e12ab545f0ff015d9f26705c28409427a259b581e229e4b278fd34b130e759,3,332,0
2,ex2-s5-e1-a1-p06,05e12ab545f0ff015d9f26705c28409427a259b581e229e4b278fd34b130e759,3,333,0
2,ex2-s5-e1-a1-p06,05e12ab545f0ff015d9f26705c28409427a259b581e229e4b278fd34b130e759,3,334,0
2,ex2-s5-e1-a1-p06,05e12ab545f0ff015d9f26705c28409427a259b581e229e4b278fd34b130e759,3,335,0
2,ex2-s5-e1-a1-p06,05e12ab545f0ff015d9f26705c28409427a259b581e229e4b278fd34b130e759,3,336,0
2,ex2-s5-e1-a1-p06,05e12ab545f0ff015d9f26705c28409427a259b581e229e4b278fd34b130e759,3,337,100
2,ex2-s5-e1-a1-p06,05e12ab545f0ff015d9f26705c28409427a259b581e229e4b278fd34b130e759,3,338,0
2,ex2-s5-e1-a1-p06,05e12ab545f0ff015d9f26705c28409427a259b581e229e4b278fd34b130e759,3,339,0
2,ex2-s5-e1-a1-p06,05e12ab545f0ff015d9f26705c28409427a259b581e229e4b278fd34b130e759,3,340,0
2,ex2-s5-e1-a1-p06,05e12ab545f0ff015d9f26705c28409427a259b581e229e4b278fd34b130e759,3,341,0
2,ex2-s5-e1-a1-p06,05e12ab545f0ff015d9f26705c28409427a259b581e229e4b278fd34b130e759,3,342,0
2,ex2-s5-e1-a1-p06,05e12ab545f0ff015d9f26705c28409427a259b581e229e4b278fd34b130e759,3,343,0
2,ex2-s5-e1-a1-p06,05e12ab545f0ff015d9f26705c28409427a259b581e229e4b278fd34b130e759,3,344,100
2,ex2-s5-e1-a1-p06,05e12ab545f0ff015d9f26705c28409427a259b581e229e4b278fd34b130e759,3,345,0
2,ex2-s5-e1-a1-p06,05e12ab545f0ff015d9f26705c28409427a259b581e229e4b278fd34b130e759,3,346,0
2,ex2-s5-e1-a1-p06,05e12ab545f0ff015d9f26705c28409427a259b581e229e4b278fd34b130e759,3,347,0
2,ex2-s5-e1-a1-p06,05e12ab545f0ff015d9f26705c28409427a259b581e229e4b278fd34b130e759,3,348,0
2,ex2-s5-e1-a1-p06,05e12ab545f0ff015d9f26705c28409427a259b581e229e4b278fd34b130e759,3,349,0
2,ex2-s5-e1-a1-p06,05e12ab545f0ff015d9f26705c28409427a259b581e229e4b278fd34b130e759,3,350,0
2,ex2-s5-e1-a1-p06,05e12ab545f0ff015d9f26705c28409427a259b581e229e4b278fd34b130e759,3,351,100
2,ex2-s5-e1-a1-p06,05e12ab545f0ff015d9f26705c28409427a259b581e229e4b278fd34b130e759,3,352,0
2,ex2-s5-e1-a1-p06,05e12ab545f0ff015d9f26705c28409427a259b581e229e4b278fd34b130e759,3,353,0
2,ex2-s5-e1-a1-p06,05e12ab545f0ff015d9f26705c28409427a259b581e229e4b278fd34b130e759,3,354,0
2,ex2-s5-e1-a1-p06,05e12ab545f0ff015d9f26705c28409427a259b581e229e4b278fd34b130e759,3,355,0
2,ex2-s5-e1-a1-p06,05e12ab545f0ff015d9f26705c28409427a259b581e229e4b278fd34b130e759,3,356,0
2,ex2-s5-e1-a1-p06,05e12ab545f0ff015d9f26705c28409427a259b581e229e4b278fd34b130e759,3,357,100
2,ex2-s5-e1-a1-p06,05e12ab545f0ff015d9f26705c28409427a259b581e229e4b278fd34b130e759,3,358,0
2,ex2-s5-e1-a1-p06,05e12ab545f0ff015d9f26705c28409427a259b581e229e4b278fd34b130e759,3,359,0
2,ex2-s5-e1-a1-p06,05e12ab545f0ff015d9f26705c28409427a259b581e229e4b278fd34b130e759,3,360,0
2,ex2-s5-e1-a1-p06,05e12ab545f0ff015d9f26705c28409427a259b581e229e4b278fd34b130e759,3,361,0
2,ex2-s5-e1-a1-p06,05e12ab545f0ff015d9f26705c28409427a259b581e229e4b278fd34b130e759,3,362,0
2,ex2-s5-e1-a1-p06,05e12ab545f0ff015d9f26705c28409427a259b581e229e4b278fd34b130e759,3,363,0
2,ex2-s5-e1-a1-p06,05e12ab545f0ff015d9f26705c28409427a259b581e229e4b278fd34b130e759,3,364,100
2,ex2-s5-e1-a1-p06,05e12ab545f0ff015d9f26705c28409427a259b581e229e4b278fd34b130e759,3,365,0
2,ex2-s5-e1-a1-p06,05e12ab545f0ff015d9f26705c28409427a259b581e229e4b278fd34b130e759,3,366,0
2,ex2-s5-e1-a1-p06,05e12ab545f0ff015d9f26705c28409427a259b581e229e4b278fd34b130e759,3,367,0
2,ex2-s5-e1-a1-p06,05e12ab545f0ff015d9f26705c28409427a259b581e229e4b278fd34b130e759,3,368,0
2,ex2-s5-e1-a1-p06,05e12ab545f0ff015d9f26705c28409427a259b581e229e4b278fd34b130e759,3,369,0
2,ex2-s5-e1-a1-p06,05e12ab545f0ff015d9f26705c28409427a259b581e229e4b278fd34b130e759,3,370,0
2,ex2-s5-e1-a1-p06,05e12ab545f0ff015d9f26705c28409427a259b581e229e4b278fd34b130e759,3,371,100
2,ex2-s5-e1-a1-p06,05e12ab545f0ff015d9f26705c28409427a259b581e229e4b278fd34b130e759,3,372,0
2,ex2-s5-e1-a1-p06,05e12ab545f0ff015d9f26705c28409427a259b581e229e4b278fd34b130e759,3,373,0
2,ex2-s5-e1-a1-p06,05e12ab545f0ff015d9f26705c28409427a259b581e229e4b278fd34b130e759,3,374,0
2,ex2-s5-e1-a1-p06,05e12ab545f0ff015d9f26705c28409427a259b581e229e4b278fd34b130e759,3,375,0
2,ex2-s5-e1-a1-p06,05e12ab545f0ff015d9f26705c28409427a259b581e229e4b278fd34b130e759,3,376,0
2,ex2-s5-e1-a1-p06,05e12ab545f0ff015d9f26705c28409427a259b581e229e4b278fd34b130e759,3,377,100
2,ex2-s5-e1-a1-p06,05e12ab545f0ff015d9f26705c28409427a259b581e229e4b278fd34b130e759,3,378,0
2,ex2-s5-e1-a1-p06,05e12ab545f0ff015d9f26705c28409427a259b581e229e4b278fd34b130e759,3,379,0
2,ex2-s5-e1-a1-p06,05e12ab545f0ff015d9f26705c28409427a259b581e229e4b278fd34b130e759,3,380,0
2,ex2-s5-e1-a1-p06,05e12ab545f0ff015d9f26705c28409427a259b581e229e4b278fd34b130e759,3,381,0
2,ex2-s5-e1-a1-p06,05e12ab545f0ff015d9f26705c28409427a259b581e229e4b278fd34b130e759,3,382,0
2,ex2-s5-e1-a1-p06,05e12ab545f0ff015d9f26705c28409427a259b581e229e4b278fd34b130e759,3,383,0
2,ex2-s5-e1-a1-p06,05e12ab545f0ff015d9f26705c28409427a259b581e229e4b278fd34b130e759,3,384,100
2,ex2-s5-e1-a1-p06,05e12ab545f0ff015d9f26705c28409427a259b581e229e4b278fd34b130e759,3,385,0
2,ex2-s5-e1-a1-p06,05e12ab545f0ff015d9f26705c28409427a259b581e229e4b278fd34b130e759,3,386,0
2,ex2-s5-e1-a1-p06,05e12ab545f0ff015d9f26705c28409427a259b581e229e4b278fd34b130e759,3,387,0
2,ex2-s5-e1-a1-p06,05e12ab545f0ff015d9f26705c28409427a259b581e229e4b278fd34b130e759,3,388,0
2,ex2-s5-e1-a1-p06,05e12ab545f0ff015d9f26705c28409427a259b581e229e4b278fd34b130e759,3,389,0
2,ex2-s5-e1-a1-p06,05e12ab545f0ff015d9f26705c28409427a259b581e229e4b278fd34b130e759,3,390,0
2,ex2-s5-e1-a1-p06,05e12ab545f0ff015d9f26705c28409427a259b581e229e4b278fd34b130e759,3,391,100
2,ex2-s5-e1-a1-p06,05e12ab545f0ff015d9f26705c28409427a259b581e229e4b278fd34b130e759,3,392,0
2,ex2-s5-e1-a1-p06,05e12ab545f0ff015d9f26705c28409427a259b581e229e4b278fd34b130e759,3,393,0
2,ex2-s5-e1-a1-p06,05e12ab545f0ff015d9f26705c28409427a259b581e229e4b278fd34b130e759,3,394,0
2,ex2-s5-e1-a1-p06,05e12ab545f0ff015d9f26705c28409427a259b581e229e4b278fd34b130e759,3,395,0
2,ex2-s5-e1-a1-p06,05e12ab545f0ff015d9f26705c28409427a259b581e229e4b278fd34b130e759,3,396,0
2,ex2-s5-e1-a1-p06,05e12ab545f0ff015d9f26705c28409427a259b581e229e4b278fd34b130e759,3,397,100
2,ex2-s5-e1-a1-p06,05e12ab545f0ff015d9f26705c28409427a259b581e229e4b278fd34b130e759,3,398,0
2,ex2-s5-e1-a1-p06,05e12ab545f0ff015d9f26705c28409427a259b581e229e4b278fd34b130e759,3,399,0
2,ex2-s5-e1-a1-p06,05e12ab545f0ff015d9f26705c28409427a259b581e229e4b278fd34b130e759,3,400,0
2,ex2-s5-e1-a1-p06,05e12ab545f0ff015d9f26705c28409427a259b581e229e4b278fd34b130e759,3,401,0
2,ex2-s5-e1-a1-p06,05e12ab545f0ff015d9f26705c28409427a259b581e229e4b278fd34b130e759,3,402,0
2,ex2-s5-e1-a1-p06,05e12ab545f0ff015d9f26705c28409427a259b581e229e4b278fd34b130e759,3,403,0
2,ex2-s5-e1-a1-p06,05e12ab545f0ff015d9f26705c28409427a259b581e229e4b278fd34b130e759,3,404,100
2,ex2-s5-e1-a1-p06,05e12ab545f0ff015d9f26705c28409427a259b581e229e4b278fd34b130e759,3,405,0
2,ex2-s5-e1-a1-p06,05e12ab545f0ff015d9f26705c28409427a259b581e229e4b278fd34b130e759,3,406,0
2,ex2-s5-e1-a1-p06,05e12ab545f0ff015d9f26705c28409427a259b581e229e4b278fd34b130e759,3,407,0
2,ex2-s5-e1-a1-p06,05e12ab545f0ff015d9f26705c28409427a259b581e229e4b278fd34b130e759,3,408,0
2,ex2-s5-e1-a1-p06,05e12ab545f0ff015d9f26705c28409427a259b581e229e4b278fd34b130e759,3,409,0
2,ex2-s5-e1-a1-p06,05e12ab545f0ff015d9f26705c28409427a259b581e229e4b278fd34b130e759,3,410,0
2,ex2-s5-e1-a1-p06,05e12ab545f0ff015d9f26705c28409427a259b581e229e4b278fd34b130e759,3,411,100
2,ex2-s5-e1-a1-p06,05e12ab545f0ff015d9f26705c28409427a259b581e229e4b278fd34b130e759,3,412,0
2,ex2-s5-e1-a1-p06,05e12ab545f0ff015d9f26705c28409427a259b581e229e4b278fd34b130e759,3,413,0
2,ex2-s5-e1-a1-p06,05e12ab545f0ff015d9f26705c28409427a259b581e229e4b278fd34b130e759,3,414,0
2,ex2-s5-e1-a1-p06,05e12ab545f0ff015d9f26705c28409427a259b581e229e4b278fd34b130e759,3,415,0
2,ex2-s5-e1-a1-p06,05e12ab545f0ff015d9f26705c28409427a259b581e229e4b278fd34b130e759,3,416,0
2,ex2-s5-e1-a1-p06,05e12ab545f0ff015d9f26705c28409427a259b581e229e4b278fd34b130e759,3,417,100
2,ex2-s5-e1-a1-p06,05e12ab545f0ff015d9f26705c28409427a259b581e229e4b278fd34b130e759,3,418,0
2,ex2-s5-e1-a1-p06,05e12ab545f0ff015d9f26705c28409427a259b581e229e4b278fd34b130e759,3,419,0
2,ex2-s5-e1-a1-p06,05e12ab545f0ff015d9f26705c28409427a259b581e229e4b278fd34b130e759,3,420,0
2,ex2-s5-e1-a1-p06,05e12ab545f0ff015d9f26705c28409427a259b581e229e4b278fd34b130e759,3,421,0
2,ex2-s5-e1-a1-p06,05e12ab545f0ff015d9f26705c28409427a259b581e229e4b278fd34b130e759,3,422,0
2,ex2-s5-e1-a1-p06,05e12ab545f0ff015d9f26705c28409427a259b581e229e4b278fd34b130e759,3,423,0
2,ex2-s5-e1-a1-p06,05e12ab545f0ff015d9f26705c28409427a259b581e229e4b278fd34b130e759,3,424,100
2,ex2-s5-e1-a1-p06,05e12ab545f0ff015d9f26705c28409427a259b581e229e4b278fd34b130e759,3,425,0
2,ex2-s5-e1-a1-p06,05e12ab545f0ff015d9f26705c28409427a259b581e229e4b278fd34b130e759,3,426,0
2,ex2-s5-e1-a1-p06,05e12ab545f0ff015d9f26705c28409427a259b581e229e4b278fd34b130e759,3,427,0
2,ex2-s5-e1-a1-p06,05e12ab545f0ff015d9f26705c28409427a259b581e229e4b278fd34b130e759,3,428,0
2,ex2-s5-e1-a1-p06,05e12ab545f0ff015d9f26705c28409427a259b581e229e4b278fd34b130e759,3,429,0
2,ex2-s5-e1-a1-p06,05e12ab545f0ff015d9f26705c28409427a259b581e229e4b278fd34b130e759,3,430,100
2,ex2-s5-e1-a1-p06,05e12ab545f0ff015d9f26705c28409427a259b581e229e4b278fd34b130e759,3,431,0
2,ex2-s5-e1-a1-p06,05e12ab545f0ff015d9f26705c28409427a259b581e229e4b278fd34b130e759,3,432,0
2,ex2-s5-e1-a1-p06,05e12ab545f0ff015d9f26705c28409427a259b581e229e4b278fd34b130e759,3,433,0
2,ex2-s5-e1-a1-p06,05e12ab545f0ff015d9f26705c28409427a259b581e229e4b278fd34b130e759,3,434,0
2,ex2-s5-e1-a1-p06,05e12ab545f0ff015d9f26705c28409427a259b581e229e4b278fd34b130e759,3,435,0
2,ex2-s5-e1-a1-p06,05e12ab545f0ff015d9f26705c28409427a259b581e229e4b278fd34b130e759,3,436,0
2,ex2-s5-e1-a1-p06,05e12ab545f0ff015d9f26705c28409427a259b581e229e4b278fd34b130e759,3,437,100
2,ex2-s5-e1-a1-p06,05e12ab545f0ff015d9f26705c28409427a259b581e229e4b278fd34b130e759,3,438,0
2,ex2-s5-e1-a1-p06,05e12ab545f0ff015d9f26705c28409427a259b581e229e4b278fd34b130e759,3,439,0
2,ex2-s5-e1-a1-p06,05e12ab545f0ff015d9f26705c28409427a259b581e229e4b278fd34b130e759,3,440,0
2,ex2-s5-e1-a1-p06,05e12ab545f0ff015d9f26705c28409427a259b581e229e4b278fd34b130e759,3,441,0
2,ex2-s5-e1-a1-p06,05e12ab545f0ff015d9f26705c28409427a259b581e229e4b278fd34b130e759,3,442,0
2,ex2-s5-e1-a1-p06,05e12ab545f0ff015d9f26705c28409427a259b581e229e4b278fd34b130e759,3,443,0
2,ex2-s5-e1-a1-p06,05e12ab545f0ff015d9f26705c28409427a259b581e229e4b278fd34b130e759,3,444,100
2,ex2-s5-e1-a1-p06,05e12ab545f0ff015d9f26705c28409427a259b581e229e4b278fd34b130e759,3,445,0
2,ex2-s5-e1-a1-p06,05e12ab545f0ff015d9f26705c28409427a259b581e229e4b278fd34b130e759,3,446,0
2,ex2-s5-e1-a1-p06,05e12ab545f0ff015d9f26705c28409427a259b581e229e4b278fd34b130e759,3,447,0
2,ex2-s5-e1-a1-p06,05e12ab545f0ff015d9f26705c28409427a259b581e229e4b278fd34b130e759,3,448,0
2,ex2-s5-e1-a1-p06,05e12ab545f0ff015d9f26705c28409427a259b581e229e4b278fd34b130e759,3,449,0
2,ex2-s5-e1-a1-p06,05e12ab545f0ff015d9f26705c28409427a259b581e229e4b278fd34b130e759,3,450,100
2,ex2-s5-e1-a1-p06,05e12ab545f0ff015d9f26705c28409427a259b581e229e4b278fd34b130e759,3,451,0
2,ex2-s5-e1-a1-p06,05e12ab545f0ff015d9f26705c28409427a259b581e229e4b278fd34b130e759,3,452,0
2,ex2-s5-e1-a1-p06,05e12ab545f0ff015d9f26705c28409427a259b581e229e4b278fd34b130e759,3,453,0
2,ex2-s5-e1-a1-p06,05e12ab545f0ff015d9f26705c28409427a259b581e229e4b278fd34b130e759,3,454,0
2,ex2-s5-e1-a1-p06,05e12ab545f0ff015d9f26705c28409427a259b581e229e4b278fd34b130e759,3,455,0
2,ex2-s5-e1-a1-p06,05e12ab545f0ff015d9f26705c28409427a259b581e229e4b278fd34b130e759,3,456,0
2,ex2-s5-e1-a1-p06,05e12ab545f0ff015d9f26705c28409427a259b581e229e4b278fd34b130e759,3,457,100
2,ex2-s5-e1-a1-p06,05e12ab545f0ff015d9f26705c28409427a259b581e229e4b278fd34b130e759,3,458,0
2,ex2-s5-e1-a1-p06,05e12ab545f0ff015d9f26705c28409427a259b581e229e4b278fd34b130e759,3,459,0
2,ex2-s5-e1-a1-p06,05e12ab545f0ff015d9f26705c28409427a259b581e229e4b278fd34b130e759,3,460,0
2,ex2-s5-e1-a1-p06,05e12ab545f0ff015d9f26705c28409427a259b581e229e4b278fd34b130e759,3,461,0
2,ex2-s5-e1-a1-p06,05e12ab545f0ff015d9f26705c28409427a259b581e229e4b278fd34b130e759,3,462,0
2,ex2-s5-e1-a1-p06,05e12ab545f0ff015d9f26705c28409427a259b581e229e4b278fd34b130e759,3,463,0
2,ex2-s5-e1-a1-p06,05e12ab545f0ff015d9f26705c28409427a259b581e229e4b278fd34b130e759,3,464,100
2,ex2-s5-e1-a1-p06,05e12ab545f0ff015d9f26705c28409427a259b581e229e4b278fd34b130e759,3,465,0
2,ex2-s5-e1-a1-p06,05e12ab545f0ff015d9f26705c28409427a259b581e229e4b278fd34b130e759,3,466,0
2,ex2-s5-e1-a1-p06,05e12ab545f0ff015d9f26705c28409427a259b581e229e4b278fd34b130e759,3,467,0
2,ex2-s5-e1-a1-p06,05e12ab545f0ff015d9f26705c28409427a259b581e229e4b278fd34b130e759,3,468,0
2,ex2-s5-e1-a1-p06,05e12ab545f0ff015d9f26705c28409427a259b581e229e4b278fd34b130e759,3,469,0
2,ex2-s5-e1-a1-p06,05e12ab545f0ff015d9f26705c28409427a259b581e229e4b278fd34b130e759,3,470,100
2,ex2-s5-e1-a1-p06,05e12ab545f0ff015d9f26705c28409427a259b581e229e4b278fd34b130e759,3,471,0
2,ex2-s5-e1-a1-p06,05e12ab545f0ff015d9f26705c28409427a259b581e229e4b278fd34b130e759,3,472,0
2,ex2-s5-e1-a1-p06,05e12ab545f0ff015d9f26705c28409427a259b581e229e4b278fd34b130e759,3,473,0
2,ex2-s5-e1-a1-p06,05e12ab545f0ff015d9f26705c28409427a259b581e229e4b278fd34b130e759,3,474,0
2,ex2-s5-e1-a1-p06,05e12ab545f0ff015d9f26705c28409427a259b581e229e4b278fd34b130e759,3,475,0
2,ex2-s5-e1-a1-p06,05e12ab545f0ff015d9f26705c28409427a259b581e229e4b278fd34b130e759,3,476,0
2,ex2-s5-e1-a1-p06,05e12ab545f0ff015d9f26705c28409427a259b581e229e4b278fd34b130e759,3,477,100
2,ex2-s5-e1-a1-p06,05e12ab545f0ff015d9f26705c28409427a259b581e229e4b278fd34b130e759,3,478,0
2,ex2-s5-e1-a1-p06,05e12ab545f0ff015d9f26705c28409427a259b581e229e4b278fd34b130e759,3,479,0
2,ex2-s5-e1-a1-p06,05e12ab545f0ff015d9f26705c28409427a259b581e229e4b278fd34b130e759,3,480,0
2,ex2-s5-e1-a1-p06,05e12ab545f0ff015d9f26705c28409427a259b581e229e4b278fd34b130e759,3,481,0
2,ex2-s5-e1-a1-p06,05e12ab545f0ff015d9f26705c28409427a259b581e229e4b278fd34b130e759,3,482,0
2,ex2-s5-e1-a1-p06,05e12ab545f0ff015d9f26705c28409427a259b581e229e4b278fd34b130e759,3,483,0
2,ex2-s5-e1-a1-p06,05e12ab545f0ff015d9f26705c28409427a259b581e229e4b278fd34b130e759,3,484,100
2,ex2-s5-e1-a1-p06,05e12ab545f0ff015d9f26705c28409427a259b581e229e4b278fd34b130e759,3,485,0
2,ex2-s5-e1-a1-p06,05e12ab545f0ff015d9f26705c28409427a259b581e229e4b278fd34b130e759,3,486,0
2,ex2-s5-e1-a1-p06,05e12ab545f0ff015d9f26705c28409427a259b581e229e4b278fd34b130e759,3,487,0
2,ex2-s5-e1-a1-p06,05e12ab545f0ff015d9f26705c28409427a259b581e229e4b278fd34b130e759,3,488,0
2,ex2-s5-e1-a1-p06,05e12ab545f0ff015d9f26705c28409427a259b581e229e4b278fd34b130e759,3,489,0
2,ex2-s5-e1-a1-p06,05e12ab545f0ff015d9f26705c28409427a259b581e229e4b278fd34b130e759,3,490,100
2,ex2-s5-e1-a1-p06,05e12ab545f0ff015d9f26705c28409427a259b581e229e4b278fd34b130e759,3,491,0
2,ex2-s5-e1-a1-p06,05e12ab545f0ff015d9f26705c28409427a259b581e229e4b278fd34b130e759,3,492,0
2,ex2-s5-e1-a1-p06,05e12ab545f0ff015d9f26705c28409427a259b581e229e4b278fd34b130e759,3,493,0
2,ex2-s5-e1-a1-p06,05e12ab545f0ff015d9f26705c28409427a259b581e229e4b278fd34b130e759,3,494,0
2,ex2-s5-e1-a1-p06,05e12ab545f0ff015d9f26705c28409427a259b581e229e4b278fd34b130e759,3,495,0
2,ex2-s5-e1-a1-p06,05e12ab545f0ff015d9f26705c28409427a259b581e229e4b278fd34b130e759,3,496,0
2,ex2-s5-e1-a1-p06,05e12ab545f0ff015d9f26705c28409427a259b581e229e4b278fd34b130e759,3,497,100
2,ex2-s5-e1-a1-p06,05e12ab545f0ff015d9f26705c28409427a259b581e229e4b278fd34b130e759,3,498,0
2,ex2-s5-e1-a1-p06,05e12ab545f0ff015d9f26705c28409427a259b581e229e4b278fd34b130e759,3,499,0
2,ex2-s5-e1-a1-p06,05e12ab545f0ff015d9f26705c28409427a259b581e229e4b278fd34b130e759,3,500,0
2,ex2-s5-e1-a1-p06,05e12ab545f0ff015d9f26705c28409427a259b581e229e4b278fd34b130e759,3,501,0
2,ex2-s5-e1-a1-p06,05e12ab545f0ff015d9f26705c28409427a259b581e229e4b278fd34b130e759,3,502,0
2,ex2-s5-e1-a1-p06,05e12ab545f0ff015d9f26705c28409427a259b581e229e4b278fd34b130e759,3,503,0
2,ex2-s5-e1-a1-p06,05e12ab545f0ff015d9f26705c28409427a259b581e229e4b278fd34b130e759,3,504,100
2,ex2-s5-e1-a1-p06,05e12ab545f0ff015d9f26705c28409427a259b581e229e4b278fd34b130e759,3,505,0
2,ex2-s5-e1-a1-p06,05e12ab545f0ff015d9f26705c28409427a259b581e229e4b278fd34b130e759,3,506,0
2,ex2-s5-e1-a1-p06,05e12ab545f0ff015d9f26705c28409427a259b581e229e4b278fd34b130e759,3,507,0
2,ex2-s5-e1-a1-p06,05e12ab545f0ff015d9f26705c28409427a259b581e229e4b278fd34b130e759,3,508,0
2,ex2-s5-e1-a1-p06,05e12ab545f0ff015d9f26705c28409427a259b581e229e4b278fd34b130e759,3,509,0
2,ex2-s5-e1-a1-p06,05e12ab545f0ff015d9f26705c28409427a259b581e229e4b278fd34b130e759,3,510,100
2,ex2-s5-e1-a1-p06,05e12ab545f0ff015d9f26705c28409427a259b581e229e4b278fd34b130e759,3,511,0
2,ex2-s5-e1-a1-p06,05e12ab545f0ff015d9f26705c28409427a259b581e229e4b278fd34b130e759,3,512,0
2,ex2-s5-e1-a1-p06,05e12ab545f0ff015d9f26705c28409427a259b581e229e4b278fd34b130e759,3,513,0
2,ex2-s5-e1-a1-p06,05e12ab545f0ff015d9f26705c28409427a259b581e229e4b278fd34b130e759,3,514,0
2,ex2-s5-e1-a1-p06,05e12ab545f0ff015d9f26705c28409427a259b581e229e4b278fd34b130e759,3,515,0
2,ex2-s5-e1-a1-p06,05e12ab545f0ff015d9f26705c28409427a259b581e229e4b278fd34b130e759,3,516,0
2,ex2-s5-e1-a1-p06,05e12ab545f0ff015d9f26705c28409427a259b581e229e4b278fd34b130e759,3,517,100
2,ex2-s5-e1-a1-p06,05e12ab545f0ff015d9f26705c28409427a259b581e229e4b278fd34b130e759,3,518,0
2,ex2-s5-e1-a1-p06,05e12ab545f0ff015d9f26705c28409427a259b581e229e4b278fd34b130e759,3,519,0
2,ex2-s5-e1-a1-p06,05e12ab545f0ff015d9f26705c28409427a259b581e229e4b278fd34b130e759,3,520,0
2,ex2-s5-e1-a1-p06,05e12ab545f0ff015d9f26705c28409427a259b581e229e4b278fd34b130e759,3,521,0
2,ex2-s5-e1-a1-p06,05e12ab545f0ff015d9f26705c28409427a259b581e229e4b278fd34b130e759,3,522,0
2,ex2-s5-e1-a1-p06,05e12ab545f0ff015d9f26705c28409427a259b581e229e4b278fd34b130e759,3,523,100
2,ex2-s5-e1-a1-p06,05e12ab545f0ff015d9f26705c28409427a259b581e229e4b278fd34b130e759,3,524,0
2,ex2-s5-e1-a1-p06,05e12ab545f0ff015d9f26705c28409427a259b581e229e4b278fd34b130e759,3,525,0
2,ex2-s5-e1-a1-p06,05e12ab545f0ff015d9f26705c28409427a259b581e229e4b278fd34b130e759,3,526,0
2,ex2-s5-e1-a1-p06,05e12ab545f0ff015d9f26705c28409427a259b581e229e4b278fd34b130e759,3,527,0
2,ex2-s5-e1-a1-p06,05e12ab545f0ff015d9f26705c28409427a259b581e229e4b278fd34b130e759,3,528,0
2,ex2-s5-e1-a1-p06,05e12ab545f0ff015d9f26705c28409427a259b581e229e4b278fd34b130e759,3,529,0
2,ex2-s5-e1-a1-p06,05e12ab545f0ff015d9f26705c28409427a259b581e229e4b278fd34b130e759,3,530,100
2,ex2-s5-e1-a1-p06,05e12ab545f0ff015d9f26705c28409427a259b581e229e4b278fd34b130e759,3,531,0
2,ex2-s5-e1-a1-p06,05e12ab545f0ff015d9f26705c28409427a259b581e229e4b278fd34b130e759,3,532,0
2,ex2-s5-e1-a1-p06,05e12ab545f0ff015d9f26705c28409427a259b581e229e4b278fd34b130e759,3,533,0
2,ex2-s5-e1-a1-p06,05e12ab545f0ff015d9f26705c28409427a259b581e229e4b278fd34b130e759,3,534,0
2,ex2-s5-e1-a1-p06,05e12ab545f0ff015d9f26705c28409427a259b581e229e4b278fd34b130e759,3,535,0
2,ex2-s5-e1-a1-p06,05e12ab545f0ff015d9f26705c28409427a259b581e229e4b278fd34b130e759,3,536,0
2,ex2-s5-e1-a1-p06,05e12ab545f0ff015d9f26705c28409427a259b581e229e4b278fd34b130e759,3,537,100
2,ex2-s5-e1-a1-p06,05e12ab545f0ff015d9f26705c28409427a259b581e229e4b278fd34b130e759,3,538,0
2,ex2-s5-e1-a1-p06,05e12ab545f0ff015d9f26705c28409427a259b581e229e4b278fd34b130e759,3,539,0
2,ex2-s5-e1-a1-p06,05e12ab545f0ff015d9f26705c28409427a259b581e229e4b278fd34b130e759,3,540,0
2,ex2-s5-e1-a1-p06,05e12ab545f0ff015d9f26705c28409427a259b581e229e4b278fd34b130e759,3,541,0
2,ex2-s5-e1-a1-p06,05e12ab545f0ff015d9f26705c28409427a259b581e229e4b278fd34b130e759,3,542,0
2,ex2-s5-e1-a1-p06,05e12ab545f0ff015d9f26705c28409427a259b581e229e4b278fd34b130e759,3,543,100
2,ex2-s5-e1-a1-p06,05e12ab545f0ff015d9f26705c28409427a259b581e229e4b278fd34b130e759,3,544,0
2,ex2-s5-e1-a1-p06,05e12ab545f0ff015d9f26705c28409427a259b581e229e4b278fd34b130e759,3,545,0
2,ex2-s5-e1-a1-p06,05e12ab545f0ff015d9f26705c28409427a259b581e229e4b278fd34b130e759,3,546,0
2,ex2-s5-e1-a1-p06,05e12ab545f0ff015d9f26705c28409427a259b581e229e4b278fd34b130e759,3,547,0
2,ex2-s5-e1-a1-p06,05e12ab545f0ff015d9f26705c28409427a259b581e229e4b278fd34b130e759,3,548,0
2,ex2-s5-e1-a1-p06,05e12ab545f0ff015d9f26705c28409427a259b581e229e4b278fd34b130e759,3,549,0
2,ex2-s5-e1-a1-p06,05e12ab545f0ff015d9f26705c28409427a259b581e229e4b278fd34b130e759,3,550,100
2,ex2-s5-e1-a1-p06,05e12ab545f0ff015d9f26705c28409427a259b581e229e4b278fd34b130e759,3,551,0
2,ex2-s5-e1-a1-p06,05e12ab545f0ff015d9f26705c28409427a259b581e229e4b278fd34b130e759,3,552,0
2,ex2-s5-e1-a1-p06,05e12ab545f0ff015d9f26705c28409427a259b581e229e4b278fd34b130e759,3,553,0
2,ex2-s5-e1-a1-p06,05e12ab545f0ff015d9f26705c28409427a259b581e229e4b278fd34b130e759,3,554,0
2,ex2-s5-e1-a1-p06,05e12ab545f0ff015d9f26705c28409427a259b581e229e4b278fd34b130e759,3,555,0
2,ex2-s5-e1-a1-p06,05e12ab545f0ff015d9f26705c28409427a259b581e229e4b278fd34b130e759,3,556,0
2,ex2-s5-e1-a1-p06,05e12ab545f0ff015d9f26705c28409427a259b581e229e4b278fd34b130e759,3,557,100
2,ex2-s5-e1-a1-p06,05e12ab545f0ff015d9f26705c28409427a259b581e229e4b278fd34b130e759,3,558,0
2,ex2-s5-e1-a1-p06,05e12ab545f0ff015d9f26705c28409427a259b581e229e4b278fd34b130e759,3,559,0
2,ex2-s5-e1-a1-p06,05e12ab545f0ff015d9f26705c28409427a259b581e229e4b278fd34b130e759,3,560,0
2,ex2-s5-e1-a1-p06,05e12ab545f0ff015d9f26705c28409427a259b581e229e4b278fd34b130e759,3,561,0
2,ex2-s5-e1-a1-p06,05e12ab545f0ff015d9f26705c28409427a259b581e229e4b278fd34b130e759,3,562,0
2,ex2-s5-e1-a1-p06,05e12ab545f0ff015d9f26705c28409427a259b581e229e4b278fd34b130e759,3,563,100
2,ex2-s5-e1-a1-p06,05e12ab545f0ff015d9f26705c28409427a259b581e229e4b278fd34b130e759,3,564,0
2,ex2-s5-e1-a1-p06,05e12ab545f0ff015d9f26705c28409427a259b581e229e4b278fd34b130e759,3,565,0
2,ex2-s5-e1-a1-p06,05e12ab545f0ff015d9f26705c28409427a259b581e229e4b278fd34b130e759,3,566,0
2,ex2-s5-e1-a1-p06,05e12ab545f0ff015d9f26705c28409427a259b581e229e4b278fd34b130e759,3,567,0
2,ex2-s5-e1-a1-p06,05e12ab545f0ff015d9f26705c28409427a259b581e229e4b278fd34b130e759,3,568,0
2,ex2-s5-e1-a1-p06,05e12ab545f0ff015d9f26705c28409427a259b581e229e4b278fd34b130e759,3,569,0
2,ex2-s5-e1-a1-p06,05e12ab545f0ff015d9f26705c28409427a259b581e229e4b278fd34b130e759,3,570,100
2,ex2-s5-e1-a1-p06,05e12ab545f0ff015d9f26705c28409427a259b581e229e4b278fd34b130e759,3,571,0
2,ex2-s5-e1-a1-p06,05e12ab545f0ff015d9f26705c28409427a259b581e229e4b278fd34b130e759,3,572,0
2,ex2-s5-e1-a1-p06,05e12ab545f0ff015d9f26705c28409427a259b581e229e4b278fd34b130e759,3,573,0
2,ex2-s5-e1-a1-p06,05e12ab545f0ff015d9f26705c28409427a259b581e229e4b278fd34b130e759,3,574,0
2,ex2-s5-e1-a1-p06,05e12ab545f0ff015d9f26705c28409427a259b581e229e4b278fd34b130e759,3,575,0
2,ex2-s5-e1-a1-p06,05e12ab545f0ff015d9f26705c28409427a259b581e229e4b278fd34b130e759,3,576,0
2,ex2-s5-e1-a1-p06,05e12ab545f0ff015d9f26705c28409427a259b581e229e4b278fd34b130e759,3,577,100
2,ex2-s5-e1-a1-p06,05e12ab545f0ff015d9f26705c28409427a259b581e229e4b278fd34b130e759,3,578,0
2,ex2-s5-e1-a1-p06,05e12ab545f0ff015d9f26705c28409427a259b581e229e4b278fd34b130e759,3,579,0
2,ex2-s5-e1-a1-p06,05e12ab545f0ff015d9f26705c28409427a259b581e229e4b278fd34b130e759,3,580,0
2,ex2-s5-e1-a1-p06,05e12ab545f0ff015d9f26705c28409427a259b581e229e4b278fd34b130e759,3,581,0
2,ex2-s5-e1-a1-p06,05e12ab545f0ff015d9f26705c28409427a259b581e229e4b278fd34b130e759,3,582,0
2,ex2-s5-e1-a1-p06,05e12ab545f0ff015d9f26705c28409427a259b581e229e4b278fd34b130e759,3,583,100
2,ex2-s5-e1-a1-p06,05e12ab545f0ff015d9f26705c28409427a259b581e229e4b278fd34b130e759,3,584,0
2,ex2-s5-e1-a1-p06,05e12ab545f0ff015d9f26705c28409427a259b581e229e4b278fd34b130e759,3,585,0
2,ex2-s5-e1-a1-p06,05e12ab545f0ff015d9f26705c28409427a259b581e229e4b278fd34b130e759,3,586,0
2,ex2-s5-e1-a1-p06,05e12ab545f0ff015d9f26705c28409427a259b581e229e4b278fd34b130e759,3,587,0
2,ex2-s5-e1-a1-p06,05e12ab545f0ff015d9f26705c28409427a259b581e229e4b278fd34b130e759,3,588,0
2,ex2-s5-e1-a1-p06,05e12ab545f0ff015d9f26705c28409427a259b581e229e4b278fd34b130e759,3,589,0
2,ex2-s5-e1-a1-p06,05e12ab545f0ff015d9f26705c28409427a259b581e229e4b278fd34b130e759,3,590,100
2,ex2-s5-e1-a1-p06,05e12ab545f0ff015d9f26705c28409427a259b581e229e4b278fd34b130e759,3,591,0
2,ex2-s5-e1-a1-p06,05e12ab545f0ff015d9f26705c28409427a259b581e229e4b278fd34b130e759,3,592,0
2,ex2-s5-e1-a1-p06,05e12ab545f0ff015d9f26705c28409427a259b581e229e4b278fd34b130e759,3,593,0
2,ex2-s5-e1-a1-p06,05e12ab545f0ff015d9f26705c28409427a259b581e229e4b278fd34b130e759,3,594,0
2,ex2-s5-e1-a1-p06,05e12ab545f0ff015d9f26705c28409427a259b581e229e4b278fd34b130e759,3,595,0
2,ex2-s5-e1-a1-p06,05e12ab545f0ff015d9f26705c28409427a259b581e229e4b278fd34b130e759,3,596,100
2,ex2-s5-e1-a1-p06,05e12ab545f0ff015d9f26705c28409427a259b581e229e4b278fd34b130e759,3,597,0
2,ex2-s5-e1-a1-p06,05e12ab545f0ff015d9f26705c28409427a259b581e229e4b278fd34b130e759,3,598,0
2,ex2-s5-e1-a1-p06,05e12ab545f0ff015d9f26705c28409427a259b581e229e4b278fd34b130e759,3,599,0
2,ex2-s5-e1-a1-p06,05e12ab545f0ff015d9f26705c28409427a259b581e229e4b278fd34b130e759,3,600,0
2,ex2-s5-e1-a1-p06,05e12ab545f0ff015d9f26705c28409427a259b581e229e4b278fd34b130e759,3,601,0
2,ex2-s5-e1-a1-p06,05e12ab545f0ff015d9f26705c28409427a259b581e229e4b278fd34b130e759,3,602,0
2,ex2-s5-e1-a1-p06,05e12ab545f0ff015d9f26705c28409427a259b581e229e4b278fd34b130e759,3,603,100
2,ex2-s5-e1-a1-p06,05e12ab545f0ff015d9f26705c28409427a259b581e229e4b278fd34b130e759,3,604,0
2,ex2-s5-e1-a1-p06,05e12ab545f0ff015d9f26705c28409427a259b581e229e4b278fd34b130e759,3,605,0
2,ex2-s5-e1-a1-p06,05e12ab545f0ff015d9f26705c28409427a259b581e229e4b278fd34b130e759,3,606,0
2,ex2-s5-e1-a1-p06,05e12ab545f0ff015d9f26705c28409427a259b581e229e4b278fd34b130e759,3,607,0
2,ex2-s5-e1-a1-p06,05e12ab545f0ff015d9f26705c28409427a259b581e229e4b278fd34b130e759,3,608,0
2,ex2-s5-e1-a1-p06,05e12ab545f0ff015d9f26705c28409427a259b581e229e4b278fd34b130e759,3,609,0
2,ex2-s5-e1-a1-p06,05e12ab545f0ff015d9f26705c28409427a259b581e229e4b278fd34b130e759,3,610,100
2,ex2-s5-e1-a1-p06,05e12ab545f0ff015d9f26705c28409427a259b581e229e4b278fd34b130e759,3,611,0
2,ex2-s5-e1-a1-p06,05e12ab545f0ff015d9f26705c28409427a259b581e229e4b278fd34b130e759,3,612,0
2,ex2-s5-e1-a1-p06,05e12ab545f0ff015d9f26705c28409427a259b581e229e4b278fd34b130e759,3,613,0
2,ex2-s5-e1-a1-p06,05e12ab545f0ff015d9f26705c28409427a259b581e229e4b278fd34b130e759,3,614,0
2,ex2-s5-e1-a1-p06,05e12ab545f0ff015d9f26705c28409427a259b581e229e4b278fd34b130e759,3,615,0
2,ex2-s5-e1-a1-p06,05e12ab545f0ff015d9f26705c28409427a259b581e229e4b278fd34b130e759,3,616,100
2,ex2-s5-e1-a1-p06,05e12ab545f0ff015d9f26705c28409427a259b581e229e4b278fd34b130e759,3,617,0
2,ex2-s5-e1-a1-p06,05e12ab545f0ff015d9f26705c28409427a259b581e229e4b278fd34b130e759,3,618,0
2,ex2-s5-e1-a1-p06,05e12ab545f0ff015d9f26705c28409427a259b581e229e4b278fd34b130e759,3,619,0
2,ex2-s5-e1-a1-p06,05e12ab545f0ff015d9f26705c28409427a259b581e229e4b278fd34b130e759,3,620,0
2,ex2-s5-e1-a1-p06,05e12ab545f0ff015d9f26705c28409427a259b581e229e4b278fd34b130e759,3,621,0
2,ex2-s5-e1-a1-p06,05e12ab545f0ff015d9f26705c28409427a259b581e229e4b278fd34b130e759,3,622,0
2,ex2-s5-e1-a1-p06,05e12ab545f0ff015d9f26705c28409427a259b581e229e4b278fd34b130e759,3,623,100
2,ex2-s5-e1-a1-p06,05e12ab545f0ff015d9f26705c28409427a259b581e229e4b278fd34b130e759,3,624,0
2,ex2-s5-e1-a1-p06,05e12ab545f0ff015d9f26705c28409427a259b581e229e4b278fd34b130e759,3,625,0
2,ex2-s5-e1-a1-p06,05e12ab545f0ff015d9f26705c28409427a259b581e229e4b278fd34b130e759,3,626,0
2,ex2-s5-e1-a1-p06,05e12ab545f0ff015d9f26705c28409427a259b581e229e4b278fd34b130e759,3,627,0
2,ex2-s5-e1-a1-p06,05e12ab545f0ff015d9f26705c28409427a259b581e229e4b278fd34b130e759,3,628,0
2,ex2-s5-e1-a1-p06,05e12ab545f0ff015d9f26705c28409427a259b581e229e4b278fd34b130e759,3,629,0
2,ex2-s5-e1-a1-p06,05e12ab545f0ff015d9f26705c28409427a259b581e229e4b278fd34b130e759,3,630,100
2,ex2-s5-e1-a1-p06,05e12ab545f0ff015d9f26705c28409427a259b581e229e4b278fd34b130e759,3,631,0
2,ex2-s5-e1-a1-p06,05e12ab545f0ff015d9f26705c28409427a259b581e229e4b278fd34b130e759,3,632,0
2,ex2-s5-e1-a1-p06,05e12ab545f0ff015d9f26705c28409427a259b581e229e4b278fd34b130e759,3,633,0
2,ex2-s5-e1-a1-p06,05e12ab545f0ff015d9f26705c28409427a259b581e229e4b278fd34b130e759,3,634,0
2,ex2-s5-e1-a1-p06,05e12ab545f0ff015d9f26705c28409427a259b581e229e4b278fd34b130e759,3,635,0
2,ex2-s5-e1-a1-p06,05e12ab545f0ff015d9f26705c28409427a259b581e229e4b278fd34b130e759,3,636,100
2,ex2-s5-e1-a1-p06,05e12ab545f0ff015d9f26705c28409427a259b581e229e4b278fd34b130e759,3,637,0
2,ex2-s5-e1-a1-p06,05e12ab545f0ff015d9f26705c28409427a259b581e229e4b278fd34b130e759,3,638,0
2,ex2-s5-e1-a1-p06,05e12ab545f0ff015d9f26705c28409427a259b581e229e4b278fd34b130e759,3,639,0
2,ex2-s5-e1-a1-p06,05e12ab545f0ff015d9f26705c28409427a259b581e229e4b278fd34b130e759,3,640,0
2,ex2-s5-e1-a1-p06,05e12ab545f0ff015d9f26705c28409427a259b581e229e4b278fd34b130e759,3,641,0
2,ex2-s5-e1-a1-p06,05e12ab545f0ff015d9f26705c28409427a259b581e229e4b278fd34b130e759,3,642,0
2,ex2-s5-e1-a1-p06,05e12ab545f0ff015d9f26705c28409427a259b581e229e4b278fd34b130e759,3,643,100
2,ex2-s5-e1-a1-p06,05e12ab545f0ff015d9f26705c28409427a259b581e229e4b278fd34b130e759,3,644,0
2,ex2-s5-e1-a1-p06,05e12ab545f0ff015d9f26705c28409427a259b581e229e4b278fd34b130e759,3,645,0
2,ex2-s5-e1-a1-p06,05e12ab545f0ff015d9f26705c28409427a259b581e229e4b278fd34b130e759,3,646,0
2,ex2-s5-e1-a1-p06,05e12ab545f0ff015d9f26705c28409427a259b581e229e4b278fd34b130e759,3,647,0
2,ex2-s5-e1-a1-p06,05e12ab545f0ff015d9f26705c28409427a259b581e229e4b278fd34b130e759,3,648,0
2,ex2-s5-e1-a1-p06,05e12ab545f0ff015d9f26705c28409427a259b581e229e4b278fd34b130e759,3,649,0
2,ex2-s5-e1-a1-p06,05e12ab545f0ff015d9f26705c28409427a259b581e229e4b278fd34b130e759,3,650,100
2,ex2-s5-e1-a1-p06,05e12ab545f0ff015d9f26705c28409427a259b581e229e4b278fd34b130e759,3,651,0
2,ex2-s5-e1-a1-p06,05e12ab545f0ff015d9f26705c28409427a259b581e229e4b278fd34b130e759,3,652,0
2,ex2-s5-e1-a1-p06,05e12ab545f0ff015d9f26705c28409427a259b581e229e4b278fd34b130e759,3,653,0
2,ex2-s5-e1-a1-p06,05e12ab545f0ff015d9f26705c28409427a259b581e229e4b278fd34b130e759,3,654,0
2,ex2-s5-e1-a1-p06,05e12ab545f0ff015d9f26705c28409427a259b581e229e4b278fd34b130e759,3,655,0
2,ex2-s5-e1-a1-p06,05e12ab545f0ff015d9f26705c28409427a259b581e229e4b278fd34b130e759,3,656,100
2,ex2-s5-e1-a1-p06,05e12ab545f0ff015d9f26705c28409427a259b581e229e4b278fd34b130e759,3,657,0
2,ex2-s5-e1-a1-p06,05e12ab545f0ff015d9f26705c28409427a259b581e229e4b278fd34b130e759,3,658,0
2,ex2-s5-e1-a1-p06,05e12ab545f0ff015d9f26705c28409427a259b581e229e4b278fd34b130e759,3,659,0
2,ex2-s5-e1-a1-p06,05e12ab545f0ff015d9f26705c28409427a259b581e229e4b278fd34b130e759,3,660,0
2,ex2-s5-e1-a1-p06,05e12ab545f0ff015d9f26705c28409427a259b581e229e4b278fd34b130e759,3,661,0
2,ex2-s5-e1-a1-p06,05e12ab545f0ff015d9f26705c28409427a259b581e229e4b278fd34b130e759,3,662,0
2,ex2-s5-e1-a1-p06,05e12ab545f0ff015d9f26705c28409427a259b581e229e4b278fd34b130e759,3,663,100
2,ex2-s5-e1-a1-p06,05e12ab545f0ff015d9f26705c28409427a259b581e229e4b278fd34b130e759,3,664,0
2,ex2-s5-e1-a1-p06,05e12ab545f0ff015d9f26705c28409427a259b581e229e4b278fd34b130e759,3,665,0
2,ex2-s5-e1-a1-p06,05e12ab545f0ff015d9f26705c28409427a259b581e229e4b278fd34b130e759,3,666,0
2,ex2-s5-e1-a1-p06,05e12ab545f0ff015d9f26705c28409427a259b581e229e4b278fd34b130e759,3,667,0
2,ex2-s5-e1-a1-p06,05e12ab545f0ff015d9f26705c28409427a259b581e229e4b278fd34b130e759,3,668,0
2,ex2-s5-e1-a1-p06,05e12ab545f0ff015d9f26705c28409427a259b581e229e4b278fd34b130e759,3,669,0
2,ex2-s5-e1-a1-p06,05e12ab545f0ff015d9f26705c28409427a259b581e229e4b278fd34b130e759,3,670,100
2,ex2-s5-e1-a1-p06,05e12ab545f0ff015d9f26705c28409427a259b581e229e4b278fd34b130e759,3,671,0
2,ex2-s5-e1-a1-p06,05e12ab545f0ff015d9f26705c28409427a259b581e229e4b278fd34b130e759,3,672,0
2,ex2-s5-e1-a1-p06,05e12ab545f0ff015d9f26705c28409427a259b581e229e4b278fd34b130e759,3,673,0
2,ex2-s5-e1-a1-p06,05e12ab545f0ff015d9f26705c28409427a259b581e229e4b278fd34b130e759,3,674,0
2,ex2-s5-e1-a1-p06,05e12ab545f0ff015d9f26705c28409427a259b581e229e4b278fd34b130e759,3,675,0
2,ex2-s5-e1-a1-p06,05e12ab545f0ff015d9f26705c28409427a259b581e229e4b278fd34b130e759,3,676,100
2,ex2-s5-e1-a1-p06,05e12ab545f0ff015d9f26705c28409427a259b581e229e4b278fd34b130e759,3,677,0
2,ex2-s5-e1-a1-p06,05e12ab545f0ff015d9f26705c28409427a259b581e229e4b278fd34b130e759,3,678,0
2,ex2-s5-e1-a1-p06,05e12ab545f0ff015d9f26705c28409427a259b581e229e4b278fd34b130e759,3,679,0
2,ex2-s5-e1-a1-p06,05e12ab545f0ff015d9f26705c28409427a259b581e229e4b278fd34b130e759,3,680,0
2,ex2-s5-e1-a1-p06,05e12ab545f0ff015d9f26705c28409427a259b581e229e4b278fd34b130e759,3,681,0
2,ex2-s5-e1-a1-p06,05e12ab545f0ff015d9f26705c28409427a259b581e229e4b278fd34b130e759,3,682,0
2,ex2-s5-e1-a1-p06,05e12ab545f0ff015d9f26705c28409427a259b581e229e4b278fd34b130e759,3,683,100
2,ex2-s5-e1-a1-p06,05e12ab545f0ff015d9f26705c28409427a259b581e229e4b278fd34b130e759,3,684,0
2,ex2-s5-e1-a1-p06,05e12ab545f0ff015d9f26705c28409427a259b581e229e4b278fd34b130e759,3,685,0
2,ex2-s5-e1-a1-p06,05e12ab545f0ff015d9f26705c28409427a259b581e229e4b278fd34b130e759,3,686,0
2,ex2-s5-e1-a1-p06,05e12ab545f0ff015d9f26705c28409427a259b581e229e4b278fd34b130e759,3,687,0
2,ex2-s5-e1-a1-p06,05e12ab545f0ff015d9f26705c28409427a259b581e229e4b278fd34b130e759,3,688,0
2,ex2-s5-e1-a1-p06,05e12ab545f0ff015d9f26705c28409427a259b581e229e4b278fd34b130e759,3,689,100
2,ex2-s5-e1-a1-p06,05e12ab545f0ff015d9f26705c28409427a259b581e229e4b278fd34b130e759,3,690,0
2,ex2-s5-e1-a1-p06,05e12ab545f0ff015d9f26705c28409427a259b581e229e4b278fd34b130e759,3,691,0
2,ex2-s5-e1-a1-p06,05e12ab545f0ff015d9f26705c28409427a259b581e229e4b278fd34b130e759,3,692,0
2,ex2-s5-e1-a1-p06,05e12ab545f0ff015d9f26705c28409427a259b581e229e4b278fd34b130e759,3,693,0
2,ex2-s5-e1-a1-p06,05e12ab545f0ff015d9f26705c28409427a259b581e229e4b278fd34b130e759,3,694,0
2,ex2-s5-e1-a1-p06,05e12ab545f0ff015d9f26705c28409427a259b581e229e4b278fd34b130e759,3,695,0
2,ex2-s5-e1-a1-p06,05e12ab545f0ff015d9f26705c28409427a259b581e229e4b278fd34b130e759,3,696,100
2,ex2-s5-e1-a1-p06,05e12ab545f0ff015d9f26705c28409427a259b581e229e4b278fd34b130e759,3,697,0
2,ex2-s5-e1-a1-p06,05e12ab545f0ff015d9f26705c28409427a259b581e229e4b278fd34b130e759,3,698,0
2,ex2-s5-e1-a1-p06,05e12ab545f0ff015d9f26705c28409427a259b581e229e4b278fd34b130e759,3,699,0
2,ex2-s5-e1-a1-p06,05e12ab545f0ff015d9f26705c28409427a259b581e229e4b278fd34b130e759,3,700,0
2,ex2-s5-e1-a1-p06,05e12ab545f0ff015d9f26705c28409427a259b581e229e4b278fd34b130e759,3,701,0
2,ex2-s5-e1-a1-p06,05e12ab545f0ff015d9f26705c28409427a259b581e229e4b278fd34b130e759,3,702,0
2,ex2-s5-e1-a1-p06,05e12ab545f0ff015d9f26705c28409427a259b581e229e4b278fd34b130e759,3,703,100
2,ex2-s5-e1-a1-p06,05e12ab545f0ff015d9f26705c28409427a259b581e229e4b278fd34b130e759,3,704,0
2,ex2-s5-e1-a1-p06,05e12ab545f0ff015d9f26705c28409427a259b581e229e4b278fd34b130e759,3,705,0
2,ex2-s5-e1-a1-p06,05e12ab545f0ff015d9f26705c28409427a259b581e229e4b278fd34b130e759,3,706,0
2,ex2-s5-e1-a1-p06,05e12ab545f0ff015d9f26705c28409427a259b581e229e4b278fd34b130e759,3,707,0
2,ex2-s5-e1-a1-p06,05e12ab545f0ff015d9f26705c28409427a259b581e229e4b278fd34b130e759,3,708,0
2,ex2-s5-e1-a1-p06,05e12ab545f0ff015d9f26705c28409427a259b581e229e4b278fd34b130e759,3,709,100
2,ex2-s5-e1-a1-p06,05e12ab545f0ff015d9f26705c28409427a259b581e229e4b278fd34b130e759,3,710,0
2,ex2-s5-e1-a1-p06,05e12ab545f0ff015d9f26705c28409427a259b581e229e4b278fd34b130e759,3,711,0
2,ex2-s5-e1-a1-p06,05e12ab545f0ff015d9f26705c28409427a259b581e229e4b278fd34b130e759,3,712,0
2,ex2-s5-e1-a1-p06,05e12ab545f0ff015d9f26705c28409427a259b581e229e4b278fd34b130e759,3,713,0
2,ex2-s5-e1-a1-p06,05e12ab545f0ff015d9f26705c28409427a259b581e229e4b278fd34b130e759,3,714,0
2,ex2-s5-e1-a1-p06,05e12ab545f0ff015d9f26705c28409427a259b581e229e4b278fd34b130e759,3,715,0
2,ex2-s5-e1-a1-p06,05e12ab545f0ff015d9f26705c28409427a259b581e229e4b278fd34b130e759,3,716,100
2,ex2-s5-e1-a1-p06,05e12ab545f0ff015d9f26705c28409427a259b581e229e4b278fd34b130e759,3,717,0
2,ex2-s5-e1-a1-p06,05e12ab545f0ff015d9f26705c28409427a259b581e229e4b278fd34b130e759,3,718,0
2,ex2-s5-e1-a1-p06,05e12ab545f0ff015d9f26705c28409427a259b581e229e4b278fd34b130e759,3,719,0
2,ex2-s5-e1-a1-p06,05e12ab545f0ff015d9f26705c28409427a259b581e229e4b278fd34b130e759,3,720,0
2,ex2-s5-e1-a1-p06,05e12ab545f0ff015d9f26705c28409427a259b581e229e4b278fd34b130e759,3,721,0
2,ex2-s5-e1-a1-p06,05e12ab545f0ff015d9f26705c28409427a259b581e229e4b278fd34b130e759,3,722,0
2,ex2-s5-e1-a1-p06,05e12ab545f0ff015d9f26705c28409427a259b581e229e4b278fd34b130e759,3,723,100
2,ex2-s5-e1-a1-p06,05e12ab545f0ff015d9f26705c28409427a259b581e229e4b278fd34b130e759,3,724,0
2,ex2-s5-e1-a1-p06,05e12ab545f0ff015d9f26705c28409427a259b581e229e4b278fd34b130e759,3,725,0
2,ex2-s5-e1-a1-p06,05e12ab545f0ff015d9f26705c28409427a259b581e229e4b278fd34b130e759,3,726,0
2,ex2-s5-e1-a1-p06,05e12ab545f0ff015d9f26705c28409427a259b581e229e4b278fd34b130e759,3,727,0
2,ex2-s5-e1-a1-p06,05e12ab545f0ff015d9f26705c28409427a259b581e229e4b278fd34b130e759,3,728,0
2,ex2-s5-e1-a1-p06,05e12ab545f0ff015d9f26705c28409427a259b581e229e4b278fd34b130e759,3,729,100
2,ex2-s5-e1-a1-p06,05e12ab545f0ff015d9f26705c28409427a259b581e229e4b278fd34b130e759,3,730,0
2,ex2-s5-e1-a1-p06,05e12ab545f0ff015d9f26705c28409427a259b581e229e4b278fd34b130e759,3,731,0
2,ex2-s5-e1-a1-p06,05e12ab545f0ff015d9f26705c28409427a259b581e229e4b278fd34b130e759,3,732,0
2,ex2-s5-e1-a1-p06,05e12ab545f0ff015d9f26705c28409427a259b581e229e4b278fd34b130e759,3,733,0
2,ex2-s5-e1-a1-p06,05e12ab545f0ff015d9f26705c28409427a259b581e229e4b278fd34b130e759,3,734,0
2,ex2-s5-e1-a1-p06,05e12ab545f0ff015d9f26705c28409427a259b581e229e4b278fd34b130e759,3,735,0
2,ex2-s5-e1-a1-p06,05e12ab545f0ff015d9f26705c28409427a259b581e229e4b278fd34b130e759,3,736,100
2,ex2-s5-e1-a1-p06,05e12ab545f0ff015d9f26705c28409427a259b581e229e4b278fd34b130e759,3,737,0
2,ex2-s5-e1-a1-p06,05e12ab545f0ff015d9f26705c28409427a259b581e229e4b278fd34b130e759,3,738,0
2,ex2-s5-e1-a1-p06,05e12ab545f0ff015d9f26705c28409427a259b581e229e4b278fd34b130e759,3,739,0
2,ex2-s5-e1-a1-p06,05e12ab545f0ff015d9f26705c28409427a259b581e229e4b278fd34b130e759,3,740,0
2,ex2-s5-e1-a1-p06,05e12ab545f0ff015d9f26705c28409427a259b581e229e4b278fd34b130e759,3,741,0
2,ex2-s5-e1-a1-p06,05e12ab545f0ff015d9f26705c28409427a259b581e229e4b278fd34b130e759,3,742,0
2,ex2-s5-e1-a1-p06,05e12ab545f0ff015d9f26705c28409427a259b581e229e4b278fd34b130e759,3,743,100
2,ex2-s5-e1-a1-p06,05e12ab545f0ff015d9f26705c28409427a259b581e229e4b278fd34b130e759,3,744,0
2,ex2-s5-e1-a1-p06,05e12ab545f0ff015d9f26705c28409427a259b581e229e4b278fd34b130e759,3,745,0
2,ex2-s5-e1-a1-p06,05e12ab545f0ff015d9f26705c28409427a259b581e229e4b278fd34b130e759,3,746,0
2,ex2-s5-e1-a1-p06,05e12ab545f0ff015d9f26705c28409427a259b581e229e4b278fd34b130e759,3,747,0
2,ex2-s5-e1-a1-p06,05e12ab545f0ff015d9f26705c28409427a259b581e229e4b278fd34b130e759,3,748,0
2,ex2-s5-e1-a1-p06,05e12ab545f0ff015d9f26705c28409427a259b581e229e4b278fd34b130e759,3,749,100
2,ex2-s5-e1-a1-p06,05e12ab545f0ff015d9f26705c28409427a259b581e229e4b278fd34b130e759,3,750,0
2,ex2-s5-e1-a1-p06,05e12ab545f0ff015d9f26705c28409427a259b581e229e4b278fd34b130e759,3,751,0
2,ex2-s5-e1-a1-p06,05e12ab545f0ff015d9f26705c28409427a259b581e229e4b278fd34b130e759,3,752,0
2,ex2-s5-e1-a1-p06,05e12ab545f0ff015d9f26705c28409427a259b581e229e4b278fd34b130e759,3,753,0
2,ex2-s5-e1-a1-p06,05e12ab545f0ff015d9f26705c28409427a259b581e229e4b278fd34b130e759,3,754,0
2,ex2-s5-e1-a1-p06,05e12ab545f0ff015d9f26705c28409427a259b581e229e4b278fd34b130e759,3,755,0
2,ex2-s5-e1-a1-p06,05e12ab545f0ff015d9f26705c28409427a259b581e229e4b278fd34b130e759,3,756,100
2,ex2-s5-e1-a1-p06,05e12ab545f0ff015d9f26705c28409427a259b581e229e4b278fd34b130e759,3,757,0
2,ex2-s5-e1-a1-p06,05e12ab545f0ff015d9f26705c28409427a259b581e229e4b278fd34b130e759,3,758,0
2,ex2-s5-e1-a1-p06,05e12ab545f0ff015d9f26705c28409427a259b581e229e4b278fd34b130e759,3,759,0
2,ex2-s5-e1-a1-p06,05e12ab545f0ff015d9f26705c28409427a259b581e229e4b278fd34b130e759,3,760,0
2,ex2-s5-e1-a1-p06,05e12ab545f0ff015d9f26705c28409427a259b581e229e4b278fd34b130e759,3,761,0
2,ex2-s5-e1-a1-p06,05e12ab545f0ff015d9f26705c28409427a259b581e229e4b278fd34b130e759,3,762,100
2,ex2-s5-e1-a1-p06,05e12ab545f0ff015d9f26705c28409427a259b581e229e4b278fd34b130e759,3,763,0
2,ex2-s5-e1-a1-p06,05e12ab545f0ff015d9f26705c28409427a259b581e229e4b278fd34b130e759,3,764,0
2,ex2-s5-e1-a1-p06,05e12ab545f0ff015d9f26705c28409427a259b581e229e4b278fd34b130e759,3,765,0
2,ex2-s5-e1-a1-p06,05e12ab545f0ff015d9f26705c28409427a259b581e229e4b278fd34b130e759,3,766,0
2,ex2-s5-e1-a1-p06,05e12ab545f0ff015d9f26705c28409427a259b581e229e4b278fd34b130e759,3,767,0
2,ex2-s5-e1-a1-p06,05e12ab545f0ff015d9f26705c28409427a259b581e229e4b278fd34b130e759,3,768,0
2,ex2-s5-e1-a1-p06,05e12ab545f0ff015d9f26705c28409427a259b581e229e4b278fd34b130e759,3,769,100
2,ex2-s5-e1-a1-p06,05e12ab545f0ff015d9f26705c28409427a259b581e229e4b278fd34b130e759,3,770,0
2,ex2-s5-e1-a1-p06,05e12ab545f0ff015d9f26705c28409427a259b581e229e4b278fd34b130e759,3,771,0
2,ex2-s5-e1-a1-p06,05e12ab545f0ff015d9f26705c28409427a259b581e229e4b278fd34b130e759,3,772,0
2,ex2-s5-e1-a1-p06,05e12ab545f0ff015d9f26705c28409427a259b581e229e4b278fd34b130e759,3,773,0
2,ex2-s5-e1-a1-p06,05e12ab545f0ff015d9f26705c28409427a259b581e229e4b278fd34b130e759,3,774,0
2,ex2-s5-e1-a1-p06,05e12ab545f0ff015d9f26705c28409427a259b581e229e4b278fd34b130e759,3,775,0
2,ex2-s5-e1-a1-p06,05e12ab545f0ff015d9f26705c28409427a259b581e229e4b278fd34b130e759,3,776,100
2,ex2-s5-e1-a1-p06,05e12ab545f0ff015d9f26705c28409427a259b581e229e4b278fd34b130e759,3,777,0
2,ex2-s5-e1-a1-p06,05e12ab545f0ff015d9f26705c28409427a259b581e229e4b278fd34b130e759,3,778,0
2,ex2-s5-e1-a1-p06,05e12ab545f0ff015d9f26705c28409427a259b581e229e4b278fd34b130e759,3,779,0
2,ex2-s5-e1-a1-p06,05e12ab545f0ff015d9f26705c28409427a259b581e229e4b278fd34b130e759,3,780,0
2,ex2-s5-e1-a1-p06,05e12ab545f0ff015d9f26705c28409427a259b581e229e4b278fd34b130e759,3,781,0
2,ex2-s5-e1-a1-p06,05e12ab545f0ff015d9f26705c28409427a259b581e229e4b278fd34b130e759,3,782,100
2,ex2-s5-e1-a1-p06,05e12ab545f0ff015d9f26705c28409427a259b581e229e4b278fd34b130e759,3,783,0
2,ex2-s5-e1-a1-p06,05e12ab545f0ff015d9f26705c28409427a259b581e229e4b278fd34b130e759,3,784,0
2,ex2-s5-e1-a1-p06,05e12ab545f0ff015d9f26705c28409427a259b581e229e4b278fd34b130e759,3,785,0
2,ex2-s5-e1-a1-p06,05e12ab545f0ff015d9f26705c28409427a259b581e229e4b278fd34b130e759,3,786,0
2,ex2-s5-e1-a1-p06,05e12ab545f0ff015d9f26705c28409427a259b581e229e4b278fd34b130e759,3,787,0
2,ex2-s5-e1-a1-p06,05e12ab545f0ff015d9f26705c28409427a259b581e229e4b278fd34b130e759,3,788,0
2,ex2-s5-e1-a1-p06,05e12ab545f0ff015d9f26705c28409427a259b581e229e4b278fd34b130e759,3,789,100
2,ex2-s5-e1-a1-p06,05e12ab545f0ff015d9f26705c28409427a259b581e229e4b278fd34b130e759,3,790,0
2,ex2-s5-e1-a1-p06,05e12ab545f0ff015d9f26705c28409427a259b581e229e4b278fd34b130e759,3,791,0
2,ex2-s5-e1-a1-p06,05e12ab545f0ff015d9f26705c28409427a259b581e229e4b278fd34b130e759,3,792,0
2,ex2-s5-e1-a1-p06,05e12ab545f0ff015d9f26705c28409427a259b581e229e4b278fd34b130e759,3,793,0
2,ex2-s5-e1-a1-p06,05e12ab545f0ff015d9f26705c28409427a259b581e229e4b278fd34b130e759,3,794,0
2,ex2-s5-e1-a1-p06,05e12ab545f0ff015d9f26705c28409427a259b581e229e4b278fd34b130e759,3,795,0
2,ex2-s5-e1-a1-p06,05e12ab545f0ff015d9f26705c28409427a259b581e229e4b278fd34b130e759,3,796,100
2,ex2-s5-e1-a1-p06,05e12ab545f0ff015d9f26705c28409427a259b581e229e4b278fd34b130e759,3,797,0
2,ex2-s5-e1-a1-p06,05e12ab545f0ff015d9f26705c28409427a259b581e229e4b278fd34b130e759,3,798,0
2,ex2-s5-e1-a1-p06,05e12ab545f0ff015d9f26705c28409427a259b581e229e4b278fd34b130e759,3,799,0
2,ex2-s5-e1-a1-p06,05e12ab545f0ff015d9f26705c28409427a259b581e229e4b278fd34b130e759,3,800,0
2,ex2-s5-e1-a1-p06,05e12ab545f0ff015d9f26705c28409427a259b581e229e4b278fd34b130e759,3,801,0
2,ex2-s5-e1-a1-p06,05e12ab545f0ff015d9f26705c28409427a259b581e229e4b278fd34b130e759,3,802,100
2,ex2-s5-e1-a1-p06,05e12ab545f0ff015d9f26705c28409427a259b581e229e4b278fd34b130e759,3,803,0
2,ex2-s5-e1-a1-p06,05e12ab545f0ff015d9f26705c28409427a259b581e229e4b278fd34b130e759,3,804,0
2,ex2-s5-e1-a1-p06,05e12ab545f0ff015d9f26705c28409427a259b581e229e4b278fd34b130e759,3,805,0
2,ex2-s5-e1-a1-p06,05e12ab545f0ff015d9f26705c28409427a259b581e229e4b278fd34b130e759,3,806,0
2,ex2-s5-e1-a1-p06,05e12ab545f0ff015d9f26705c28409427a259b581e229e4b278fd34b130e759,3,807,0
2,ex2-s5-e1-a1-p06,05e12ab545f0ff015d9f26705c28409427a259b581e229e4b278fd34b130e759,3,808,0
2,ex2-s5-e1-a1-p06,05e12ab545f0ff015d9f26705c28409427a259b581e229e4b278fd34b130e759,3,809,100
2,ex2-s5-e1-a1-p06,05e12ab545f0ff015d9f26705c28409427a259b581e229e4b278fd34b130e759,3,810,0
2,ex2-s5-e1-a1-p06,05e12ab545f0ff015d9f26705c28409427a259b581e229e4b278fd34b130e759,3,811,0
2,ex2-s5-e1-a1-p06,05e12ab545f0ff015d9f26705c28409427a259b581e229e4b278fd34b130e759,3,812,0
2,ex2-s5-e1-a1-p06,05e12ab545f0ff015d9f26705c28409427a259b581e229e4b278fd34b130e759,3,813,0
2,ex2-s5-e1-a1-p06,05e12ab545f0ff015d9f26705c28409427a259b581e229e4b278fd34b130e759,3,814,0
2,ex2-s5-e1-a1-p06,05e12ab545f0ff015d9f26705c28409427a259b581e229e4b278fd34b130e759,3,815,0
2,ex2-s5-e1-a1-p06,05e12ab545f0ff015d9f26705c28409427a259b581e229e4b278fd34b130e759,3,816,100
2,ex2-s5-e1-a1-p06,05e12ab545f0ff015d9f26705c28409427a259b581e229e4b278fd34b130e759,3,817,0
2,ex2-s5-e1-a1-p06,05e12ab545f0ff015d9f26705c28409427a259b581e229e4b278fd34b130e759,3,818,0
2,ex2-s5-e1-a1-p06,05e12ab545f0ff015d9f26705c28409427a259b581e229e4b278fd34b130e759,3,819,0
2,ex2-s5-e1-a1-p06,05e12ab545f0ff015d9f26705c28409427a259b581e229e4b278fd34b130e759,3,820,0
2,ex2-s5-e1-a1-p06,05e12ab545f0ff015d9f26705c28409427a259b581e229e4b278fd34b130e759,3,821,0
2,ex2-s5-e1-a1-p06,05e12ab545f0ff015d9f26705c28409427a259b581e229e4b278fd34b130e759,3,822,100
2,ex2-s5-e1-a1-p06,05e12ab545f0ff015d9f26705c28409427a259b581e229e4b278fd34b130e759,3,823,0
2,ex2-s5-e1-a1-p06,05e12ab545f0ff015d9f26705c28409427a259b581e229e4b278fd34b130e759,3,824,0
2,ex2-s5-e1-a1-p06,05e12ab545f0ff015d9f26705c28409427a259b581e229e4b278fd34b130e759,3,825,0
2,ex2-s5-e1-a1-p06,05e12ab545f0ff015d9f26705c28409427a259b581e229e4b278fd34b130e759,3,826,0
2,ex2-s5-e1-a1-p06,05e12ab545f0ff015d9f26705c28409427a259b581e229e4b278fd34b130e759,3,827,0
2,ex2-s5-e1-a1-p06,05e12ab545f0ff015d9f26705c28409427a259b581e229e4b278fd34b130e759,3,828,0
2,ex2-s5-e1-a1-p06,05e12ab545f0ff015d9f26705c28409427a259b581e229e4b278fd34b130e759,3,829,100
2,ex2-s5-e1-a1-p06,05e12ab545f0ff015d9f26705c28409427a259b581e229e4b278fd34b130e759,3,830,0
2,ex2-s5-e1-a1-p06,05e12ab545f0ff015d9f26705c28409427a259b581e229e4b278fd34b130e759,3,831,0
2,ex2-s5-e1-a1-p06,05e12ab545f0ff015d9f26705c28409427a259b581e229e4b278fd34b130e759,3,832,0
2,ex2-s5-e1-a1-p06,05e12ab545f0ff015d9f26705c28409427a259b581e229e4b278fd34b130e759,3,833,0
2,ex2-s5-e1-a1-p06,05e12ab545f0ff015d9f26705c28409427a259b581e229e4b278fd34b130e759,3,834,0
2,ex2-s5-e1-a1-p06,05e12ab545f0ff015d9f26705c28409427a259b581e229e4b278fd34b130e759,3,835,100
2,ex2-s5-e1-a1-p06,05e12ab545f0ff015d9f26705c28409427a259b581e229e4b278fd34b130e759,3,836,0
2,ex2-s5-e1-a1-p06,05e12ab545f0ff015d9f26705c28409427a259b581e229e4b278fd34b130e759,3,837,0
2,ex2-s5-e1-a1-p06,05e12ab545f0ff015d9f26705c28409427a259b581e229e4b278fd34b130e759,3,838,0
2,ex2-s5-e1-a1-p06,05e12ab545f0ff015d9f26705c28409427a259b581e229e4b278fd34b130e759,3,839,0
2,ex2-s5-e1-a1-p06,05e12ab545f0ff015d9f26705c28409427a259b581e229e4b278fd34b130e759,3,840,0
2,ex2-s5-e1-a1-p06,05e12ab545f0ff015d9f26705c28409427a259b581e229e4b278fd34b130e759,3,841,0
2,ex2-s5-e1-a1-p06,05e12ab545f0ff015d9f26705c28409427a259b581e229e4b278fd34b130e759,3,842,100
2,ex2-s5-e1-a1-p06,05e12ab545f0ff015d9f26705c28409427a259b581e229e4b278fd34b130e759,3,843,0
2,ex2-s5-e1-a1-p06,05e12ab545f0ff015d9f26705c28409427a259b581e229e4b278fd34b130e759,3,844,0
2,ex2-s5-e1-a1-p06,05e12ab545f0ff015d9f26705c28409427a259b581e229e4b278fd34b130e759,3,845,0
2,ex2-s5-e1-a1-p06,05e12ab545f0ff015d9f26705c28409427a259b581e229e4b278fd34b130e759,3,846,0
2,ex2-s5-e1-a1-p06,05e12ab545f0ff015d9f26705c28409427a259b581e229e4b278fd34b130e759,3,847,0
2,ex2-s5-e1-a1-p06,05e12ab545f0ff015d9f26705c28409427a259b581e229e4b278fd34b130e759,3,848,0
2,ex2-s5-e1-a1-p06,05e12ab545f0ff015d9f26705c28409427a259b581e229e4b278fd34b130e759,3,849,100
2,ex2-s5-e1-a1-p06,05e12ab545f0ff015d9f26705c28409427a259b581e229e4b278fd34b130e759,3,850,0
2,ex2-s5-e1-a1-p06,05e12ab545f0ff015d9f26705c28409427a259b581e229e4b278fd34b130e759,3,851,0
2,ex2-s5-e1-a1-p06,05e12ab545f0ff015d9f26705c28409427a259b581e229e4b278fd34b130e759,3,852,0
2,ex2-s5-e1-a1-p06,05e12ab545f0ff015d9f26705c28409427a259b581e229e4b278fd34b130e759,3,853,0
2,ex2-s5-e1-a1-p06,05e12ab545f0ff015d9f26705c28409427a259b581e229e4b278fd34b130e759,3,854,0
2,ex2-s5-e1-a1-p06,05e12ab545f0ff015d9f26705c28409427a259b581e229e4b278fd34b130e759,3,855,100
2,ex2-s5-e1-a1-p06,05e12ab545f0ff015d9f26705c28409427a259b581e229e4b278fd34b130e759,3,856,0
2,ex2-s5-e1-a1-p06,05e12ab545f0ff015d9f26705c28409427a259b581e229e4b278fd34b130e759,3,857,0
2,ex2-s5-e1-a1-p06,05e12ab545f0ff015d9f26705c28409427a259b581e229e4b278fd34b130e759,3,858,0
2,ex2-s5-e1-a1-p06,05e12ab545f0ff015d9f26705c28409427a259b581e229e4b278fd34b130e759,3,859,0
2,ex2-s5-e1-a1-p06,05e12ab545f0ff015d9f26705c28409427a259b581e229e4b278fd34b130e759,3,860,0
2,ex2-s5-e1-a1-p06,05e12ab545f0ff015d9f26705c28409427a259b581e229e4b278fd34b130e759,3,861,0
2,ex2-s5-e1-a1-p06,05e12ab545f0ff015d9f26705c28409427a259b581e229e4b278fd34b130e759,3,862,100
2,ex2-s5-e1-a1-p06,05e12ab545f0ff015d9f26705c28409427a259b581e229e4b278fd34b130e759,3,863,0
2,ex2-s5-e1-a1-p06,05e12ab545f0ff015d9f26705c28409427a259b581e229e4b278fd34b130e759,3,864,0
2,ex2-s5-e1-a1-p06,05e12ab545f0ff015d9f26705c28409427a259b581e229e4b278fd34b130e759,3,865,0
2,ex2-s5-e1-a1-p06,05e12ab545f0ff015d9f26705c28409427a259b581e229e4b278fd34b130e759,3,866,0
2,ex2-s5-e1-a1-p06,05e12ab545f0ff015d9f26705c28409427a259b581e229e4b278fd34b130e759,3,867,0
2,ex2-s5-e1-a1-p06,05e12ab545f0ff015d9f26705c28409427a259b581e229e4b278fd34b130e759,3,868,0
2,ex2-s5-e1-a1-p06,05e12ab545f0ff015d9f26705c28409427a259b581e229e4b278fd34b130e759,3,869,100
2,ex2-s5-e1-a1-p06,05e12ab545f0ff015d9f26705c28409427a259b581e229e4b278fd34b130e759,3,870,0
2,ex2-s5-e1-a1-p06,05e12ab545f0ff015d9f26705c28409427a259b581e229e4b278fd34b130e759,3,871,0
2,ex2-s5-e1-a1-p06,05e12ab545f0ff015d9f26705c28409427a259b581e229e4b278fd34b130e759,3,872,0
2,ex2-s5-e1-a1-p06,05e12ab545f0ff015d9f26705c28409427a259b581e229e4b278fd34b130e759,3,873,0
2,ex2-s5-e1-a1-p06,05e12ab545f0ff015d9f26705c28409427a259b581e229e4b278fd34b130e759,3,874,0
2,ex2-s5-e1-a1-p06,05e12ab545f0ff015d9f26705c28409427a259b581e229e4b278fd34b130e759,3,875,100
2,ex2-s5-e1-a1-p06,05e12ab545f0ff015d9f26705c28409427a259b581e229e4b278fd34b130e759,3,876,0
2,ex2-s5-e1-a1-p06,05e12ab545f0ff015d9f26705c28409427a259b581e229e4b278fd34b130e759,3,877,0
2,ex2-s5-e1-a1-p06,05e12ab545f0ff015d9f26705c28409427a259b581e229e4b278fd34b130e759,3,878,0
2,ex2-s5-e1-a1-p06,05e12ab545f0ff015d9f26705c28409427a259b581e229e4b278fd34b130e759,3,879,0
2,ex2-s5-e1-a1-p06,05e12ab545f0ff015d9f26705c28409427a259b581e229e4b278fd34b130e759,3,880,0
2,ex2-s5-e1-a1-p06,05e12ab545f0ff015d9f26705c28409427a259b581e229e4b278fd34b130e759,3,881,0
2,ex2-s5-e1-a1-p06,05e12ab545f0ff015d9f26705c28409427a259b581e229e4b278fd34b130e759,3,882,100
2,ex2-s5-e1-a1-p06,05e12ab545f0ff015d9f26705c28409427a259b581e229e4b278fd34b130e759,3,883,0
2,ex2-s5-e1-a1-p06,05e12ab545f0ff015d9f26705c28409427a259b581e229e4b278fd34b130e759,3,884,0
2,ex2-s5-e1-a1-p06,05e12ab545f0ff015d9f26705c28409427a259b581e229e4b278fd34b130e759,3,885,0
2,ex2-s5-e1-a1-p06,05e12ab545f0ff015d9f26705c28409427a259b581e229e4b278fd34b130e759,3,886,0
2,ex2-s5-e1-a1-p06,05e12ab545f0ff015d9f26705c28409427a259b581e229e4b278fd34b130e759,3,887,0
2,ex2-s5-e1-a1-p06,05e12ab545f0ff015d9f26705c28409427a259b581e229e4b278fd34b130e759,3,888,0
2,ex2-s5-e1-a1-p06,05e12ab545f0ff015d9f26705c28409427a259b581e229e4b278fd34b130e759,3,889,100
2,ex2-s5-e1-a1-p06,05e12ab545f0ff015d9f26705c28409427a259b581e229e4b278fd34b130e759,3,890,0
2,ex2-s5-e1-a1-p06,05e12ab545f0ff015d9f26705c28409427a259b581e229e4b278fd34b130e759,3,891,0
2,ex2-s5-e1-a1-p06,05e12ab545f0ff015d9f26705c28409427a259b581e229e4b278fd34b130e759,3,892,0
2,ex2-s5-e1-a1-p06,05e12ab545f0ff015d9f26705c28409427a259b581e229e4b278fd34b130e759,3,893,0
2,ex2-s5-e1-a1-p06,05e12ab545f0ff015d9f26705c28409427a259b581e229e4b278fd34b130e759,3,894,0
2,ex2-s5-e1-a1-p06,05e12ab545f0ff015d9f26705c28409427a259b581e229e4b278fd34b130e759,3,895,100
2,ex2-s5-e1-a1-p06,05e12ab545f0ff015d9f26705c28409427a259b581e229e4b278fd34b130e759,3,896,0
2,ex2-s5-e1-a1-p06,05e12ab545f0ff015d9f26705c28409427a259b581e229e4b278fd34b130e759,3,897,0
2,ex2-s5-e1-a1-p06,05e12ab545f0ff015d9f26705c28409427a259b581e229e4b278fd34b130e759,3,898,0
2,ex2-s5-e1-a1-p06,05e12ab545f0ff015d9f26705c28409427a259b581e229e4b278fd34b130e759,3,899,0
2,ex2-s5-e1-a1-p06,05e12ab545f0ff015d9f26705c28409427a259b581e229e4b278fd34b130e759,3,900,0
2,ex2-s5-e1-a1-p06,05e12ab545f0ff015d9f26705c28409427a259b581e229e4b278fd34b130e759,3,901,0
2,ex2-s5-e1-a1-p06,05e12ab545f0ff015d9f26705c28409427a259b581e229e4b278fd34b130e759,3,902,100
2,ex2-s5-e1-a1-p06,05e12ab545f0ff015d9f26705c28409427a259b581e229e4b278fd34b130e759,3,903,0
2,ex2-s5-e1-a1-p06,05e12ab545f0ff015d9f26705c28409427a259b581e229e4b278fd34b130e759,3,904,0
2,ex2-s5-e1-a1-p06,05e12ab545f0ff015d9f26705c28409427a259b581e229e4b278fd34b130e759,3,905,0
2,ex2-s5-e1-a1-p06,05e12ab545f0ff015d9f26705c28409427a259b581e229e4b278fd34b130e759,3,906,0
2,ex2-s5-e1-a1-p06,05e12ab545f0ff015d9f26705c28409427a259b581e229e4b278fd34b130e759,3,907,0
2,ex2-s5-e1-a1-p06,05e12ab545f0ff015d9f26705c28409427a259b581e229e4b278fd34b130e759,3,908,0
2,ex2-s5-e1-a1-p06,05e12ab545f0ff015d9f26705c28409427a259b581e229e4b278fd34b130e759,3,909,100
2,ex2-s5-e1-a1-p06,05e12ab545f0ff015d9f26705c28409427a259b581e229e4b278fd34b130e759,3,910,0
2,ex2-s5-e1-a1-p06,05e12ab545f0ff015d9f26705c28409427a259b581e229e4b278fd34b130e759,3,911,0
2,ex2-s5-e1-a1-p06,05e12ab545f0ff015d9f26705c28409427a259b581e229e4b278fd34b130e759,3,912,0
2,ex2-s5-e1-a1-p06,05e12ab545f0ff015d9f26705c28409427a259b581e229e4b278fd34b130e759,3,913,0
2,ex2-s5-e1-a1-p06,05e12ab545f0ff015d9f26705c28409427a259b581e229e4b278fd34b130e759,3,914,0
2,ex2-s5-e1-a1-p06,05e12ab545f0ff015d9f26705c28409427a259b581e229e4b278fd34b130e759,3,915,100
2,ex2-s5-e1-a1-p06,05e12ab545f0ff015d9f26705c28409427a259b581e229e4b278fd34b130e759,3,916,0
2,ex2-s5-e1-a1-p06,05e12ab545f0ff015d9f26705c28409427a259b581e229e4b278fd34b130e759,3,917,0
2,ex2-s5-e1-a1-p06,05e12ab545f0ff015d9f26705c28409427a259b581e229e4b278fd34b130e759,3,918,0
2,ex2-s5-e1-a1-p06,05e12ab545f0ff015d9f26705c28409427a259b581e229e4b278fd34b130e759,3,919,0
2,ex2-s5-e1-a1-p06,05e12ab545f0ff015d9f26705c28409427a259b581e229e4b278fd34b130e759,3,920,0
2,ex2-s5-e1-a1-p06,05e12ab545f0ff015d9f26705c28409427a259b581e229e4b278fd34b130e759,3,921,0
2,ex2-s5-e1-a1-p06,05e12ab545f0ff015d9f26705c28409427a259b581e229e4b278fd34b130e759,3,922,100
2,ex2-s5-e1-a1-p06,05e12ab545f0ff015d9f26705c28409427a259b581e229e4b278fd34b130e759,3,923,0
2,ex2-s5-e1-a1-p06,05e12ab545f0ff015d9f26705c28409427a259b581e229e4b278fd34b130e759,3,924,0
2,ex2-s5-e1-a1-p06,05e12ab545f0ff015d9f26705c28409427a259b581e229e4b278fd34b130e759,3,925,0
2,ex2-s5-e1-a1-p06,05e12ab545f0ff015d9f26705c28409427a259b581e229e4b278fd34b130e759,3,926,0
2,ex2-s5-e1-a1-p06,05e12ab545f0ff015d9f26705c28409427a259b581e229e4b278fd34b130e759,3,927,0
2,ex2-s5-e1-a1-p06,05e12ab545f0ff015d9f26705c28409427a259b581e229e4b278fd34b130e759,3,928,100
2,ex2-s5-e1-a1-p06,05e12ab545f0ff015d9f26705c28409427a259b581e229e4b278fd34b130e759,3,929,0
2,ex2-s5-e1-a1-p06,05e12ab545f0ff015d9f26705c28409427a259b581e229e4b278fd34b130e759,3,930,0
2,ex2-s5-e1-a1-p06,05e12ab545f0ff015d9f26705c28409427a259b581e229e4b278fd34b130e759,3,931,0
2,ex2-s5-e1-a1-p06,05e12ab545f0ff015d9f26705c28409427a259b581e229e4b278fd34b130e759,3,932,0
2,ex2-s5-e1-a1-p06,05e12ab545f0ff015d9f26705c28409427a259b581e229e4b278fd34b130e759,3,933,0
2,ex2-s5-e1-a1-p06,05e12ab545f0ff015d9f26705c28409427a259b581e229e4b278fd34b130e759,3,934,0
2,ex2-s5-e1-a1-p06,05e12ab545f0ff015d9f26705c28409427a259b581e229e4b278fd34b130e759,3,935,100
2,ex2-s5-e1-a1-p06,05e12ab545f0ff015d9f26705c28409427a259b581e229e4b278fd34b130e759,3,936,0
2,ex2-s5-e1-a1-p06,05e12ab545f0ff015d9f26705c28409427a259b581e229e4b278fd34b130e759,3,937,0
2,ex2-s5-e1-a1-p06,05e12ab545f0ff015d9f26705c28409427a259b581e229e4b278fd34b130e759,3,938,0
2,ex2-s5-e1-a1-p06,05e12ab545f0ff015d9f26705c28409427a259b581e229e4b278fd34b130e759,3,939,0
2,ex2-s5-e1-a1-p06,05e12ab545f0ff015d9f26705c28409427a259b581e229e4b278fd34b130e759,3,940,0
2,ex2-s5-e1-a1-p06,05e12ab545f0ff015d9f26705c28409427a259b581e229e4b278fd34b130e759,3,941,100
2,ex2-s5-e1-a1-p06,05e12ab545f0ff015d9f26705c28409427a259b581e229e4b278fd34b130e759,3,942,0
2,ex2-s5-e1-a1-p06,05e12ab545f0ff015d9f26705c28409427a259b581e229e4b278fd34b130e759,3,943,0
2,ex2-s5-e1-a1-p06,05e12ab545f0ff015d9f26705c28409427a259b581e229e4b278fd34b130e759,3,944,0
2,ex2-s5-e1-a1-p06,05e12ab545f0ff015d9f26705c28409427a259b581e229e4b278fd34b130e759,3,945,0
2,ex2-s5-e1-a1-p06,05e12ab545f0ff015d9f26705c28409427a259b581e229e4b278fd34b130e759,3,946,0
2,ex2-s5-e1-a1-p06,05e12ab545f0ff015d9f26705c28409427a259b581e229e4b278fd34b130e759,3,947,0
2,ex2-s5-e1-a1-p06,05e12ab545f0ff015d9f26705c28409427a259b581e229e4b278fd34b130e759,3,948,100
2,ex2-s5-e1-a1-p06,05e12ab545f0ff015d9f26705c28409427a259b581e229e4b278fd34b130e759,3,949,0
2,ex2-s5-e1-a1-p06,05e12ab545f0ff015d9f26705c28409427a259b581e229e4b278fd34b130e759,3,950,0
2,ex2-s5-e1-a1-p06,05e12ab545f0ff015d9f26705c28409427a259b581e229e4b278fd34b130e759,3,951,0
2,ex2-s5-e1-a1-p06,05e12ab545f0ff015d9f26705c28409427a259b581e229e4b278fd34b130e759,3,952,0
2,ex2-s5-e1-a1-p06,05e12ab545f0ff015d9f26705c28409427a259b581e229e4b278fd34b130e759,3,953,0
2,ex2-s5-e1-a1-p06,05e12ab545f0ff015d9f26705c28409427a259b581e229e4b278fd34b130e759,3,954,0
2,ex2-s5-e1-a1-p06,05e12ab545f0ff015d9f26705c28409427a259b581e229e4b278fd34b130e759,3,955,100
2,ex2-s5-e1-a1-p06,05e12ab545f0ff015d9f26705c28409427a259b581e229e4b278fd34b130e759,3,956,0
2,ex2-s5-e1-a1-p06,05e12ab545f0ff015d9f26705c28409427a259b581e229e4b278fd34b130e759,3,957,0
2,ex2-s5-e1-a1-p06,05e12ab545f0ff015d9f26705c28409427a259b581e229e4b278fd34b130e759,3,958,0
2,ex2-s5-e1-a1-p06,05e12ab545f0ff015d9f26705c28409427a259b581e229e4b278fd34b130e759,3,959,0
2,ex2-s5-e1-a1-p06,05e12ab545f0ff015d9f26705c28409427a259b581e229e4b278fd34b130e759,3,960,0
2,ex2-s5-e1-a1-p06,05e12ab545f0ff015d9f26705c28409427a259b581e229e4b278fd34b130e759,3,961,100
2,ex2-s5-e1-a1-p06,05e12ab545f0ff015d9f26705c28409427a259b581e229e4b278fd34b130e759,3,962,0
2,ex2-s5-e1-a1-p06,05e12ab545f0ff015d9f26705c28409427a259b581e229e4b278fd34b130e759,3,963,0
2,ex2-s5-e1-a1-p06,05e12ab545f0ff015d9f26705c28409427a259b581e229e4b278fd34b130e759,3,964,0
2,ex2-s5-e1-a1-p06,05e12ab545f0ff015d9f26705c28409427a259b581e229e4b278fd34b130e759,3,965,0
2,ex2-s5-e1-a1-p06,05e12ab545f0ff015d9f26705c28409427a259b581e229e4b278fd34b130e759,3,966,0
2,ex2-s5-e1-a1-p06,05e12ab545f0ff015d9f26705c28409427a259b581e229e4b278fd34b130e759,3,967,0
2,ex2-s5-e1-a1-p06,05e12ab545f0ff015d9f26705c28409427a259b581e229e4b278fd34b130e759,3,968,100
2,ex2-s5-e1-a1-p06,05e12ab545f0ff015d9f26705c28409427a259b581e229e4b278fd34b130e759,3,969,0
2,ex2-s5-e1-a1-p06,05e12ab545f0ff015d9f26705c28409427a259b581e229e4b278fd34b130e759,3,970,0
2,ex2-s5-e1-a1-p06,05e12ab545f0ff015d9f26705c28409427a259b581e229e4b278fd34b130e759,3,971,0
2,ex2-s5-e1-a1-p06,05e12ab545f0ff015d9f26705c28409427a259b581e229e4b278fd34b130e759,3,972,0
2,ex2-s5-e1-a1-p06,05e12ab545f0ff015d9f26705c28409427a259b581e229e4b278fd34b130e759,3,973,0
2,ex2-s5-e1-a1-p06,05e12ab545f0ff015d9f26705c28409427a259b581e229e4b278fd34b130e759,3,974,0
2,ex2-s5-e1-a1-p06,05e12ab545f0ff015d9f26705c28409427a259b581e229e4b278fd34b130e759,3,975,100
2,ex2-s5-e1-a1-p06,05e12ab545f0ff015d9f26705c28409427a259b581e229e4b278fd34b130e759,3,976,0
2,ex2-s5-e1-a1-p06,05e12ab545f0ff015d9f26705c28409427a259b581e229e4b278fd34b130e759,3,977,0
2,ex2-s5-e1-a1-p06,05e12ab545f0ff015d9f26705c28409427a259b581e229e4b278fd34b130e759,3,978,0
2,ex2-s5-e1-a1-p06,05e12ab545f0ff015d9f26705c28409427a259b581e229e4b278fd34b130e759,3,979,0
2,ex2-s5-e1-a1-p06,05e12ab545f0ff015d9f26705c28409427a259b581e229e4b278fd34b130e759,3,980,0
2,ex2-s5-e1-a1-p06,05e12ab545f0ff015d9f26705c28409427a259b581e229e4b278fd34b130e759,3,981,100
2,ex2-s5-e1-a1-p06,05e12ab545f0ff015d9f26705c28409427a259b581e229e4b278fd34b130e759,3,982,0
2,ex2-s5-e1-a1-p06,05e12ab545f0ff015d9f26705c28409427a259b581e229e4b278fd34b130e759,3,983,0
2,ex2-s5-e1-a1-p06,05e12ab545f0ff015d9f26705c28409427a259b581e229e4b278fd34b130e759,3,984,0
2,ex2-s5-e1-a1-p06,05e12ab545f0ff015d9f26705c28409427a259b581e229e4b278fd34b130e759,3,985,0
2,ex2-s5-e1-a1-p06,05e12ab545f0ff015d9f26705c28409427a259b581e229e4b278fd34b130e759,3,986,0
2,ex2-s5-e1-a1-p06,05e12ab545f0ff015d9f26705c28409427a259b581e229e4b278fd34b130e759,3,987,0
2,ex2-s5-e1-a1-p06,05e12ab545f0ff015d9f26705c28409427a259b581e229e4b278fd34b130e759,3,988,100
2,ex2-s5-e1-a1-p06,05e12ab545f0ff015d9f26705c28409427a259b581e229e4b278fd34b130e759,3,989,0
2,ex2-s5-e1-a1-p06,05e12ab545f0ff015d9f26705c28409427a259b581e229e4b278fd34b130e759,3,990,0
2,ex2-s5-e1-a1-p06,05e12ab545f0ff015d9f26705c28409427a259b581e229e4b278fd34b130e759,3,991,0
2,ex2-s5-e1-a1-p06,05e12ab545f0ff015d9f26705c28409427a259b581e229e4b278fd34b130e759,3,992,0
2,ex2-s5-e1-a1-p06,05e12ab545f0ff015d9f26705c28409427a259b581e229e4b278fd34b130e759,3,993,0
2,ex2-s5-e1-a1-p06,05e12ab545f0ff015d9f26705c28409427a259b581e229e4b278fd34b130e759,3,994,100
2,ex2-s5-e1-a1-p06,05e12ab545f0ff015d9f26705c28409427a259b581e229e4b278fd34b130e759,3,995,0
2,ex2-s5-e1-a1-p06,05e12ab545f0ff015d9f26705c28409427a259b581e229e4b278fd34b130e759,3,996,0
2,ex2-s5-e1-a1-p06,05e12ab545f0ff015d9f26705c28409427a259b581e229e4b278fd34b130e759,3,997,0
2,ex2-s5-e1-a1-p06,05e12ab545f0ff015d9f26705c28409427a259b581e229e4b278fd34b130e759,3,998,0
2,ex2-s5-e1-a1-p06,05e12ab545f0ff015d9f26705c28409427a259b581e229e4b278fd34b130e759,3,999,0
2,ex2-s5-e1-a1-p06,05e12ab545f0ff015d9f26705c28409427a259b581e229e4b278fd34b130e759,3,1000,0
2,ex2-s5-e1-a1-p06,05e12ab545f0ff015d9f26705c28409427a259b581e229e4b278fd34b130e759,3,1001,100
2,ex2-s5-e1-a1-p06,05e12ab545f0ff015d9f26705c28409427a259b581e229e4b278fd34b130e759,3,1002,0
2,ex2-s5-e1-a1-p06,05e12ab545f0ff015d9f26705c28409427a259b581e229e4b278fd34b130e759,3,1003,0
2,ex2-s5-e1-a1-p06,05e12ab545f0ff015d9f26705c28409427a259b581e229e4b278fd34b130e759,3,1004,0
2,ex2-s5-e1-a1-p06,05e12ab545f0ff015d9f26705c28409427a259b581e229e4b278fd34b130e759,3,1005,0
2,ex2-s5-e1-a1-p06,05e12ab545f0ff015d9f26705c28409427a259b581e229e4b278fd34b130e759,3,1006,0
2,ex2-s5-e1-a1-p06,05e12ab545f0ff015d9f26705c28409427a259b581e229e4b278fd34b130e759,3,1007,0
2,ex2-s5-e1-a1-p06,05e12ab545f0ff015d9f26705c28409427a259b581e229e4b278fd34b130e759,3,1008,100
2,ex2-s5-e1-a1-p06,05e12ab545f0ff015d9f26705c28409427a259b581e229e4b278fd34b130e759,3,1009,0
2,ex2-s5-e1-a1-p06,05e12ab545f0ff015d9f26705c28409427a259b581e229e4b278fd34b130e759,3,1010,0
2,ex2-s5-e1-a1-p06,05e12ab545f0ff015d9f26705c28409427a259b581e229e4b278fd34b130e759,3,1011,0
2,ex2-s5-e1-a1-p06,05e12ab545f0ff015d9f26705c28409427a259b581e229e4b278fd34b130e759,3,1012,0
2,ex2-s5-e1-a1-p06,05e12ab545f0ff015d9f26705c28409427a259b581e229e4b278fd34b130e759,3,1013,0
2,ex2-s5-e1-a1-p06,05e12ab545f0ff015d9f26705c28409427a259b581e229e4b278fd34b130e759,3,1014,100
2,ex2-s5-e1-a1-p06,05e12ab545f0ff015d9f26705c28409427a259b581e229e4b278fd34b130e759,3,1015,0
2,ex2-s5-e1-a1-p06,05e12ab545f0ff015d9f26705c28409427a259b581e229e4b278fd34b130e759,3,1016,0
2,ex2-s5-e1-a1-p06,05e12ab545f0ff015d9f26705c28409427a259b581e229e4b278fd34b130e759,3,1017,0
2,ex2-s5-e1-a1-p06,05e12ab545f0ff015d9f26705c28409427a259b581e229e4b278fd34b130e759,3,1018,0
2,ex2-s5-e1-a1-p06,05e12ab545f0ff015d9f26705c28409427a259b581e229e4b278fd34b130e759,3,1019,0
2,ex2-s5-e1-a1-p06,05e12ab545f0ff015d9f26705c28409427a259b581e229e4b278fd34b130e759,3,1020,0
2,ex2-s5-e1-a1-p06,05e12ab545f0ff015d9f26705c28409427a259b581e229e4b278fd34b130e759,3,1021,100
2,ex2-s5-e1-a1-p06,05e12ab545f0ff015d9f26705c28409427a259b581e229e4b278fd34b130e759,3,1022,0
2,ex2-s5-e1-a1-p06,05e12ab545f0ff015d9f26705c28409427a259b581e229e4b278fd34b130e759,3,1023,0
2,ex2-s5-e1-a1-p06,05e12ab545f0ff015d9f26705c28409427a259b581e229e4b278fd34b130e759,3,1024,0
2,ex2-s5-e1-a1-p06,05e12ab545f0ff015d9f26705c28409427a259b581e229e4b278fd34b130e759,3,1025,0
2,ex2-s5-e1-a1-p06,05e12ab545f0ff015d9f26705c28409427a259b581e229e4b278fd34b130e759,3,1026,0
2,ex2-s5-e1-a1-p06,05e12ab545f0ff015d9f26705c28409427a259b581e229e4b278fd34b130e759,3,1027,0
2,ex2-s5-e1-a1-p06,05e12ab545f0ff015d9f26705c28409427a259b581e229e4b278fd34b130e759,3,1028,100
2,ex2-s5-e1-a1-p06,05e12ab545f0ff015d9f26705c28409427a259b581e229e4b278fd34b130e759,3,1029,0
2,ex2-s5-e1-a1-p06,05e12ab545f0ff015d9f26705c28409427a259b581e229e4b278fd34b130e759,3,1030,0
2,ex2-s5-e1-a1-p06,05e12ab545f0ff015d9f26705c28409427a259b581e229e4b278fd34b130e759,3,1031,0
2,ex2-s5-e1-a1-p06,05e12ab545f0ff015d9f26705c28409427a259b581e229e4b278fd34b130e759,3,1032,0
2,ex2-s5-e1-a1-p06,05e12ab545f0ff015d9f26705c28409427a259b581e229e4b278fd34b130e759,3,1033,0
2,ex2-s5-e1-a1-p06,05e12ab545f0ff015d9f26705c28409427a259b581e229e4b278fd34b130e759,3,1034,100
2,ex2-s5-e1-a1-p06,05e12ab545f0ff015d9f26705c28409427a259b581e229e4b278fd34b130e759,3,1035,0
2,ex2-s5-e1-a1-p06,05e12ab545f0ff015d9f26705c28409427a259b581e229e4b278fd34b130e759,3,1036,0
2,ex2-s5-e1-a1-p06,05e12ab545f0ff015d9f26705c28409427a259b581e229e4b278fd34b130e759,3,1037,0
2,ex2-s5-e1-a1-p06,05e12ab545f0ff015d9f26705c28409427a259b581e229e4b278fd34b130e759,3,1038,0
2,ex2-s5-e1-a1-p06,05e12ab545f0ff015d9f26705c28409427a259b581e229e4b278fd34b130e759,3,1039,0
2,ex2-s5-e1-a1-p06,05e12ab545f0ff015d9f26705c28409427a259b581e229e4b278fd34b130e759,3,1040,0
2,ex2-s5-e1-a1-p06,05e12ab545f0ff015d9f26705c28409427a259b581e229e4b278fd34b130e759,3,1041,100
2,ex2-s5-e1-a1-p06,05e12ab545f0ff015d9f26705c28409427a259b581e229e4b278fd34b130e759,3,1042,0
2,ex2-s5-e1-a1-p06,05e12ab545f0ff015d9f26705c28409427a259b581e229e4b278fd34b130e759,3,1043,0
2,ex2-s5-e1-a1-p06,05e12ab545f0ff015d9f26705c28409427a259b581e229e4b278fd34b130e759,3,1044,0
2,ex2-s5-e1-a1-p06,05e12ab545f0ff015d9f26705c28409427a259b581e229e4b278fd34b130e759,3,1045,0
2,ex2-s5-e1-a1-p06,05e12ab545f0ff015d9f26705c28409427a259b581e229e4b278fd34b130e759,3,1046,0
2,ex2-s5-e1-a1-p06,05e12ab545f0ff015d9f26705c28409427a259b581e229e4b278fd34b130e759,3,1047,0
2,ex2-s5-e1-a1-p06,05e12ab545f0ff015d9f26705c28409427a259b581e229e4b278fd34b130e759,3,1048,100
2,ex2-s5-e1-a1-p06,05e12ab545f0ff015d9f26705c28409427a259b581e229e4b278fd34b130e759,3,1049,0
2,ex2-s5-e1-a1-p06,05e12ab545f0ff015d9f26705c28409427a259b581e229e4b278fd34b130e759,3,1050,0
2,ex2-s5-e1-a1-p06,05e12ab545f0ff015d9f26705c28409427a259b581e229e4b278fd34b130e759,3,1051,0
2,ex2-s5-e1-a1-p06,05e12ab545f0ff015d9f26705c28409427a259b581e229e4b278fd34b130e759,3,1052,0
2,ex2-s5-e1-a1-p06,05e12ab545f0ff015d9f26705c28409427a259b581e229e4b278fd34b130e759,3,1053,0
2,ex2-s5-e1-a1-p06,05e12ab545f0ff015d9f26705c28409427a259b581e229e4b278fd34b130e759,3,1054,100
2,ex2-s5-e1-a1-p06,05e12ab545f0ff015d9f26705c28409427a259b581e229e4b278fd34b130e759,3,1055,0
2,ex2-s5-e1-a1-p06,05e12ab545f0ff015d9f26705c28409427a259b581e229e4b278fd34b130e759,3,1056,0
2,ex2-s5-e1-a1-p06,05e12ab545f0ff015d9f26705c28409427a259b581e229e4b278fd34b130e759,3,1057,0
2,ex2-s5-e1-a1-p06,05e12ab545f0ff015d9f26705c28409427a259b581e229e4b278fd34b130e759,3,1058,0
2,ex2-s5-e1-a1-p06,05e12ab545f0ff015d9f26705c28409427a259b581e229e4b278fd34b130e759,3,1059,0
2,ex2-s5-e1-a1-p06,05e12ab545f0ff015d9f26705c28409427a259b581e229e4b278fd34b130e759,3,1060,0
2,ex2-s5-e1-a1-p06,05e12ab545f0ff015d9f26705c28409427a259b581e229e4b278fd34b130e759,3,1061,100
2,ex2-s5-e1-a1-p06,05e12ab545f0ff015d9f26705c28409427a259b581e229e4b278fd34b130e759,3,1062,0
2,ex2-s5-e1-a1-p06,05e12ab545f0ff015d9f26705c28409427a259b581e229e4b278fd34b130e759,3,1063,0
2,ex2-s5-e1-a1-p06,05e12ab545f0ff015d9f26705c28409427a259b581e229e4b278fd34b130e759,3,1064,0
2,ex2-s5-e1-a1-p06,05e12ab545f0ff015d9f26705c28409427a259b581e229e4b278fd34b130e759,3,1065,0
2,ex2-s5-e1-a1-p06,05e12ab545f0ff015d9f26705c28409427a259b581e229e4b278fd34b130e759,3,1066,0
2,ex2-s5-e1-a1-p06,05e12ab545f0ff015d9f26705c28409427a259b581e229e4b278fd34b130e759,3,1067,0
2,ex2-s5-e1-a1-p06,05e12ab545f0ff015d9f26705c28409427a259b581e229e4b278fd34b130e759,3,1068,100
2,ex2-s5-e1-a1-p06,05e12ab545f0ff015d9f26705c28409427a259b581e229e4b278fd34b130e759,3,1069,0
2,ex2-s5-e1-a1-p06,05e12ab545f0ff015d9f26705c28409427a259b581e229e4b278fd34b130e759,3,1070,0
2,ex2-s5-e1-a1-p06,05e12ab545f0ff015d9f26705c28409427a259b581e229e4b278fd34b130e759,3,1071,0
2,ex2-s5-e1-a1-p06,05e12ab545f0ff015d9f26705c28409427a259b581e229e4b278fd34b130e759,3,1072,0
2,ex2-s5-e1-a1-p06,05e12ab545f0ff015d9f26705c28409427a259b581e229e4b278fd34b130e759,3,1073,0
2,ex2-s5-e1-a1-p06,05e12ab545f0ff015d9f26705c28409427a259b581e229e4b278fd34b130e759,3,1074,100
2,ex2-s5-e1-a1-p06,05e12ab545f0ff015d9f26705c28409427a259b581e229e4b278fd34b130e759,3,1075,0
2,ex2-s5-e1-a1-p06,05e12ab545f0ff015d9f26705c28409427a259b581e229e4b278fd34b130e759,3,1076,0
2,ex2-s5-e1-a1-p06,05e12ab545f0ff015d9f26705c28409427a259b581e229e4b278fd34b130e759,3,1077,0
2,ex2-s5-e1-a1-p06,05e12ab545f0ff015d9f26705c28409427a259b581e229e4b278fd34b130e759,3,1078,0
2,ex2-s5-e1-a1-p06,05e12ab545f0ff015d9f26705c28409427a259b581e229e4b278fd34b130e759,3,1079,0
2,ex2-s5-e1-a1-p06,05e12ab545f0ff015d9f26705c28409427a259b581e229e4b278fd34b130e759,3,1080,0
2,ex2-s5-e1-a1-p06,05e12ab545f0ff015d9f26705c28409427a259b581e229e4b278fd34b130e759,3,1081,100
2,ex2-s5-e1-a1-p06,05e12ab545f0ff015d9f26705c28409427a259b581e229e4b278fd34b130e759,3,1082,0
2,ex2-s5-e1-a1-p06,05e12ab545f0ff015d9f26705c28409427a259b581e229e4b278fd34b130e759,3,1083,0
2,ex2-s5-e1-a1-p06,05e12ab545f0ff015d9f26705c28409427a259b581e229e4b278fd34b130e759,3,1084,0
2,ex2-s5-e1-a1-p06,05e12ab545f0ff015d9f26705c28409427a259b581e229e4b278fd34b130e759,3,1085,0
2,ex2-s5-e1-a1-p06,05e12ab545f0ff015d9f26705c28409427a259b581e229e4b278fd34b130e759,3,1086,0
2,ex2-s5-e1-a1-p06,05e12ab545f0ff015d9f26705c28409427a259b581e229e4b278fd34b130e759,3,1087,0
2,ex2-s5-e1-a1-p06,05e12ab545f0ff015d9f26705c28409427a259b581e229e4b278fd34b130e759,3,1088,100
2,ex2-s5-e1-a1-p06,05e12ab545f0ff015d9f26705c28409427a259b581e229e4b278fd34b130e759,3,1089,0
2,ex2-s5-e1-a1-p06,05e12ab545f0ff015d9f26705c28409427a259b581e229e4b278fd34b130e759,3,1090,0
2,ex2-s5-e1-a1-p06,05e12ab545f0ff015d9f26705c28409427a259b581e229e4b278fd34b130e759,3,1091,0
2,ex2-s5-e1-a1-p06,05e12ab545f0ff015d9f26705c28409427a259b581e229e4b278fd34b130e759,3,1092,0
2,ex2-s5-e1-a1-p06,05e12ab545f0ff015d9f26705c28409427a259b581e229e4b278fd34b130e759,3,1093,0
2,ex2-s5-e1-a1-p06,05e12ab545f0ff015d9f26705c28409427a259b581e229e4b278fd34b130e759,3,1094,100
2,ex2-s5-e1-a1-p06,05e12ab545f0ff015d9f26705c28409427a259b581e229e4b278fd34b130e759,3,1095,0
2,ex2-s5-e1-a1-p06,05e12ab545f0ff015d9f26705c28409427a259b581e229e4b278fd34b130e759,3,1096,0
2,ex2-s5-e1-a1-p06,05e12ab545f0ff015d9f26705c28409427a259b581e229e4b278fd34b130e759,3,1097,0
2,ex2-s5-e1-a1-p06,05e12ab545f0ff015d9f26705c28409427a259b581e229e4b278fd34b130e759,3,1098,0
2,ex2-s5-e1-a1-p06,05e12ab545f0ff015d9f26705c28409427a259b581e229e4b278fd34b130e759,3,1099,0
2,ex2-s5-e1-a1-p06,05e12ab545f0ff015d9f26705c28409427a259b581e229e4b278fd34b130e759,3,1100,0
2,ex2-s5-e1-a1-p06,05e12ab545f0ff015d9f26705c28409427a259b581e229e4b278fd34b130e759,3,1101,100
2,ex2-s5-e1-a1-p06,05e12ab545f0ff015d9f26705c28409427a259b581e229e4b278fd34b130e759,3,1102,0
2,ex2-s5-e1-a1-p06,05e12ab545f0ff015d9f26705c28409427a259b581e229e4b278fd34b130e759,3,1103,0
2,ex2-s5-e1-a1-p06,05e12ab545f0ff015d9f26705c28409427a259b581e229e4b278fd34b130e759,3,1104,0
2,ex2-s5-e1-a1-p06,05e12ab545f0ff015d9f26705c28409427a259b581e229e4b278fd34b130e759,3,1105,0
2,ex2-s5-e1-a1-p06,05e12ab545f0ff015d9f26705c28409427a259b581e229e4b278fd34b130e759,3,1106,0
2,ex2-s5-e1-a1-p06,05e12ab545f0ff015d9f26705c28409427a259b581e229e4b278fd34b130e759,3,1107,0
2,ex2-s5-e1-a1-p06,05e12ab545f0ff015d9f26705c28409427a259b581e229e4b278fd34b130e759,3,1108,100
2,ex2-s5-e1-a1-p06,05e12ab545f0ff015d9f26705c28409427a259b581e229e4b278fd34b130e759,3,1109,0
2,ex2-s5-e1-a1-p06,05e12ab545f0ff015d9f26705c28409427a259b581e229e4b278fd34b130e759,3,1110,0
2,ex2-s5-e1-a1-p06,05e12ab545f0ff015d9f26705c28409427a259b581e229e4b278fd34b130e759,3,1111,0
2,ex2-s5-e1-a1-p06,05e12ab545f0ff015d9f26705c28409427a259b581e229e4b278fd34b130e759,3,1112,0
2,ex2-s5-e1-a1-p06,05e12ab545f0ff015d9f26705c28409427a259b581e229e4b278fd34b130e759,3,1113,0
2,ex2-s5-e1-a1-p06,05e12ab545f0ff015d9f26705c28409427a259b581e229e4b278fd34b130e759,3,1114,100
2,ex2-s5-e1-a1-p06,05e12ab545f0ff015d9f26705c28409427a259b581e229e4b278fd34b130e759,3,1115,0
2,ex2-s5-e1-a1-p06,05e12ab545f0ff015d9f26705c28409427a259b581e229e4b278fd34b130e759,3,1116,0
2,ex2-s5-e1-a1-p06,05e12ab545f0ff015d9f26705c28409427a259b581e229e4b278fd34b130e759,3,1117,0
2,ex2-s5-e1-a1-p06,05e12ab545f0ff015d9f26705c28409427a259b581e229e4b278fd34b130e759,3,1118,0
2,ex2-s5-e1-a1-p06,05e12ab545f0ff015d9f26705c28409427a259b581e229e4b278fd34b130e759,3,1119,0
2,ex2-s5-e1-a1-p06,05e12ab545f0ff015d9f26705c28409427a259b581e229e4b278fd34b130e759,3,1120,0
2,ex2-s5-e1-a1-p06,05e12ab545f0ff015d9f26705c28409427a259b581e229e4b278fd34b130e759,3,1121,100
2,ex2-s5-e1-a1-p06,05e12ab545f0ff015d9f26705c28409427a259b581e229e4b278fd34b130e759,3,1122,0
2,ex2-s5-e1-a1-p06,05e12ab545f0ff015d9f26705c28409427a259b581e229e4b278fd34b130e759,3,1123,0
2,ex2-s5-e1-a1-p06,05e12ab545f0ff015d9f26705c28409427a259b581e229e4b278fd34b130e759,3,1124,0
2,ex2-s5-e1-a1-p06,05e12ab545f0ff015d9f26705c28409427a259b581e229e4b278fd34b130e759,3,1125,0
2,ex2-s5-e1-a1-p06,05e12ab545f0ff015d9f26705c28409427a259b581e229e4b278fd34b130e759,3,1126,0
2,ex2-s5-e1-a1-p06,05e12ab545f0ff015d9f26705c28409427a259b581e229e4b278fd34b130e759,3,1127,100
2,ex2-s5-e1-a1-p06,05e12ab545f0ff015d9f26705c28409427a259b581e229e4b278fd34b130e759,3,1128,0
2,ex2-s5-e1-a1-p06,05e12ab545f0ff015d9f26705c28409427a259b581e229e4b278fd34b130e759,3,1129,0
2,ex2-s5-e1-a1-p06,05e12ab545f0ff015d9f26705c28409427a259b581e229e4b278fd34b130e759,3,1130,0
2,ex2-s5-e1-a1-p06,05e12ab545f0ff015d9f26705c28409427a259b581e229e4b278fd34b130e759,3,1131,0
2,ex2-s5-e1-a1-p06,05e12ab545f0ff015d9f26705c28409427a259b581e229e4b278fd34b130e759,3,1132,0
2,ex2-s5-e1-a1-p06,05e12ab545f0ff015d9f26705c28409427a259b581e229e4b278fd34b130e759,3,1133,0
2,ex2-s5-e1-a1-p06,05e12ab545f0ff015d9f26705c28409427a259b581e229e4b278fd34b130e759,3,1134,100
2,ex2-s5-e1-a1-p06,05e12ab545f0ff015d9f26705c28409427a259b581e229e4b278fd34b130e759,3,1135,0
2,ex2-s5-e1-a1-p06,05e12ab545f0ff015d9f26705c28409427a259b581e229e4b278fd34b130e759,3,1136,0
2,ex2-s5-e1-a1-p06,05e12ab545f0ff015d9f26705c28409427a259b581e229e4b278fd34b130e759,3,1137,0
2,ex2-s5-e1-a1-p06,05e12ab545f0ff015d9f26705c28409427a259b581e229e4b278fd34b130e759,3,1138,0
2,ex2-s5-e1-a1-p06,05e12ab545f0ff015d9f26705c28409427a259b581e229e4b278fd34b130e759,3,1139,0
2,ex2-s5-e1-a1-p06,05e12ab545f0ff015d9f26705c28409427a259b581e229e4b278fd34b130e759,3,1140,0
2,ex2-s5-e1-a1-p06,05e12ab545f0ff015d9f26705c28409427a259b581e229e4b278fd34b130e759,3,1141,100
2,ex2-s5-e1-a1-p06,05e12ab545f0ff015d9f26705c28409427a259b581e229e4b278fd34b130e759,3,1142,0
2,ex2-s5-e1-a1-p06,05e12ab545f0ff015d9f26705c28409427a259b581e229e4b278fd34b130e759,3,1143,0
2,ex2-s5-e1-a1-p06,05e12ab545f0ff015d9f26705c28409427a259b581e229e4b278fd34b130e759,3,1144,0
2,ex2-s5-e1-a1-p06,05e12ab545f0ff015d9f26705c28409427a259b581e229e4b278fd34b130e759,3,1145,0
2,ex2-s5-e1-a1-p06,05e12ab545f0ff015d9f26705c28409427a259b581e229e4b278fd34b130e759,3,1146,0
2,ex2-s5-e1-a1-p06,05e12ab545f0ff015d9f26705c28409427a259b581e229e4b278fd34b130e759,3,1147,100
2,ex2-s5-e1-a1-p06,05e12ab545f0ff015d9f26705c28409427a259b581e229e4b278fd34b130e759,3,1148,0
2,ex2-s5-e1-a1-p06,05e12ab545f0ff015d9f26705c28409427a259b581e229e4b278fd34b130e759,3,1149,0
2,ex2-s5-e1-a1-p06,05e12ab545f0ff015d9f26705c28409427a259b581e229e4b278fd34b130e759,3,1150,0
2,ex2-s5-e1-a1-p06,05e12ab545f0ff015d9f26705c28409427a259b581e229e4b278fd34b130e759,3,1151,0
2,ex2-s5-e1-a1-p06,05e12ab545f0ff015d9f26705c28409427a259b581e229e4b278fd34b130e759,3,1152,0
2,ex2-s5-e1-a1-p06,05e12ab545f0ff015d9f26705c28409427a259b581e229e4b278fd34b130e759,3,1153,0
2,ex2-s5-e1-a1-p06,05e12ab545f0ff015d9f26705c28409427a259b581e229e4b278fd34b130e759,3,1154,100
2,ex2-s5-e1-a1-p06,05e12ab545f0ff015d9f26705c28409427a259b581e229e4b278fd34b130e759,3,1155,0
2,ex2-s5-e1-a1-p06,05e12ab545f0ff015d9f26705c28409427a259b581e229e4b278fd34b130e759,3,1156,0
2,ex2-s5-e1-a1-p06,05e12ab545f0ff015d9f26705c28409427a259b581e229e4b278fd34b130e759,3,1157,0
2,ex2-s5-e1-a1-p06,05e12ab545f0ff015d9f26705c28409427a259b581e229e4b278fd34b130e759,3,1158,0
2,ex2-s5-e1-a1-p06,05e12ab545f0ff015d9f26705c28409427a259b581e229e4b278fd34b130e759,3,1159,0
2,ex2-s5-e1-a1-p06,05e12ab545f0ff015d9f26705c28409427a259b581e229e4b278fd34b130e759,3,1160,0
2,ex2-s5-e1-a1-p06,05e12ab545f0ff015d9f26705c28409427a259b581e229e4b278fd34b130e759,3,1161,100
2,ex2-s5-e1-a1-p06,05e12ab545f0ff015d9f26705c28409427a259b581e229e4b278fd34b130e759,3,1162,0
2,ex2-s5-e1-a1-p06,05e12ab545f0ff015d9f26705c28409427a259b581e229e4b278fd34b130e759,3,1163,0
2,ex2-s5-e1-a1-p06,05e12ab545f0ff015d9f26705c28409427a259b581e229e4b278fd34b130e759,3,1164,0
2,ex2-s5-e1-a1-p06,05e12ab545f0ff015d9f26705c28409427a259b581e229e4b278fd34b130e759,3,1165,0
2,ex2-s5-e1-a1-p06,05e12ab545f0ff015d9f26705c28409427a259b581e229e4b278fd34b130e759,3,1166,0
2,ex2-s5-e1-a1-p06,05e12ab545f0ff015d9f26705c28409427a259b581e229e4b278fd34b130e759,3,1167,100
2,ex2-s5-e1-a1-p06,05e12ab545f0ff015d9f26705c28409427a259b581e229e4b278fd34b130e759,3,1168,0
2,ex2-s5-e1-a1-p06,05e12ab545f0ff015d9f26705c28409427a259b581e229e4b278fd34b130e759,3,1169,0
2,ex2-s5-e1-a1-p06,05e12ab545f0ff015d9f26705c28409427a259b581e229e4b278fd34b130e759,3,1170,0
2,ex2-s5-e1-a1-p06,05e12ab545f0ff015d9f26705c28409427a259b581e229e4b278fd34b130e759,3,1171,0
2,ex2-s5-e1-a1-p06,05e12ab545f0ff015d9f26705c28409427a259b581e229e4b278fd34b130e759,3,1172,0
2,ex2-s5-e1-a1-p06,05e12ab545f0ff015d9f26705c28409427a259b581e229e4b278fd34b130e759,3,1173,0
2,ex2-s5-e1-a1-p06,05e12ab545f0ff015d9f26705c28409427a259b581e229e4b278fd34b130e759,3,1174,100
2,ex2-s5-e1-a1-p06,05e12ab545f0ff015d9f26705c28409427a259b581e229e4b278fd34b130e759,3,1175,0
2,ex2-s5-e1-a1-p06,05e12ab545f0ff015d9f26705c28409427a259b581e229e4b278fd34b130e759,3,1176,0
2,ex2-s5-e1-a1-p06,05e12ab545f0ff015d9f26705c28409427a259b581e229e4b278fd34b130e759,3,1177,0
2,ex2-s5-e1-a1-p06,05e12ab545f0ff015d9f26705c28409427a259b581e229e4b278fd34b130e759,3,1178,0
2,ex2-s5-e1-a1-p06,05e12ab545f0ff015d9f26705c28409427a259b581e229e4b278fd34b130e759,3,1179,0
2,ex2-s5-e1-a1-p06,05e12ab545f0ff015d9f26705c28409427a259b581e229e4b278fd34b130e759,3,1180,0
2,ex2-s5-e1-a1-p06,05e12ab545f0ff015d9f26705c28409427a259b581e229e4b278fd34b130e759,3,1181,100
2,ex2-s5-e1-a1-p06,05e12ab545f0ff015d9f26705c28409427a259b581e229e4b278fd34b130e759,3,1182,0
2,ex2-s5-e1-a1-p06,05e12ab545f0ff015d9f26705c28409427a259b581e229e4b278fd34b130e759,3,1183,0
2,ex2-s5-e1-a1-p06,05e12ab545f0ff015d9f26705c28409427a259b581e229e4b278fd34b130e759,3,1184,0
2,ex2-s5-e1-a1-p06,05e12ab545f0ff015d9f26705c28409427a259b581e229e4b278fd34b130e759,3,1185,0
2,ex2-s5-e1-a1-p06,05e12ab545f0ff015d9f26705c28409427a259b581e229e4b278fd34b130e759,3,1186,0
2,ex2-s5-e1-a1-p06,05e12ab545f0ff015d9f26705c28409427a259b581e229e4b278fd34b130e759,3,1187,100
2,ex2-s5-e1-a1-p06,05e12ab545f0ff015d9f26705c28409427a259b581e229e4b278fd34b130e759,3,1188,0
2,ex2-s5-e1-a1-p06,05e12ab545f0ff015d9f26705c28409427a259b581e229e4b278fd34b130e759,3,1189,0
2,ex2-s5-e1-a1-p06,05e12ab545f0ff015d9f26705c28409427a259b581e229e4b278fd34b130e759,3,1190,0
2,ex2-s5-e1-a1-p06,05e12ab545f0ff015d9f26705c28409427a259b581e229e4b278fd34b130e759,3,1191,0
2,ex2-s5-e1-a1-p06,05e12ab545f0ff015d9f26705c28409427a259b581e229e4b278fd34b130e759,3,1192,0
2,ex2-s5-e1-a1-p06,05e12ab545f0ff015d9f26705c28409427a259b581e229e4b278fd34b130e759,3,1193,0
2,ex2-s5-e1-a1-p06,05e12ab545f0ff015d9f26705c28409427a259b581e229e4b278fd34b130e759,3,1194,100
2,ex2-s5-e1-a1-p06,05e12ab545f0ff015d9f26705c28409427a259b581e229e4b278fd34b130e759,3,1195,0
2,ex2-s5-e1-a1-p06,05e12ab545f0ff015d9f26705c28409427a259b581e229e4b278fd34b130e759,3,1196,0
2,ex2-s5-e1-a1-p06,05e12ab545f0ff015d9f26705c28409427a259b581e229e4b278fd34b130e759,3,1197,0
2,ex2-s5-e1-a1-p06,05e12ab545f0ff015d9f26705c28409427a259b581e229e4b278fd34b130e759,3,1198,0
2,ex2-s5-e1-a1-p06,05e12ab545f0ff015d9f26705c28409427a259b581e229e4b278fd34b130e759,3,1199,0
2,ex2-s5-e1-a1-p06,05e12ab545f0ff015d9f26705c28409427a259b581e229e4b278fd34b130e759,3,1200,0
2,ex2-s5-e1-a1-p06,05e12ab545f0ff015d9f26705c28409427a259b581e229e4b278fd34b130e759,3,1201,100
2,ex2-s5-e1-a1-p06,05e12ab545f0ff015d9f26705c28409427a259b581e229e4b278fd34b130e759,3,1202,0
2,ex2-s5-e1-a1-p06,05e12ab545f0ff015d9f26705c28409427a259b581e229e4b278fd34b130e759,3,1203,0
2,ex2-s5-e1-a1-p06,05e12ab545f0ff015d9f26705c28409427a259b581e229e4b278fd34b130e759,3,1204,0
2,ex2-s5-e1-a1-p06,05e12ab545f0ff015d9f26705c28409427a259b581e229e4b278fd34b130e759,3,1205,0
2,ex2-s5-e1-a1-p06,05e12ab545f0ff015d9f26705c28409427a259b581e229e4b278fd34b130e759,3,1206,0
2,ex2-s5-e1-a1-p06,05e12ab545f0ff015d9f26705c28409427a259b581e229e4b278fd34b130e759,3,1207,100
2,ex2-s5-e1-a1-p06,05e12ab545f0ff015d9f26705c28409427a259b581e229e4b278fd34b130e759,3,1208,0
2,ex2-s5-e1-a1-p06,05e12ab545f0ff015d9f26705c28409427a259b581e229e4b278fd34b130e759,3,1209,0
2,ex2-s5-e1-a1-p06,05e12ab545f0ff015d9f26705c28409427a259b581e229e4b278fd34b130e759,3,1210,0
2,ex2-s5-e1-a1-p06,05e12ab545f0ff015d9f26705c28409427a259b581e229e4b278fd34b130e759,3,1211,0
2,ex2-s5-e1-a1-p06,05e12ab545f0ff015d9f26705c28409427a259b581e229e4b278fd34b130e759,3,1212,0
2,ex2-s5-e1-a1-p06,05e12ab545f0ff015d9f26705c28409427a259b581e229e4b278fd34b130e759,3,1213,0
2,ex2-s5-e1-a1-p06,05e12ab545f0ff015d9f26705c28409427a259b581e229e4b278fd34b130e759,3,1214,100
2,ex2-s5-e1-a1-p06,05e12ab545f0ff015d9f26705c28409427a259b581e229e4b278fd34b130e759,3,1215,0
2,ex2-s5-e1-a1-p06,05e12ab545f0ff015d9f26705c28409427a259b581e229e4b278fd34b130e759,3,1216,0
2,ex2-s5-e1-a1-p06,05e12ab545f0ff015d9f26705c28409427a259b581e229e4b278fd34b130e759,3,1217,0
2,ex2-s5-e1-a1-p06,05e12ab545f0ff015d9f26705c28409427a259b581e229e4b278fd34b130e759,3,1218,0
2,ex2-s5-e1-a1-p06,05e12ab545f0ff015d9f26705c28409427a259b581e229e4b278fd34b130e759,3,1219,0
2,ex2-s5-e1-a1-p06,05e12ab545f0ff015d9f26705c28409427a259b581e229e4b278fd34b130e759,3,1220,0
2,ex2-s5-e1-a1-p06,05e12ab545f0ff015d9f26705c28409427a259b581e229e4b278fd34b130e759,3,1221,100
2,ex2-s5-e1-a1-p06,05e12ab545f0ff015d9f26705c28409427a259b581e229e4b278fd34b130e759,3,1222,0
2,ex2-s5-e1-a1-p06,05e12ab545f0ff015d9f26705c28409427a259b581e229e4b278fd34b130e759,3,1223,0
2,ex2-s5-e1-a1-p06,05e12ab545f0ff015d9f26705c28409427a259b581e229e4b278fd34b130e759,3,1224,0
2,ex2-s5-e1-a1-p06,05e12ab545f0ff015d9f26705c28409427a259b581e229e4b278fd34b130e759,3,1225,0
2,ex2-s5-e1-a1-p06,05e12ab545f0ff015d9f26705c28409427a259b581e229e4b278fd34b130e759,3,1226,0
2,ex2-s5-e1-a1-p06,05e12ab545f0ff015d9f26705c28409427a259b581e229e4b278fd34b130e759,3,1227,100
2,ex2-s5-e1-a1-p06,05e12ab545f0ff015d9f26705c28409427a259b581e229e4b278fd34b130e759,3,1228,0
2,ex2-s5-e1-a1-p06,05e12ab545f0ff015d9f26705c28409427a259b581e229e4b278fd34b130e759,3,1229,0
2,ex2-s5-e1-a1-p06,05e12ab545f0ff015d9f26705c28409427a259b581e229e4b278fd34b130e759,3,1230,0
2,ex2-s5-e1-a1-p06,05e12ab545f0ff015d9f26705c28409427a259b581e229e4b278fd34b130e759,3,1231,0
2,ex2-s5-e1-a1-p06,05e12ab545f0ff015d9f26705c28409427a259b581e229e4b278fd34b130e759,3,1232,0
2,ex2-s5-e1-a1-p06,05e12ab545f0ff015d9f26705c28409427a259b581e229e4b278fd34b130e759,3,1233,0
2,ex2-s5-e1-a1-p06,05e12ab545f0ff015d9f26705c28409427a259b581e229e4b278fd34b130e759,3,1234,100
2,ex2-s5-e1-a1-p06,05e12ab545f0ff015d9f26705c28409427a259b581e229e4b278fd34b130e759,3,1235,0
2,ex2-s5-e1-a1-p06,05e12ab545f0ff015d9f26705c28409427a259b581e229e4b278fd34b130e759,3,1236,0
2,ex2-s5-e1-a1-p06,05e12ab545f0ff015d9f26705c28409427a259b581e229e4b278fd34b130e759,3,1237,0
2,ex2-s5-e1-a1-p06,05e12ab545f0ff015d9f26705c28409427a259b581e229e4b278fd34b130e759,3,1238,0
2,ex2-s5-e1-a1-p06,05e12ab545f0ff015d9f26705c28409427a259b581e229e4b278fd34b130e759,3,1239,0
2,ex2-s5-e1-a1-p06,05e12ab545f0ff015d9f26705c28409427a259b581e229e4b278fd34b130e759,3,1240,0
2,ex2-s5-e1-a1-p06,05e12ab545f0ff015d9f26705c28409427a259b581e229e4b278fd34b130e759,3,1241,100
2,ex2-s5-e1-a1-p06,05e12ab545f0ff015d9f26705c28409427a259b581e229e4b278fd34b130e759,3,1242,0
2,ex2-s5-e1-a1-p06,05e12ab545f0ff015d9f26705c28409427a259b581e229e4b278fd34b130e759,3,1243,0
2,ex2-s5-e1-a1-p06,05e12ab545f0ff015d9f26705c28409427a259b581e229e4b278fd34b130e759,3,1244,0
2,ex2-s5-e1-a1-p06,05e12ab545f0ff015d9f26705c28409427a259b581e229e4b278fd34b130e759,3,1245,0
2,ex2-s5-e1-a1-p06,05e12ab545f0ff015d9f26705c28409427a259b581e229e4b278fd34b130e759,3,1246,0
2,ex2-s5-e1-a1-p06,05e12ab545f0ff015d9f26705c28409427a259b581e229e4b278fd34b130e759,3,1247,100
2,ex2-s5-e1-a1-p06,05e12ab545f0ff015d9f26705c28409427a259b581e229e4b278fd34b130e759,3,1248,0
2,ex2-s5-e1-a1-p06,05e12ab545f0ff015d9f26705c28409427a259b581e229e4b278fd34b130e759,3,1249,0
2,ex2-s5-e1-a1-p06,05e12ab545f0ff015d9f26705c28409427a259b581e229e4b278fd34b130e759,3,1250,0
2,ex2-s5-e1-a1-p06,05e12ab545f0ff015d9f26705c28409427a259b581e229e4b278fd34b130e759,3,1251,0
2,ex2-s5-e1-a1-p06,05e12ab545f0ff015d9f26705c28409427a259b581e229e4b278fd34b130e759,3,1252,0
2,ex2-s5-e1-a1-p06,05e12ab545f0ff015d9f26705c28409427a259b581e229e4b278fd34b130e759,3,1253,0
2,ex2-s5-e1-a1-p06,05e12ab545f0ff015d9f26705c28409427a259b581e229e4b278fd34b130e759,3,1254,100
2,ex2-s5-e1-a1-p06,05e12ab545f0ff015d9f26705c28409427a259b581e229e4b278fd34b130e759,3,1255,0
2,ex2-s5-e1-a1-p06,05e12ab545f0ff015d9f26705c28409427a259b581e229e4b278fd34b130e759,3,1256,0
2,ex2-s5-e1-a1-p06,05e12ab545f0ff015d9f26705c28409427a259b581e229e4b278fd34b130e759,3,1257,0
2,ex2-s5-e1-a1-p06,05e12ab545f0ff015d9f26705c28409427a259b581e229e4b278fd34b130e759,3,1258,0
2,ex2-s5-e1-a1-p06,05e12ab545f0ff015d9f26705c28409427a259b581e229e4b278fd34b130e759,3,1259,0
2,ex2-s5-e1-a1-p06,05e12ab545f0ff015d9f26705c28409427a259b581e229e4b278fd34b130e759,3,1260,100
2,ex2-s5-e1-a1-p06,05e12ab545f0ff015d9f26705c28409427a259b581e229e4b278fd34b130e759,3,1261,0
2,ex2-s5-e1-a1-p06,05e12ab545f0ff015d9f26705c28409427a259b581e229e4b278fd34b130e759,3,1262,0
2,ex2-s5-e1-a1-p06,05e12ab545f0ff015d9f26705c28409427a259b581e229e4b278fd34b130e759,3,1263,0
2,ex2-s5-e1-a1-p06,05e12ab545f0ff015d9f26705c28409427a259b581e229e4b278fd34b130e759,3,1264,0
2,ex2-s5-e1-a1-p06,05e12ab545f0ff015d9f26705c28409427a259b581e229e4b278fd34b130e759,3,1265,0
2,ex2-s5-e1-a1-p06,05e12ab545f0ff015d9f26705c28409427a259b581e229e4b278fd34b130e759,3,1266,0
2,ex2-s5-e1-a1-p06,05e12ab545f0ff015d9f26705c28409427a259b581e229e4b278fd34b130e759,3,1267,100
2,ex2-s5-e1-a1-p06,05e12ab545f0ff015d9f26705c28409427a259b581e229e4b278fd34b130e759,3,1268,0
2,ex2-s5-e1-a1-p06,05e12ab545f0ff015d9f26705c28409427a259b581e229e4b278fd34b130e759,3,1269,0
2,ex2-s5-e1-a1-p06,05e12ab545f0ff015d9f26705c28409427a259b581e229e4b278fd34b130e759,3,1270,0
2,ex2-s5-e1-a1-p06,05e12ab545f0ff015d9f26705c28409427a259b581e229e4b278fd34b130e759,3,1271,0
2,ex2-s5-e1-a1-p06,05e12ab545f0ff015d9f26705c28409427a259b581e229e4b278fd34b130e759,3,1272,0
2,ex2-s5-e1-a1-p06,05e12ab545f0ff015d9f26705c28409427a259b581e229e4b278fd34b130e759,3,1273,0
2,ex2-s5-e1-a1-p06,05e12ab545f0ff015d9f26705c28409427a259b581e229e4b278fd34b130e759,3,1274,100
2,ex2-s5-e1-a1-p06,05e12ab545f0ff015d9f26705c28409427a259b581e229e4b278fd34b130e759,3,1275,0
2,ex2-s5-e1-a1-p06,05e12ab545f0ff015d9f26705c28409427a259b581e229e4b278fd34b130e759,3,1276,0
2,ex2-s5-e1-a1-p06,05e12ab545f0ff015d9f26705c28409427a259b581e229e4b278fd34b130e759,3,1277,0
2,ex2-s5-e1-a1-p06,05e12ab545f0ff015d9f26705c28409427a259b581e229e4b278fd34b130e759,3,1278,0
2,ex2-s5-e1-a1-p06,05e12ab545f0ff015d9f26705c28409427a259b581e229e4b278fd34b130e759,3,1279,0
2,ex2-s5-e1-a1-p06,05e12ab545f0ff015d9f26705c28409427a259b581e229e4b278fd34b130e759,3,1280,100
2,ex2-s5-e1-a1-p06,05e12ab545f0ff015d9f26705c28409427a259b581e229e4b278fd34b130e759,3,1281,0
2,ex2-s5-e1-a1-p06,05e12ab545f0ff015d9f26705c28409427a259b581e229e4b278fd34b130e759,3,1282,0
2,ex2-s5-e1-a1-p06,05e12ab545f0ff015d9f26705c28409427a259b581e229e4b278fd34b130e759,3,1283,0
2,ex2-s5-e1-a1-p06,05e12ab545f0ff015d9f26705c28409427a259b581e229e4b278fd34b130e759,3,1284,0
2,ex2-s5-e1-a1-p06,05e12ab545f0ff015d9f26705c28409427a259b581e229e4b278fd34b130e759,3,1285,0
2,ex2-s5-e1-a1-p06,05e12ab545f0ff015d9f26705c28409427a259b581e229e4b278fd34b130e759,3,1286,0
2,ex2-s5-e1-a1-p06,05e12ab545f0ff015d9f26705c28409427a259b581e229e4b278fd34b130e759,3,1287,100
2,ex2-s5-e1-a1-p06,05e12ab545f0ff015d9f26705c28409427a259b581e229e4b278fd34b130e759,3,1288,0
2,ex2-s5-e1-a1-p06,05e12ab545f0ff015d9f26705c28409427a259b581e229e4b278fd34b130e759,3,1289,0
2,ex2-s5-e1-a1-p06,05e12ab545f0ff015d9f26705c28409427a259b581e229e4b278fd34b130e759,3,1290,0
2,ex2-s5-e1-a1-p06,05e12ab545f0ff015d9f26705c28409427a259b581e229e4b278fd34b130e759,3,1291,0
2,ex2-s5-e1-a1-p06,05e12ab545f0ff015d9f26705c28409427a259b581e229e4b278fd34b130e759,3,1292,0
2,ex2-s5-e1-a1-p06,05e12ab545f0ff015d9f26705c28409427a259b581e229e4b278fd34b130e759,3,1293,0
2,ex2-s5-e1-a1-p06,05e12ab545f0ff015d9f26705c28409427a259b581e229e4b278fd34b130e759,3,1294,100
2,ex2-s5-e1-a1-p06,05e12ab545f0ff015d9f26705c28409427a259b581e229e4b278fd34b130e759,3,1295,0
2,ex2-s5-e1-a1-p06,05e12ab545f0ff015d9f26705c28409427a259b581e229e4b278fd34b130e759,3,1296,0
2,ex2-s5-e1-a1-p06,05e12ab545f0ff015d9f26705c28409427a259b581e229e4b278fd34b130e759,3,1297,0
2,ex2-s5-e1-a1-p06,05e12ab545f0ff015d9f26705c28409427a259b581e229e4b278fd34b130e759,3,1298,0
2,ex2-s5-e1-a1-p06,05e12ab545f0ff015d9f26705c28409427a259b581e229e4b278fd34b130e759,3,1299,0
2,ex2-s5-e1-a1-p06,05e12ab545f0ff015d9f26705c28409427a259b581e229e4b278fd34b130e759,3,1300,100
2,ex2-s5-e1-a1-p06,05e12ab545f0ff015d9f26705c28409427a259b581e229e4b278fd34b130e759,3,1301,0
2,ex2-s5-e1-a1-p06,05e12ab545f0ff015d9f26705c28409427a259b581e229e4b278fd34b130e759,3,1302,0
2,ex2-s5-e1-a1-p06,05e12ab545f0ff015d9f26705c28409427a259b581e229e4b278fd34b130e759,3,1303,0
2,ex2-s5-e1-a1-p06,05e12ab545f0ff015d9f26705c28409427a259b581e229e4b278fd34b130e759,3,1304,0
2,ex2-s5-e1-a1-p06,05e12ab545f0ff015d9f26705c28409427a259b581e229e4b278fd34b130e759,3,1305,0
2,ex2-s5-e1-a1-p06,05e12ab545f0ff015d9f26705c28409427a259b581e229e4b278fd34b130e759,3,1306,0
2,ex2-s5-e1-a1-p06,05e12ab545f0ff015d9f26705c28409427a259b581e229e4b278fd34b130e759,3,1307,100
2,ex2-s5-e1-a1-p06,05e12ab545f0ff015d9f26705c28409427a259b581e229e4b278fd34b130e759,3,1308,0
2,ex2-s5-e1-a1-p06,05e12ab545f0ff015d9f26705c28409427a259b581e229e4b278fd34b130e759,3,1309,0
2,ex2-s5-e1-a1-p06,05e12ab545f0ff015d9f26705c28409427a259b581e229e4b278fd34b130e759,3,1310,0
2,ex2-s5-e1-a1-p06,05e12ab545f0ff015d9f26705c28409427a259b581e229e4b278fd34b130e759,3,1311,0
2,ex2-s5-e1-a1-p06,05e12ab545f0ff015d9f26705c28409427a259b581e229e4b278fd34b130e759,3,1312,0
2,ex2-s5-e1-a1-p06,05e12ab545f0ff015d9f26705c28409427a259b581e229e4b278fd34b130e759,3,1313,0
2,ex2-s5-e1-a1-p06,05e12ab545f0ff015d9f26705c28409427a259b581e229e4b278fd34b130e759,3,1314,100
2,ex2-s5-e1-a1-p06,05e12ab545f0ff015d9f26705c28409427a259b581e229e4b278fd34b130e759,3,1315,0
2,ex2-s5-e1-a1-p06,05e12ab545f0ff015d9f26705c28409427a259b581e229e4b278fd34b130e759,3,1316,0
2,ex2-s5-e1-a1-p06,05e12ab545f0ff015d9f26705c28409427a259b581e229e4b278fd34b130e759,3,1317,0
2,ex2-s5-e1-a1-p06,05e12ab545f0ff015d9f26705c28409427a259b581e229e4b278fd34b130e759,3,1318,0
2,ex2-s5-e1-a1-p06,05e12ab545f0ff015d9f26705c28409427a259b581e229e4b278fd34b130e759,3,1319,0
2,ex2-s5-e1-a1-p06,05e12ab545f0ff015d9f26705c28409427a259b581e229e4b278fd34b130e759,3,1320,100
2,ex2-s5-e1-a1-p06,05e12ab545f0ff015d9f26705c28409427a259b581e229e4b278fd34b130e759,3,1321,0
2,ex2-s5-e1-a1-p06,05e12ab545f0ff015d9f26705c28409427a259b581e229e4b278fd34b130e759,3,1322,0
2,ex2-s5-e1-a1-p06,05e12ab545f0ff015d9f26705c28409427a259b581e229e4b278fd34b130e759,3,1323,0
2,ex2-s5-e1-a1-p06,05e12ab545f0ff015d9f26705c28409427a259b581e229e4b278fd34b130e759,3,1324,0
2,ex2-s5-e1-a1-p06,05e12ab545f0ff015d9f26705c28409427a259b581e229e4b278fd34b130e759,3,1325,0
2,ex2-s5-e1-a1-p06,05e12ab545f0ff015d9f26705c28409427a259b581e229e4b278fd34b130e759,3,1326,0
2,ex2-s5-e1-a1-p06,05e12ab545f0ff015d9f26705c28409427a259b581e229e4b278fd34b130e759,3,1327,100
2,ex2-s5-e1-a1-p06,05e12ab545f0ff015d9f26705c28409427a259b581e229e4b278fd34b130e759,3,1328,0
2,ex2-s5-e1-a1-p06,05e12ab545f0ff015d9f26705c28409427a259b581e229e4b278fd34b130e759,3,1329,0
2,ex2-s5-e1-a1-p06,05e12ab545f0ff015d9f26705c28409427a259b581e229e4b278fd34b130e759,3,1330,0
2,ex2-s5-e1-a1-p06,05e12ab545f0ff015d9f26705c28409427a259b581e229e4b278fd34b130e759,3,1331,0
2,ex2-s5-e1-a1-p06,05e12ab545f0ff015d9f26705c28409427a259b581e229e4b278fd34b130e759,3,1332,0
2,ex2-s5-e1-a1-p06,05e12ab545f0ff015d9f26705c28409427a259b581e229e4b278fd34b130e759,3,1333,0
2,ex2-s5-e1-a1-p06,05e12ab545f0ff015d9f26705c28409427a259b581e229e4b278fd34b130e759,3,1334,100
2,ex2-s5-e1-a1-p06,05e12ab545f0ff015d9f26705c28409427a259b581e229e4b278fd34b130e759,3,1335,0
2,ex2-s5-e1-a1-p06,05e12ab545f0ff015d9f26705c28409427a259b581e229e4b278fd34b130e759,3,1336,0
2,ex2-s5-e1-a1-p06,05e12ab545f0ff015d9f26705c28409427a259b581e229e4b278fd34b130e759,3,1337,0
2,ex2-s5-e1-a1-p06,05e12ab545f0ff015d9f26705c28409427a259b581e229e4b278fd34b130e759,3,1338,0
2,ex2-s5-e1-a1-p06,05e12ab545f0ff015d9f26705c28409427a259b581e229e4b278fd34b130e759,3,1339,0
2,ex2-s5-e1-a1-p06,05e12ab545f0ff015d9f26705c28409427a259b581e229e4b278fd34b130e759,3,1340,100
2,ex2-s5-e1-a1-p06,05e12ab545f0ff015d9f26705c28409427a259b581e229e4b278fd34b130e759,3,1341,0
2,ex2-s5-e1-a1-p06,05e12ab545f0ff015d9f26705c28409427a259b581e229e4b278fd34b130e759,3,1342,0
2,ex2-s5-e1-a1-p06,05e12ab545f0ff015d9f26705c28409427a259b581e229e4b278fd34b130e759,3,1343,0
2,ex2-s5-e1-a1-p06,05e12ab545f0ff015d9f26705c28409427a259b581e229e4b278fd34b130e759,3,1344,0
2,ex2-s5-e1-a1-p06,05e12ab545f0ff015d9f26705c28409427a259b581e229e4b278fd34b130e759,3,1345,0
2,ex2-s5-e1-a1-p06,05e12ab545f0ff015d9f26705c28409427a259b581e229e4b278fd34b130e759,3,1346,0
2,ex2-s5-e1-a1-p06,05e12ab545f0ff015d9f26705c28409427a259b581e229e4b278fd34b130e759,3,1347,100
2,ex2-s5-e1-a1-p06,05e12ab545f0ff015d9f26705c28409427a259b581e229e4b278fd34b130e759,3,1348,0
2,ex2-s5-e1-a1-p06,05e12ab545f0ff015d9f26705c28409427a259b581e229e4b278fd34b130e759,3,1349,0
2,ex2-s5-e1-a1-p06,05e12ab545f0ff015d9f26705c28409427a259b581e229e4b278fd34b130e759,3,1350,0
2,ex2-s5-e1-a1-p06,05e12ab545f0ff015d9f26705c28409427a259b581e229e4b278fd34b130e759,3,1351,0
2,ex2-s5-e1-a1-p06,05e12ab545f0ff015d9f26705c28409427a259b581e229e4b278fd34b130e759,3,1352,0
2,ex2-s5-e1-a1-p06,05e12ab545f0ff015d9f26705c28409427a259b581e229e4b278fd34b130e759,3,1353,0
2,ex2-s5-e1-a1-p06,05e12ab545f0ff015d9f26705c28409427a259b581e229e4b278fd34b130e759,3,1354,100
2,ex2-s5-e1-a1-p06,05e12ab545f0ff015d9f26705c28409427a259b581e229e4b278fd34b130e759,3,1355,0
2,ex2-s5-e1-a1-p06,05e12ab545f0ff015d9f26705c28409427a259b581e229e4b278fd34b130e759,3,1356,0
2,ex2-s5-e1-a1-p06,05e12ab545f0ff015d9f26705c28409427a259b581e229e4b278fd34b130e759,3,1357,0
2,ex2-s5-e1-a1-p06,05e12ab545f0ff015d9f26705c28409427a259b581e229e4b278fd34b130e759,3,1358,0
2,ex2-s5-e1-a1-p06,05e12ab545f0ff015d9f26705c28409427a259b581e229e4b278fd34b130e759,3,1359,0
2,ex2-s5-e1-a1-p06,05e12ab545f0ff015d9f26705c28409427a259b581e229e4b278fd34b130e759,3,1360,100
2,ex2-s5-e1-a1-p06,05e12ab545f0ff015d9f26705c28409427a259b581e229e4b278fd34b130e759,3,1361,0
2,ex2-s5-e1-a1-p06,05e12ab545f0ff015d9f26705c28409427a259b581e229e4b278fd34b130e759,3,1362,0
2,ex2-s5-e1-a1-p06,05e12ab545f0ff015d9f26705c28409427a259b581e229e4b278fd34b130e759,3,1363,0
2,ex2-s5-e1-a1-p06,05e12ab545f0ff015d9f26705c28409427a259b581e229e4b278fd34b130e759,3,1364,0
2,ex2-s5-e1-a1-p06,05e12ab545f0ff015d9f26705c28409427a259b581e229e4b278fd34b130e759,3,1365,0
2,ex2-s5-e1-a1-p06,05e12ab545f0ff015d9f26705c28409427a259b581e229e4b278fd34b130e759,3,1366,0
2,ex2-s5-e1-a1-p06,05e12ab545f0ff015d9f26705c28409427a259b581e229e4b278fd34b130e759,3,1367,100
2,ex2-s5-e1-a1-p06,05e12ab545f0ff015d9f26705c28409427a259b581e229e4b278fd34b130e759,3,1368,0
2,ex2-s5-e1-a1-p06,05e12ab545f0ff015d9f26705c28409427a259b581e229e4b278fd34b130e759,3,1369,0
2,ex2-s5-e1-a1-p06,05e12ab545f0ff015d9f26705c28409427a259b581e229e4b278fd34b130e759,3,1370,0
2,ex2-s5-e1-a1-p06,05e12ab545f0ff015d9f26705c28409427a259b581e229e4b278fd34b130e759,3,1371,0
2,ex2-s5-e1-a1-p06,05e12ab545f0ff015d9f26705c28409427a259b581e229e4b278fd34b130e759,3,1372,0
2,ex2-s5-e1-a1-p06,05e12ab545f0ff015d9f26705c28409427a259b581e229e4b278fd34b130e759,3,1373,0
2,ex2-s5-e1-a1-p06,05e12ab545f0ff015d9f26705c28409427a259b581e229e4b278fd34b130e759,3,1374,100
2,ex2-s5-e1-a1-p06,05e12ab545f0ff015d9f26705c28409427a259b581e229e4b278fd34b130e759,3,1375,0
2,ex2-s5-e1-a1-p06,05e12ab545f0ff015d9f26705c28409427a259b581e229e4b278fd34b130e759,3,1376,0
2,ex2-s5-e1-a1-p06,05e12ab545f0ff015d9f26705c28409427a259b581e229e4b278fd34b130e759,3,1377,0
2,ex2-s5-e1-a1-p06,05e12ab545f0ff015d9f26705c28409427a259b581e229e4b278fd34b130e759,3,1378,0
2,ex2-s5-e1-a1-p06,05e12ab545f0ff015d9f26705c28409427a259b581e229e4b278fd34b130e759,3,1379,0
2,ex2-s5-e1-a1-p06,05e12ab545f0ff015d9f26705c28409427a259b581e229e4b278fd34b130e759,3,1380,100
2,ex2-s5-e1-a1-p06,05e12ab545f0ff015d9f26705c28409427a259b581e229e4b278fd34b130e759,3,1381,0
2,ex2-s5-e1-a1-p06,05e12ab545f0ff015d9f26705c28409427a259b581e229e4b278fd34b130e759,3,1382,0
2,ex2-s5-e1-a1-p06,05e12ab545f0ff015d9f26705c28409427a259b581e229e4b278fd34b130e759,3,1383,0
2,ex2-s5-e1-a1-p06,05e12ab545f0ff015d9f26705c28409427a259b581e229e4b278fd34b130e759,3,1384,0
2,ex2-s5-e1-a1-p06,05e12ab545f0ff015d9f26705c28409427a259b581e229e4b278fd34b130e759,3,1385,0
2,ex2-s5-e1-a1-p06,05e12ab545f0ff015d9f26705c28409427a259b581e229e4b278fd34b130e759,3,1386,0
2,ex2-s5-e1-a1-p06,05e12ab545f0ff015d9f26705c28409427a259b581e229e4b278fd34b130e759,3,1387,100
2,ex2-s5-e1-a1-p06,05e12ab545f0ff015d9f26705c28409427a259b581e229e4b278fd34b130e759,3,1388,0
2,ex2-s5-e1-a1-p06,05e12ab545f0ff015d9f26705c28409427a259b581e229e4b278fd34b130e759,3,1389,0
2,ex2-s5-e1-a1-p06,05e12ab545f0ff015d9f26705c28409427a259b581e229e4b278fd34b130e759,3,1390,0
2,ex2-s5-e1-a1-p06,05e12ab545f0ff015d9f26705c28409427a259b581e229e4b278fd34b130e759,3,1391,0
2,ex2-s5-e1-a1-p06,05e12ab545f0ff015d9f26705c28409427a259b581e229e4b278fd34b130e759,3,1392,0
2,ex2-s5-e1-a1-p06,05e12ab545f0ff015d9f26705c28409427a259b581e229e4b278fd34b130e759,3,1393,0
2,ex2-s5-e1-a1-p06,05e12ab545f0ff015d9f26705c28409427a259b581e229e4b278fd34b130e759,3,1394,100
2,ex2-s5-e1-a1-p06,05e12ab545f0ff015d9f26705c28409427a259b581e229e4b278fd34b130e759,3,1395,0
2,ex2-s5-e1-a1-p06,05e12ab545f0ff015d9f26705c28409427a259b581e229e4b278fd34b130e759,3,1396,0
2,ex2-s5-e1-a1-p06,05e12ab545f0ff015d9f26705c28409427a259b581e229e4b278fd34b130e759,3,1397,0
2,ex2-s5-e1-a1-p06,05e12ab545f0ff015d9f26705c28409427a259b581e229e4b278fd34b130e759,3,1398,0
2,ex2-s5-e1-a1-p06,05e12ab545f0ff015d9f26705c28409427a259b581e229e4b278fd34b130e759,3,1399,0
2,ex2-s5-e1-a1-p06,05e12ab545f0ff015d9f26705c28409427a259b581e229e4b278fd34b130e759,3,1400,100
2,ex2-s5-e1-a1-p06,05e12ab545f0ff015d9f26705c28409427a259b581e229e4b278fd34b130e759,3,1401,0
2,ex2-s5-e1-a1-p06,05e12ab545f0ff015d9f26705c28409427a259b581e229e4b278fd34b130e759,3,1402,0
2,ex2-s5-e1-a1-p06,05e12ab545f0ff015d9f26705c28409427a259b581e229e4b278fd34b130e759,3,1403,0
2,ex2-s5-e1-a1-p06,05e12ab545f0ff015d9f26705c28409427a259b581e229e4b278fd34b130e759,3,1404,0
2,ex2-s5-e1-a1-p06,05e12ab545f0ff015d9f26705c28409427a259b581e229e4b278fd34b130e759,3,1405,0
2,ex2-s5-e1-a1-p06,05e12ab545f0ff015d9f26705c28409427a259b581e229e4b278fd34b130e759,3,1406,0
2,ex2-s5-e1-a1-p06,05e12ab545f0ff015d9f26705c28409427a259b581e229e4b278fd34b130e759,3,1407,100
2,ex2-s5-e1-a1-p06,05e12ab545f0ff015d9f26705c28409427a259b581e229e4b278fd34b130e759,3,1408,0
2,ex2-s5-e1-a1-p06,05e12ab545f0ff015d9f26705c28409427a259b581e229e4b278fd34b130e759,3,1409,0
2,ex2-s5-e1-a1-p06,05e12ab545f0ff015d9f26705c28409427a259b581e229e4b278fd34b130e759,3,1410,0
2,ex2-s5-e1-a1-p06,05e12ab545f0ff015d9f26705c28409427a259b581e229e4b278fd34b130e759,3,1411,0
2,ex2-s5-e1-a1-p06,05e12ab545f0ff015d9f26705c28409427a259b581e229e4b278fd34b130e759,3,1412,0
2,ex2-s5-e1-a1-p06,05e12ab545f0ff015d9f26705c28409427a259b581e229e4b278fd34b130e759,3,1413,0
2,ex2-s5-e1-a1-p06,05e12ab545f0ff015d9f26705c28409427a259b581e229e4b278fd34b130e759,3,1414,100
2,ex2-s5-e1-a1-p06,05e12ab545f0ff015d9f26705c28409427a259b581e229e4b278fd34b130e759,3,1415,0
2,ex2-s5-e1-a1-p06,05e12ab545f0ff015d9f26705c28409427a259b581e229e4b278fd34b130e759,3,1416,0
2,ex2-s5-e1-a1-p06,05e12ab545f0ff015d9f26705c28409427a259b581e229e4b278fd34b130e759,3,1417,0
2,ex2-s5-e1-a1-p06,05e12ab545f0ff015d9f26705c28409427a259b581e229e4b278fd34b130e759,3,1418,0
2,ex2-s5-e1-a1-p06,05e12ab545f0ff015d9f26705c28409427a259b581e229e4b278fd34b130e759,3,1419,0
2,ex2-s5-e1-a1-p06,05e12ab545f0ff015d9f26705c28409427a259b581e229e4b278fd34b130e759,3,1420,100
2,ex2-s5-e1-a1-p06,05e12ab545f0ff015d9f26705c28409427a259b581e229e4b278fd34b130e759,3,1421,0
2,ex2-s5-e1-a1-p06,05e12ab545f0ff015d9f26705c28409427a259b581e229e4b278fd34b130e759,3,1422,0
2,ex2-s5-e1-a1-p06,05e12ab545f0ff015d9f26705c28409427a259b581e229e4b278fd34b130e759,3,1423,0
2,ex2-s5-e1-a1-p06,05e12ab545f0ff015d9f26705c28409427a259b581e229e4b278fd34b130e759,3,1424,0
2,ex2-s5-e1-a1-p06,05e12ab545f0ff015d9f26705c28409427a259b581e229e4b278fd34b130e759,3,1425,0
2,ex2-s5-e1-a1-p06,05e12ab545f0ff015d9f26705c28409427a259b581e229e4b278fd34b130e759,3,1426,0
2,ex2-s5-e1-a1-p06,05e12ab545f0ff015d9f26705c28409427a259b581e229e4b278fd34b130e759,3,1427,100
2,ex2-s5-e1-a1-p06,05e12ab545f0ff015d9f26705c28409427a259b581e229e4b278fd34b130e759,3,1428,0
2,ex2-s5-e1-a1-p06,05e12ab545f0ff015d9f26705c28409427a259b581e229e4b278fd34b130e759,3,1429,0
2,ex2-s5-e1-a1-p06,05e12ab545f0ff015d9f26705c28409427a259b581e229e4b278fd34b130e759,3,1430,0
2,ex2-s5-e1-a1-p06,05e12ab545f0ff015d9f26705c28409427a259b581e229e4b278fd34b130e759,3,1431,0
2,ex2-s5-e1-a1-p06,05e12ab545f0ff015d9f26705c28409427a259b581e229e4b278fd34b130e759,3,1432,0
2,ex2-s5-e1-a1-p06,05e12ab545f0ff015d9f26705c28409427a259b581e229e4b278fd34b130e759,3,1433,0
2,ex2-s5-e1-a1-p06,05e12ab545f0ff015d9f26705c28409427a259b581e229e4b278fd34b130e759,3,1434,100
2,ex2-s5-e1-a1-p06,05e12ab545f0ff015d9f26705c28409427a259b581e229e4b278fd34b130e759,3,1435,0
2,ex2-s5-e1-a1-p06,05e12ab545f0ff015d9f26705c28409427a259b581e229e4b278fd34b130e759,3,1436,0
2,ex2-s5-e1-a1-p06,05e12ab545f0ff015d9f26705c28409427a259b581e229e4b278fd34b130e759,3,1437,0
2,ex2-s5-e1-a1-p06,05e12ab545f0ff015d9f26705c28409427a259b581e229e4b278fd34b130e759,3,1438,0
2,ex2-s5-e1-a1-p06,05e12ab545f0ff015d9f26705c28409427a259b581e229e4b278fd34b130e759,3,1439,0
2,ex2-s5-e1-a1-p06,05e12ab545f0ff015d9f26705c28409427a259b581e229e4b278fd34b130e759,3,1440,100
2,ex2-s5-e1-a1-p06,05e12ab545f0ff015d9f26705c28409427a259b581e229e4b278fd34b130e759,3,1441,0
2,ex2-s5-e1-a1-p06,05e12ab545f0ff015d9f26705c28409427a259b581e229e4b278fd34b130e759,3,1442,0
2,ex2-s5-e1-a1-p06,05e12ab545f0ff015d9f26705c28409427a259b581e229e4b278fd34b130e759,3,1443,0
2,ex2-s5-e1-a1-p06,05e12ab545f0ff015d9f26705c28409427a259b581e229e4b278fd34b130e759,3,1444,0
2,ex2-s5-e1-a1-p06,05e12ab545f0ff015d9f26705c28409427a259b581e229e4b278fd34b130e759,3,1445,0
2,ex2-s5-e1-a1-p06,05e12ab545f0ff015d9f26705c28409427a259b581e229e4b278fd34b130e759,3,1446,0
2,ex2-s5-e1-a1-p06,05e12ab545f0ff015d9f26705c28409427a259b581e229e4b278fd34b130e759,3,1447,100
2,ex2-s5-e1-a1-p06,05e12ab545f0ff015d9f26705c28409427a259b581e229e4b278fd34b130e759,3,1448,0
2,ex2-s5-e1-a1-p06,05e12ab545f0ff015d9f26705c28409427a259b581e229e4b278fd34b130e759,3,1449,0
2,ex2-s5-e1-a1-p06,05e12ab545f0ff015d9f26705c28409427a259b581e229e4b278fd34b130e759,3,1450,0
2,ex2-s5-e1-a1-p06,05e12ab545f0ff015d9f26705c28409427a259b581e229e4b278fd34b130e759,3,1451,0
2,ex2-s5-e1-a1-p06,05e12ab545f0ff015d9f26705c28409427a259b581e229e4b278fd34b130e759,3,1452,0
2,ex2-s5-e1-a1-p06,05e12ab545f0ff015d9f26705c28409427a259b581e229e4b278fd34b130e759,3,1453,0
2,ex2-s5-e1-a1-p06,05e12ab545f0ff015d9f26705c28409427a259b581e229e4b278fd34b130e759,3,1454,100
2,ex2-s5-e1-a1-p06,05e12ab545f0ff015d9f26705c28409427a259b581e229e4b278fd34b130e759,3,1455,0
2,ex2-s5-e1-a1-p06,05e12ab545f0ff015d9f26705c28409427a259b581e229e4b278fd34b130e759,3,1456,0
2,ex2-s5-e1-a1-p06,05e12ab545f0ff015d9f26705c28409427a259b581e229e4b278fd34b130e759,3,1457,0
2,ex2-s5-e1-a1-p06,05e12ab545f0ff015d9f26705c28409427a259b581e229e4b278fd34b130e759,3,1458,0
2,ex2-s5-e1-a1-p06,05e12ab545f0ff015d9f26705c28409427a259b581e229e4b278fd34b130e759,3,1459,0
2,ex2-s5-e1-a1-p06,05e12ab545f0ff015d9f26705c28409427a259b581e229e4b278fd34b130e759,3,1460,100
2,ex2-s5-e1-a1-p06,05e12ab545f0ff015d9f26705c28409427a259b581e229e4b278fd34b130e759,3,1461,0
2,ex2-s5-e1-a1-p06,05e12ab545f0ff015d9f26705c28409427a259b581e229e4b278fd34b130e759,3,1462,0
2,ex2-s5-e1-a1-p06,05e12ab545f0ff015d9f26705c28409427a259b581e229e4b278fd34b130e759,3,1463,0
2,ex2-s5-e1-a1-p06,05e12ab545f0ff015d9f26705c28409427a259b581e229e4b278fd34b130e759,3,1464,0
2,ex2-s5-e1-a1-p06,05e12ab545f0ff015d9f26705c28409427a259b581e229e4b278fd34b130e759,3,1465,0
2,ex2-s5-e1-a1-p06,05e12ab545f0ff015d9f26705c28409427a259b581e229e4b278fd34b130e759,3,1466,0
2,ex2-s5-e1-a1-p06,05e12ab545f0ff015d9f26705c28409427a259b581e229e4b278fd34b130e759,3,1467,100
2,ex2-s5-e1-a1-p06,05e12ab545f0ff015d9f26705c28409427a259b581e229e4b278fd34b130e759,3,1468,0
2,ex2-s5-e1-a1-p06,05e12ab545f0ff015d9f26705c28409427a259b581e229e4b278fd34b130e759,3,1469,0
2,ex2-s5-e1-a1-p06,05e12ab545f0ff015d9f26705c28409427a259b581e229e4b278fd34b130e759,3,1470,0
2,ex2-s5-e1-a1-p06,05e12ab545f0ff015d9f26705c28409427a259b581e229e4b278fd34b130e759,3,1471,0
2,ex2-s5-e1-a1-p06,05e12ab545f0ff015d9f26705c28409427a259b581e229e4b278fd34b130e759,3,1472,0
2,ex2-s5-e1-a1-p06,05e12ab545f0ff015d9f26705c28409427a259b581e229e4b278fd34b130e759,3,1473,0
2,ex2-s5-e1-a1-p06,05e12ab545f0ff015d9f26705c28409427a259b581e229e4b278fd34b130e759,3,1474,100
2,ex2-s5-e1-a1-p06,05e12ab545f0ff015d9f26705c28409427a259b581e229e4b278fd34b130e759,3,1475,0
2,ex2-s5-e1-a1-p06,05e12ab545f0ff015d9f26705c28409427a259b581e229e4b278fd34b130e759,3,1476,0
2,ex2-s5-e1-a1-p06,05e12ab545f0ff015d9f26705c28409427a259b581e229e4b278fd34b130e759,3,1477,0
2,ex2-s5-e1-a1-p06,05e12ab545f0ff015d9f26705c28409427a259b581e229e4b278fd34b130e759,3,1478,0
2,ex2-s5-e1-a1-p06,05e12ab545f0ff015d9f26705c28409427a259b581e229e4b278fd34b130e759,3,1479,0
2,ex2-s5-e1-a1-p06,05e12ab545f0ff015d9f26705c28409427a259b581e229e4b278fd34b130e759,3,1480,100
2,ex2-s5-e1-a1-p06,05e12ab545f0ff015d9f26705c28409427a259b581e229e4b278fd34b130e759,3,1481,0
2,ex2-s5-e1-a1-p06,05e12ab545f0ff015d9f26705c28409427a259b581e229e4b278fd34b130e759,3,1482,0
2,ex2-s5-e1-a1-p06,05e12ab545f0ff015d9f26705c28409427a259b581e229e4b278fd34b130e759,3,1483,0
2,ex2-s5-e1-a1-p06,05e12ab545f0ff015d9f26705c28409427a259b581e229e4b278fd34b130e759,3,1484,0
2,ex2-s5-e1-a1-p06,05e12ab545f0ff015d9f26705c28409427a259b581e229e4b278fd34b130e759,3,1485,0
2,ex2-s5-e1-a1-p06,05e12ab545f0ff015d9f26705c28409427a259b581e229e4b278fd34b130e759,3,1486,0
2,ex2-s5-e1-a1-p06,05e12ab545f0ff015d9f26705c28409427a259b581e229e4b278fd34b130e759,3,1487,100
2,ex2-s5-e1-a1-p06,05e12ab545f0ff015d9f26705c28409427a259b581e229e4b278fd34b130e759,3,1488,0
2,ex2-s5-e1-a1-p06,05e12ab545f0ff015d9f26705c28409427a259b581e229e4b278fd34b130e759,3,1489,0
2,ex2-s5-e1-a1-p06,05e12ab545f0ff015d9f26705c28409427a259b581e229e4b278fd34b130e759,3,1490,0
2,ex2-s5-e1-a1-p06,05e12ab545f0ff015d9f26705c28409427a259b581e229e4b278fd34b130e759,3,1491,0
2,ex2-s5-e1-a1-p06,05e12ab545f0ff015d9f26705c28409427a259b581e229e4b278fd34b130e759,3,1492,0
2,ex2-s5-e1-a1-p06,05e12ab545f0ff015d9f26705c28409427a259b581e229e4b278fd34b130e759,3,1493,100
2,ex2-s5-e1-a1-p06,05e12ab545f0ff015d9f26705c28409427a259b581e229e4b278fd34b130e759,3,1494,0
2,ex2-s5-e1-a1-p06,05e12ab545f0ff015d9f26705c28409427a259b581e229e4b278fd34b130e759,3,1495,0
2,ex2-s5-e1-a1-p06,05e12ab545f0ff015d9f26705c28409427a259b581e229e4b278fd34b130e759,3,1496,0
2,ex2-s5-e1-a1-p06,05e12ab545f0ff015d9f26705c28409427a259b581e229e4b278fd34b130e759,3,1497,0
2,ex2-s5-e1-a1-p06,05e12ab545f0ff015d9f26705c28409427a259b581e229e4b278fd34b130e759,3,1498,0
2,ex2-s5-e1-a1-p06,05e12ab545f0ff015d9f26705c28409427a259b581e229e4b278fd34b130e759,3,1499,0
2,ex2-s5-e1-a1-p06,05e12ab545f0ff015d9f26705c28409427a259b581e229e4b278fd34b130e759,3,1500,100
2,ex2-s5-e1-a1-p06,05e12ab545f0ff015d9f26705c28409427a259b581e229e4b278fd34b130e759,3,1501,0
2,ex2-s5-e1-a1-p06,05e12ab545f0ff015d9f26705c28409427a259b581e229e4b278fd34b130e759,3,1502,0
2,ex2-s5-e1-a1-p06,05e12ab545f0ff015d9f26705c28409427a259b581e229e4b278fd34b130e759,3,1503,0
2,ex2-s5-e1-a1-p06,05e12ab545f0ff015d9f26705c28409427a259b581e229e4b278fd34b130e759,3,1504,0
2,ex2-s5-e1-a1-p06,05e12ab545f0ff015d9f26705c28409427a259b581e229e4b278fd34b130e759,3,1505,0
2,ex2-s5-e1-a1-p06,05e12ab545f0ff015d9f26705c28409427a259b581e229e4b278fd34b130e759,3,1506,0
2,ex2-s5-e1-a1-p06,05e12ab545f0ff015d9f26705c28409427a259b581e229e4b278fd34b130e759,3,1507,100
2,ex2-s5-e1-a1-p06,05e12ab545f0ff015d9f26705c28409427a259b581e229e4b278fd34b130e759,3,1508,0
2,ex2-s5-e1-a1-p06,05e12ab545f0ff015d9f26705c28409427a259b581e229e4b278fd34b130e759,3,1509,0
2,ex2-s5-e1-a1-p06,05e12ab545f0ff015d9f26705c28409427a259b581e229e4b278fd34b130e759,3,1510,0
2,ex2-s5-e1-a1-p06,05e12ab545f0ff015d9f26705c28409427a259b581e229e4b278fd34b130e759,3,1511,0
2,ex2-s5-e1-a1-p06,05e12ab545f0ff015d9f26705c28409427a259b581e229e4b278fd34b130e759,3,1512,0
2,ex2-s5-e1-a1-p06,05e12ab545f0ff015d9f26705c28409427a259b581e229e4b278fd34b130e759,3,1513,100
2,ex2-s5-e1-a1-p06,05e12ab545f0ff015d9f26705c28409427a259b581e229e4b278fd34b130e759,3,1514,0
2,ex2-s5-e1-a1-p06,05e12ab545f0ff015d9f26705c28409427a259b581e229e4b278fd34b130e759,3,1515,0
2,ex2-s5-e1-a1-p06,05e12ab545f0ff015d9f26705c28409427a259b581e229e4b278fd34b130e759,3,1516,0
2,ex2-s5-e1-a1-p06,05e12ab545f0ff015d9f26705c28409427a259b581e229e4b278fd34b130e759,3,1517,0
2,ex2-s5-e1-a1-p06,05e12ab545f0ff015d9f26705c28409427a259b581e229e4b278fd34b130e759,3,1518,0
2,ex2-s5-e1-a1-p06,05e12ab545f0ff015d9f26705c28409427a259b581e229e4b278fd34b130e759,3,1519,0
2,ex2-s5-e1-a1-p06,05e12ab545f0ff015d9f26705c28409427a259b581e229e4b278fd34b130e759,3,1520,100
2,ex2-s5-e1-a1-p06,05e12ab545f0ff015d9f26705c28409427a259b581e229e4b278fd34b130e759,3,1521,0
2,ex2-s5-e1-a1-p06,05e12ab545f0ff015d9f26705c28409427a259b581e229e4b278fd34b130e759,3,1522,0
2,ex2-s5-e1-a1-p06,05e12ab545f0ff015d9f26705c28409427a259b581e229e4b278fd34b130e759,3,1523,0
2,ex2-s5-e1-a1-p06,05e12ab545f0ff015d9f26705c28409427a259b581e229e4b278fd34b130e759,3,1524,0
2,ex2-s5-e1-a1-p06,05e12ab545f0ff015d9f26705c28409427a259b581e229e4b278fd34b130e759,3,1525,0
2,ex2-s5-e1-a1-p06,05e12ab545f0ff015d9f26705c28409427a259b581e229e4b278fd34b130e759,3,1526,0
2,ex2-s5-e1-a1-p06,05e12ab545f0ff015d9f26705c28409427a259b581e229e4b278fd34b130e759,3,1527,100
2,ex2-s5-e1-a1-p06,05e12ab545f0ff015d9f26705c28409427a259b581e229e4b278fd34b130e759,3,1528,0
2,ex2-s5-e1-a1-p06,05e12ab545f0ff015d9f26705c28409427a259b581e229e4b278fd34b130e759,3,1529,0
2,ex2-s5-e1-a1-p06,05e12ab545f0ff015d9f26705c28409427a259b581e229e4b278fd34b130e759,3,1530,0
2,ex2-s5-e1-a1-p06,05e12ab545f0ff015d9f26705c28409427a259b581e229e4b278fd34b130e759,3,1531,0
2,ex2-s5-e1-a1-p06,05e12ab545f0ff015d9f26705c28409427a259b581e229e4b278fd34b130e759,3,1532,0
2,ex2-s5-e1-a1-p06,05e12ab545f0ff015d9f26705c28409427a259b581e229e4b278fd34b130e759,3,1533,100
2,ex2-s5-e1-a1-p06,05e12ab545f0ff015d9f26705c28409427a259b581e229e4b278fd34b130e759,3,1534,0
2,ex2-s5-e1-a1-p06,05e12ab545f0ff015d9f26705c28409427a259b581e229e4b278fd34b130e759,3,1535,0
2,ex2-s5-e1-a1-p06,05e12ab545f0ff015d9f26705c28409427a259b581e229e4b278fd34b130e759,3,1536,0
2,ex2-s5-e1-a1-p06,05e12ab545f0ff015d9f26705c28409427a259b581e229e4b278fd34b130e759,3,1537,0
2,ex2-s5-e1-a1-p06,05e12ab545f0ff015d9f26705c28409427a259b581e229e4b278fd34b130e759,3,1538,0
2,ex2-s5-e1-a1-p06,05e12ab545f0ff015d9f26705c28409427a259b581e229e4b278fd34b130e759,3,1539,0
2,ex2-s5-e1-a1-p06,05e12ab545f0ff015d9f26705c28409427a259b581e229e4b278fd34b130e759,3,1540,100
2,ex2-s5-e1-a1-p06,05e12ab545f0ff015d9f26705c28409427a259b581e229e4b278fd34b130e759,3,1541,0
2,ex2-s5-e1-a1-p06,05e12ab545f0ff015d9f26705c28409427a259b581e229e4b278fd34b130e759,3,1542,0
2,ex2-s5-e1-a1-p06,05e12ab545f0ff015d9f26705c28409427a259b581e229e4b278fd34b130e759,3,1543,0
2,ex2-s5-e1-a1-p06,05e12ab545f0ff015d9f26705c28409427a259b581e229e4b278fd34b130e759,3,1544,0
2,ex2-s5-e1-a1-p06,05e12ab545f0ff015d9f26705c28409427a259b581e229e4b278fd34b130e759,3,1545,0
2,ex2-s5-e1-a1-p06,05e12ab545f0ff015d9f26705c28409427a259b581e229e4b278fd34b130e759,3,1546,0
2,ex2-s5-e1-a1-p06,05e12ab545f0ff015d9f26705c28409427a259b581e229e4b278fd34b130e759,3,1547,100
2,ex2-s5-e1-a1-p06,05e12ab545f0ff015d9f26705c28409427a259b581e229e4b278fd34b130e759,3,1548,0
2,ex2-s5-e1-a1-p06,05e12ab545f0ff015d9f26705c28409427a259b581e229e4b278fd34b130e759,3,1549,0
2,ex2-s5-e1-a1-p06,05e12ab545f0ff015d9f26705c28409427a259b581e229e4b278fd34b130e759,3,1550,0
2,ex2-s5-e1-a1-p06,05e12ab545f0ff015d9f26705c28409427a259b581e229e4b278fd34b130e759,3,1551,0
2,ex2-s5-e1-a1-p06,05e12ab545f0ff015d9f26705c28409427a259b581e229e4b278fd34b130e759,3,1552,0
2,ex2-s5-e1-a1-p06,05e12ab545f0ff015d9f26705c28409427a259b581e229e4b278fd34b130e759,3,1553,100
2,ex2-s5-e1-a1-p06,05e12ab545f0ff015d9f26705c28409427a259b581e229e4b278fd34b130e759,3,1554,0
2,ex2-s5-e1-a1-p06,05e12ab545f0ff015d9f26705c28409427a259b581e229e4b278fd34b130e759,3,1555,0
2,ex2-s5-e1-a1-p06,05e12ab545f0ff015d9f26705c28409427a259b581e229e4b278fd34b130e759,3,1556,0
2,ex2-s5-e1-a1-p06,05e12ab545f0ff015d9f26705c28409427a259b581e229e4b278fd34b130e759,3,1557,0
2,ex2-s5-e1-a1-p06,05e12ab545f0ff015d9f26705c28409427a259b581e229e4b278fd34b130e759,3,1558,0
2,ex2-s5-e1-a1-p06,05e12ab545f0ff015d9f26705c28409427a259b581e229e4b278fd34b130e759,3,1559,0
2,ex2-s5-e1-a1-p06,05e12ab545f0ff015d9f26705c28409427a259b581e229e4b278fd34b130e759,3,1560,100
2,ex2-s5-e1-a1-p06,05e12ab545f0ff015d9f26705c28409427a259b581e229e4b278fd34b130e759,3,1561,0
2,ex2-s5-e1-a1-p06,05e12ab545f0ff015d9f26705c28409427a259b581e229e4b278fd34b130e759,3,1562,0
2,ex2-s5-e1-a1-p06,05e12ab545f0ff015d9f26705c28409427a259b581e229e4b278fd34b130e759,3,1563,0
2,ex2-s5-e1-a1-p06,05e12ab545f0ff015d9f26705c28409427a259b581e229e4b278fd34b130e759,3,1564,0
2,ex2-s5-e1-a1-p06,05e12ab545f0ff015d9f26705c28409427a259b581e229e4b278fd34b130e759,3,1565,0
2,ex2-s5-e1-a1-p06,05e12ab545f0ff015d9f26705c28409427a259b581e229e4b278fd34b130e759,3,1566,0
2,ex2-s5-e1-a1-p06,05e12ab545f0ff015d9f26705c28409427a259b581e229e4b278fd34b130e759,3,1567,100
2,ex2-s5-e1-a1-p06,05e12ab545f0ff015d9f26705c28409427a259b581e229e4b278fd34b130e759,3,1568,0
2,ex2-s5-e1-a1-p06,05e12ab545f0ff015d9f26705c28409427a259b581e229e4b278fd34b130e759,3,1569,0
2,ex2-s5-e1-a1-p06,05e12ab545f0ff015d9f26705c28409427a259b581e229e4b278fd34b130e759,3,1570,0
2,ex2-s5-e1-a1-p06,05e12ab545f0ff015d9f26705c28409427a259b581e229e4b278fd34b130e759,3,1571,0
2,ex2-s5-e1-a1-p06,05e12ab545f0ff015d9f26705c28409427a259b581e229e4b278fd34b130e759,3,1572,0
2,ex2-s5-e1-a1-p06,05e12ab545f0ff015d9f26705c28409427a259b581e229e4b278fd34b130e759,3,1573,100
2,ex2-s5-e1-a1-p06,05e12ab545f0ff015d9f26705c28409427a259b581e229e4b278fd34b130e759,3,1574,0
2,ex2-s5-e1-a1-p06,05e12ab545f0ff015d9f26705c28409427a259b581e229e4b278fd34b130e759,3,1575,0
2,ex2-s5-e1-a1-p06,05e12ab545f0ff015d9f26705c28409427a259b581e229e4b278fd34b130e759,3,1576,0
2,ex2-s5-e1-a1-p06,05e12ab545f0ff015d9f26705c28409427a259b581e229e4b278fd34b130e759,3,1577,0
2,ex2-s5-e1-a1-p06,05e12ab545f0ff015d9f26705c28409427a259b581e229e4b278fd34b130e759,3,1578,0
2,ex2-s5-e1-a1-p06,05e12ab545f0ff015d9f26705c28409427a259b581e229e4b278fd34b130e759,3,1579,0
2,ex2-s5-e1-a1-p06,05e12ab545f0ff015d9f26705c28409427a259b581e229e4b278fd34b130e759,3,1580,100
2,ex2-s5-e1-a1-p06,05e12ab545f0ff015d9f26705c28409427a259b581e229e4b278fd34b130e759,3,1581,0
2,ex2-s5-e1-a1-p06,05e12ab545f0ff015d9f26705c28409427a259b581e229e4b278fd34b130e759,3,1582,0
2,ex2-s5-e1-a1-p06,05e12ab545f0ff015d9f26705c28409427a259b581e229e4b278fd34b130e759,3,1583,0
2,ex2-s5-e1-a1-p06,05e12ab545f0ff015d9f26705c28409427a259b581e229e4b278fd34b130e759,3,1584,0
2,ex2-s5-e1-a1-p06,05e12ab545f0ff015d9f26705c28409427a259b581e229e4b278fd34b130e759,3,1585,0
2,ex2-s5-e1-a1-p06,05e12ab545f0ff015d9f26705c28409427a259b581e229e4b278fd34b130e759,3,1586,0
2,ex2-s5-e1-a1-p06,05e12ab545f0ff015d9f26705c28409427a259b581e229e4b278fd34b130e759,3,1587,100
2,ex2-s5-e1-a1-p06,05e12ab545f0ff015d9f26705c28409427a259b581e229e4b278fd34b130e759,3,1588,0
2,ex2-s5-e1-a1-p06,05e12ab545f0ff015d9f26705c28409427a259b581e229e4b278fd34b130e759,3,1589,0
2,ex2-s5-e1-a1-p06,05e12ab545f0ff015d9f26705c28409427a259b581e229e4b278fd34b130e759,3,1590,0
2,ex2-s5-e1-a1-p06,05e12ab545f0ff015d9f26705c28409427a259b581e229e4b278fd34b130e759,3,1591,0
2,ex2-s5-e1-a1-p06,05e12ab545f0ff015d9f26705c28409427a259b581e229e4b278fd34b130e759,3,1592,0
2,ex2-s5-e1-a1-p06,05e12ab545f0ff015d9f26705c28409427a259b581e229e4b278fd34b130e759,3,1593,100
2,ex2-s5-e1-a1-p06,05e12ab545f0ff015d9f26705c28409427a259b581e229e4b278fd34b130e759,3,1594,0
2,ex2-s5-e1-a1-p06,05e12ab545f0ff015d9f26705c28409427a259b581e229e4b278fd34b130e759,3,1595,0
2,ex2-s5-e1-a1-p06,05e12ab545f0ff015d9f26705c28409427a259b581e229e4b278fd34b130e759,3,1596,0
2,ex2-s5-e1-a1-p06,05e12ab545f0ff015d9f26705c28409427a259b581e229e4b278fd34b130e759,3,1597,0
2,ex2-s5-e1-a1-p06,05e12ab545f0ff015d9f26705c28409427a259b581e229e4b278fd34b130e759,3,1598,0
2,ex2-s5-e1-a1-p06,05e12ab545f0ff015d9f26705c28409427a259b581e229e4b278fd34b130e759,3,1599,0
2,ex2-s5-e1-a1-p06,05e12ab545f0ff015d9f26705c28409427a259b581e229e4b278fd34b130e759,3,1600,100
2,ex2-s5-e1-a1-p06,05e12ab545f0ff015d9f26705c28409427a259b581e229e4b278fd34b130e759,3,1601,0
2,ex2-s5-e1-a1-p06,05e12ab545f0ff015d9f26705c28409427a259b581e229e4b278fd34b130e759,3,1602,0
2,ex2-s5-e1-a1-p06,05e12ab545f0ff015d9f26705c28409427a259b581e229e4b278fd34b130e759,3,1603,0
2,ex2-s5-e1-a1-p06,05e12ab545f0ff015d9f26705c28409427a259b581e229e4b278fd34b130e759,3,1604,0
2,ex2-s5-e1-a1-p06,05e12ab545f0ff015d9f26705c28409427a259b581e229e4b278fd34b130e759,3,1605,0
2,ex2-s5-e1-a1-p06,05e12ab545f0ff015d9f26705c28409427a259b581e229e4b278fd34b130e759,3,1606,0
2,ex2-s5-e1-a1-p06,05e12ab545f0ff015d9f26705c28409427a259b581e229e4b278fd34b130e759,3,1607,100
2,ex2-s5-e1-a1-p06,05e12ab545f0ff015d9f26705c28409427a259b581e229e4b278fd34b130e759,3,1608,0
2,ex2-s5-e1-a1-p06,05e12ab545f0ff015d9f26705c28409427a259b581e229e4b278fd34b130e759,3,1609,0
2,ex2-s5-e1-a1-p06,05e12ab545f0ff015d9f26705c28409427a259b581e229e4b278fd34b130e759,3,1610,0
2,ex2-s5-e1-a1-p06,05e12ab545f0ff015d9f26705c28409427a259b581e229e4b278fd34b130e759,3,1611,0
2,ex2-s5-e1-a1-p06,05e12ab545f0ff015d9f26705c28409427a259b581e229e4b278fd34b130e759,3,1612,0
2,ex2-s5-e1-a1-p06,05e12ab545f0ff015d9f26705c28409427a259b581e229e4b278fd34b130e759,3,1613,100
2,ex2-s5-e1-a1-p06,05e12ab545f0ff015d9f26705c28409427a259b581e229e4b278fd34b130e759,3,1614,0
2,ex2-s5-e1-a1-p06,05e12ab545f0ff015d9f26705c28409427a259b581e229e4b278fd34b130e759,3,1615,0
2,ex2-s5-e1-a1-p06,05e12ab545f0ff015d9f26705c28409427a259b581e229e4b278fd34b130e759,3,1616,0
2,ex2-s5-e1-a1-p06,05e12ab545f0ff015d9f26705c28409427a259b581e229e4b278fd34b130e759,3,1617,0
2,ex2-s5-e1-a1-p06,05e12ab545f0ff015d9f26705c28409427a259b581e229e4b278fd34b130e759,3,1618,0
2,ex2-s5-e1-a1-p06,05e12ab545f0ff015d9f26705c28409427a259b581e229e4b278fd34b130e759,3,1619,0
2,ex2-s5-e1-a1-p06,05e12ab545f0ff015d9f26705c28409427a259b581e229e4b278fd34b130e759,3,1620,100
2,ex2-s5-e1-a1-p06,05e12ab545f0ff015d9f26705c28409427a259b581e229e4b278fd34b130e759,3,1621,0
2,ex2-s5-e1-a1-p06,05e12ab545f0ff015d9f26705c28409427a259b581e229e4b278fd34b130e759,3,1622,0
2,ex2-s5-e1-a1-p06,05e12ab545f0ff015d9f26705c28409427a259b581e229e4b278fd34b130e759,3,1623,0
2,ex2-s5-e1-a1-p06,05e12ab545f0ff015d9f26705c28409427a259b581e229e4b278fd34b130e759,3,1624,0
2,ex2-s5-e1-a1-p06,05e12ab545f0ff015d9f26705c28409427a259b581e229e4b278fd34b130e759,3,1625,0
2,ex2-s5-e1-a1-p06,05e12ab545f0ff015d9f26705c28409427a259b581e229e4b278fd34b130e759,3,1626,0
2,ex2-s5-e1-a1-p06,05e12ab545f0ff015d9f26705c28409427a259b581e229e4b278fd34b130e759,3,1627,100
2,ex2-s5-e1-a1-p06,05e12ab545f0ff015d9f26705c28409427a259b581e229e4b278fd34b130e759,3,1628,0
2,ex2-s5-e1-a1-p06,05e12ab545f0ff015d9f26705c28409427a259b581e229e4b278fd34b130e759,3,1629,0
2,ex2-s5-e1-a1-p06,05e12ab545f0ff015d9f26705c28409427a259b581e229e4b278fd34b130e759,3,1630,0
2,ex2-s5-e1-a1-p06,05e12ab545f0ff015d9f26705c28409427a259b581e229e4b278fd34b130e759,3,1631,0
2,ex2-s5-e1-a1-p06,05e12ab545f0ff015d9f26705c28409427a259b581e229e4b278fd34b130e759,3,1632,0
2,ex2-s5-e1-a1-p06,05e12ab545f0ff015d9f26705c28409427a259b581e229e4b278fd34b130e759,3,1633,100
2,ex2-s5-e1-a1-p06,05e12ab545f0ff015d9f26705c28409427a259b581e229e4b278fd34b130e759,3,1634,0
2,ex2-s5-e1-a1-p06,05e12ab545f0ff015d9f26705c28409427a259b581e229e4b278fd34b130e759,3,1635,0
2,ex2-s5-e1-a1-p06,05e12ab545f0ff015d9f26705c28409427a259b581e229e4b278fd34b130e759,3,1636,0
2,ex2-s5-e1-a1-p06,05e12ab545f0ff015d9f26705c28409427a259b581e229e4b278fd34b130e759,3,1637,0
2,ex2-s5-e1-a1-p06,05e12ab545f0ff015d9f26705c28409427a259b581e229e4b278fd34b130e759,3,1638,0
2,ex2-s5-e1-a1-p06,05e12ab545f0ff015d9f26705c28409427a259b581e229e4b278fd34b130e759,3,1639,0
2,ex2-s5-e1-a1-p06,05e12ab545f0ff015d9f26705c28409427a259b581e229e4b278fd34b130e759,3,1640,100
2,ex2-s5-e1-a1-p06,05e12ab545f0ff015d9f26705c28409427a259b581e229e4b278fd34b130e759,3,1641,0
2,ex2-s5-e1-a1-p06,05e12ab545f0ff015d9f26705c28409427a259b581e229e4b278fd34b130e759,3,1642,0
2,ex2-s5-e1-a1-p06,05e12ab545f0ff015d9f26705c28409427a259b581e229e4b278fd34b130e759,3,1643,0
2,ex2-s5-e1-a1-p06,05e12ab545f0ff015d9f26705c28409427a259b581e229e4b278fd34b130e759,3,1644,0
2,ex2-s5-e1-a1-p06,05e12ab545f0ff015d9f26705c28409427a259b581e229e4b278fd34b130e759,3,1645,0
2,ex2-s5-e1-a1-p06,05e12ab545f0ff015d9f26705c28409427a259b581e229e4b278fd34b130e759,3,1646,0
2,ex2-s5-e1-a1-p06,05e12ab545f0ff015d9f26705c28409427a259b581e229e4b278fd34b130e759,3,1647,100
2,ex2-s5-e1-a1-p06,05e12ab545f0ff015d9f26705c28409427a259b581e229e4b278fd34b130e759,3,1648,0
2,ex2-s5-e1-a1-p06,05e12ab545f0ff015d9f26705c28409427a259b581e229e4b278fd34b130e759,3,1649,0
2,ex2-s5-e1-a1-p06,05e12ab545f0ff015d9f26705c28409427a259b581e229e4b278fd34b130e759,3,1650,0
2,ex2-s5-e1-a1-p06,05e12ab545f0ff015d9f26705c28409427a259b581e229e4b278fd34b130e759,3,1651,0
2,ex2-s5-e1-a1-p06,05e12ab545f0ff015d9f26705c28409427a259b581e229e4b278fd34b130e759,3,1652,0
2,ex2-s5-e1-a1-p06,05e12ab545f0ff015d9f26705c28409427a259b581e229e4b278fd34b130e759,3,1653,100
2,ex2-s5-e1-a1-p06,05e12ab545f0ff015d9f26705c28409427a259b581e229e4b278fd34b130e759,3,1654,0
2,ex2-s5-e1-a1-p06,05e12ab545f0ff015d9f26705c28409427a259b581e229e4b278fd34b130e759,3,1655,0
2,ex2-s5-e1-a1-p06,05e12ab545f0ff015d9f26705c28409427a259b581e229e4b278fd34b130e759,3,1656,0
2,ex2-s5-e1-a1-p06,05e12ab545f0ff015d9f26705c28409427a259b581e229e4b278fd34b130e759,3,1657,0
2,ex2-s5-e1-a1-p06,05e12ab545f0ff015d9f26705c28409427a259b581e229e4b278fd34b130e759,3,1658,0
2,ex2-s5-e1-a1-p06,05e12ab545f0ff015d9f26705c28409427a259b581e229e4b278fd34b130e759,3,1659,0
2,ex2-s5-e1-a1-p06,05e12ab545f0ff015d9f26705c28409427a259b581e229e4b278fd34b130e759,3,1660,100
2,ex2-s5-e1-a1-p06,05e12ab545f0ff015d9f26705c28409427a259b581e229e4b278fd34b130e759,3,1661,0
2,ex2-s5-e1-a1-p06,05e12ab545f0ff015d9f26705c28409427a259b581e229e4b278fd34b130e759,3,1662,0
2,ex2-s5-e1-a1-p06,05e12ab545f0ff015d9f26705c28409427a259b581e229e4b278fd34b130e759,3,1663,0
2,ex2-s5-e1-a1-p06,05e12ab545f0ff015d9f26705c28409427a259b581e229e4b278fd34b130e759,3,1664,0
2,ex2-s5-e1-a1-p06,05e12ab545f0ff015d9f26705c28409427a259b581e229e4b278fd34b130e759,3,1665,0
2,ex2-s5-e1-a1-p06,05e12ab545f0ff015d9f26705c28409427a259b581e229e4b278fd34b130e759,3,1666,0
2,ex2-s5-e1-a1-p06,05e12ab545f0ff015d9f26705c28409427a259b581e229e4b278fd34b130e759,3,1667,100
2,ex2-s5-e1-a1-p06,05e12ab545f0ff015d9f26705c28409427a259b581e229e4b278fd34b130e759,3,1668,0
2,ex2-s5-e1-a1-p06,05e12ab545f0ff015d9f26705c28409427a259b581e229e4b278fd34b130e759,3,1669,0
2,ex2-s5-e1-a1-p06,05e12ab545f0ff015d9f26705c28409427a259b581e229e4b278fd34b130e759,3,1670,0
2,ex2-s5-e1-a1-p06,05e12ab545f0ff015d9f26705c28409427a259b581e229e4b278fd34b130e759,3,1671,0
2,ex2-s5-e1-a1-p06,05e12ab545f0ff015d9f26705c28409427a259b581e229e4b278fd34b130e759,3,1672,0
2,ex2-s5-e1-a1-p06,05e12ab545f0ff015d9f26705c28409427a259b581e229e4b278fd34b130e759,3,1673,100
2,ex2-s5-e1-a1-p06,05e12ab545f0ff015d9f26705c28409427a259b581e229e4b278fd34b130e759,3,1674,0
2,ex2-s5-e1-a1-p06,05e12ab545f0ff015d9f26705c28409427a259b581e229e4b278fd34b130e759,3,1675,0
2,ex2-s5-e1-a1-p06,05e12ab545f0ff015d9f26705c28409427a259b581e229e4b278fd34b130e759,3,1676,0
2,ex2-s5-e1-a1-p06,05e12ab545f0ff015d9f26705c28409427a259b581e229e4b278fd34b130e759,3,1677,0
2,ex2-s5-e1-a1-p06,05e12ab545f0ff015d9f26705c28409427a259b581e229e4b278fd34b130e759,3,1678,0
2,ex2-s5-e1-a1-p06,05e12ab545f0ff015d9f26705c28409427a259b581e229e4b278fd34b130e759,3,1679,0
2,ex2-s5-e1-a1-p06,05e12ab545f0ff015d9f26705c28409427a259b581e229e4b278fd34b130e759,3,1680,100
2,ex2-s5-e1-a1-p06,05e12ab545f0ff015d9f26705c28409427a259b581e229e4b278fd34b130e759,3,1681,0
2,ex2-s5-e1-a1-p06,05e12ab545f0ff015d9f26705c28409427a259b581e229e4b278fd34b130e759,3,1682,0
2,ex2-s5-e1-a1-p06,05e12ab545f0ff015d9f26705c28409427a259b581e229e4b278fd34b130e759,3,1683,0
2,ex2-s5-e1-a1-p06,05e12ab545f0ff015d9f26705c28409427a259b581e229e4b278fd34b130e759,3,1684,0
2,ex2-s5-e1-a1-p06,05e12ab545f0ff015d9f26705c28409427a259b581e229e4b278fd34b130e759,3,1685,0
2,ex2-s5-e1-a1-p06,05e12ab545f0ff015d9f26705c28409427a259b581e229e4b278fd34b130e759,3,1686,0
2,ex2-s5-e1-a1-p06,05e12ab545f0ff015d9f26705c28409427a259b581e229e4b278fd34b130e759,3,1687,100
2,ex2-s5-e1-a1-p06,05e12ab545f0ff015d9f26705c28409427a259b581e229e4b278fd34b130e759,3,1688,0
2,ex2-s5-e1-a1-p06,05e12ab545f0ff015d9f26705c28409427a259b581e229e4b278fd34b130e759,3,1689,0
2,ex2-s5-e1-a1-p06,05e12ab545f0ff015d9f26705c28409427a259b581e229e4b278fd34b130e759,3,1690,0
2,ex2-s5-e1-a1-p06,05e12ab545f0ff015d9f26705c28409427a259b581e229e4b278fd34b130e759,3,1691,0
2,ex2-s5-e1-a1-p06,05e12ab545f0ff015d9f26705c28409427a259b581e229e4b278fd34b130e759,3,1692,0
2,ex2-s5-e1-a1-p06,05e12ab545f0ff015d9f26705c28409427a259b581e229e4b278fd34b130e759,3,1693,100
2,ex2-s5-e1-a1-p06,05e12ab545f0ff015d9f26705c28409427a259b581e229e4b278fd34b130e759,3,1694,0
2,ex2-s5-e1-a1-p06,05e12ab545f0ff015d9f26705c28409427a259b581e229e4b278fd34b130e759,3,1695,0
2,ex2-s5-e1-a1-p06,05e12ab545f0ff015d9f26705c28409427a259b581e229e4b278fd34b130e759,3,1696,0
2,ex2-s5-e1-a1-p06,05e12ab545f0ff015d9f26705c28409427a259b581e229e4b278fd34b130e759,3,1697,0
2,ex2-s5-e1-a1-p06,05e12ab545f0ff015d9f26705c28409427a259b581e229e4b278fd34b130e759,3,1698,0
2,ex2-s5-e1-a1-p06,05e12ab545f0ff015d9f26705c28409427a259b581e229e4b278fd34b130e759,3,1699,0
2,ex2-s5-e1-a1-p06,05e12ab545f0ff015d9f26705c28409427a259b581e229e4b278fd34b130e759,3,1700,100
2,ex2-s5-e1-a1-p06,05e12ab545f0ff015d9f26705c28409427a259b581e229e4b278fd34b130e759,3,1701,0
2,ex2-s5-e1-a1-p06,05e12ab545f0ff015d9f26705c28409427a259b581e229e4b278fd34b130e759,3,1702,0
2,ex2-s5-e1-a1-p06,05e12ab545f0ff015d9f26705c28409427a259b581e229e4b278fd34b130e759,3,1703,0
2,ex2-s5-e1-a1-p06,05e12ab545f0ff015d9f26705c28409427a259b581e229e4b278fd34b130e759,3,1704,0
2,ex2-s5-e1-a1-p06,05e12ab545f0ff015d9f26705c28409427a259b581e229e4b278fd34b130e759,3,1705,0
2,ex2-s5-e1-a1-p06,05e12ab545f0ff015d9f26705c28409427a259b581e229e4b278fd34b130e759,3,1706,0
2,ex2-s5-e1-a1-p06,05e12ab545f0ff015d9f26705c28409427a259b581e229e4b278fd34b130e759,3,1707,100
2,ex2-s5-e1-a1-p06,05e12ab545f0ff015d9f26705c28409427a259b581e229e4b278fd34b130e759,3,1708,0
2,ex2-s5-e1-a1-p06,05e12ab545f0ff015d9f26705c28409427a259b581e229e4b278fd34b130e759,3,1709,0
2,ex2-s5-e1-a1-p06,05e12ab545f0ff015d9f26705c28409427a259b581e229e4b278fd34b130e759,3,1710,0
2,ex2-s5-e1-a1-p06,05e12ab545f0ff015d9f26705c28409427a259b581e229e4b278fd34b130e759,3,1711,0
2,ex2-s5-e1-a1-p06,05e12ab545f0ff015d9f26705c28409427a259b581e229e4b278fd34b130e759,3,1712,0
2,ex2-s5-e1-a1-p06,05e12ab545f0ff015d9f26705c28409427a259b581e229e4b278fd34b130e759,3,1713,100
2,ex2-s5-e1-a1-p06,05e12ab545f0ff015d9f26705c28409427a259b581e229e4b278fd34b130e759,3,1714,0
2,ex2-s5-e1-a1-p06,05e12ab545f0ff015d9f26705c28409427a259b581e229e4b278fd34b130e759,3,1715,0
2,ex2-s5-e1-a1-p06,05e12ab545f0ff015d9f26705c28409427a259b581e229e4b278fd34b130e759,3,1716,0
2,ex2-s5-e1-a1-p06,05e12ab545f0ff015d9f26705c28409427a259b581e229e4b278fd34b130e759,3,1717,0
2,ex2-s5-e1-a1-p06,05e12ab545f0ff015d9f26705c28409427a259b581e229e4b278fd34b130e759,3,1718,0
2,ex2-s5-e1-a1-p06,05e12ab545f0ff015d9f26705c28409427a259b581e229e4b278fd34b130e759,3,1719,0
2,ex2-s5-e1-a1-p06,05e12ab545f0ff015d9f26705c28409427a259b581e229e4b278fd34b130e759,3,1720,100
2,ex2-s5-e1-a1-p06,05e12ab545f0ff015d9f26705c28409427a259b581e229e4b278fd34b130e759,3,1721,0
2,ex2-s5-e1-a1-p06,05e12ab545f0ff015d9f26705c28409427a259b581e229e4b278fd34b130e759,3,1722,0
2,ex2-s5-e1-a1-p06,05e12ab545f0ff015d9f26705c28409427a259b581e229e4b278fd34b130e759,3,1723,0
2,ex2-s5-e1-a1-p06,05e12ab545f0ff015d9f26705c28409427a259b581e229e4b278fd34b130e759,3,1724,0
2,ex2-s5-e1-a1-p06,05e12ab545f0ff015d9f26705c28409427a259b581e229e4b278fd34b130e759,3,1725,0
2,ex2-s5-e1-a1-p06,05e12ab545f0ff015d9f26705c28409427a259b581e229e4b278fd34b130e759,3,1726,0
2,ex2-s5-e1-a1-p06,05e12ab545f0ff015d9f26705c28409427a259b581e229e4b278fd34b130e759,3,1727,100
2,ex2-s5-e1-a1-p06,05e12ab545f0ff015d9f26705c28409427a259b581e229e4b278fd34b130e759,3,1728,0
2,ex2-s5-e1-a1-p06,05e12ab545f0ff015d9f26705c28409427a259b581e229e4b278fd34b130e759,3,1729,0
2,ex2-s5-e1-a1-p06,05e12ab545f0ff015d9f26705c28409427a259b581e229e4b278fd34b130e759,3,1730,0
2,ex2-s5-e1-a1-p06,05e12ab545f0ff015d9f26705c28409427a259b581e229e4b278fd34b130e759,3,1731,0
2,ex2-s5-e1-a1-p06,05e12ab545f0ff015d9f26705c28409427a259b581e229e4b278fd34b130e759,3,1732,0
2,ex2-s5-e1-a1-p06,05e12ab545f0ff015d9f26705c28409427a259b581e229e4b278fd34b130e759,3,1733,100
2,ex2-s5-e1-a1-p06,05e12ab545f0ff015d9f26705c28409427a259b581e229e4b278fd34b130e759,3,1734,0
2,ex2-s5-e1-a1-p06,05e12ab545f0ff015d9f26705c28409427a259b581e229e4b278fd34b130e759,3,1735,0
2,ex2-s5-e1-a1-p06,05e12ab545f0ff015d9f26705c28409427a259b581e229e4b278fd34b130e759,3,1736,0
2,ex2-s5-e1-a1-p06,05e12ab545f0ff015d9f26705c28409427a259b581e229e4b278fd34b130e759,3,1737,0
2,ex2-s5-e1-a1-p06,05e12ab545f0ff015d9f26705c28409427a259b581e229e4b278fd34b130e759,3,1738,0
2,ex2-s5-e1-a1-p06,05e12ab545f0ff015d9f26705c28409427a259b581e229e4b278fd34b130e759,3,1739,0
2,ex2-s5-e1-a1-p06,05e12ab545f0ff015d9f26705c28409427a259b581e229e4b278fd34b130e759,3,1740,100
2,ex2-s5-e1-a1-p06,05e12ab545f0ff015d9f26705c28409427a259b581e229e4b278fd34b130e759,3,1741,0
2,ex2-s5-e1-a1-p06,05e12ab545f0ff015d9f26705c28409427a259b581e229e4b278fd34b130e759,3,1742,0
2,ex2-s5-e1-a1-p06,05e12ab545f0ff015d9f26705c28409427a259b581e229e4b278fd34b130e759,3,1743,0
2,ex2-s5-e1-a1-p06,05e12ab545f0ff015d9f26705c28409427a259b581e229e4b278fd34b130e759,3,1744,0
2,ex2-s5-e1-a1-p06,05e12ab545f0ff015d9f26705c28409427a259b581e229e4b278fd34b130e759,3,1745,0
2,ex2-s5-e1-a1-p06,05e12ab545f0ff015d9f26705c28409427a259b581e229e4b278fd34b130e759,3,1746,0
2,ex2-s5-e1-a1-p06,05e12ab545f0ff015d9f26705c28409427a259b581e229e4b278fd34b130e759,3,1747,100
2,ex2-s5-e1-a1-p06,05e12ab545f0ff015d9f26705c28409427a259b581e229e4b278fd34b130e759,3,1748,0
2,ex2-s5-e1-a1-p06,05e12ab545f0ff015d9f26705c28409427a259b581e229e4b278fd34b130e759,3,1749,0
2,ex2-s5-e1-a1-p06,05e12ab545f0ff015d9f26705c28409427a259b581e229e4b278fd34b130e759,3,1750,0
2,ex2-s5-e1-a1-p06,05e12ab545f0ff015d9f26705c28409427a259b581e229e4b278fd34b130e759,3,1751,0
2,ex2-s5-e1-a1-p06,05e12ab545f0ff015d9f26705c28409427a259b581e229e4b278fd34b130e759,3,1752,0
2,ex2-s5-e1-a1-p06,05e12ab545f0ff015d9f26705c28409427a259b581e229e4b278fd34b130e759,3,1753,100
2,ex2-s5-e1-a1-p06,05e12ab545f0ff015d9f26705c28409427a259b581e229e4b278fd34b130e759,3,1754,0
2,ex2-s5-e1-a1-p06,05e12ab545f0ff015d9f26705c28409427a259b581e229e4b278fd34b130e759,3,1755,0
2,ex2-s5-e1-a1-p06,05e12ab545f0ff015d9f26705c28409427a259b581e229e4b278fd34b130e759,3,1756,0
2,ex2-s5-e1-a1-p06,05e12ab545f0ff015d9f26705c28409427a259b581e229e4b278fd34b130e759,3,1757,0
2,ex2-s5-e1-a1-p06,05e12ab545f0ff015d9f26705c28409427a259b581e229e4b278fd34b130e759,3,1758,0
2,ex2-s5-e1-a1-p06,05e12ab545f0ff015d9f26705c28409427a259b581e229e4b278fd34b130e759,3,1759,0
2,ex2-s5-e1-a1-p06,05e12ab545f0ff015d9f26705c28409427a259b581e229e4b278fd34b130e759,3,1760,100
2,ex2-s5-e1-a1-p06,05e12ab545f0ff015d9f26705c28409427a259b581e229e4b278fd34b130e759,3,1761,0
2,ex2-s5-e1-a1-p06,05e12ab545f0ff015d9f26705c28409427a259b581e229e4b278fd34b130e759,3,1762,0
2,ex2-s5-e1-a1-p06,05e12ab545f0ff015d9f26705c28409427a259b581e229e4b278fd34b130e759,3,1763,0
2,ex2-s5-e1-a1-p06,05e12ab545f0ff015d9f26705c28409427a259b581e229e4b278fd34b130e759,3,1764,0
2,ex2-s5-e1-a1-p06,05e12ab545f0ff015d9f26705c28409427a259b581e229e4b278fd34b130e759,3,1765,0
2,ex2-s5-e1-a1-p06,05e12ab545f0ff015d9f26705c28409427a259b581e229e4b278fd34b130e759,3,1766,0
2,ex2-s5-e1-a1-p06,05e12ab545f0ff015d9f26705c28409427a259b581e229e4b278fd34b130e759,3,1767,100
2,ex2-s5-e1-a1-p06,05e12ab545f0ff015d9f26705c28409427a259b581e229e4b278fd34b130e759,3,1768,0
2,ex2-s5-e1-a1-p06,05e12ab545f0ff015d9f26705c28409427a259b581e229e4b278fd34b130e759,3,1769,0
2,ex2-s5-e1-a1-p06,05e12ab545f0ff015d9f26705c28409427a259b581e229e4b278fd34b130e759,3,1770,0
2,ex2-s5-e1-a1-p06,05e12ab545f0ff015d9f26705c28409427a259b581e229e4b278fd34b130e759,3,1771,0
2,ex2-s5-e1-a1-p06,05e12ab545f0ff015d9f26705c28409427a259b581e229e4b278fd34b130e759,3,1772,0
2,ex2-s5-e1-a1-p06,05e12ab545f0ff015d9f26705c28409427a259b581e229e4b278fd34b130e759,3,1773,100
2,ex2-s5-e1-a1-p06,05e12ab545f0ff015d9f26705c28409427a259b581e229e4b278fd34b130e759,3,1774,0
2,ex2-s5-e1-a1-p06,05e12ab545f0ff015d9f26705c28409427a259b581e229e4b278fd34b130e759,3,1775,0
2,ex2-s5-e1-a1-p06,05e12ab545f0ff015d9f26705c28409427a259b581e229e4b278fd34b130e759,3,1776,0
2,ex2-s5-e1-a1-p06,05e12ab545f0ff015d9f26705c28409427a259b581e229e4b278fd34b130e759,3,1777,0
2,ex2-s5-e1-a1-p06,05e12ab545f0ff015d9f26705c28409427a259b581e229e4b278fd34b130e759,3,1778,0
2,ex2-s5-e1-a1-p06,05e12ab545f0ff015d9f26705c28409427a259b581e229e4b278fd34b130e759,3,1779,0
2,ex2-s5-e1-a1-p06,05e12ab545f0ff015d9f26705c28409427a259b581e229e4b278fd34b130e759,3,1780,100
2,ex2-s5-e1-a1-p06,05e12ab545f0ff015d9f26705c28409427a259b581e229e4b278fd34b130e759,3,1781,0
2,ex2-s5-e1-a1-p06,05e12ab545f0ff015d9f26705c28409427a259b581e229e4b278fd34b130e759,3,1782,0
2,ex2-s5-e1-a1-p06,05e12ab545f0ff015d9f26705c28409427a259b581e229e4b278fd34b130e759,3,1783,0
2,ex2-s5-e1-a1-p06,05e12ab545f0ff015d9f26705c28409427a259b581e229e4b278fd34b130e759,3,1784,0
2,ex2-s5-e1-a1-p06,05e12ab545f0ff015d9f26705c28409427a259b581e229e4b278fd34b130e759,3,1785,0
2,ex2-s5-e1-a1-p06,05e12ab545f0ff015d9f26705c28409427a259b581e229e4b278fd34b130e759,3,1786,0
2,ex2-s5-e1-a1-p06,05e12ab545f0ff015d9f26705c28409427a259b581e229e4b278fd34b130e759,3,1787,100
2,ex2-s5-e1-a1-p06,05e12ab545f0ff015d9f26705c28409427a259b581e229e4b278fd34b130e759,3,1788,0
2,ex2-s5-e1-a1-p06,05e12ab545f0ff015d9f26705c28409427a259b581e229e4b278fd34b130e759,3,1789,0
2,ex2-s5-e1-a1-p06,05e12ab545f0ff015d9f26705c28409427a259b581e229e4b278fd34b130e759,3,1790,0
2,ex2-s5-e1-a1-p06,05e12ab545f0ff015d9f26705c28409427a259b581e229e4b278fd34b130e759,3,1791,0
2,ex2-s5-e1-a1-p06,05e12ab545f0ff015d9f26705c28409427a259b581e229e4b278fd34b130e759,3,1792,0
2,ex2-s5-e1-a1-p06,05e12ab545f0ff015d9f26705c28409427a259b581e229e4b278fd34b130e759,3,1793,100
2,ex2-s5-e1-a1-p06,05e12ab545f0ff015d9f26705c28409427a259b581e229e4b278fd34b130e759,3,1794,0
2,ex2-s5-e1-a1-p06,05e12ab545f0ff015d9f26705c28409427a259b581e229e4b278fd34b130e759,3,1795,0
2,ex2-s5-e1-a1-p06,05e12ab545f0ff015d9f26705c28409427a259b581e229e4b278fd34b130e759,3,1796,0
2,ex2-s5-e1-a1-p06,05e12ab545f0ff015d9f26705c28409427a259b581e229e4b278fd34b130e759,3,1797,0
2,ex2-s5-e1-a1-p06,05e12ab545f0ff015d9f26705c28409427a259b581e229e4b278fd34b130e759,3,1798,0
2,ex2-s5-e1-a1-p06,05e12ab545f0ff015d9f26705c28409427a259b581e229e4b278fd34b130e759,3,1799,0
2,ex2-s5-e1-a1-p06,05e12ab545f0ff015d9f26705c28409427a259b581e229e4b278fd34b130e759,3,1800,100
2,ex2-s5-e1-a1-p06,05e12ab545f0ff015d9f26705c28409427a259b581e229e4b278fd34b130e759,3,1801,0
2,ex2-s5-e1-a1-p06,05e12ab545f0ff015d9f26705c28409427a259b581e229e4b278fd34b130e759,3,1802,0
2,ex2-s5-e1-a1-p06,05e12ab545f0ff015d9f26705c28409427a259b581e229e4b278fd34b130e759,3,1803,0
2,ex2-s5-e1-a1-p06,05e12ab545f0ff015d9f26705c28409427a259b581e229e4b278fd34b130e759,3,1804,0
2,ex2-s5-e1-a1-p06,05e12ab545f0ff015d9f26705c28409427a259b581e229e4b278fd34b130e759,3,1805,0
2,ex2-s5-e1-a1-p06,05e12ab545f0ff015d9f26705c28409427a259b581e229e4b278fd34b130e759,3,1806,0
2,ex2-s5-e1-a1-p06,05e12ab545f0ff015d9f26705c28409427a259b581e229e4b278fd34b130e759,3,1807,100
2,ex2-s5-e1-a1-p06,05e12ab545f0ff015d9f26705c28409427a259b581e229e4b278fd34b130e759,3,1808,0
2,ex2-s5-e1-a1-p06,05e12ab545f0ff015d9f26705c28409427a259b581e229e4b278fd34b130e759,3,1809,0
2,ex2-s5-e1-a1-p06,05e12ab545f0ff015d9f26705c28409427a259b581e229e4b278fd34b130e759,3,1810,0
2,ex2-s5-e1-a1-p06,05e12ab545f0ff015d9f26705c28409427a259b581e229e4b278fd34b130e759,3,1811,0
2,ex2-s5-e1-a1-p06,05e12ab545f0ff015d9f26705c28409427a259b581e229e4b278fd34b130e759,3,1812,0
2,ex2-s5-e1-a1-p06,05e12ab545f0ff015d9f26705c28409427a259b581e229e4b278fd34b130e759,3,1813,100
2,ex2-s5-e1-a1-p06,05e12ab545f0ff015d9f26705c28409427a259b581e229e4b278fd34b130e759,3,1814,0
2,ex2-s5-e1-a1-p06,05e12ab545f0ff015d9f26705c28409427a259b581e229e4b278fd34b130e759,3,1815,0
2,ex2-s5-e1-a1-p06,05e12ab545f0ff015d9f26705c28409427a259b581e229e4b278fd34b130e759,3,1816,0
2,ex2-s5-e1-a1-p06,05e12ab545f0ff015d9f26705c28409427a259b581e229e4b278fd34b130e759,3,1817,0
2,ex2-s5-e1-a1-p06,05e12ab545f0ff015d9f26705c28409427a259b581e229e4b278fd34b130e759,3,1818,0
2,ex2-s5-e1-a1-p06,05e12ab545f0ff015d9f26705c28409427a259b581e229e4b278fd34b130e759,3,1819,0
2,ex2-s5-e1-a1-p06,05e12ab545f0ff015d9f26705c28409427a259b581e229e4b278fd34b130e759,3,1820,100
2,ex2-s5-e1-a1-p06,05e12ab545f0ff015d9f26705c28409427a259b581e229e4b278fd34b130e759,3,1821,0
2,ex2-s5-e1-a1-p06,05e12ab545f0ff015d9f26705c28409427a259b581e229e4b278fd34b130e759,3,1822,0
2,ex2-s5-e1-a1-p06,05e12ab545f0ff015d9f26705c28409427a259b581e229e4b278fd34b130e759,3,1823,0
2,ex2-s5-e1-a1-p06,05e12ab545f0ff015d9f26705c28409427a259b581e229e4b278fd34b130e759,3,1824,0
2,ex2-s5-e1-a1-p06,05e12ab545f0ff015d9f26705c28409427a259b581e229e4b278fd34b130e759,3,1825,0
2,ex2-s5-e1-a1-p06,05e12ab545f0ff015d9f26705c28409427a259b581e229e4b278fd34b130e759,3,1826,0
2,ex2-s5-e1-a1-p06,05e12ab545f0ff015d9f26705c28409427a259b581e229e4b278fd34b130e759,3,1827,100
2,ex2-s5-e1-a1-p06,05e12ab545f0ff015d9f26705c28409427a259b581e229e4b278fd34b130e759,3,1828,0
2,ex2-s5-e1-a1-p06,05e12ab545f0ff015d9f26705c28409427a259b581e229e4b278fd34b130e759,3,1829,0
2,ex2-s5-e1-a1-p06,05e12ab545f0ff015d9f26705c28409427a259b581e229e4b278fd34b130e759,3,1830,0
2,ex2-s5-e1-a1-p06,05e12ab545f0ff015d9f26705c28409427a259b581e229e4b278fd34b130e759,3,1831,0
2,ex2-s5-e1-a1-p06,05e12ab545f0ff015d9f26705c28409427a259b581e229e4b278fd34b130e759,3,1832,0
2,ex2-s5-e1-a1-p06,05e12ab545f0ff015d9f26705c28409427a259b581e229e4b278fd34b130e759,3,1833,100
2,ex2-s5-e1-a1-p06,05e12ab545f0ff015d9f26705c28409427a259b581e229e4b278fd34b130e759,3,1834,0
2,ex2-s5-e1-a1-p06,05e12ab545f0ff015d9f26705c28409427a259b581e229e4b278fd34b130e759,3,1835,0
2,ex2-s5-e1-a1-p06,05e12ab545f0ff015d9f26705c28409427a259b581e229e4b278fd34b130e759,3,1836,0
2,ex2-s5-e1-a1-p06,05e12ab545f0ff015d9f26705c28409427a259b581e229e4b278fd34b130e759,3,1837,0
2,ex2-s5-e1-a1-p06,05e12ab545f0ff015d9f26705c28409427a259b581e229e4b278fd34b130e759,3,1838,0
2,ex2-s5-e1-a1-p06,05e12ab545f0ff015d9f26705c28409427a259b581e229e4b278fd34b130e759,3,1839,0
2,ex2-s5-e1-a1-p06,05e12ab545f0ff015d9f26705c28409427a259b581e229e4b278fd34b130e759,3,1840,100
2,ex2-s5-e1-a1-p06,05e12ab545f0ff015d9f26705c28409427a259b581e229e4b278fd34b130e759,3,1841,0
2,ex2-s5-e1-a1-p06,05e12ab545f0ff015d9f26705c28409427a259b581e229e4b278fd34b130e759,3,1842,0
2,ex2-s5-e1-a1-p06,05e12ab545f0ff015d9f26705c28409427a259b581e229e4b278fd34b130e759,3,1843,0
2,ex2-s5-e1-a1-p06,05e12ab545f0ff015d9f26705c28409427a259b581e229e4b278fd34b130e759,3,1844,0
2,ex2-s5-e1-a1-p06,05e12ab545f0ff015d9f26705c28409427a259b581e229e4b278fd34b130e759,3,1845,0
2,ex2-s5-e1-a1-p06,05e12ab545f0ff015d9f26705c28409427a259b581e229e4b278fd34b130e759,3,1846,0
2,ex2-s5-e1-a1-p06,05e12ab545f0ff015d9f26705c28409427a259b581e229e4b278fd34b130e759,3,1847,100
2,ex2-s5-e1-a1-p06,05e12ab545f0ff015d9f26705c28409427a259b581e229e4b278fd34b130e759,3,1848,0
2,ex2-s5-e1-a1-p06,05e12ab545f0ff015d9f26705c28409427a259b581e229e4b278fd34b130e759,3,1849,0
2,ex2-s5-e1-a1-p06,05e12ab545f0ff015d9f26705c28409427a259b581e229e4b278fd34b130e759,3,1850,0
2,ex2-s5-e1-a1-p06,05e12ab545f0ff015d9f26705c28409427a259b581e229e4b278fd34b130e759,3,1851,0
2,ex2-s5-e1-a1-p06,05e12ab545f0ff015d9f26705c28409427a259b581e229e4b278fd34b130e759,3,1852,0
2,ex2-s5-e1-a1-p06,05e12ab545f0ff015d9f26705c28409427a259b581e229e4b278fd34b130e759,3,1853,100
2,ex2-s5-e1-a1-p06,05e12ab545f0ff015d9f26705c28409427a259b581e229e4b278fd34b130e759,3,1854,0
2,ex2-s5-e1-a1-p06,05e12ab545f0ff015d9f26705c28409427a259b581e229e4b278fd34b130e759,3,1855,0
2,ex2-s5-e1-a1-p06,05e12ab545f0ff015d9f26705c28409427a259b581e229e4b278fd34b130e759,3,1856,0
2,ex2-s5-e1-a1-p06,05e12ab545f0ff015d9f26705c28409427a259b581e229e4b278fd34b130e759,3,1857,0
2,ex2-s5-e1-a1-p06,05e12ab545f0ff015d9f26705c28409427a259b581e229e4b278fd34b130e759,3,1858,0
2,ex2-s5-e1-a1-p06,05e12ab545f0ff015d9f26705c28409427a259b581e229e4b278fd34b130e759,3,1859,0
2,ex2-s5-e1-a1-p06,05e12ab545f0ff015d9f26705c28409427a259b581e229e4b278fd34b130e759,3,1860,100
2,ex2-s5-e1-a1-p06,05e12ab545f0ff015d9f26705c28409427a259b581e229e4b278fd34b130e759,3,1861,0
2,ex2-s5-e1-a1-p06,05e12ab545f0ff015d9f26705c28409427a259b581e229e4b278fd34b130e759,3,1862,0
2,ex2-s5-e1-a1-p06,05e12ab545f0ff015d9f26705c28409427a259b581e229e4b278fd34b130e759,3,1863,0
2,ex2-s5-e1-a1-p06,05e12ab545f0ff015d9f26705c28409427a259b581e229e4b278fd34b130e759,3,1864,0
2,ex2-s5-e1-a1-p06,05e12ab545f0ff015d9f26705c28409427a259b581e229e4b278fd34b130e759,3,1865,0
2,ex2-s5-e1-a1-p06,05e12ab545f0ff015d9f26705c28409427a259b581e229e4b278fd34b130e759,3,1866,0
2,ex2-s5-e1-a1-p06,05e12ab545f0ff015d9f26705c28409427a259b581e229e4b278fd34b130e759,3,1867,100
2,ex2-s5-e1-a1-p06,05e12ab545f0ff015d9f26705c28409427a259b581e229e4b278fd34b130e759,3,1868,0
2,ex2-s5-e1-a1-p06,05e12ab545f0ff015d9f26705c28409427a259b581e229e4b278fd34b130e759,3,1869,0
2,ex2-s5-e1-a1-p06,05e12ab545f0ff015d9f26705c28409427a259b581e229e4b278fd34b130e759,3,1870,0
2,ex2-s5-e1-a1-p06,05e12ab545f0ff015d9f26705c28409427a259b581e229e4b278fd34b130e759,3,1871,0
2,ex2-s5-e1-a1-p06,05e12ab545f0ff015d9f26705c28409427a259b581e229e4b278fd34b130e759,3,1872,0
2,ex2-s5-e1-a1-p06,05e12ab545f0ff015d9f26705c28409427a259b581e229e4b278fd34b130e759,3,1873,100
2,ex2-s5-e1-a1-p06,05e12ab545f0ff015d9f26705c28409427a259b581e229e4b278fd34b130e759,3,1874,0
2,ex2-s5-e1-a1-p06,05e12ab545f0ff015d9f26705c28409427a259b581e229e4b278fd34b130e759,3,1875,0
2,ex2-s5-e1-a1-p06,05e12ab545f0ff015d9f26705c28409427a259b581e229e4b278fd34b130e759,3,1876,0
2,ex2-s5-e1-a1-p06,05e12ab545f0ff015d9f26705c28409427a259b581e229e4b278fd34b130e759,3,1877,0
2,ex2-s5-e1-a1-p06,05e12ab545f0ff015d9f26705c28409427a259b581e229e4b278fd34b130e759,3,1878,0
2,ex2-s5-e1-a1-p06,05e12ab545f0ff015d9f26705c28409427a259b581e229e4b278fd34b130e759,3,1879,0
2,ex2-s5-e1-a1-p06,05e12ab545f0ff015d9f26705c28409427a259b581e229e4b278fd34b130e759,3,1880,100
2,ex2-s5-e1-a1-p06,05e12ab545f0ff015d9f26705c28409427a259b581e229e4b278fd34b130e759,3,1881,0
2,ex2-s5-e1-a1-p06,05e12ab545f0ff015d9f26705c28409427a259b581e229e4b278fd34b130e759,3,1882,0
2,ex2-s5-e1-a1-p06,05e12ab545f0ff015d9f26705c28409427a259b581e229e4b278fd34b130e759,3,1883,0
2,ex2-s5-e1-a1-p06,05e12ab545f0ff015d9f26705c28409427a259b581e229e4b278fd34b130e759,3,1884,0
2,ex2-s5-e1-a1-p06,05e12ab545f0ff015d9f26705c28409427a259b581e229e4b278fd34b130e759,3,1885,0
2,ex2-s5-e1-a1-p06,05e12ab545f0ff015d9f26705c28409427a259b581e229e4b278fd34b130e759,3,1886,0
2,ex2-s5-e1-a1-p06,05e12ab545f0ff015d9f26705c28409427a259b581e229e4b278fd34b130e759,3,1887,100
2,ex2-s5-e1-a1-p06,05e12ab545f0ff015d9f26705c28409427a259b581e229e4b278fd34b130e759,3,1888,0
2,ex2-s5-e1-a1-p06,05e12ab545f0ff015d9f26705c28409427a259b581e229e4b278fd34b130e759,3,1889,0
2,ex2-s5-e1-a1-p06,05e12ab545f0ff015d9f26705c28409427a259b581e229e4b278fd34b130e759,3,1890,0
2,ex2-s5-e1-a1-p06,05e12ab545f0ff015d9f26705c28409427a259b581e229e4b278fd34b130e759,3,1891,0
2,ex2-s5-e1-a1-p06,05e12ab545f0ff015d9f26705c28409427a259b581e229e4b278fd34b130e759,3,1892,0
2,ex2-s5-e1-a1-p06,05e12ab545f0ff015d9f26705c28409427a259b581e229e4b278fd34b130e759,3,1893,100
2,ex2-s5-e1-a1-p06,05e12ab545f0ff015d9f26705c28409427a259b581e229e4b278fd34b130e759,3,1894,0
2,ex2-s5-e1-a1-p06,05e12ab545f0ff015d9f26705c28409427a259b581e229e4b278fd34b130e759,3,1895,0
2,ex2-s5-e1-a1-p06,05e12ab545f0ff015d9f26705c28409427a259b581e229e4b278fd34b130e759,3,1896,0
2,ex2-s5-e1-a1-p06,05e12ab545f0ff015d9f26705c28409427a259b581e229e4b278fd34b130e759,3,1897,0
2,ex2-s5-e1-a1-p06,05e12ab545f0ff015d9f26705c28409427a259b581e229e4b278fd34b130e759,3,1898,0
2,ex2-s5-e1-a1-p06,05e12ab545f0ff015d9f26705c28409427a259b581e229e4b278fd34b130e759,3,1899,0
2,ex2-s5-e1-a1-p06,05e12ab545f0ff015d9f26705c28409427a259b581e229e4b278fd34b130e759,3,1900,100
2,ex2-s5-e1-a1-p06,05e12ab545f0ff015d9f26705c28409427a259b581e229e4b278fd34b130e759,3,1901,0
2,ex2-s5-e1-a1-p06,05e12ab545f0ff015d9f26705c28409427a259b581e229e4b278fd34b130e759,3,1902,0
2,ex2-s5-e1-a1-p06,05e12ab545f0ff015d9f26705c28409427a259b581e229e4b278fd34b130e759,3,1903,0
2,ex2-s5-e1-a1-p06,05e12ab545f0ff015d9f26705c28409427a259b581e229e4b278fd34b130e759,3,1904,0
2,ex2-s5-e1-a1-p06,05e12ab545f0ff015d9f26705c28409427a259b581e229e4b278fd34b130e759,3,1905,0
2,ex2-s5-e1-a1-p06,05e12ab545f0ff015d9f26705c28409427a259b581e229e4b278fd34b130e759,3,1906,0
2,ex2-s5-e1-a1-p06,05e12ab545f0ff015d9f26705c28409427a259b581e229e4b278fd34b130e759,3,1907,100
2,ex2-s5-e1-a1-p06,05e12ab545f0ff015d9f26705c28409427a259b581e229e4b278fd34b130e759,3,1908,0
2,ex2-s5-e1-a1-p06,05e12ab545f0ff015d9f26705c28409427a259b581e229e4b278fd34b130e759,3,1909,0
2,ex2-s5-e1-a1-p06,05e12ab545f0ff015d9f26705c28409427a259b581e229e4b278fd34b130e759,3,1910,0
2,ex2-s5-e1-a1-p06,05e12ab545f0ff015d9f26705c28409427a259b581e229e4b278fd34b130e759,3,1911,0
2,ex2-s5-e1-a1-p06,05e12ab545f0ff015d9f26705c28409427a259b581e229e4b278fd34b130e759,3,1912,0
2,ex2-s5-e1-a1-p06,05e12ab545f0ff015d9f26705c28409427a259b581e229e4b278fd34b130e759,3,1913,100
2,ex2-s5-e1-a1-p06,05e12ab545f0ff015d9f26705c28409427a259b581e229e4b278fd34b130e759,3,1914,0
2,ex2-s5-e1-a1-p06,05e12ab545f0ff015d9f26705c28409427a259b581e229e4b278fd34b130e759,3,1915,0
2,ex2-s5-e1-a1-p06,05e12ab545f0ff015d9f26705c28409427a259b581e229e4b278fd34b130e759,3,1916,0
2,ex2-s5-e1-a1-p06,05e12ab545f0ff015d9f26705c28409427a259b581e229e4b278fd34b130e759,3,1917,0
2,ex2-s5-e1-a1-p06,05e12ab545f0ff015d9f26705c28409427a259b581e229e4b278fd34b130e759,3,1918,0
2,ex2-s5-e1-a1-p06,05e12ab545f0ff015d9f26705c28409427a259b581e229e4b278fd34b130e759,3,1919,0
2,ex2-s5-e1-a1-p06,05e12ab545f0ff015d9f26705c28409427a259b581e229e4b278fd34b130e759,3,1920,100
2,ex2-s5-e1-a1-p06,05e12ab545f0ff015d9f26705c28409427a259b581e229e4b278fd34b130e759,3,1921,0
2,ex2-s5-e1-a1-p06,05e12ab545f0ff015d9f26705c28409427a259b581e229e4b278fd34b130e759,3,1922,0
2,ex2-s5-e1-a1-p06,05e12ab545f0ff015d9f26705c28409427a259b581e229e4b278fd34b130e759,3,1923,0
2,ex2-s5-e1-a1-p06,05e12ab545f0ff015d9f26705c28409427a259b581e229e4b278fd34b130e759,3,1924,0
2,ex2-s5-e1-a1-p06,05e12ab545f0ff015d9f26705c28409427a259b581e229e4b278fd34b130e759,3,1925,0
2,ex2-s5-e1-a1-p06,05e12ab545f0ff015d9f26705c28409427a259b581e229e4b278fd34b130e759,3,1926,0
2,ex2-s5-e1-a1-p06,05e12ab545f0ff015d9f26705c28409427a259b581e229e4b278fd34b130e759,3,1927,100
2,ex2-s5-e1-a1-p06,05e12ab545f0ff015d9f26705c28409427a259b581e229e4b278fd34b130e759,3,1928,0
2,ex2-s5-e1-a1-p06,05e12ab545f0ff015d9f26705c28409427a259b581e229e4b278fd34b130e759,3,1929,0
2,ex2-s5-e1-a1-p06,05e12ab545f0ff015d9f26705c28409427a259b581e229e4b278fd34b130e759,3,1930,0
2,ex2-s5-e1-a1-p06,05e12ab545f0ff015d9f26705c28409427a259b581e229e4b278fd34b130e759,3,1931,0
2,ex2-s5-e1-a1-p06,05e12ab545f0ff015d9f26705c28409427a259b581e229e4b278fd34b130e759,3,1932,0
2,ex2-s5-e1-a1-p06,05e12ab545f0ff015d9f26705c28409427a259b581e229e4b278fd34b130e759,3,1933,100
2,ex2-s5-e1-a1-p06,05e12ab545f0ff015d9f26705c28409427a259b581e229e4b278fd34b130e759,3,1934,0
2,ex2-s5-e1-a1-p06,05e12ab545f0ff015d9f26705c28409427a259b581e229e4b278fd34b130e759,3,1935,0
2,ex2-s5-e1-a1-p06,05e12ab545f0ff015d9f26705c28409427a259b581e229e4b278fd34b130e759,3,1936,0
2,ex2-s5-e1-a1-p06,05e12ab545f0ff015d9f26705c28409427a259b581e229e4b278fd34b130e759,3,1937,0
2,ex2-s5-e1-a1-p06,05e12ab545f0ff015d9f26705c28409427a259b581e229e4b278fd34b130e759,3,1938,0
2,ex2-s5-e1-a1-p06,05e12ab545f0ff015d9f26705c28409427a259b581e229e4b278fd34b130e759,3,1939,0
2,ex2-s5-e1-a1-p06,05e12ab545f0ff015d9f26705c28409427a259b581e229e4b278fd34b130e759,3,1940,100
2,ex2-s5-e1-a1-p06,05e12ab545f0ff015d9f26705c28409427a259b581e229e4b278fd34b130e759,3,1941,0
2,ex2-s5-e1-a1-p06,05e12ab545f0ff015d9f26705c28409427a259b581e229e4b278fd34b130e759,3,1942,0
2,ex2-s5-e1-a1-p06,05e12ab545f0ff015d9f26705c28409427a259b581e229e4b278fd34b130e759,3,1943,0
2,ex2-s5-e1-a1-p06,05e12ab545f0ff015d9f26705c28409427a259b581e229e4b278fd34b130e759,3,1944,0
2,ex2-s5-e1-a1-p06,05e12ab545f0ff015d9f26705c28409427a259b581e229e4b278fd34b130e759,3,1945,0
2,ex2-s5-e1-a1-p06,05e12ab545f0ff015d9f26705c28409427a259b581e229e4b278fd34b130e759,3,1946,0
2,ex2-s5-e1-a1-p06,05e12ab545f0ff015d9f26705c28409427a259b581e229e4b278fd34b130e759,3,1947,100
2,ex2-s5-e1-a1-p06,05e12ab545f0ff015d9f26705c28409427a259b581e229e4b278fd34b130e759,3,1948,0
2,ex2-s5-e1-a1-p06,05e12ab545f0ff015d9f26705c28409427a259b581e229e4b278fd34b130e759,3,1949,0
2,ex2-s5-e1-a1-p06,05e12ab545f0ff015d9f26705c28409427a259b581e229e4b278fd34b130e759,3,1950,0
2,ex2-s5-e1-a1-p06,05e12ab545f0ff015d9f26705c28409427a259b581e229e4b278fd34b130e759,3,1951,0
2,ex2-s5-e1-a1-p06,05e12ab545f0ff015d9f26705c28409427a259b581e229e4b278fd34b130e759,3,1952,0
2,ex2-s5-e1-a1-p06,05e12ab545f0ff015d9f26705c28409427a259b581e229e4b278fd34b130e759,3,1953,100
2,ex2-s5-e1-a1-p06,05e12ab545f0ff015d9f26705c28409427a259b581e229e4b278fd34b130e759,3,1954,0
2,ex2-s5-e1-a1-p06,05e12ab545f0ff015d9f26705c28409427a259b581e229e4b278fd34b130e759,3,1955,0
2,ex2-s5-e1-a1-p06,05e12ab545f0ff015d9f26705c28409427a259b581e229e4b278fd34b130e759,3,1956,0
2,ex2-s5-e1-a1-p06,05e12ab545f0ff015d9f26705c28409427a259b581e229e4b278fd34b130e759,3,1957,0
2,ex2-s5-e1-a1-p06,05e12ab545f0ff015d9f26705c28409427a259b581e229e4b278fd34b130e759,3,1958,0
2,ex2-s5-e1-a1-p06,05e12ab545f0ff015d9f26705c28409427a259b581e229e4b278fd34b130e759,3,1959,0
2,ex2-s5-e1-a1-p06,05e12ab545f0ff015d9f26705c28409427a259b581e229e4b278fd34b130e759,3,1960,100
2,ex2-s5-e1-a1-p06,05e12ab545f0ff015d9f26705c28409427a259b581e229e4b278fd34b130e759,3,1961,0
2,ex2-s5-e1-a1-p06,05e12ab545f0ff015d9f26705c28409427a259b581e229e4b278fd34b130e759,3,1962,0
2,ex2-s5-e1-a1-p06,05e12ab545f0ff015d9f26705c28409427a259b581e229e4b278fd34b130e759,3,1963,0
2,ex2-s5-e1-a1-p06,05e12ab545f0ff015d9f26705c28409427a259b581e229e4b278fd34b130e759,3,1964,0
2,ex2-s5-e1-a1-p06,05e12ab545f0ff015d9f26705c28409427a259b581e229e4b278fd34b130e759,3,1965,0
2,ex2-s5-e1-a1-p06,05e12ab545f0ff015d9f26705c28409427a259b581e229e4b278fd34b130e759,3,1966,0
2,ex2-s5-e1-a1-p06,05e12ab545f0ff015d9f26705c28409427a259b581e229e4b278fd34b130e759,3,1967,100
2,ex2-s5-e1-a1-p06,05e12ab545f0ff015d9f26705c28409427a259b581e229e4b278fd34b130e759,3,1968,0
2,ex2-s5-e1-a1-p06,05e12ab545f0ff015d9f26705c28409427a259b581e229e4b278fd34b130e759,3,1969,0
2,ex2-s5-e1-a1-p06,05e12ab545f0ff015d9f26705c28409427a259b581e229e4b278fd34b130e759,3,1970,0
2,ex2-s5-e1-a1-p06,05e12ab545f0ff015d9f26705c28409427a259b581e229e4b278fd34b130e759,3,1971,0
2,ex2-s5-e1-a1-p06,05e12ab545f0ff015d9f26705c28409427a259b581e229e4b278fd34b130e759,3,1972,0
2,ex2-s5-e1-a1-p06,05e12ab545f0ff015d9f26705c28409427a259b581e229e4b278fd34b130e759,3,1973,100
2,ex2-s5-e1-a1-p06,05e12ab545f0ff015d9f26705c28409427a259b581e229e4b278fd34b130e759,3,1974,0
2,ex2-s5-e1-a1-p06,05e12ab545f0ff015d9f26705c28409427a259b581e229e4b278fd34b130e759,3,1975,0
2,ex2-s5-e1-a1-p06,05e12ab545f0ff015d9f26705c28409427a259b581e229e4b278fd34b130e759,3,1976,0
2,ex2-s5-e1-a1-p06,05e12ab545f0ff015d9f26705c28409427a259b581e229e4b278fd34b130e759,3,1977,0
2,ex2-s5-e1-a1-p06,05e12ab545f0ff015d9f26705c28409427a259b581e229e4b278fd34b130e759,3,1978,0
2,ex2-s5-e1-a1-p06,05e12ab545f0ff015d9f26705c28409427a259b581e229e4b278fd34b130e759,3,1979,0
2,ex2-s5-e1-a1-p06,05e12ab545f0ff015d9f26705c28409427a259b581e229e4b278fd34b130e759,3,1980,100
2,ex2-s5-e1-a1-p06,05e12ab545f0ff015d9f26705c28409427a259b581e229e4b278fd34b130e759,3,1981,0
2,ex2-s5-e1-a1-p06,05e12ab545f0ff015d9f26705c28409427a259b581e229e4b278fd34b130e759,3,1982,0
2,ex2-s5-e1-a1-p06,05e12ab545f0ff015d9f26705c28409427a259b581e229e4b278fd34b130e759,3,1983,0
2,ex2-s5-e1-a1-p06,05e12ab545f0ff015d9f26705c28409427a259b581e229e4b278fd34b130e759,3,1984,0
2,ex2-s5-e1-a1-p06,05e12ab545f0ff015d9f26705c28409427a259b581e229e4b278fd34b130e759,3,1985,0
2,ex2-s5-e1-a1-p06,05e12ab545f0ff015d9f26705c28409427a259b581e229e4b278fd34b130e759,3,1986,0
2,ex2-s5-e1-a1-p06,05e12ab545f0ff015d9f26705c28409427a259b581e229e4b278fd34b130e759,3,1987,100
2,ex2-s5-e1-a1-p06,05e12ab545f0ff015d9f26705c28409427a259b581e229e4b278fd34b130e759,3,1988,0
2,ex2-s5-e1-a1-p06,05e12ab545f0ff015d9f26705c28409427a259b581e229e4b278fd34b130e759,3,1989,0
2,ex2-s5-e1-a1-p06,05e12ab545f0ff015d9f26705c28409427a259b581e229e4b278fd34b130e759,3,1990,0
2,ex2-s5-e1-a1-p06,05e12ab545f0ff015d9f26705c28409427a259b581e229e4b278fd34b130e759,3,1991,0
2,ex2-s5-e1-a1-p06,05e12ab545f0ff015d9f26705c28409427a259b581e229e4b278fd34b130e759,3,1992,0
2,ex2-s5-e1-a1-p06,05e12ab545f0ff015d9f26705c28409427a259b581e229e4b278fd34b130e759,3,1993,100
2,ex2-s5-e1-a1-p06,05e12ab545f0ff015d9f26705c28409427a259b581e229e4b278fd34b130e759,3,1994,0
2,ex2-s5-e1-a1-p06,05e12ab545f0ff015d9f26705c28409427a259b581e229e4b278fd34b130e759,3,1995,0
2,ex2-s5-e1-a1-p06,05e12ab545f0ff015d9f26705c28409427a259b581e229e4b278fd34b130e759,3,1996,0
2,ex2-s5-e1-a1-p06,05e12ab545f0ff015d9f26705c28409427a259b581e229e4b278fd34b130e759,3,1997,0
2,ex2-s5-e1-a1-p06,05e12ab545f0ff015d9f26705c28409427a259b581e229e4b278fd34b130e759,3,1998,0
2,ex2-s5-e1-a1-p06,05e12ab545f0ff015d9f26705c28409427a259b581e229e4b278fd34b130e759,3,1999,0
2,ex2-s5-e1-a1-p06,05e12ab545f0ff015d9f26705c28409427a259b581e229e4b278fd34b130e759,3,2000,100
2,ex2-s5-e1-a1-p06,05e12ab545f0ff015d9f26705c28409427a259b581e229e4b278fd34b130e759,3,2001,0
2,ex2-s5-e1-a1-p06,05e12ab545f0ff015d9f26705c28409427a259b581e229e4b278fd34b130e759,3,2002,0
2,ex2-s5-e1-a1-p06,05e12ab545f0ff015d9f26705c28409427a259b581e229e4b278fd34b130e759,3,2003,0
2,ex2-s5-e1-a1-p06,05e12ab545f0ff015d9f26705c28409427a259b581e229e4b278fd34b130e759,3,2004,0
2,ex2-s5-e1-a1-p06,05e12ab545f0ff015d9f26705c28409427a259b581e229e4b278fd34b130e759,3,2005,0
2,ex2-s5-e1-a1-p06,05e12ab545f0ff015d9f26705c28409427a259b581e229e4b278fd34b130e759,3,2006,0
2,ex2-s5-e1-a1-p06,05e12ab545f0ff015d9f26705c28409427a259b581e229e4b278fd34b130e759,3,2007,100
2,ex2-s5-e1-a1-p06,05e12ab545f0ff015d9f26705c28409427a259b581e229e4b278fd34b130e759,3,2008,0
2,ex2-s5-e1-a1-p06,05e12ab545f0ff015d9f26705c28409427a259b581e229e4b278fd34b130e759,3,2009,0
2,ex2-s5-e1-a1-p06,05e12ab545f0ff015d9f26705c28409427a259b581e229e4b278fd34b130e759,3,2010,0
2,ex2-s5-e1-a1-p06,05e12ab545f0ff015d9f26705c28409427a259b581e229e4b278fd34b130e759,3,2011,0
2,ex2-s5-e1-a1-p06,05e12ab545f0ff015d9f26705c28409427a259b581e229e4b278fd34b130e759,3,2012,0
2,ex2-s5-e1-a1-p06,05e12ab545f0ff015d9f26705c28409427a259b581e229e4b278fd34b130e759,3,2013,100
2,ex2-s5-e1-a1-p06,05e12ab545f0ff015d9f26705c28409427a259b581e229e4b278fd34b130e759,3,2014,0
2,ex2-s5-e1-a1-p06,05e12ab545f0ff015d9f26705c28409427a259b581e229e4b278fd34b130e759,3,2015,0
2,ex2-s5-e1-a1-p06,05e12ab545f0ff015d9f26705c28409427a259b581e229e4b278fd34b130e759,3,2016,0
2,ex2-s5-e1-a1-p06,05e12ab545f0ff015d9f26705c28409427a259b581e229e4b278fd34b130e759,3,2017,0
2,ex2-s5-e1-a1-p06,05e12ab545f0ff015d9f26705c28409427a259b581e229e4b278fd34b130e759,3,2018,0
2,ex2-s5-e1-a1-p06,05e12ab545f0ff015d9f26705c28409427a259b581e229e4b278fd34b130e759,3,2019,0
2,ex2-s5-e1-a1-p06,05e12ab545f0ff015d9f26705c28409427a259b581e229e4b278fd34b130e759,3,2020,100
2,ex2-s5-e1-a1-p06,05e12ab545f0ff015d9f26705c28409427a259b581e229e4b278fd34b130e759,3,2021,0
2,ex2-s5-e1-a1-p06,05e12ab545f0ff015d9f26705c28409427a259b581e229e4b278fd34b130e759,3,2022,0
2,ex2-s5-e1-a1-p06,05e12ab545f0ff015d9f26705c28409427a259b581e229e4b278fd34b130e759,3,2023,0
2,ex2-s5-e1-a1-p06,05e12ab545f0ff015d9f26705c28409427a259b581e229e4b278fd34b130e759,3,2024,0
2,ex2-s5-e1-a1-p06,05e12ab545f0ff015d9f26705c28409427a259b581e229e4b278fd34b130e759,3,2025,0
2,ex2-s5-e1-a1-p06,05e12ab545f0ff015d9f26705c28409427a259b581e229e4b278fd34b130e759,3,2026,0
2,ex2-s5-e1-a1-p06,05e12ab545f0ff015d9f26705c28409427a259b581e229e4b278fd34b130e759,3,2027,100
2,ex2-s5-e1-a1-p06,05e12ab545f0ff015d9f26705c28409427a259b581e229e4b278fd34b130e759,3,2028,0
2,ex2-s5-e1-a1-p06,05e12ab545f0ff015d9f26705c28409427a259b581e229e4b278fd34b130e759,3,2029,0
2,ex2-s5-e1-a1-p06,05e12ab545f0ff015d9f26705c28409427a259b581e229e4b278fd34b130e759,3,2030,0
2,ex2-s5-e1-a1-p06,05e12ab545f0ff015d9f26705c28409427a259b581e229e4b278fd34b130e759,3,2031,0
2,ex2-s5-e1-a1-p06,05e12ab545f0ff015d9f26705c28409427a259b581e229e4b278fd34b130e759,3,2032,0
2,ex2-s5-e1-a1-p06,05e12ab545f0ff015d9f26705c28409427a259b581e229e4b278fd34b130e759,3,2033,100
2,ex2-s5-e1-a1-p06,05e12ab545f0ff015d9f26705c28409427a259b581e229e4b278fd34b130e759,3,2034,0
2,ex2-s5-e1-a1-p06,05e12ab545f0ff015d9f26705c28409427a259b581e229e4b278fd34b130e759,3,2035,0
2,ex2-s5-e1-a1-p06,05e12ab545f0ff015d9f26705c28409427a259b581e229e4b278fd34b130e759,3,2036,0
2,ex2-s5-e1-a1-p06,05e12ab545f0ff015d9f26705c28409427a259b581e229e4b278fd34b130e759,3,2037,0
2,ex2-s5-e1-a1-p06,05e12ab545f0ff015d9f26705c28409427a259b581e229e4b278fd34b130e759,3,2038,0
2,ex2-s5-e1-a1-p06,05e12ab545f0ff015d9f26705c28409427a259b581e229e4b278fd34b130e759,3,2039,0
2,ex2-s5-e1-a1-p06,05e12ab545f0ff015d9f26705c28409427a259b581e229e4b278fd34b130e759,3,2040,100
2,ex2-s5-e1-a1-p06,05e12ab545f0ff015d9f26705c28409427a259b581e229e4b278fd34b130e759,3,2041,0
2,ex2-s5-e1-a1-p06,05e12ab545f0ff015d9f26705c28409427a259b581e229e4b278fd34b130e759,3,2042,0
2,ex2-s5-e1-a1-p06,05e12ab545f0ff015d9f26705c28409427a259b581e229e4b278fd34b130e759,3,2043,0
2,ex2-s5-e1-a1-p06,05e12ab545f0ff015d9f26705c28409427a259b581e229e4b278fd34b130e759,3,2044,0
2,ex2-s5-e1-a1-p06,05e12ab545f0ff015d9f26705c28409427a259b581e229e4b278fd34b130e759,3,2045,0
2,ex2-s5-e1-a1-p06,05e12ab545f0ff015d9f26705c28409427a259b581e229e4b278fd34b130e759,3,2046,0
2,ex2-s5-e1-a1-p06,05e12ab545f0ff015d9f26705c28409427a259b581e229e4b278fd34b130e759,3,2047,100
2,ex2-s5-e1-a1-p06,05e12ab545f0ff015d9f26705c28409427a259b581e229e4b278fd34b130e759,3,2048,0
2,ex2-s5-e1-a1-p06,05e12ab545f0ff015d9f26705c28409427a259b581e229e4b278fd34b130e759,3,2049,0
2,ex2-s5-e1-a1-p06,05e12ab545f0ff015d9f26705c28409427a259b581e229e4b278fd34b130e759,3,2050,0
2,ex2-s5-e1-a1-p06,05e12ab545f0ff015d9f26705c28409427a259b581e229e4b278fd34b130e759,3,2051,0
2,ex2-s5-e1-a1-p06,05e12ab545f0ff015d9f26705c28409427a259b581e229e4b278fd34b130e759,3,2052,0
2,ex2-s5-e1-a1-p06,05e12ab545f0ff015d9f26705c28409427a259b581e229e4b278fd34b130e759,3,2053,100
2,ex2-s5-e1-a1-p06,05e12ab545f0ff015d9f26705c28409427a259b581e229e4b278fd34b130e759,3,2054,0
2,ex2-s5-e1-a1-p06,05e12ab545f0ff015d9f26705c28409427a259b581e229e4b278fd34b130e759,3,2055,0
2,ex2-s5-e1-a1-p06,05e12ab545f0ff015d9f26705c28409427a259b581e229e4b278fd34b130e759,3,2056,0
2,ex2-s5-e1-a1-p06,05e12ab545f0ff015d9f26705c28409427a259b581e229e4b278fd34b130e759,3,2057,0
2,ex2-s5-e1-a1-p06,05e12ab545f0ff015d9f26705c28409427a259b581e229e4b278fd34b130e759,3,2058,0
2,ex2-s5-e1-a1-p06,05e12ab545f0ff015d9f26705c28409427a259b581e229e4b278fd34b130e759,3,2059,0
2,ex2-s5-e1-a1-p06,05e12ab545f0ff015d9f26705c28409427a259b581e229e4b278fd34b130e759,3,2060,100
2,ex2-s5-e1-a1-p06,05e12ab545f0ff015d9f26705c28409427a259b581e229e4b278fd34b130e759,3,2061,0
2,ex2-s5-e1-a1-p06,05e12ab545f0ff015d9f26705c28409427a259b581e229e4b278fd34b130e759,3,2062,0
2,ex2-s5-e1-a1-p06,05e12ab545f0ff015d9f26705c28409427a259b581e229e4b278fd34b130e759,3,2063,0
2,ex2-s5-e1-a1-p06,05e12ab545f0ff015d9f26705c28409427a259b581e229e4b278fd34b130e759,3,2064,0
2,ex2-s5-e1-a1-p06,05e12ab545f0ff015d9f26705c28409427a259b581e229e4b278fd34b130e759,3,2065,0
2,ex2-s5-e1-a1-p06,05e12ab545f0ff015d9f26705c28409427a259b581e229e4b278fd34b130e759,3,2066,0
2,ex2-s5-e1-a1-p06,05e12ab545f0ff015d9f26705c28409427a259b581e229e4b278fd34b130e759,3,2067,100
2,ex2-s5-e1-a1-p06,05e12ab545f0ff015d9f26705c28409427a259b581e229e4b278fd34b130e759,3,2068,0
2,ex2-s5-e1-a1-p06,05e12ab545f0ff015d9f26705c28409427a259b581e229e4b278fd34b130e759,3,2069,0
2,ex2-s5-e1-a1-p06,05e12ab545f0ff015d9f26705c28409427a259b581e229e4b278fd34b130e759,3,2070,0
2,ex2-s5-e1-a1-p06,05e12ab545f0ff015d9f26705c28409427a259b581e229e4b278fd34b130e759,3,2071,0
2,ex2-s5-e1-a1-p06,05e12ab545f0ff015d9f26705c28409427a259b581e229e4b278fd34b130e759,3,2072,0
2,ex2-s5-e1-a1-p06,05e12ab545f0ff015d9f26705c28409427a259b581e229e4b278fd34b130e759,3,2073,100
2,ex2-s5-e1-a1-p06,05e12ab545f0ff015d9f26705c28409427a259b581e229e4b278fd34b130e759,3,2074,0
2,ex2-s5-e1-a1-p06,05e12ab545f0ff015d9f26705c28409427a259b581e229e4b278fd34b130e759,3,2075,0
2,ex2-s5-e1-a1-p06,05e12ab545f0ff015d9f26705c28409427a259b581e229e4b278fd34b130e759,3,2076,0
2,ex2-s5-e1-a1-p06,05e12ab545f0ff015d9f26705c28409427a259b581e229e4b278fd34b130e759,3,2077,0
2,ex2-s5-e1-a1-p06,05e12ab545f0ff015d9f26705c28409427a259b581e229e4b278fd34b130e759,3,2078,0
2,ex2-s5-e1-a1-p06,05e12ab545f0ff015d9f26705c28409427a259b581e229e4b278fd34b130e759,3,2079,0
2,ex2-s5-e1-a1-p06,05e12ab545f0ff015d9f26705c28409427a259b581e229e4b278fd34b130e759,3,2080,100
2,ex2-s5-e1-a1-p06,05e12ab545f0ff015d9f26705c28409427a259b581e229e4b278fd34b130e759,3,2081,0
2,ex2-s5-e1-a1-p06,05e12ab545f0ff015d9f26705c28409427a259b581e229e4b278fd34b130e759,3,2082,0
2,ex2-s5-e1-a1-p06,05e12ab545f0ff015d9f26705c28409427a259b581e229e4b278fd34b130e759,3,2083,0
2,ex2-s5-e1-a1-p06,05e12ab545f0ff015d9f26705c28409427a259b581e229e4b278fd34b130e759,3,2084,0
2,ex2-s5-e1-a1-p06,05e12ab545f0ff015d9f26705c28409427a259b581e229e4b278fd34b130e759,3,2085,0
2,ex2-s5-e1-a1-p06,05e12ab545f0ff015d9f26705c28409427a259b581e229e4b278fd34b130e759,3,2086,0
2,ex2-s5-e1-a1-p06,05e12ab545f0ff015d9f26705c28409427a259b581e229e4b278fd34b130e759,3,2087,100
2,ex2-s5-e1-a1-p06,05e12ab545f0ff015d9f26705c28409427a259b581e229e4b278fd34b130e759,3,2088,0
2,ex2-s5-e1-a1-p06,05e12ab545f0ff015d9f26705c28409427a259b581e229e4b278fd34b130e759,3,2089,0
2,ex2-s5-e1-a1-p06,05e12ab545f0ff015d9f26705c28409427a259b581e229e4b278fd34b130e759,3,2090,0
2,ex2-s5-e1-a1-p06,05e12ab545f0ff015d9f26705c28409427a259b581e229e4b278fd34b130e759,3,2091,0
2,ex2-s5-e1-a1-p06,05e12ab545f0ff015d9f26705c28409427a259b581e229e4b278fd34b130e759,3,2092,0
2,ex2-s5-e1-a1-p06,05e12ab545f0ff015d9f26705c28409427a259b581e229e4b278fd34b130e759,3,2093,100
2,ex2-s5-e1-a1-p06,05e12ab545f0ff015d9f26705c28409427a259b581e229e4b278fd34b130e759,3,2094,0
2,ex2-s5-e1-a1-p06,05e12ab545f0ff015d9f26705c28409427a259b581e229e4b278fd34b130e759,3,2095,0
2,ex2-s5-e1-a1-p06,05e12ab545f0ff015d9f26705c28409427a259b581e229e4b278fd34b130e759,3,2096,0
2,ex2-s5-e1-a1-p06,05e12ab545f0ff015d9f26705c28409427a259b581e229e4b278fd34b130e759,3,2097,0
2,ex2-s5-e1-a1-p06,05e12ab545f0ff015d9f26705c28409427a259b581e229e4b278fd34b130e759,3,2098,0
2,ex2-s5-e1-a1-p06,05e12ab545f0ff015d9f26705c28409427a259b581e229e4b278fd34b130e759,3,2099,0
2,ex2-s5-e1-a1-p06,05e12ab545f0ff015d9f26705c28409427a259b581e229e4b278fd34b130e759,3,2100,100
2,ex2-s5-e1-a1-p06,05e12ab545f0ff015d9f26705c28409427a259b581e229e4b278fd34b130e759,3,2101,0
2,ex2-s5-e1-a1-p06,05e12ab545f0ff015d9f26705c28409427a259b581e229e4b278fd34b130e759,3,2102,0
2,ex2-s5-e1-a1-p06,05e12ab545f0ff015d9f26705c28409427a259b581e229e4b278fd34b130e759,3,2103,0
2,ex2-s5-e1-a1-p06,05e12ab545f0ff015d9f26705c28409427a259b581e229e4b278fd34b130e759,3,2104,0
2,ex2-s5-e1-a1-p06,05e12ab545f0ff015d9f26705c28409427a259b581e229e4b278fd34b130e759,3,2105,0
2,ex2-s5-e1-a1-p06,05e12ab545f0ff015d9f26705c28409427a259b581e229e4b278fd34b130e759,3,2106,100
2,ex2-s5-e1-a1-p06,05e12ab545f0ff015d9f26705c28409427a259b581e229e4b278fd34b130e759,3,2107,0
2,ex2-s5-e1-a1-p06,05e12ab545f0ff015d9f26705c28409427a259b581e229e4b278fd34b130e759,3,2108,0
2,ex2-s5-e1-a1-p06,05e12ab545f0ff015d9f26705c28409427a259b581e229e4b278fd34b130e759,3,2109,0
2,ex2-s5-e1-a1-p06,05e12ab545f0ff015d9f26705c28409427a259b581e229e4b278fd34b130e759,3,2110,0
2,ex2-s5-e1-a1-p06,05e12ab545f0ff015d9f26705c28409427a259b581e229e4b278fd34b130e759,3,2111,0
2,ex2-s5-e1-a1-p06,05e12ab545f0ff015d9f26705c28409427a259b581e229e4b278fd34b130e759,3,2112,0
2,ex2-s5-e1-a1-p06,05e12ab545f0ff015d9f26705c28409427a259b581e229e4b278fd34b130e759,3,2113,100
2,ex2-s5-e1-a1-p06,05e12ab545f0ff015d9f26705c28409427a259b581e229e4b278fd34b130e759,3,2114,0
2,ex2-s5-e1-a1-p06,05e12ab545f0ff015d9f26705c28409427a259b581e229e4b278fd34b130e759,3,2115,0
2,ex2-s5-e1-a1-p06,05e12ab545f0ff015d9f26705c28409427a259b581e229e4b278fd34b130e759,3,2116,0
2,ex2-s5-e1-a1-p06,05e12ab545f0ff015d9f26705c28409427a259b581e229e4b278fd34b130e759,3,2117,0
2,ex2-s5-e1-a1-p06,05e12ab545f0ff015d9f26705c28409427a259b581e229e4b278fd34b130e759,3,2118,0
2,ex2-s5-e1-a1-p06,05e12ab545f0ff015d9f26705c28409427a259b581e229e4b278fd34b130e759,3,2119,0
2,ex2-s5-e1-a1-p06,05e12ab545f0ff015d9f26705c28409427a259b581e229e4b278fd34b130e759,3,2120,100
2,ex2-s5-e1-a1-p06,05e12ab545f0ff015d9f26705c28409427a259b581e229e4b278fd34b130e759,3,2121,0
2,ex2-s5-e1-a1-p06,05e12ab545f0ff015d9f26705c28409427a259b581e229e4b278fd34b130e759,3,2122,0
2,ex2-s5-e1-a1-p06,05e12ab545f0ff015d9f26705c28409427a259b581e229e4b278fd34b130e759,3,2123,0
2,ex2-s5-e1-a1-p06,05e12ab545f0ff015d9f26705c28409427a259b581e229e4b278fd34b130e759,3,2124,0
2,ex2-s5-e1-a1-p06,05e12ab545f0ff015d9f26705c28409427a259b581e229e4b278fd34b130e759,3,2125,0
2,ex2-s5-e1-a1-p06,05e12ab545f0ff015d9f26705c28409427a259b581e229e4b278fd34b130e759,3,2126,100
2,ex2-s5-e1-a1-p06,05e12ab545f0ff015d9f26705c28409427a259b581e229e4b278fd34b130e759,3,2127,0
2,ex2-s5-e1-a1-p06,05e12ab545f0ff015d9f26705c28409427a259b581e229e4b278fd34b130e759,3,2128,0
2,ex2-s5-e1-a1-p06,05e12ab545f0ff015d9f26705c28409427a259b581e229e4b278fd34b130e759,3,2129,0
2,ex2-s5-e1-a1-p06,05e12ab545f0ff015d9f26705c28409427a259b581e229e4b278fd34b130e759,3,2130,0
2,ex2-s5-e1-a1-p06,05e12ab545f0ff015d9f26705c28409427a259b581e229e4b278fd34b130e759,3,2131,0
2,ex2-s5-e1-a1-p06,05e12ab545f0ff015d9f26705c28409427a259b581e229e4b278fd34b130e759,3,2132,0
2,ex2-s5-e1-a1-p06,05e12ab545f0ff015d9f26705c28409427a259b581e229e4b278fd34b130e759,3,2133,100
2,ex2-s5-e1-a1-p06,05e12ab545f0ff015d9f26705c28409427a259b581e229e4b278fd34b130e759,3,2134,0
2,ex2-s5-e1-a1-p06,05e12ab545f0ff015d9f26705c28409427a259b581e229e4b278fd34b130e759,3,2135,0
2,ex2-s5-e1-a1-p06,05e12ab545f0ff015d9f26705c28409427a259b581e229e4b278fd34b130e759,3,2136,0
2,ex2-s5-e1-a1-p06,05e12ab545f0ff015d9f26705c28409427a259b581e229e4b278fd34b130e759,3,2137,0
2,ex2-s5-e1-a1-p06,05e12ab545f0ff015d9f26705c28409427a259b581e229e4b278fd34b130e759,3,2138,0
2,ex2-s5-e1-a1-p06,05e12ab545f0ff015d9f26705c28409427a259b581e229e4b278fd34b130e759,3,2139,0
2,ex2-s5-e1-a1-p06,05e12ab545f0ff015d9f26705c28409427a259b581e229e4b278fd34b130e759,3,2140,100
2,ex2-s5-e1-a1-p06,05e12ab545f0ff015d9f26705c28409427a259b581e229e4b278fd34b130e759,3,2141,0
2,ex2-s5-e1-a1-p06,05e12ab545f0ff015d9f26705c28409427a259b581e229e4b278fd34b130e759,3,2142,0
2,ex2-s5-e1-a1-p06,05e12ab545f0ff015d9f26705c28409427a259b581e229e4b278fd34b130e759,3,2143,0
2,ex2-s5-e1-a1-p06,05e12ab545f0ff015d9f26705c28409427a259b581e229e4b278fd34b130e759,3,2144,0
2,ex2-s5-e1-a1-p06,05e12ab545f0ff015d9f26705c28409427a259b581e229e4b278fd34b130e759,3,2145,0
2,ex2-s5-e1-a1-p06,05e12ab545f0ff015d9f26705c28409427a259b581e229e4b278fd34b130e759,3,2146,100
2,ex2-s5-e1-a1-p06,05e12ab545f0ff015d9f26705c28409427a259b581e229e4b278fd34b130e759,3,2147,0
2,ex2-s5-e1-a1-p06,05e12ab545f0ff015d9f26705c28409427a259b581e229e4b278fd34b130e759,3,2148,0
2,ex2-s5-e1-a1-p06,05e12ab545f0ff015d9f26705c28409427a259b581e229e4b278fd34b130e759,3,2149,0
2,ex2-s5-e1-a1-p06,05e12ab545f0ff015d9f26705c28409427a259b581e229e4b278fd34b130e759,3,2150,0
2,ex2-s5-e1-a1-p06,05e12ab545f0ff015d9f26705c28409427a259b581e229e4b278fd34b130e759,3,2151,0
2,ex2-s5-e1-a1-p06,05e12ab545f0ff015d9f26705c28409427a259b581e229e4b278fd34b130e759,3,2152,0
2,ex2-s5-e1-a1-p06,05e12ab545f0ff015d9f26705c28409427a259b581e229e4b278fd34b130e759,3,2153,100
2,ex2-s5-e1-a1-p06,05e12ab545f0ff015d9f26705c28409427a259b581e229e4b278fd34b130e759,3,2154,0
2,ex2-s5-e1-a1-p06,05e12ab545f0ff015d9f26705c28409427a259b581e229e4b278fd34b130e759,3,2155,0
2,ex2-s5-e1-a1-p06,05e12ab545f0ff015d9f26705c28409427a259b581e229e4b278fd34b130e759,3,2156,0
2,ex2-s5-e1-a1-p06,05e12ab545f0ff015d9f26705c28409427a259b581e229e4b278fd34b130e759,3,2157,0
2,ex2-s5-e1-a1-p06,05e12ab545f0ff015d9f26705c28409427a259b581e229e4b278fd34b130e759,3,2158,0
2,ex2-s5-e1-a1-p06,05e12ab545f0ff015d9f26705c28409427a259b581e229e4b278fd34b130e759,3,2159,0
2,ex2-s5-e1-a1-p06,05e12ab545f0ff015d9f26705c28409427a259b581e229e4b278fd34b130e759,3,2160,100
2,ex2-s5-e1-a1-p06,05e12ab545f0ff015d9f26705c28409427a259b581e229e4b278fd34b130e759,3,2161,0
2,ex2-s5-e1-a1-p06,05e12ab545f0ff015d9f26705c28409427a259b581e229e4b278fd34b130e759,3,2162,0
2,ex2-s5-e1-a1-p06,05e12ab545f0ff015d9f26705c28409427a259b581e229e4b278fd34b130e759,3,2163,0
2,ex2-s5-e1-a1-p06,05e12ab545f0ff015d9f26705c28409427a259b581e229e4b278fd34b130e759,3,2164,0
2,ex2-s5-e1-a1-p06,05e12ab545f0ff015d9f26705c28409427a259b581e229e4b278fd34b130e759,3,2165,0
2,ex2-s5-e1-a1-p06,05e12ab545f0ff015d9f26705c28409427a259b581e229e4b278fd34b130e759,3,2166,100
2,ex2-s5-e1-a1-p06,05e12ab545f0ff015d9f26705c28409427a259b581e229e4b278fd34b130e759,3,2167,0
2,ex2-s5-e1-a1-p06,05e12ab545f0ff015d9f26705c28409427a259b581e229e4b278fd34b130e759,3,2168,0
2,ex2-s5-e1-a1-p06,05e12ab545f0ff015d9f26705c28409427a259b581e229e4b278fd34b130e759,3,2169,0
2,ex2-s5-e1-a1-p06,05e12ab545f0ff015d9f26705c28409427a259b581e229e4b278fd34b130e759,3,2170,0
2,ex2-s5-e1-a1-p06,05e12ab545f0ff015d9f26705c28409427a259b581e229e4b278fd34b130e759,3,2171,0
2,ex2-s5-e1-a1-p06,05e12ab545f0ff015d9f26705c28409427a259b581e229e4b278fd34b130e759,3,2172,0
2,ex2-s5-e1-a1-p06,05e12ab545f0ff015d9f26705c28409427a259b581e229e4b278fd34b130e759,3,2173,100
2,ex2-s5-e1-a1-p06,05e12ab545f0ff015d9f26705c28409427a259b581e229e4b278fd34b130e759,3,2174,0
2,ex2-s5-e1-a1-p06,05e12ab545f0ff015d9f26705c28409427a259b581e229e4b278fd34b130e759,3,2175,0
2,ex2-s5-e1-a1-p06,05e12ab545f0ff015d9f26705c28409427a259b581e229e4b278fd34b130e759,3,2176,0
2,ex2-s5-e1-a1-p06,05e12ab545f0ff015d9f26705c28409427a259b581e229e4b278fd34b130e759,3,2177,0
2,ex2-s5-e1-a1-p06,05e12ab545f0ff015d9f26705c28409427a259b581e229e4b278fd34b130e759,3,2178,0
2,ex2-s5-e1-a1-p06,05e12ab545f0ff015d9f26705c28409427a259b581e229e4b278fd34b130e759,3,2179,0
2,ex2-s5-e1-a1-p06,05e12ab545f0ff015d9f26705c28409427a259b581e229e4b278fd34b130e759,3,2180,100
2,ex2-s5-e1-a1-p06,05e12ab545f0ff015d9f26705c28409427a259b581e229e4b278fd34b130e759,3,2181,0
2,ex2-s5-e1-a1-p06,05e12ab545f0ff015d9f26705c28409427a259b581e229e4b278fd34b130e759,3,2182,0
2,ex2-s5-e1-a1-p06,05e12ab545f0ff015d9f26705c28409427a259b581e229e4b278fd34b130e759,3,2183,0
2,ex2-s5-e1-a1-p06,05e12ab545f0ff015d9f26705c28409427a259b581e229e4b278fd34b130e759,3,2184,0
2,ex2-s5-e1-a1-p06,05e12ab545f0ff015d9f26705c28409427a259b581e229e4b278fd34b130e759,3,2185,0
2,ex2-s5-e1-a1-p06,05e12ab545f0ff015d9f26705c28409427a259b581e229e4b278fd34b130e759,3,2186,100
2,ex2-s5-e1-a1-p06,05e12ab545f0ff015d9f26705c28409427a259b581e229e4b278fd34b130e759,3,2187,0
2,ex2-s5-e1-a1-p06,05e12ab545f0ff015d9f26705c28409427a259b581e229e4b278fd34b130e759,3,2188,0
2,ex2-s5-e1-a1-p06,05e12ab545f0ff015d9f26705c28409427a259b581e229e4b278fd34b130e759,3,2189,0
2,ex2-s5-e1-a1-p06,05e12ab545f0ff015d9f26705c28409427a259b581e229e4b278fd34b130e759,3,2190,0
2,ex2-s5-e1-a1-p06,05e12ab545f0ff015d9f26705c28409427a259b581e229e4b278fd34b130e759,3,2191,0
2,ex2-s5-e1-a1-p06,05e12ab545f0ff015d9f26705c28409427a259b581e229e4b278fd34b130e759,3,2192,0
2,ex2-s5-e1-a1-p06,05e12ab545f0ff015d9f26705c28409427a259b581e229e4b278fd34b130e759,3,2193,100
2,ex2-s5-e1-a1-p06,05e12ab545f0ff015d9f26705c28409427a259b581e229e4b278fd34b130e759,3,2194,0
2,ex2-s5-e1-a1-p06,05e12ab545f0ff015d9f26705c28409427a259b581e229e4b278fd34b130e759,3,2195,0
2,ex2-s5-e1-a1-p06,05e12ab545f0ff015d9f26705c28409427a259b581e229e4b278fd34b130e759,3,2196,0
2,ex2-s5-e1-a1-p06,05e12ab545f0ff015d9f26705c28409427a259b581e229e4b278fd34b130e759,3,2197,0
2,ex2-s5-e1-a1-p06,05e12ab545f0ff015d9f26705c28409427a259b581e229e4b278fd34b130e759,3,2198,0
2,ex2-s5-e1-a1-p06,05e12ab545f0ff015d9f26705c28409427a259b581e229e4b278fd34b130e759,3,2199,0
2,ex2-s5-e1-a1-p06,05e12ab545f0ff015d9f26705c28409427a259b581e229e4b278fd34b130e759,3,2200,100
2,ex2-s5-e1-a1-p06,05e12ab545f0ff015d9f26705c28409427a259b581e229e4b278fd34b130e759,3,2201,0
2,ex2-s5-e1-a1-p06,05e12ab545f0ff015d9f26705c28409427a259b581e229e4b278fd34b130e759,3,2202,0
2,ex2-s5-e1-a1-p06,05e12ab545f0ff015d9f26705c28409427a259b581e229e4b278fd34b130e759,3,2203,0
2,ex2-s5-e1-a1-p06,05e12ab545f0ff015d9f26705c28409427a259b581e229e4b278fd34b130e759,3,2204,0
2,ex2-s5-e1-a1-p06,05e12ab545f0ff015d9f26705c28409427a259b581e229e4b278fd34b130e759,3,2205,0
2,ex2-s5-e1-a1-p06,05e12ab545f0ff015d9f26705c28409427a259b581e229e4b278fd34b130e759,3,2206,100
2,ex2-s5-e1-a1-p06,05e12ab545f0ff015d9f26705c28409427a259b581e229e4b278fd34b130e759,3,2207,0
2,ex2-s5-e1-a1-p06,05e12ab545f0ff015d9f26705c28409427a259b581e229e4b278fd34b130e759,3,2208,0
2,ex2-s5-e1-a1-p06,05e12ab545f0ff015d9f26705c28409427a259b581e229e4b278fd34b130e759,3,2209,0
2,ex2-s5-e1-a1-p06,05e12ab545f0ff015d9f26705c28409427a259b581e229e4b278fd34b130e759,3,2210,0
2,ex2-s5-e1-a1-p06,05e12ab545f0ff015d9f26705c28409427a259b581e229e4b278fd34b130e759,3,2211,0
2,ex2-s5-e1-a1-p06,05e12ab545f0ff015d9f26705c28409427a259b581e229e4b278fd34b130e759,3,2212,0
2,ex2-s5-e1-a1-p06,05e12ab545f0ff015d9f26705c28409427a259b581e229e4b278fd34b130e759,3,2213,100
2,ex2-s5-e1-a1-p06,05e12ab545f0ff015d9f26705c28409427a259b581e229e4b278fd34b130e759,3,2214,0
2,ex2-s5-e1-a1-p06,05e12ab545f0ff015d9f26705c28409427a259b581e229e4b278fd34b130e759,3,2215,0
2,ex2-s5-e1-a1-p06,05e12ab545f0ff015d9f26705c28409427a259b581e229e4b278fd34b130e759,3,2216,0
2,ex2-s5-e1-a1-p06,05e12ab545f0ff015d9f26705c28409427a259b581e229e4b278fd34b130e759,3,2217,0
2,ex2-s5-e1-a1-p06,05e12ab545f0ff015d9f26705c28409427a259b581e229e4b278fd34b130e759,3,2218,0
2,ex2-s5-e1-a1-p06,05e12ab545f0ff015d9f26705c28409427a259b581e229e4b278fd34b130e759,3,2219,0
2,ex2-s5-e1-a1-p06,05e12ab545f0ff015d9f26705c28409427a259b581e229e4b278fd34b130e759,3,2220,100
2,ex2-s5-e1-a1-p06,05e12ab545f0ff015d9f26705c28409427a259b581e229e4b278fd34b130e759,3,2221,0
2,ex2-s5-e1-a1-p06,05e12ab545f0ff015d9f26705c28409427a259b581e229e4b278fd34b130e759,3,2222,0
2,ex2-s5-e1-a1-p06,05e12ab545f0ff015d9f26705c28409427a259b581e229e4b278fd34b130e759,3,2223,0
2,ex2-s5-e1-a1-p06,05e12ab545f0ff015d9f26705c28409427a259b581e229e4b278fd34b130e759,3,2224,0
2,ex2-s5-e1-a1-p06,05e12ab545f0ff015d9f26705c28409427a259b581e229e4b278fd34b130e759,3,2225,0
2,ex2-s5-e1-a1-p06,05e12ab545f0ff015d9f26705c28409427a259b581e229e4b278fd34b130e759,3,2226,100
2,ex2-s5-e1-a1-p06,05e12ab545f0ff015d9f26705c28409427a259b581e229e4b278fd34b130e759,3,2227,0
2,ex2-s5-e1-a1-p06,05e12ab545f0ff015d9f26705c28409427a259b581e229e4b278fd34b130e759,3,2228,0
2,ex2-s5-e1-a1-p06,05e12ab545f0ff015d9f26705c28409427a259b581e229e4b278fd34b130e759,3,2229,0
2,ex2-s5-e1-a1-p06,05e12ab545f0ff015d9f26705c28409427a259b581e229e4b278fd34b130e759,3,2230,0
2,ex2-s5-e1-a1-p06,05e12ab545f0ff015d9f26705c28409427a259b581e229e4b278fd34b130e759,3,2231,0
2,ex2-s5-e1-a1-p06,05e12ab545f0ff015d9f26705c28409427a259b581e229e4b278fd34b130e759,3,2232,0
2,ex2-s5-e1-a1-p06,05e12ab545f0ff015d9f26705c28409427a259b581e229e4b278fd34b130e759,3,2233,100
2,ex2-s5-e1-a1-p06,05e12ab545f0ff015d9f26705c28409427a259b581e229e4b278fd34b130e759,3,2234,0
2,ex2-s5-e1-a1-p06,05e12ab545f0ff015d9f26705c28409427a259b581e229e4b278fd34b130e759,3,2235,0
2,ex2-s5-e1-a1-p06,05e12ab545f0ff015d9f26705c28409427a259b581e229e4b278fd34b130e759,3,2236,0
2,ex2-s5-e1-a1-p06,05e12ab545f0ff015d9f26705c28409427a259b581e229e4b278fd34b130e759,3,2237,0
2,ex2-s5-e1-a1-p06,05e12ab545f0ff015d9f26705c28409427a259b581e229e4b278fd34b130e759,3,2238,0
2,ex2-s5-e1-a1-p06,05e12ab545f0ff015d9f26705c28409427a259b581e229e4b278fd34b130e759,3,2239,0
2,ex2-s5-e1-a1-p06,05e12ab545f0ff015d9f26705c28409427a259b581e229e4b278fd34b130e759,3,2240,100
2,ex2-s5-e1-a1-p06,05e12ab545f0ff015d9f26705c28409427a259b581e229e4b278fd34b130e759,3,2241,0
2,ex2-s5-e1-a1-p06,05e12ab545f0ff015d9f26705c28409427a259b581e229e4b278fd34b130e759,3,2242,0
2,ex2-s5-e1-a1-p06,05e12ab545f0ff015d9f26705c28409427a259b581e229e4b278fd34b130e759,3,2243,0
2,ex2-s5-e1-a1-p06,05e12ab545f0ff015d9f26705c28409427a259b581e229e4b278fd34b130e759,3,2244,0
2,ex2-s5-e1-a1-p06,05e12ab545f0ff015d9f26705c28409427a259b581e229e4b278fd34b130e759,3,2245,0
2,ex2-s5-e1-a1-p06,05e12ab545f0ff015d9f26705c28409427a259b581e229e4b278fd34b130e759,3,2246,100
2,ex2-s5-e1-a1-p06,05e12ab545f0ff015d9f26705c28409427a259b581e229e4b278fd34b130e759,3,2247,0
2,ex2-s5-e1-a1-p06,05e12ab545f0ff015d9f26705c28409427a259b581e229e4b278fd34b130e759,3,2248,0
2,ex2-s5-e1-a1-p06,05e12ab545f0ff015d9f26705c28409427a259b581e229e4b278fd34b130e759,3,2249,0
2,ex2-s5-e1-a1-p06,05e12ab545f0ff015d9f26705c28409427a259b581e229e4b278fd34b130e759,3,2250,0
2,ex2-s5-e1-a1-p06,05e12ab545f0ff015d9f26705c28409427a259b581e229e4b278fd34b130e759,3,2251,0
2,ex2-s5-e1-a1-p06,05e12ab545f0ff015d9f26705c28409427a259b581e229e4b278fd34b130e759,3,2252,0
2,ex2-s5-e1-a1-p06,05e12ab545f0ff015d9f26705c28409427a259b581e229e4b278fd34b130e759,3,2253,100
2,ex2-s5-e1-a1-p06,05e12ab545f0ff015d9f26705c28409427a259b581e229e4b278fd34b130e759,3,2254,0
2,ex2-s5-e1-a1-p06,05e12ab545f0ff015d9f26705c28409427a259b581e229e4b278fd34b130e759,3,2255,0
2,ex2-s5-e1-a1-p06,05e12ab545f0ff015d9f26705c28409427a259b581e229e4b278fd34b130e759,3,2256,0
2,ex2-s5-e1-a1-p06,05e12ab545f0ff015d9f26705c28409427a259b581e229e4b278fd34b130e759,3,2257,0
2,ex2-s5-e1-a1-p06,05e12ab545f0ff015d9f26705c28409427a259b581e229e4b278fd34b130e759,3,2258,0
2,ex2-s5-e1-a1-p06,05e12ab545f0ff015d9f26705c28409427a259b581e229e4b278fd34b130e759,3,2259,0
2,ex2-s5-e1-a1-p06,05e12ab545f0ff015d9f26705c28409427a259b581e229e4b278fd34b130e759,3,2260,100
2,ex2-s5-e1-a1-p06,05e12ab545f0ff015d9f26705c28409427a259b581e229e4b278fd34b130e759,3,2261,0
2,ex2-s5-e1-a1-p06,05e12ab545f0ff015d9f26705c28409427a259b581e229e4b278fd34b130e759,3,2262,0
2,ex2-s5-e1-a1-p06,05e12ab545f0ff015d9f26705c28409427a259b581e229e4b278fd34b130e759,3,2263,0
2,ex2-s5-e1-a1-p06,05e12ab545f0ff015d9f26705c28409427a259b581e229e4b278fd34b130e759,3,2264,0
2,ex2-s5-e1-a1-p06,05e12ab545f0ff015d9f26705c28409427a259b581e229e4b278fd34b130e759,3,2265,0
2,ex2-s5-e1-a1-p06,05e12ab545f0ff015d9f26705c28409427a259b581e229e4b278fd34b130e759,3,2266,100
2,ex2-s5-e1-a1-p06,05e12ab545f0ff015d9f26705c28409427a259b581e229e4b278fd34b130e759,3,2267,0
2,ex2-s5-e1-a1-p06,05e12ab545f0ff015d9f26705c28409427a259b581e229e4b278fd34b130e759,3,2268,0
2,ex2-s5-e1-a1-p06,05e12ab545f0ff015d9f26705c28409427a259b581e229e4b278fd34b130e759,3,2269,0
2,ex2-s5-e1-a1-p06,05e12ab545f0ff015d9f26705c28409427a259b581e229e4b278fd34b130e759,3,2270,0
2,ex2-s5-e1-a1-p06,05e12ab545f0ff015d9f26705c28409427a259b581e229e4b278fd34b130e759,3,2271,0
2,ex2-s5-e1-a1-p06,05e12ab545f0ff015d9f26705c28409427a259b581e229e4b278fd34b130e759,3,2272,0
2,ex2-s5-e1-a1-p06,05e12ab545f0ff015d9f26705c28409427a259b581e229e4b278fd34b130e759,3,2273,100
2,ex2-s5-e1-a1-p06,05e12ab545f0ff015d9f26705c28409427a259b581e229e4b278fd34b130e759,3,2274,0
2,ex2-s5-e1-a1-p06,05e12ab545f0ff015d9f26705c28409427a259b581e229e4b278fd34b130e759,3,2275,0
2,ex2-s5-e1-a1-p06,05e12ab545f0ff015d9f26705c28409427a259b581e229e4b278fd34b130e759,3,2276,0
2,ex2-s5-e1-a1-p06,05e12ab545f0ff015d9f26705c28409427a259b581e229e4b278fd34b130e759,3,2277,0
2,ex2-s5-e1-a1-p06,05e12ab545f0ff015d9f26705c28409427a259b581e229e4b278fd34b130e759,3,2278,0
2,ex2-s5-e1-a1-p06,05e12ab545f0ff015d9f26705c28409427a259b581e229e4b278fd34b130e759,3,2279,100
2,ex2-s5-e1-a1-p06,05e12ab545f0ff015d9f26705c28409427a259b581e229e4b278fd34b130e759,3,2280,0
2,ex2-s5-e1-a1-p06,05e12ab545f0ff015d9f26705c28409427a259b581e229e4b278fd34b130e759,3,2281,0
2,ex2-s5-e1-a1-p06,05e12ab545f0ff015d9f26705c28409427a259b581e229e4b278fd34b130e759,3,2282,0
2,ex2-s5-e1-a1-p06,05e12ab545f0ff015d9f26705c28409427a259b581e229e4b278fd34b130e759,3,2283,0
2,ex2-s5-e1-a1-p06,05e12ab545f0ff015d9f26705c28409427a259b581e229e4b278fd34b130e759,3,2284,0
2,ex2-s5-e1-a1-p06,05e12ab545f0ff015d9f26705c28409427a259b581e229e4b278fd34b130e759,3,2285,0
2,ex2-s5-e1-a1-p06,05e12ab545f0ff015d9f26705c28409427a259b581e229e4b278fd34b130e759,3,2286,100
2,ex2-s5-e1-a1-p06,05e12ab545f0ff015d9f26705c28409427a259b581e229e4b278fd34b130e759,3,2287,0
2,ex2-s5-e1-a1-p06,05e12ab545f0ff015d9f26705c28409427a259b581e229e4b278fd34b130e759,3,2288,0
2,ex2-s5-e1-a1-p06,05e12ab545f0ff015d9f26705c28409427a259b581e229e4b278fd34b130e759,3,2289,0
2,ex2-s5-e1-a1-p06,05e12ab545f0ff015d9f26705c28409427a259b581e229e4b278fd34b130e759,3,2290,0
2,ex2-s5-e1-a1-p06,05e12ab545f0ff015d9f26705c28409427a259b581e229e4b278fd34b130e759,3,2291,0
2,ex2-s5-e1-a1-p06,05e12ab545f0ff015d9f26705c28409427a259b581e229e4b278fd34b130e759,3,2292,0
2,ex2-s5-e1-a1-p06,05e12ab545f0ff015d9f26705c28409427a259b581e229e4b278fd34b130e759,3,2293,100
2,ex2-s5-e1-a1-p06,05e12ab545f0ff015d9f26705c28409427a259b581e229e4b278fd34b130e759,3,2294,0
2,ex2-s5-e1-a1-p06,05e12ab545f0ff015d9f26705c28409427a259b581e229e4b278fd34b130e759,3,2295,0
2,ex2-s5-e1-a1-p06,05e12ab545f0ff015d9f26705c28409427a259b581e229e4b278fd34b130e759,3,2296,0
2,ex2-s5-e1-a1-p06,05e12ab545f0ff015d9f26705c28409427a259b581e229e4b278fd34b130e759,3,2297,0
2,ex2-s5-e1-a1-p06,05e12ab545f0ff015d9f26705c28409427a259b581e229e4b278fd34b130e759,3,2298,0
2,ex2-s5-e1-a1-p06,05e12ab545f0ff015d9f26705c28409427a259b581e229e4b278fd34b130e759,3,2299,100
2,ex2-s5-e1-a1-p06,05e12ab545f0ff015d9f26705c28409427a259b581e229e4b278fd34b130e759,3,2300,0
2,ex2-s5-e1-a1-p06,05e12ab545f0ff015d9f26705c28409427a259b581e229e4b278fd34b130e759,3,2301,0
2,ex2-s5-e1-a1-p06,05e12ab545f0ff015d9f26705c28409427a259b581e229e4b278fd34b130e759,3,2302,0
2,ex2-s5-e1-a1-p06,05e12ab545f0ff015d9f26705c28409427a259b581e229e4b278fd34b130e759,3,2303,0
2,ex2-s5-e1-a1-p06,05e12ab545f0ff015d9f26705c28409427a259b581e229e4b278fd34b130e759,3,2304,0
2,ex2-s5-e1-a1-p06,05e12ab545f0ff015d9f26705c28409427a259b581e229e4b278fd34b130e759,3,2305,0
2,ex2-s5-e1-a1-p06,05e12ab545f0ff015d9f26705c28409427a259b581e229e4b278fd34b130e759,3,2306,100
2,ex2-s5-e1-a1-p06,05e12ab545f0ff015d9f26705c28409427a259b581e229e4b278fd34b130e759,3,2307,0
2,ex2-s5-e1-a1-p06,05e12ab545f0ff015d9f26705c28409427a259b581e229e4b278fd34b130e759,3,2308,0
2,ex2-s5-e1-a1-p06,05e12ab545f0ff015d9f26705c28409427a259b581e229e4b278fd34b130e759,3,2309,0
2,ex2-s5-e1-a1-p06,05e12ab545f0ff015d9f26705c28409427a259b581e229e4b278fd34b130e759,3,2310,0
2,ex2-s5-e1-a1-p06,05e12ab545f0ff015d9f26705c28409427a259b581e229e4b278fd34b130e759,3,2311,0
2,ex2-s5-e1-a1-p06,05e12ab545f0ff015d9f26705c28409427a259b581e229e4b278fd34b130e759,3,2312,0
2,ex2-s5-e1-a1-p06,05e12ab545f0ff015d9f26705c28409427a259b581e229e4b278fd34b130e759,3,2313,100
2,ex2-s5-e1-a1-p06,05e12ab545f0ff015d9f26705c28409427a259b581e229e4b278fd34b130e759,3,2314,0
2,ex2-s5-e1-a1-p06,05e12ab545f0ff015d9f26705c28409427a259b581e229e4b278fd34b130e759,3,2315,0
2,ex2-s5-e1-a1-p06,05e12ab545f0ff015d9f26705c28409427a259b581e229e4b278fd34b130e759,3,2316,0
2,ex2-s5-e1-a1-p06,05e12ab545f0ff015d9f26705c28409427a259b581e229e4b278fd34b130e759,3,2317,0
2,ex2-s5-e1-a1-p06,05e12ab545f0ff015d9f26705c28409427a259b581e229e4b278fd34b130e759,3,2318,0
2,ex2-s5-e1-a1-p06,05e12ab545f0ff015d9f26705c28409427a259b581e229e4b278fd34b130e759,3,2319,100
2,ex2-s5-e1-a1-p06,05e12ab545f0ff015d9f26705c28409427a259b581e229e4b278fd34b130e759,3,2320,0
2,ex2-s5-e1-a1-p06,05e12ab545f0ff015d9f26705c28409427a259b581e229e4b278fd34b130e759,3,2321,0
2,ex2-s5-e1-a1-p06,05e12ab545f0ff015d9f26705c28409427a259b581e229e4b278fd34b130e759,3,2322,0
2,ex2-s5-e1-a1-p06,05e12ab545f0ff015d9f26705c28409427a259b581e229e4b278fd34b130e759,3,2323,0
2,ex2-s5-e1-a1-p06,05e12ab545f0ff015d9f26705c28409427a259b581e229e4b278fd34b130e759,3,2324,0
2,ex2-s5-e1-a1-p06,05e12ab545f0ff015d9f26705c28409427a259b581e229e4b278fd34b130e759,3,2325,0
2,ex2-s5-e1-a1-p06,05e12ab545f0ff015d9f26705c28409427a259b581e229e4b278fd34b130e759,3,2326,100
2,ex2-s5-e1-a1-p06,05e12ab545f0ff015d9f26705c28409427a259b581e229e4b278fd34b130e759,3,2327,0
2,ex2-s5-e1-a1-p06,05e12ab545f0ff015d9f26705c28409427a259b581e229e4b278fd34b130e759,3,2328,0
2,ex2-s5-e1-a1-p06,05e12ab545f0ff015d9f26705c28409427a259b581e229e4b278fd34b130e759,3,2329,0
2,ex2-s5-e1-a1-p06,05e12ab545f0ff015d9f26705c28409427a259b581e229e4b278fd34b130e759,3,2330,0
2,ex2-s5-e1-a1-p06,05e12ab545f0ff015d9f26705c28409427a259b581e229e4b278fd34b130e759,3,2331,0
2,ex2-s5-e1-a1-p06,05e12ab545f0ff015d9f26705c28409427a259b581e229e4b278fd34b130e759,3,2332,0
2,ex2-s5-e1-a1-p06,05e12ab545f0ff015d9f26705c28409427a259b581e229e4b278fd34b130e759,3,2333,100
2,ex2-s5-e1-a1-p06,05e12ab545f0ff015d9f26705c28409427a259b581e229e4b278fd34b130e759,3,2334,0
2,ex2-s5-e1-a1-p06,05e12ab545f0ff015d9f26705c28409427a259b581e229e4b278fd34b130e759,3,2335,0
2,ex2-s5-e1-a1-p06,05e12ab545f0ff015d9f26705c28409427a259b581e229e4b278fd34b130e759,3,2336,0
2,ex2-s5-e1-a1-p06,05e12ab545f0ff015d9f26705c28409427a259b581e229e4b278fd34b130e759,3,2337,0
2,ex2-s5-e1-a1-p06,05e12ab545f0ff015d9f26705c28409427a259b581e229e4b278fd34b130e759,3,2338,0
2,ex2-s5-e1-a1-p06,05e12ab545f0ff015d9f26705c28409427a259b581e229e4b278fd34b130e759,3,2339,100
2,ex2-s5-e1-a1-p06,05e12ab545f0ff015d9f26705c28409427a259b581e229e4b278fd34b130e759,3,2340,0
2,ex2-s5-e1-a1-p06,05e12ab545f0ff015d9f26705c28409427a259b581e229e4b278fd34b130e759,3,2341,0
2,ex2-s5-e1-a1-p06,05e12ab545f0ff015d9f26705c28409427a259b581e229e4b278fd34b130e759,3,2342,0
2,ex2-s5-e1-a1-p06,05e12ab545f0ff015d9f26705c28409427a259b581e229e4b278fd34b130e759,3,2343,0
2,ex2-s5-e1-a1-p06,05e12ab545f0ff015d9f26705c28409427a259b581e229e4b278fd34b130e759,3,2344,0
2,ex2-s5-e1-a1-p06,05e12ab545f0ff015d9f26705c28409427a259b581e229e4b278fd34b130e759,3,2345,0
2,ex2-s5-e1-a1-p06,05e12ab545f0ff015d9f26705c28409427a259b581e229e4b278fd34b130e759,3,2346,100
2,ex2-s5-e1-a1-p06,05e12ab545f0ff015d9f26705c28409427a259b581e229e4b278fd34b130e759,3,2347,0
2,ex2-s5-e1-a1-p06,05e12ab545f0ff015d9f26705c28409427a259b581e229e4b278fd34b130e759,3,2348,0
2,ex2-s5-e1-a1-p06,05e12ab545f0ff015d9f26705c28409427a259b581e229e4b278fd34b130e759,3,2349,0
2,ex2-s5-e1-a1-p06,05e12ab545f0ff015d9f26705c28409427a259b581e229e4b278fd34b130e759,3,2350,0
2,ex2-s5-e1-a1-p06,05e12ab545f0ff015d9f26705c28409427a259b581e229e4b278fd34b130e759,3,2351,0
2,ex2-s5-e1-a1-p06,05e12ab545f0ff015d9f26705c28409427a259b581e229e4b278fd34b130e759,3,2352,0
2,ex2-s5-e1-a1-p06,05e12ab545f0ff015d9f26705c28409427a259b581e229e4b278fd34b130e759,3,2353,100
2,ex2-s5-e1-a1-p06,05e12ab545f0ff015d9f26705c28409427a259b581e229e4b278fd34b130e759,3,2354,0
2,ex2-s5-e1-a1-p06,05e12ab545f0ff015d9f26705c28409427a259b581e229e4b278fd34b130e759,3,2355,0
2,ex2-s5-e1-a1-p06,05e12ab545f0ff015d9f26705c28409427a259b581e229e4b278fd34b130e759,3,2356,0
2,ex2-s5-e1-a1-p06,05e12ab545f0ff015d9f26705c28409427a259b581e229e4b278fd34b130e759,3,2357,0
2,ex2-s5-e1-a1-p06,05e12ab545f0ff015d9f26705c28409427a259b581e229e4b278fd34b130e759,3,2358,0
2,ex2-s5-e1-a1-p06,05e12ab545f0ff015d9f26705c28409427a259b581e229e4b278fd34b130e759,3,2359,100
2,ex2-s5-e1-a1-p06,05e12ab545f0ff015d9f26705c28409427a259b581e229e4b278fd34b130e759,3,2360,0
2,ex2-s5-e1-a1-p06,05e12ab545f0ff015d9f26705c28409427a259b581e229e4b278fd34b130e759,3,2361,0
2,ex2-s5-e1-a1-p06,05e12ab545f0ff015d9f26705c28409427a259b581e229e4b278fd34b130e759,3,2362,0
2,ex2-s5-e1-a1-p06,05e12ab545f0ff015d9f26705c28409427a259b581e229e4b278fd34b130e759,3,2363,0
2,ex2-s5-e1-a1-p06,05e12ab545f0ff015d9f26705c28409427a259b581e229e4b278fd34b130e759,3,2364,0
2,ex2-s5-e1-a1-p06,05e12ab545f0ff015d9f26705c28409427a259b581e229e4b278fd34b130e759,3,2365,0
2,ex2-s5-e1-a1-p06,05e12ab545f0ff015d9f26705c28409427a259b581e229e4b278fd34b130e759,3,2366,100
2,ex2-s5-e1-a1-p06,05e12ab545f0ff015d9f26705c28409427a259b581e229e4b278fd34b130e759,3,2367,0
2,ex2-s5-e1-a1-p06,05e12ab545f0ff015d9f26705c28409427a259b581e229e4b278fd34b130e759,3,2368,0
2,ex2-s5-e1-a1-p06,05e12ab545f0ff015d9f26705c28409427a259b581e229e4b278fd34b130e759,3,2369,0
2,ex2-s5-e1-a1-p06,05e12ab545f0ff015d9f26705c28409427a259b581e229e4b278fd34b130e759,3,2370,0
2,ex2-s5-e1-a1-p06,05e12ab545f0ff015d9f26705c28409427a259b581e229e4b278fd34b130e759,3,2371,0
2,ex2-s5-e1-a1-p06,05e12ab545f0ff015d9f26705c28409427a259b581e229e4b278fd34b130e759,3,2372,0
2,ex2-s5-e1-a1-p06,05e12ab545f0ff015d9f26705c28409427a259b581e229e4b278fd34b130e759,3,2373,100
2,ex2-s5-e1-a1-p06,05e12ab545f0ff015d9f26705c28409427a259b581e229e4b278fd34b130e759,3,2374,0
2,ex2-s5-e1-a1-p06,05e12ab545f0ff015d9f26705c28409427a259b581e229e4b278fd34b130e759,3,2375,0
2,ex2-s5-e1-a1-p06,05e12ab545f0ff015d9f26705c28409427a259b581e229e4b278fd34b130e759,3,2376,0
2,ex2-s5-e1-a1-p06,05e12ab545f0ff015d9f26705c28409427a259b581e229e4b278fd34b130e759,3,2377,0
2,ex2-s5-e1-a1-p06,05e12ab545f0ff015d9f26705c28409427a259b581e229e4b278fd34b130e759,3,2378,0
2,ex2-s5-e1-a1-p06,05e12ab545f0ff015d9f26705c28409427a259b581e229e4b278fd34b130e759,3,2379,100
2,ex2-s5-e1-a1-p06,05e12ab545f0ff015d9f26705c28409427a259b581e229e4b278fd34b130e759,3,2380,0
2,ex2-s5-e1-a1-p06,05e12ab545f0ff015d9f26705c28409427a259b581e229e4b278fd34b130e759,3,2381,0
2,ex2-s5-e1-a1-p06,05e12ab545f0ff015d9f26705c28409427a259b581e229e4b278fd34b130e759,3,2382,0
2,ex2-s5-e1-a1-p06,05e12ab545f0ff015d9f26705c28409427a259b581e229e4b278fd34b130e759,3,2383,0
2,ex2-s5-e1-a1-p06,05e12ab545f0ff015d9f26705c28409427a259b581e229e4b278fd34b130e759,3,2384,0
2,ex2-s5-e1-a1-p06,05e12ab545f0ff015d9f26705c28409427a259b581e229e4b278fd34b130e759,3,2385,0
2,ex2-s5-e1-a1-p06,05e12ab545f0ff015d9f26705c28409427a259b581e229e4b278fd34b130e759,3,2386,100
2,ex2-s5-e1-a1-p06,05e12ab545f0ff015d9f26705c28409427a259b581e229e4b278fd34b130e759,3,2387,0
2,ex2-s5-e1-a1-p06,05e12ab545f0ff015d9f26705c28409427a259b581e229e4b278fd34b130e759,3,2388,0
2,ex2-s5-e1-a1-p06,05e12ab545f0ff015d9f26705c28409427a259b581e229e4b278fd34b130e759,3,2389,0
2,ex2-s5-e1-a1-p06,05e12ab545f0ff015d9f26705c28409427a259b581e229e4b278fd34b130e759,3,2390,0
2,ex2-s5-e1-a1-p06,05e12ab545f0ff015d9f26705c28409427a259b581e229e4b278fd34b130e759,3,2391,0
2,ex2-s5-e1-a1-p06,05e12ab545f0ff015d9f26705c28409427a259b581e229e4b278fd34b130e759,3,2392,0
2,ex2-s5-e1-a1-p06,05e12ab545f0ff015d9f26705c28409427a259b581e229e4b278fd34b130e759,3,2393,100
2,ex2-s5-e1-a1-p06,05e12ab545f0ff015d9f26705c28409427a259b581e229e4b278fd34b130e759,3,2394,0
2,ex2-s5-e1-a1-p06,05e12ab545f0ff015d9f26705c28409427a259b581e229e4b278fd34b130e759,3,2395,0
2,ex2-s5-e1-a1-p06,05e12ab545f0ff015d9f26705c28409427a259b581e229e4b278fd34b130e759,3,2396,0
2,ex2-s5-e1-a1-p06,05e12ab545f0ff015d9f26705c28409427a259b581e229e4b278fd34b130e759,3,2397,0
2,ex2-s5-e1-a1-p06,05e12ab545f0ff015d9f26705c28409427a259b581e229e4b278fd34b130e759,3,2398,0
2,ex2-s5-e1-a1-p06,05e12ab545f0ff015d9f26705c28409427a259b581e229e4b278fd34b130e759,3,2399,100
2,ex2-s5-e1-a1-p06,05e12ab545f0ff015d9f26705c28409427a259b581e229e4b278fd34b130e759,3,2400,0
2,ex2-s5-e1-a1-p06,05e12ab545f0ff015d9f26705c28409427a259b581e229e4b278fd34b130e759,3,2401,0
2,ex2-s5-e1-a1-p06,05e12ab545f0ff015d9f26705c28409427a259b581e229e4b278fd34b130e759,3,2402,0
2,ex2-s5-e1-a1-p06,05e12ab545f0ff015d9f26705c28409427a259b581e229e4b278fd34b130e759,3,2403,0
2,ex2-s5-e1-a1-p06,05e12ab545f0ff015d9f26705c28409427a259b581e229e4b278fd34b130e759,3,2404,0
2,ex2-s5-e1-a1-p06,05e12ab545f0ff015d9f26705c28409427a259b581e229e4b278fd34b130e759,3,2405,0
2,ex2-s5-e1-a1-p06,05e12ab545f0ff015d9f26705c28409427a259b581e229e4b278fd34b130e759,3,2406,100
2,ex2-s5-e1-a1-p06,05e12ab545f0ff015d9f26705c28409427a259b581e229e4b278fd34b130e759,3,2407,0
2,ex2-s5-e1-a1-p06,05e12ab545f0ff015d9f26705c28409427a259b581e229e4b278fd34b130e759,3,2408,0
2,ex2-s5-e1-a1-p06,05e12ab545f0ff015d9f26705c28409427a259b581e229e4b278fd34b130e759,3,2409,0
2,ex2-s5-e1-a1-p06,05e12ab545f0ff015d9f26705c28409427a259b581e229e4b278fd34b130e759,3,2410,0
2,ex2-s5-e1-a1-p06,05e12ab545f0ff015d9f26705c28409427a259b581e229e4b278fd34b130e759,3,2411,0
2,ex2-s5-e1-a1-p06,05e12ab545f0ff015d9f26705c28409427a259b581e229e4b278fd34b130e759,3,2412,100
2,ex2-s5-e1-a1-p06,05e12ab545f0ff015d9f26705c28409427a259b581e229e4b278fd34b130e759,3,2413,0
2,ex2-s5-e1-a1-p06,05e12ab545f0ff015d9f26705c28409427a259b581e229e4b278fd34b130e759,3,2414,0
2,ex2-s5-e1-a1-p06,05e12ab545f0ff015d9f26705c28409427a259b581e229e4b278fd34b130e759,3,2415,0
2,ex2-s5-e1-a1-p06,05e12ab545f0ff015d9f26705c28409427a259b581e229e4b278fd34b130e759,3,2416,0
2,ex2-s5-e1-a1-p06,05e12ab545f0ff015d9f26705c28409427a259b581e229e4b278fd34b130e759,3,2417,0
2,ex2-s5-e1-a1-p06,05e12ab545f0ff015d9f26705c28409427a259b581e229e4b278fd34b130e759,3,2418,0
2,ex2-s5-e1-a1-p06,05e12ab545f0ff015d9f26705c28409427a259b581e229e4b278fd34b130e759,3,2419,100
2,ex2-s5-e1-a1-p06,05e12ab545f0ff015d9f26705c28409427a259b581e229e4b278fd34b130e759,3,2420,0
2,ex2-s5-e1-a1-p06,05e12ab545f0ff015d9f26705c28409427a259b581e229e4b278fd34b130e759,3,2421,0
2,ex2-s5-e1-a1-p06,05e12ab545f0ff015d9f26705c28409427a259b581e229e4b278fd34b130e759,3,2422,0
2,ex2-s5-e1-a1-p06,05e12ab545f0ff015d9f26705c28409427a259b581e229e4b278fd34b130e759,3,2423,0
2,ex2-s5-e1-a1-p06,05e12ab545f0ff015d9f26705c28409427a259b581e229e4b278fd34b130e759,3,2424,0
2,ex2-s5-e1-a1-p06,05e12ab545f0ff015d9f26705c28409427a259b581e229e4b278fd34b130e759,3,2425,0
2,ex2-s5-e1-a1-p06,05e12ab545f0ff015d9f26705c28409427a259b581e229e4b278fd34b130e759,3,2426,100
2,ex2-s5-e1-a1-p06,05e12ab545f0ff015d9f26705c28409427a259b581e229e4b278fd34b130e759,3,2427,0
2,ex2-s5-e1-a1-p06,05e12ab545f0ff015d9f26705c28409427a259b581e229e4b278fd34b130e759,3,2428,0
2,ex2-s5-e1-a1-p06,05e12ab545f0ff015d9f26705c28409427a259b581e229e4b278fd34b130e759,3,2429,0
2,ex2-s5-e1-a1-p06,05e12ab545f0ff015d9f26705c28409427a259b581e229e4b278fd34b130e759,3,2430,0
2,ex2-s5-e1-a1-p06,05e12ab545f0ff015d9f26705c28409427a259b581e229e4b278fd34b130e759,3,2431,0
2,ex2-s5-e1-a1-p06,05e12ab545f0ff015d9f26705c28409427a259b581e229e4b278fd34b130e759,3,2432,100
2,ex2-s5-e1-a1-p06,05e12ab545f0ff015d9f26705c28409427a259b581e229e4b278fd34b130e759,3,2433,0
2,ex2-s5-e1-a1-p06,05e12ab545f0ff015d9f26705c28409427a259b581e229e4b278fd34b130e759,3,2434,0
2,ex2-s5-e1-a1-p06,05e12ab545f0ff015d9f26705c28409427a259b581e229e4b278fd34b130e759,3,2435,0
2,ex2-s5-e1-a1-p06,05e12ab545f0ff015d9f26705c28409427a259b581e229e4b278fd34b130e759,3,2436,0
2,ex2-s5-e1-a1-p06,05e12ab545f0ff015d9f26705c28409427a259b581e229e4b278fd34b130e759,3,2437,0
2,ex2-s5-e1-a1-p06,05e12ab545f0ff015d9f26705c28409427a259b581e229e4b278fd34b130e759,3,2438,0
2,ex2-s5-e1-a1-p06,05e12ab545f0ff015d9f26705c28409427a259b581e229e4b278fd34b130e759,3,2439,100
2,ex2-s5-e1-a1-p06,05e12ab545f0ff015d9f26705c28409427a259b581e229e4b278fd34b130e759,3,2440,0
2,ex2-s5-e1-a1-p06,05e12ab545f0ff015d9f26705c28409427a259b581e229e4b278fd34b130e759,3,2441,0
2,ex2-s5-e1-a1-p06,05e12ab545f0ff015d9f26705c28409427a259b581e229e4b278fd34b130e759,3,2442,0
2,ex2-s5-e1-a1-p06,05e12ab545f0ff015d9f26705c28409427a259b581e229e4b278fd34b130e759,3,2443,0
2,ex2-s5-e1-a1-p06,05e12ab545f0ff015d9f26705c28409427a259b581e229e4b278fd34b130e759,3,2444,0
2,ex2-s5-e1-a1-p06,05e12ab545f0ff015d9f26705c28409427a259b581e229e4b278fd34b130e759,3,2445,0
2,ex2-s5-e1-a1-p06,05e12ab545f0ff015d9f26705c28409427a259b581e229e4b278fd34b130e759,3,2446,100
2,ex2-s5-e1-a1-p06,05e12ab545f0ff015d9f26705c28409427a259b581e229e4b278fd34b130e759,3,2447,0
2,ex2-s5-e1-a1-p06,05e12ab545f0ff015d9f26705c28409427a259b581e229e4b278fd34b130e759,3,2448,0
2,ex2-s5-e1-a1-p06,05e12ab545f0ff015d9f26705c28409427a259b581e229e4b278fd34b130e759,3,2449,0
2,ex2-s5-e1-a1-p06,05e12ab545f0ff015d9f26705c28409427a259b581e229e4b278fd34b130e759,3,2450,0
2,ex2-s5-e1-a1-p06,05e12ab545f0ff015d9f26705c28409427a259b581e229e4b278fd34b130e759,3,2451,0
2,ex2-s5-e1-a1-p06,05e12ab545f0ff015d9f26705c28409427a259b581e229e4b278fd34b130e759,3,2452,100
2,ex2-s5-e1-a1-p06,05e12ab545f0ff015d9f26705c28409427a259b581e229e4b278fd34b130e759,3,2453,0
2,ex2-s5-e1-a1-p06,05e12ab545f0ff015d9f26705c28409427a259b581e229e4b278fd34b130e759,3,2454,0
2,ex2-s5-e1-a1-p06,05e12ab545f0ff015d9f26705c28409427a259b581e229e4b278fd34b130e759,3,2455,0
2,ex2-s5-e1-a1-p06,05e12ab545f0ff015d9f26705c28409427a259b581e229e4b278fd34b130e759,3,2456,0
2,ex2-s5-e1-a1-p06,05e12ab545f0ff015d9f26705c28409427a259b581e229e4b278fd34b130e759,3,2457,0
2,ex2-s5-e1-a1-p06,05e12ab545f0ff015d9f26705c28409427a259b581e229e4b278fd34b130e759,3,2458,0
2,ex2-s5-e1-a1-p06,05e12ab545f0ff015d9f26705c28409427a259b581e229e4b278fd34b130e759,3,2459,100
2,ex2-s5-e1-a1-p06,05e12ab545f0ff015d9f26705c28409427a259b581e229e4b278fd34b130e759,3,2460,0
2,ex2-s5-e1-a1-p06,05e12ab545f0ff015d9f26705c28409427a259b581e229e4b278fd34b130e759,3,2461,0
2,ex2-s5-e1-a1-p06,05e12ab545f0ff015d9f26705c28409427a259b581e229e4b278fd34b130e759,3,2462,0
2,ex2-s5-e1-a1-p06,05e12ab545f0ff015d9f26705c28409427a259b581e229e4b278fd34b130e759,3,2463,0
2,ex2-s5-e1-a1-p06,05e12ab545f0ff015d9f26705c28409427a259b581e229e4b278fd34b130e759,3,2464,0
2,ex2-s5-e1-a1-p06,05e12ab545f0ff015d9f26705c28409427a259b581e229e4b278fd34b130e759,3,2465,0
2,ex2-s5-e1-a1-p06,05e12ab545f0ff015d9f26705c28409427a259b581e229e4b278fd34b130e759,3,2466,100
2,ex2-s5-e1-a1-p06,05e12ab545f0ff015d9f26705c28409427a259b581e229e4b278fd34b130e759,3,2467,0
2,ex2-s5-e1-a1-p06,05e12ab545f0ff015d9f26705c28409427a259b581e229e4b278fd34b130e759,3,2468,0
2,ex2-s5-e1-a1-p06,05e12ab545f0ff015d9f26705c28409427a259b581e229e4b278fd34b130e759,3,2469,0
2,ex2-s5-e1-a1-p06,05e12ab545f0ff015d9f26705c28409427a259b581e229e4b278fd34b130e759,3,2470,0
2,ex2-s5-e1-a1-p06,05e12ab545f0ff015d9f26705c28409427a259b581e229e4b278fd34b130e759,3,2471,0
2,ex2-s5-e1-a1-p06,05e12ab545f0ff015d9f26705c28409427a259b581e229e4b278fd34b130e759,3,2472,100
2,ex2-s5-e1-a1-p06,05e12ab545f0ff015d9f26705c28409427a259b581e229e4b278fd34b130e759,3,2473,0
2,ex2-s5-e1-a1-p06,05e12ab545f0ff015d9f26705c28409427a259b581e229e4b278fd34b130e759,3,2474,0
2,ex2-s5-e1-a1-p06,05e12ab545f0ff015d9f26705c28409427a259b581e229e4b278fd34b130e759,3,2475,0
2,ex2-s5-e1-a1-p06,05e12ab545f0ff015d9f26705c28409427a259b581e229e4b278fd34b130e759,3,2476,0
2,ex2-s5-e1-a1-p06,05e12ab545f0ff015d9f26705c28409427a259b581e229e4b278fd34b130e759,3,2477,0
2,ex2-s5-e1-a1-p06,05e12ab545f0ff015d9f26705c28409427a259b581e229e4b278fd34b130e759,3,2478,0
2,ex2-s5-e1-a1-p06,05e12ab545f0ff015d9f26705c28409427a259b581e229e4b278fd34b130e759,3,2479,100
2,ex2-s5-e1-a1-p06,05e12ab545f0ff015d9f26705c28409427a259b581e229e4b278fd34b130e759,3,2480,0
2,ex2-s5-e1-a1-p06,05e12ab545f0ff015d9f26705c28409427a259b581e229e4b278fd34b130e759,3,2481,0
2,ex2-s5-e1-a1-p06,05e12ab545f0ff015d9f26705c28409427a259b581e229e4b278fd34b130e759,3,2482,0
2,ex2-s5-e1-a1-p06,05e12ab545f0ff015d9f26705c28409427a259b581e229e4b278fd34b130e759,3,2483,0
2,ex2-s5-e1-a1-p06,05e12ab545f0ff015d9f26705c28409427a259b581e229e4b278fd34b130e759,3,2484,0
2,ex2-s5-e1-a1-p06,05e12ab545f0ff015d9f26705c28409427a259b581e229e4b278fd34b130e759,3,2485,0
2,ex2-s5-e1-a1-p06,05e12ab545f0ff015d9f26705c28409427a259b581e229e4b278fd34b130e759,3,2486,100
2,ex2-s5-e1-a1-p06,05e12ab545f0ff015d9f26705c28409427a259b581e229e4b278fd34b130e759,3,2487,0
2,ex2-s5-e1-a1-p06,05e12ab545f0ff015d9f26705c28409427a259b581e229e4b278fd34b130e759,3,2488,0
2,ex2-s5-e1-a1-p06,05e12ab545f0ff015d9f26705c28409427a259b581e229e4b278fd34b130e759,3,2489,0
2,ex2-s5-e1-a1-p06,05e12ab545f0ff015d9f26705c28409427a259b581e229e4b278fd34b130e759,3,2490,0
2,ex2-s5-e1-a1-p06,05e12ab545f0ff015d9f26705c28409427a259b581e229e4b278fd34b130e759,3,2491,0
2,ex2-s5-e1-a1-p06,05e12ab545f0ff015d9f26705c28409427a259b581e229e4b278fd34b130e759,3,2492,100
2,ex2-s5-e1-a1-p06,05e12ab545f0ff015d9f26705c28409427a259b581e229e4b278fd34b130e759,3,2493,0
2,ex2-s5-e1-a1-p06,05e12ab545f0ff015d9f26705c28409427a259b581e229e4b278fd34b130e759,3,2494,0
2,ex2-s5-e1-a1-p06,05e12ab545f0ff015d9f26705c28409427a259b581e229e4b278fd34b130e759,3,2495,0
2,ex2-s5-e1-a1-p06,05e12ab545f0ff015d9f26705c28409427a259b581e229e4b278fd34b130e759,3,2496,0
2,ex2-s5-e1-a1-p06,05e12ab545f0ff015d9f26705c28409427a259b581e229e4b278fd34b130e759,3,2497,0
2,ex2-s5-e1-a1-p06,05e12ab545f0ff015d9f26705c28409427a259b581e229e4b278fd34b130e759,3,2498,0
2,ex2-s5-e1-a1-p06,05e12ab545f0ff015d9f26705c28409427a259b581e229e4b278fd34b130e759,3,2499,100
2,ex2-s5-e1-a1-p06,05e12ab545f0ff015d9f26705c28409427a259b581e229e4b278fd34b130e759,3,2500,0
2,ex2-s5-e1-a1-p06,05e12ab545f0ff015d9f26705c28409427a259b581e229e4b278fd34b130e759,3,2501,0
2,ex2-s5-e1-a1-p06,05e12ab545f0ff015d9f26705c28409427a259b581e229e4b278fd34b130e759,3,2502,0
2,ex2-s5-e1-a1-p06,05e12ab545f0ff015d9f26705c28409427a259b581e229e4b278fd34b130e759,3,2503,0
2,ex2-s5-e1-a1-p06,05e12ab545f0ff015d9f26705c28409427a259b581e229e4b278fd34b130e759,3,2504,0
2,ex2-s5-e1-a1-p06,05e12ab545f0ff015d9f26705c28409427a259b581e229e4b278fd34b130e759,3,2505,0
2,ex2-s5-e1-a1-p06,05e12ab545f0ff015d9f26705c28409427a259b581e229e4b278fd34b130e759,3,2506,100
2,ex2-s5-e1-a1-p06,05e12ab545f0ff015d9f26705c28409427a259b581e229e4b278fd34b130e759,3,2507,0
2,ex2-s5-e1-a1-p06,05e12ab545f0ff015d9f26705c28409427a259b581e229e4b278fd34b130e759,3,2508,0
2,ex2-s5-e1-a1-p06,05e12ab545f0ff015d9f26705c28409427a259b581e229e4b278fd34b130e759,3,2509,0
2,ex2-s5-e1-a1-p06,05e12ab545f0ff015d9f26705c28409427a259b581e229e4b278fd34b130e759,3,2510,0
2,ex2-s5-e1-a1-p06,05e12ab545f0ff015d9f26705c28409427a259b581e229e4b278fd34b130e759,3,2511,0
2,ex2-s5-e1-a1-p06,05e12ab545f0ff015d9f26705c28409427a259b581e229e4b278fd34b130e759,3,2512,100
2,ex2-s5-e1-a1-p06,05e12ab545f0ff015d9f26705c28409427a259b581e229e4b278fd34b130e759,3,2513,0
2,ex2-s5-e1-a1-p06,05e12ab545f0ff015d9f26705c28409427a259b581e229e4b278fd34b130e759,3,2514,0
2,ex2-s5-e1-a1-p06,05e12ab545f0ff015d9f26705c28409427a259b581e229e4b278fd34b130e759,3,2515,0
2,ex2-s5-e1-a1-p06,05e12ab545f0ff015d9f26705c28409427a259b581e229e4b278fd34b130e759,3,2516,0
2,ex2-s5-e1-a1-p06,05e12ab545f0ff015d9f26705c28409427a259b581e229e4b278fd34b130e759,3,2517,0
2,ex2-s5-e1-a1-p06,05e12ab545f0ff015d9f26705c28409427a259b581e229e4b278fd34b130e759,3,2518,0
2,ex2-s5-e1-a1-p06,05e12ab545f0ff015d9f26705c28409427a259b581e229e4b278fd34b130e759,3,2519,100
2,ex2-s5-e1-a1-p06,05e12ab545f0ff015d9f26705c28409427a259b581e229e4b278fd34b130e759,3,2520,0
2,ex2-s5-e1-a1-p06,05e12ab545f0ff015d9f26705c28409427a259b581e229e4b278fd34b130e759,3,2521,0
2,ex2-s5-e1-a1-p06,05e12ab545f0ff015d9f26705c28409427a259b581e229e4b278fd34b130e759,3,2522,0
2,ex2-s5-e1-a1-p06,05e12ab545f0ff015d9f26705c28409427a259b581e229e4b278fd34b130e759,3,2523,0
2,ex2-s5-e1-a1-p06,05e12ab545f0ff015d9f26705c28409427a259b581e229e4b278fd34b130e759,3,2524,0
2,ex2-s5-e1-a1-p06,05e12ab545f0ff015d9f26705c28409427a259b581e229e4b278fd34b130e759,3,2525,100
2,ex2-s5-e1-a1-p06,05e12ab545f0ff015d9f26705c28409427a259b581e229e4b278fd34b130e759,3,2526,0
2,ex2-s5-e1-a1-p06,05e12ab545f0ff015d9f26705c28409427a259b581e229e4b278fd34b130e759,3,2527,0
2,ex2-s5-e1-a1-p06,05e12ab545f0ff015d9f26705c28409427a259b581e229e4b278fd34b130e759,3,2528,0
2,ex2-s5-e1-a1-p06,05e12ab545f0ff015d9f26705c28409427a259b581e229e4b278fd34b130e759,3,2529,0
2,ex2-s5-e1-a1-p06,05e12ab545f0ff015d9f26705c28409427a259b581e229e4b278fd34b130e759,3,2530,0
2,ex2-s5-e1-a1-p06,05e12ab545f0ff015d9f26705c28409427a259b581e229e4b278fd34b130e759,3,2531,0
2,ex2-s5-e1-a1-p06,05e12ab545f0ff015d9f26705c28409427a259b581e229e4b278fd34b130e759,3,2532,100
2,ex2-s5-e1-a1-p06,05e12ab545f0ff015d9f26705c28409427a259b581e229e4b278fd34b130e759,3,2533,0
2,ex2-s5-e1-a1-p06,05e12ab545f0ff015d9f26705c28409427a259b581e229e4b278fd34b130e759,3,2534,0
2,ex2-s5-e1-a1-p06,05e12ab545f0ff015d9f26705c28409427a259b581e229e4b278fd34b130e759,3,2535,0
2,ex2-s5-e1-a1-p06,05e12ab545f0ff015d9f26705c28409427a259b581e229e4b278fd34b130e759,3,2536,0
2,ex2-s5-e1-a1-p06,05e12ab545f0ff015d9f26705c28409427a259b581e229e4b278fd34b130e759,3,2537,0
2,ex2-s5-e1-a1-p06,05e12ab545f0ff015d9f26705c28409427a259b581e229e4b278fd34b130e759,3,2538,0
2,ex2-s5-e1-a1-p06,05e12ab545f0ff015d9f26705c28409427a259b581e229e4b278fd34b130e759,3,2539,100
2,ex2-s5-e1-a1-p06,05e12ab545f0ff015d9f26705c28409427a259b581e229e4b278fd34b130e759,3,2540,0
2,ex2-s5-e1-a1-p06,05e12ab545f0ff015d9f26705c28409427a259b581e229e4b278fd34b130e759,3,2541,0
2,ex2-s5-e1-a1-p06,05e12ab545f0ff015d9f26705c28409427a259b581e229e4b278fd34b130e759,3,2542,0
2,ex2-s5-e1-a1-p06,05e12ab545f0ff015d9f26705c28409427a259b581e229e4b278fd34b130e759,3,2543,0
2,ex2-s5-e1-a1-p06,05e12ab545f0ff015d9f26705c28409427a259b581e229e4b278fd34b130e759,3,2544,0
2,ex2-s5-e1-a1-p06,05e12ab545f0ff015d9f26705c28409427a259b581e229e4b278fd34b130e759,3,2545,100
2,ex2-s5-e1-a1-p06,05e12ab545f0ff015d9f26705c28409427a259b581e229e4b278fd34b130e759,3,2546,0
2,ex2-s5-e1-a1-p06,05e12ab545f0ff015d9f26705c28409427a259b581e229e4b278fd34b130e759,3,2547,0
2,ex2-s5-e1-a1-p06,05e12ab545f0ff015d9f26705c28409427a259b581e229e4b278fd34b130e759,3,2548,0
2,ex2-s5-e1-a1-p06,05e12ab545f0ff015d9f26705c28409427a259b581e229e4b278fd34b130e759,3,2549,0
2,ex2-s5-e1-a1-p06,05e12ab545f0ff015d9f26705c28409427a259b581e229e4b278fd34b130e759,3,2550,0
2,ex2-s5-e1-a1-p06,05e12ab545f0ff015d9f26705c28409427a259b581e229e4b278fd34b130e759,3,2551,0
2,ex2-s5-e1-a1-p06,05e12ab545f0ff015d9f26705c28409427a259b581e229e4b278fd34b130e759,3,2552,100
2,ex2-s5-e1-a1-p06,05e12ab545f0ff015d9f26705c28409427a259b581e229e4b278fd34b130e759,3,2553,0
2,ex2-s5-e1-a1-p06,05e12ab545f0ff015d9f26705c28409427a259b581e229e4b278fd34b130e759,3,2554,0
2,ex2-s5-e1-a1-p06,05e12ab545f0ff015d9f26705c28409427a259b581e229e4b278fd34b130e759,3,2555,0
2,ex2-s5-e1-a1-p06,05e12ab545f0ff015d9f26705c28409427a259b581e229e4b278fd34b130e759,3,2556,0
2,ex2-s5-e1-a1-p06,05e12ab545f0ff015d9f26705c28409427a259b581e229e4b278fd34b130e759,3,2557,0
2,ex2-s5-e1-a1-p06,05e12ab545f0ff015d9f26705c28409427a259b581e229e4b278fd34b130e759,3,2558,0
2,ex2-s5-e1-a1-p06,05e12ab545f0ff015d9f26705c28409427a259b581e229e4b278fd34b130e759,3,2559,100
2,ex2-s5-e1-a1-p06,05e12ab545f0ff015d9f26705c28409427a259b581e229e4b278fd34b130e759,3,2560,0
2,ex2-s5-e1-a1-p06,05e12ab545f0ff015d9f26705c28409427a259b581e229e4b278fd34b130e759,3,2561,0
2,ex2-s5-e1-a1-p06,05e12ab545f0ff015d9f26705c28409427a259b581e229e4b278fd34b130e759,3,2562,0
2,ex2-s5-e1-a1-p06,05e12ab545f0ff015d9f26705c28409427a259b581e229e4b278fd34b130e759,3,2563,0
2,ex2-s5-e1-a1-p06,05e12ab545f0ff015d9f26705c28409427a259b581e229e4b278fd34b130e759,3,2564,0
2,ex2-s5-e1-a1-p06,05e12ab545f0ff015d9f26705c28409427a259b581e229e4b278fd34b130e759,3,2565,100
2,ex2-s5-e1-a1-p06,05e12ab545f0ff015d9f26705c28409427a259b581e229e4b278fd34b130e759,3,2566,0
2,ex2-s5-e1-a1-p06,05e12ab545f0ff015d9f26705c28409427a259b581e229e4b278fd34b130e759,3,2567,0
2,ex2-s5-e1-a1-p06,05e12ab545f0ff015d9f26705c28409427a259b581e229e4b278fd34b130e759,3,2568,0
2,ex2-s5-e1-a1-p06,05e12ab545f0ff015d9f26705c28409427a259b581e229e4b278fd34b130e759,3,2569,0
2,ex2-s5-e1-a1-p06,05e12ab545f0ff015d9f26705c28409427a259b581e229e4b278fd34b130e759,3,2570,0
2,ex2-s5-e1-a1-p06,05e12ab545f0ff015d9f26705c28409427a259b581e229e4b278fd34b130e759,3,2571,0
2,ex2-s5-e1-a1-p06,05e12ab545f0ff015d9f26705c28409427a259b581e229e4b278fd34b130e759,3,2572,100
2,ex2-s5-e1-a1-p06,05e12ab545f0ff015d9f26705c28409427a259b581e229e4b278fd34b130e759,3,2573,0
2,ex2-s5-e1-a1-p06,05e12ab545f0ff015d9f26705c28409427a259b581e229e4b278fd34b130e759,3,2574,0
2,ex2-s5-e1-a1-p06,05e12ab545f0ff015d9f26705c28409427a259b581e229e4b278fd34b130e759,3,2575,0
2,ex2-s5-e1-a1-p06,05e12ab545f0ff015d9f26705c28409427a259b581e229e4b278fd34b130e759,3,2576,0
2,ex2-s5-e1-a1-p06,05e12ab545f0ff015d9f26705c28409427a259b581e229e4b278fd34b130e759,3,2577,0
2,ex2-s5-e1-a1-p06,05e12ab545f0ff015d9f26705c28409427a259b581e229e4b278fd34b130e759,3,2578,0
2,ex2-s5-e1-a1-p06,05e12ab545f0ff015d9f26705c28409427a259b581e229e4b278fd34b130e759,3,2579,100
2,ex2-s5-e1-a1-p06,05e12ab545f0ff015d9f26705c28409427a259b581e229e4b278fd34b130e759,3,2580,0
2,ex2-s5-e1-a1-p06,05e12ab545f0ff015d9f26705c28409427a259b581e229e4b278fd34b130e759,3,2581,0
2,ex2-s5-e1-a1-p06,05e12ab545f0ff015d9f26705c28409427a259b581e229e4b278fd34b130e759,3,2582,0
2,ex2-s5-e1-a1-p06,05e12ab545f0ff015d9f26705c28409427a259b581e229e4b278fd34b130e759,3,2583,0
2,ex2-s5-e1-a1-p06,05e12ab545f0ff015d9f26705c28409427a259b581e229e4b278fd34b130e759,3,2584,0
2,ex2-s5-e1-a1-p06,05e12ab545f0ff015d9f26705c28409427a259b581e229e4b278fd34b130e759,3,2585,100
2,ex2-s5-e1-a1-p06,05e12ab545f0ff015d9f26705c28409427a259b581e229e4b278fd34b130e759,3,2586,0
2,ex2-s5-e1-a1-p06,05e12ab545f0ff015d9f26705c28409427a259b581e229e4b278fd34b130e759,3,2587,0
2,ex2-s5-e1-a1-p06,05e12ab545f0ff015d9f26705c28409427a259b581e229e4b278fd34b130e759,3,2588,0
2,ex2-s5-e1-a1-p06,05e12ab545f0ff015d9f26705c28409427a259b581e229e4b278fd34b130e759,3,2589,0
2,ex2-s5-e1-a1-p06,05e12ab545f0ff015d9f26705c28409427a259b581e229e4b278fd34b130e759,3,2590,0
2,ex2-s5-e1-a1-p06,05e12ab545f0ff015d9f26705c28409427a259b581e229e4b278fd34b130e759,3,2591,0
2,ex2-s5-e1-a1-p06,05e12ab545f0ff015d9f26705c28409427a259b581e229e4b278fd34b130e759,3,2592,100
2,ex2-s5-e1-a1-p06,05e12ab545f0ff015d9f26705c28409427a259b581e229e4b278fd34b130e759,3,2593,0
2,ex2-s5-e1-a1-p06,05e12ab545f0ff015d9f26705c28409427a259b581e229e4b278fd34b130e759,3,2594,0
2,ex2-s5-e1-a1-p06,05e12ab545f0ff015d9f26705c28409427a259b581e229e4b278fd34b130e759,3,2595,0
2,ex2-s5-e1-a1-p06,05e12ab545f0ff015d9f26705c28409427a259b581e229e4b278fd34b130e759,3,2596,0
2,ex2-s5-e1-a1-p06,05e12ab545f0ff015d9f26705c28409427a259b581e229e4b278fd34b130e759,3,2597,0
2,ex2-s5-e1-a1-p06,05e12ab545f0ff015d9f26705c28409427a259b581e229e4b278fd34b130e759,3,2598,0
2,ex2-s5-e1-a1-p06,05e12ab545f0ff015d9f26705c28409427a259b581e229e4b278fd34b130e759,3,2599,100
2,ex2-s5-e1-a1-p06,05e12ab545f0ff015d9f26705c28409427a259b581e229e4b278fd34b130e759,3,2600,0
2,ex2-s5-e1-a1-p06,05e12ab545f0ff015d9f26705c28409427a259b581e229e4b278fd34b130e759,3,2601,0
2,ex2-s5-e1-a1-p06,05e12ab545f0ff015d9f26705c28409427a259b581e229e4b278fd34b130e759,3,2602,0
2,ex2-s5-e1-a1-p06,05e12ab545f0ff015d9f26705c28409427a259b581e229e4b278fd34b130e759,3,2603,0
2,ex2-s5-e1-a1-p06,05e12ab545f0ff015d9f26705c28409427a259b581e229e4b278fd34b130e759,3,2604,0
2,ex2-s5-e1-a1-p06,05e12ab545f0ff015d9f26705c28409427a259b581e229e4b278fd34b130e759,3,2605,100
2,ex2-s5-e1-a1-p06,05e12ab545f0ff015d9f26705c28409427a259b581e229e4b278fd34b130e759,3,2606,0
2,ex2-s5-e1-a1-p06,05e12ab545f0ff015d9f26705c28409427a259b581e229e4b278fd34b130e759,3,2607,0
2,ex2-s5-e1-a1-p06,05e12ab545f0ff015d9f26705c28409427a259b581e229e4b278fd34b130e759,3,2608,0
2,ex2-s5-e1-a1-p06,05e12ab545f0ff015d9f26705c28409427a259b581e229e4b278fd34b130e759,3,2609,0
2,ex2-s5-e1-a1-p06,05e12ab545f0ff015d9f26705c28409427a259b581e229e4b278fd34b130e759,3,2610,0
2,ex2-s5-e1-a1-p06,05e12ab545f0ff015d9f26705c28409427a259b581e229e4b278fd34b130e759,3,2611,0
2,ex2-s5-e1-a1-p06,05e12ab545f0ff015d9f26705c28409427a259b581e229e4b278fd34b130e759,3,2612,100
2,ex2-s5-e1-a1-p06,05e12ab545f0ff015d9f26705c28409427a259b581e229e4b278fd34b130e759,3,2613,0
2,ex2-s5-e1-a1-p06,05e12ab545f0ff015d9f26705c28409427a259b581e229e4b278fd34b130e759,3,2614,0
2,ex2-s5-e1-a1-p06,05e12ab545f0ff015d9f26705c28409427a259b581e229e4b278fd34b130e759,3,2615,0
2,ex2-s5-e1-a1-p06,05e12ab545f0ff015d9f26705c28409427a259b581e229e4b278fd34b130e759,3,2616,0
2,ex2-s5-e1-a1-p06,05e12ab545f0ff015d9f26705c28409427a259b581e229e4b278fd34b130e759,3,2617,0
2,ex2-s5-e1-a1-p06,05e12ab545f0ff015d9f26705c28409427a259b581e229e4b278fd34b130e759,3,2618,100
2,ex2-s5-e1-a1-p06,05e12ab545f0ff015d9f26705c28409427a259b581e229e4b278fd34b130e759,3,2619,0
2,ex2-s5-e1-a1-p06,05e12ab545f0ff015d9f26705c28409427a259b581e229e4b278fd34b130e759,3,2620,0
2,ex2-s5-e1-a1-p06,05e12ab545f0ff015d9f26705c28409427a259b581e229e4b278fd34b130e759,3,2621,0
2,ex2-s5-e1-a1-p06,05e12ab545f0ff015d9f26705c28409427a259b581e229e4b278fd34b130e759,3,2622,0
2,ex2-s5-e1-a1-p06,05e12ab545f0ff015d9f26705c28409427a259b581e229e4b278fd34b130e759,3,2623,0
2,ex2-s5-e1-a1-p06,05e12ab545f0ff015d9f26705c28409427a259b581e229e4b278fd34b130e759,3,2624,0
2,ex2-s5-e1-a1-p06,05e12ab545f0ff015d9f26705c28409427a259b581e229e4b278fd34b130e759,3,2625,100
2,ex2-s5-e1-a1-p06,05e12ab545f0ff015d9f26705c28409427a259b581e229e4b278fd34b130e759,3,2626,0
2,ex2-s5-e1-a1-p06,05e12ab545f0ff015d9f26705c28409427a259b581e229e4b278fd34b130e759,3,2627,0
2,ex2-s5-e1-a1-p06,05e12ab545f0ff015d9f26705c28409427a259b581e229e4b278fd34b130e759,3,2628,0
2,ex2-s5-e1-a1-p06,05e12ab545f0ff015d9f26705c28409427a259b581e229e4b278fd34b130e759,3,2629,0
2,ex2-s5-e1-a1-p06,05e12ab545f0ff015d9f26705c28409427a259b581e229e4b278fd34b130e759,3,2630,0
2,ex2-s5-e1-a1-p06,05e12ab545f0ff015d9f26705c28409427a259b581e229e4b278fd34b130e759,3,2631,0
2,ex2-s5-e1-a1-p06,05e12ab545f0ff015d9f26705c28409427a259b581e229e4b278fd34b130e759,3,2632,100
2,ex2-s5-e1-a1-p06,05e12ab545f0ff015d9f26705c28409427a259b581e229e4b278fd34b130e759,3,2633,0
2,ex2-s5-e1-a1-p06,05e12ab545f0ff015d9f26705c28409427a259b581e229e4b278fd34b130e759,3,2634,0
2,ex2-s5-e1-a1-p06,05e12ab545f0ff015d9f26705c28409427a259b581e229e4b278fd34b130e759,3,2635,0
2,ex2-s5-e1-a1-p06,05e12ab545f0ff015d9f26705c28409427a259b581e229e4b278fd34b130e759,3,2636,0
2,ex2-s5-e1-a1-p06,05e12ab545f0ff015d9f26705c28409427a259b581e229e4b278fd34b130e759,3,2637,0
2,ex2-s5-e1-a1-p06,05e12ab545f0ff015d9f26705c28409427a259b581e229e4b278fd34b130e759,3,2638,100
2,ex2-s5-e1-a1-p06,05e12ab545f0ff015d9f26705c28409427a259b581e229e4b278fd34b130e759,3,2639,0
2,ex2-s5-e1-a1-p06,05e12ab545f0ff015d9f26705c28409427a259b581e229e4b278fd34b130e759,3,2640,0
2,ex2-s5-e1-a1-p06,05e12ab545f0ff015d9f26705c28409427a259b581e229e4b278fd34b130e759,3,2641,0
2,ex2-s5-e1-a1-p06,05e12ab545f0ff015d9f26705c28409427a259b581e229e4b278fd34b130e759,3,2642,0
2,ex2-s5-e1-a1-p06,05e12ab545f0ff015d9f26705c28409427a259b581e229e4b278fd34b130e759,3,2643,0
2,ex2-s5-e1-a1-p06,05e12ab545f0ff015d9f26705c28409427a259b581e229e4b278fd34b130e759,3,2644,0
2,ex2-s5-e1-a1-p06,05e12ab545f0ff015d9f26705c28409427a259b581e229e4b278fd34b130e759,3,2645,100
2,ex2-s5-e1-a1-p06,05e12ab545f0ff015d9f26705c28409427a259b581e229e4b278fd34b130e759,3,2646,0
2,ex2-s5-e1-a1-p06,05e12ab545f0ff015d9f26705c28409427a259b581e229e4b278fd34b130e759,3,2647,0
2,ex2-s5-e1-a1-p06,05e12ab545f0ff015d9f26705c28409427a259b581e229e4b278fd34b130e759,3,2648,0
2,ex2-s5-e1-a1-p06,05e12ab545f0ff015d9f26705c28409427a259b581e229e4b278fd34b130e759,3,2649,0
2,ex2-s5-e1-a1-p06,05e12ab545f0ff015d9f26705c28409427a259b581e229e4b278fd34b130e759,3,2650,0
2,ex2-s5-e1-a1-p06,05e12ab545f0ff015d9f26705c28409427a259b581e229e4b278fd34b130e759,3,2651,0
2,ex2-s5-e1-a1-p06,05e12ab545f0ff015d9f26705c28409427a259b581e229e4b278fd34b130e759,3,2652,100
2,ex2-s5-e1-a1-p06,05e12ab545f0ff015d9f26705c28409427a259b581e229e4b278fd34b130e759,3,2653,0
2,ex2-s5-e1-a1-p06,05e12ab545f0ff015d9f26705c28409427a259b581e229e4b278fd34b130e759,3,2654,0
2,ex2-s5-e1-a1-p06,05e12ab545f0ff015d9f26705c28409427a259b581e229e4b278fd34b130e759,3,2655,0
2,ex2-s5-e1-a1-p06,05e12ab545f0ff015d9f26705c28409427a259b581e229e4b278fd34b130e759,3,2656,0
2,ex2-s5-e1-a1-p06,05e12ab545f0ff015d9f26705c28409427a259b581e229e4b278fd34b130e759,3,2657,0
2,ex2-s5-e1-a1-p06,05e12ab545f0ff015d9f26705c28409427a259b581e229e4b278fd34b130e759,3,2658,100
2,ex2-s5-e1-a1-p06,05e12ab545f0ff015d9f26705c28409427a259b581e229e4b278fd34b130e759,3,2659,0
2,ex2-s5-e1-a1-p06,05e12ab545f0ff015d9f26705c28409427a259b581e229e4b278fd34b130e759,3,2660,0
2,ex2-s5-e1-a1-p06,05e12ab545f0ff015d9f26705c28409427a259b581e229e4b278fd34b130e759,3,2661,0
2,ex2-s5-e1-a1-p06,05e12ab545f0ff015d9f26705c28409427a259b581e229e4b278fd34b130e759,3,2662,0
2,ex2-s5-e1-a1-p06,05e12ab545f0ff015d9f26705c28409427a259b581e229e4b278fd34b130e759,3,2663,0
2,ex2-s5-e1-a1-p06,05e12ab545f0ff015d9f26705c28409427a259b581e229e4b278fd34b130e759,3,2664,0
2,ex2-s5-e1-a1-p06,05e12ab545f0ff015d9f26705c28409427a259b581e229e4b278fd34b130e759,3,2665,100
2,ex2-s5-e1-a1-p06,05e12ab545f0ff015d9f26705c28409427a259b581e229e4b278fd34b130e759,3,2666,0
2,ex2-s5-e1-a1-p06,05e12ab545f0ff015d9f26705c28409427a259b581e229e4b278fd34b130e759,3,2667,0
2,ex2-s5-e1-a1-p06,05e12ab545f0ff015d9f26705c28409427a259b581e229e4b278fd34b130e759,3,2668,0
2,ex2-s5-e1-a1-p06,05e12ab545f0ff015d9f26705c28409427a259b581e229e4b278fd34b130e759,3,2669,0
2,ex2-s5-e1-a1-p06,05e12ab545f0ff015d9f26705c28409427a259b581e229e4b278fd34b130e759,3,2670,0
2,ex2-s5-e1-a1-p06,05e12ab545f0ff015d9f26705c28409427a259b581e229e4b278fd34b130e759,3,2671,0
2,ex2-s5-e1-a1-p06,05e12ab545f0ff015d9f26705c28409427a259b581e229e4b278fd34b130e759,3,2672,100
2,ex2-s5-e1-a1-p06,05e12ab545f0ff015d9f26705c28409427a259b581e229e4b278fd34b130e759,3,2673,0
2,ex2-s5-e1-a1-p06,05e12ab545f0ff015d9f26705c28409427a259b581e229e4b278fd34b130e759,3,2674,0
2,ex2-s5-e1-a1-p06,05e12ab545f0ff015d9f26705c28409427a259b581e229e4b278fd34b130e759,3,2675,0
2,ex2-s5-e1-a1-p06,05e12ab545f0ff015d9f26705c28409427a259b581e229e4b278fd34b130e759,3,2676,0
2,ex2-s5-e1-a1-p06,05e12ab545f0ff015d9f26705c28409427a259b581e229e4b278fd34b130e759,3,2677,0
2,ex2-s5-e1-a1-p06,05e12ab545f0ff015d9f26705c28409427a259b581e229e4b278fd34b130e759,3,2678,100
2,ex2-s5-e1-a1-p06,05e12ab545f0ff015d9f26705c28409427a259b581e229e4b278fd34b130e759,3,2679,0
2,ex2-s5-e1-a1-p06,05e12ab545f0ff015d9f26705c28409427a259b581e229e4b278fd34b130e759,3,2680,0
2,ex2-s5-e1-a1-p06,05e12ab545f0ff015d9f26705c28409427a259b581e229e4b278fd34b130e759,3,2681,0
2,ex2-s5-e1-a1-p06,05e12ab545f0ff015d9f26705c28409427a259b581e229e4b278fd34b130e759,3,2682,0
2,ex2-s5-e1-a1-p06,05e12ab545f0ff015d9f26705c28409427a259b581e229e4b278fd34b130e759,3,2683,0
2,ex2-s5-e1-a1-p06,05e12ab545f0ff015d9f26705c28409427a259b581e229e4b278fd34b130e759,3,2684,0
2,ex2-s5-e1-a1-p06,05e12ab545f0ff015d9f26705c28409427a259b581e229e4b278fd34b130e759,3,2685,100
2,ex2-s5-e1-a1-p06,05e12ab545f0ff015d9f26705c28409427a259b581e229e4b278fd34b130e759,3,2686,0
2,ex2-s5-e1-a1-p06,05e12ab545f0ff015d9f26705c28409427a259b581e229e4b278fd34b130e759,3,2687,0
2,ex2-s5-e1-a1-p06,05e12ab545f0ff015d9f26705c28409427a259b581e229e4b278fd34b130e759,3,2688,0
2,ex2-s5-e1-a1-p06,05e12ab545f0ff015d9f26705c28409427a259b581e229e4b278fd34b130e759,3,2689,0
2,ex2-s5-e1-a1-p06,05e12ab545f0ff015d9f26705c28409427a259b581e229e4b278fd34b130e759,3,2690,0
2,ex2-s5-e1-a1-p06,05e12ab545f0ff015d9f26705c28409427a259b581e229e4b278fd34b130e759,3,2691,0
2,ex2-s5-e1-a1-p06,05e12ab545f0ff015d9f26705c28409427a259b581e229e4b278fd34b130e759,3,2692,100
2,ex2-s5-e1-a1-p06,05e12ab545f0ff015d9f26705c28409427a259b581e229e4b278fd34b130e759,3,2693,0
2,ex2-s5-e1-a1-p06,05e12ab545f0ff015d9f26705c28409427a259b581e229e4b278fd34b130e759,3,2694,0
2,ex2-s5-e1-a1-p06,05e12ab545f0ff015d9f26705c28409427a259b581e229e4b278fd34b130e759,3,2695,0
2,ex2-s5-e1-a1-p06,05e12ab545f0ff015d9f26705c28409427a259b581e229e4b278fd34b130e759,3,2696,0
2,ex2-s5-e1-a1-p06,05e12ab545f0ff015d9f26705c28409427a259b581e229e4b278fd34b130e759,3,2697,0
2,ex2-s5-e1-a1-p06,05e12ab545f0ff015d9f26705c28409427a259b581e229e4b278fd34b130e759,3,2698,100
2,ex2-s5-e1-a1-p06,05e12ab545f0ff015d9f26705c28409427a259b581e229e4b278fd34b130e759,3,2699,0
2,ex2-s5-e1-a1-p06,05e12ab545f0ff015d9f26705c28409427a259b581e229e4b278fd34b130e759,3,2700,0
2,ex2-s5-e1-a1-p06,05e12ab545f0ff015d9f26705c28409427a259b581e229e4b278fd34b130e759,3,2701,0
2,ex2-s5-e1-a1-p06,05e12ab545f0ff015d9f26705c28409427a259b581e229e4b278fd34b130e759,3,2702,0
2,ex2-s5-e1-a1-p06,05e12ab545f0ff015d9f26705c28409427a259b581e229e4b278fd34b130e759,3,2703,0
2,ex2-s5-e1-a1-p06,05e12ab545f0ff015d9f26705c28409427a259b581e229e4b278fd34b130e759,3,2704,0
2,ex2-s5-e1-a1-p06,05e12ab545f0ff015d9f26705c28409427a259b581e229e4b278fd34b130e759,3,2705,100
2,ex2-s5-e1-a1-p06,05e12ab545f0ff015d9f26705c28409427a259b581e229e4b278fd34b130e759,3,2706,0
2,ex2-s5-e1-a1-p06,05e12ab545f0ff015d9f26705c28409427a259b581e229e4b278fd34b130e759,3,2707,0
2,ex2-s5-e1-a1-p06,05e12ab545f0ff015d9f26705c28409427a259b581e229e4b278fd34b130e759,3,2708,0
2,ex2-s5-e1-a1-p06,05e12ab545f0ff015d9f26705c28409427a259b581e229e4b278fd34b130e759,3,2709,0
2,ex2-s5-e1-a1-p06,05e12ab545f0ff015d9f26705c28409427a259b581e229e4b278fd34b130e759,3,2710,0
2,ex2-s5-e1-a1-p06,05e12ab545f0ff015d9f26705c28409427a259b581e229e4b278fd34b130e759,3,2711,100
2,ex2-s5-e1-a1-p06,05e12ab545f0ff015d9f26705c28409427a259b581e229e4b278fd34b130e759,3,2712,0
2,ex2-s5-e1-a1-p06,05e12ab545f0ff015d9f26705c28409427a259b581e229e4b278fd34b130e759,3,2713,0
2,ex2-s5-e1-a1-p06,05e12ab545f0ff015d9f26705c28409427a259b581e229e4b278fd34b130e759,3,2714,0
2,ex2-s5-e1-a1-p06,05e12ab545f0ff015d9f26705c28409427a259b581e229e4b278fd34b130e759,3,2715,0
2,ex2-s5-e1-a1-p06,05e12ab545f0ff015d9f26705c28409427a259b581e229e4b278fd34b130e759,3,2716,0
2,ex2-s5-e1-a1-p06,05e12ab545f0ff015d9f26705c28409427a259b581e229e4b278fd34b130e759,3,2717,0
2,ex2-s5-e1-a1-p06,05e12ab545f0ff015d9f26705c28409427a259b581e229e4b278fd34b130e759,3,2718,100
2,ex2-s5-e1-a1-p06,05e12ab545f0ff015d9f26705c28409427a259b581e229e4b278fd34b130e759,3,2719,0
2,ex2-s5-e1-a1-p06,05e12ab545f0ff015d9f26705c28409427a259b581e229e4b278fd34b130e759,3,2720,0
2,ex2-s5-e1-a1-p06,05e12ab545f0ff015d9f26705c28409427a259b581e229e4b278fd34b130e759,3,2721,0
2,ex2-s5-e1-a1-p06,05e12ab545f0ff015d9f26705c28409427a259b581e229e4b278fd34b130e759,3,2722,0
2,ex2-s5-e1-a1-p06,05e12ab545f0ff015d9f26705c28409427a259b581e229e4b278fd34b130e759,3,2723,0
2,ex2-s5-e1-a1-p06,05e12ab545f0ff015d9f26705c28409427a259b581e229e4b278fd34b130e759,3,2724,0
2,ex2-s5-e1-a1-p06,05e12ab545f0ff015d9f26705c28409427a259b581e229e4b278fd34b130e759,3,2725,100
2,ex2-s5-e1-a1-p06,05e12ab545f0ff015d9f26705c28409427a259b581e229e4b278fd34b130e759,3,2726,0
2,ex2-s5-e1-a1-p06,05e12ab545f0ff015d9f26705c28409427a259b581e229e4b278fd34b130e759,3,2727,0
2,ex2-s5-e1-a1-p06,05e12ab545f0ff015d9f26705c28409427a259b581e229e4b278fd34b130e759,3,2728,0
2,ex2-s5-e1-a1-p06,05e12ab545f0ff015d9f26705c28409427a259b581e229e4b278fd34b130e759,3,2729,0
2,ex2-s5-e1-a1-p06,05e12ab545f0ff015d9f26705c28409427a259b581e229e4b278fd34b130e759,3,2730,0
2,ex2-s5-e1-a1-p06,05e12ab545f0ff015d9f26705c28409427a259b581e229e4b278fd34b130e759,3,2731,100
2,ex2-s5-e1-a1-p06,05e12ab545f0ff015d9f26705c28409427a259b581e229e4b278fd34b130e759,3,2732,0
2,ex2-s5-e1-a1-p06,05e12ab545f0ff015d9f26705c28409427a259b581e229e4b278fd34b130e759,3,2733,0
2,ex2-s5-e1-a1-p06,05e12ab545f0ff015d9f26705c28409427a259b581e229e4b278fd34b130e759,3,2734,0
2,ex2-s5-e1-a1-p06,05e12ab545f0ff015d9f26705c28409427a259b581e229e4b278fd34b130e759,3,2735,0
2,ex2-s5-e1-a1-p06,05e12ab545f0ff015d9f26705c28409427a259b581e229e4b278fd34b130e759,3,2736,0
2,ex2-s5-e1-a1-p06,05e12ab545f0ff015d9f26705c28409427a259b581e229e4b278fd34b130e759,3,2737,0
2,ex2-s5-e1-a1-p06,05e12ab545f0ff015d9f26705c28409427a259b581e229e4b278fd34b130e759,3,2738,100
2,ex2-s5-e1-a1-p06,05e12ab545f0ff015d9f26705c28409427a259b581e229e4b278fd34b130e759,3,2739,0
2,ex2-s5-e1-a1-p06,05e12ab545f0ff015d9f26705c28409427a259b581e229e4b278fd34b130e759,3,2740,0
2,ex2-s5-e1-a1-p06,05e12ab545f0ff015d9f26705c28409427a259b581e229e4b278fd34b130e759,3,2741,0
2,ex2-s5-e1-a1-p06,05e12ab545f0ff015d9f26705c28409427a259b581e229e4b278fd34b130e759,3,2742,0
2,ex2-s5-e1-a1-p06,05e12ab545f0ff015d9f26705c28409427a259b581e229e4b278fd34b130e759,3,2743,0
2,ex2-s5-e1-a1-p06,05e12ab545f0ff015d9f26705c28409427a259b581e229e4b278fd34b130e759,3,2744,0
2,ex2-s5-e1-a1-p06,05e12ab545f0ff015d9f26705c28409427a259b581e229e4b278fd34b130e759,3,2745,100
2,ex2-s5-e1-a1-p06,05e12ab545f0ff015d9f26705c28409427a259b581e229e4b278fd34b130e759,3,2746,0
2,ex2-s5-e1-a1-p06,05e12ab545f0ff015d9f26705c28409427a259b581e229e4b278fd34b130e759,3,2747,0
2,ex2-s5-e1-a1-p06,05e12ab545f0ff015d9f26705c28409427a259b581e229e4b278fd34b130e759,3,2748,0
2,ex2-s5-e1-a1-p06,05e12ab545f0ff015d9f26705c28409427a259b581e229e4b278fd34b130e759,3,2749,0
2,ex2-s5-e1-a1-p06,05e12ab545f0ff015d9f26705c28409427a259b581e229e4b278fd34b130e759,3,2750,0
2,ex2-s5-e1-a1-p06,05e12ab545f0ff015d9f26705c28409427a259b581e229e4b278fd34b130e759,3,2751,100
2,ex2-s5-e1-a1-p06,05e12ab545f0ff015d9f26705c28409427a259b581e229e4b278fd34b130e759,3,2752,0
2,ex2-s5-e1-a1-p06,05e12ab545f0ff015d9f26705c28409427a259b581e229e4b278fd34b130e759,3,2753,0
2,ex2-s5-e1-a1-p06,05e12ab545f0ff015d9f26705c28409427a259b581e229e4b278fd34b130e759,3,2754,0
2,ex2-s5-e1-a1-p06,05e12ab545f0ff015d9f26705c28409427a259b581e229e4b278fd34b130e759,3,2755,0
2,ex2-s5-e1-a1-p06,05e12ab545f0ff015d9f26705c28409427a259b581e229e4b278fd34b130e759,3,2756,0
2,ex2-s5-e1-a1-p06,05e12ab545f0ff015d9f26705c28409427a259b581e229e4b278fd34b130e759,3,2757,0
2,ex2-s5-e1-a1-p06,05e12ab545f0ff015d9f26705c28409427a259b581e229e4b278fd34b130e759,3,2758,100
2,ex2-s5-e1-a1-p06,05e12ab545f0ff015d9f26705c28409427a259b581e229e4b278fd34b130e759,3,2759,0
2,ex2-s5-e1-a1-p06,05e12ab545f0ff015d9f26705c28409427a259b581e229e4b278fd34b130e759,3,2760,0
2,ex2-s5-e1-a1-p06,05e12ab545f0ff015d9f26705c28409427a259b581e229e4b278fd34b130e759,3,2761,0
2,ex2-s5-e1-a1-p06,05e12ab545f0ff015d9f26705c28409427a259b581e229e4b278fd34b130e759,3,2762,0
2,ex2-s5-e1-a1-p06,05e12ab545f0ff015d9f26705c28409427a259b581e229e4b278fd34b130e759,3,2763,0
2,ex2-s5-e1-a1-p06,05e12ab545f0ff015d9f26705c28409427a259b581e229e4b278fd34b130e759,3,2764,0
2,ex2-s5-e1-a1-p06,05e12ab545f0ff015d9f26705c28409427a259b581e229e4b278fd34b130e759,3,2765,100
2,ex2-s5-e1-a1-p06,05e12ab545f0ff015d9f26705c28409427a259b581e229e4b278fd34b130e759,3,2766,0
2,ex2-s5-e1-a1-p06,05e12ab545f0ff015d9f26705c28409427a259b581e229e4b278fd34b130e759,3,2767,0
2,ex2-s5-e1-a1-p06,05e12ab545f0ff015d9f26705c28409427a259b581e229e4b278fd34b130e759,3,2768,0
2,ex2-s5-e1-a1-p06,05e12ab545f0ff015d9f26705c28409427a259b581e229e4b278fd34b130e759,3,2769,0
2,ex2-s5-e1-a1-p06,05e12ab545f0ff015d9f26705c28409427a259b581e229e4b278fd34b130e759,3,2770,0
2,ex2-s5-e1-a1-p06,05e12ab545f0ff015d9f26705c28409427a259b581e229e4b278fd34b130e759,3,2771,100
2,ex2-s5-e1-a1-p06,05e12ab545f0ff015d9f26705c28409427a259b581e229e4b278fd34b130e759,3,2772,0
2,ex2-s5-e1-a1-p06,05e12ab545f0ff015d9f26705c28409427a259b581e229e4b278fd34b130e759,3,2773,0
2,ex2-s5-e1-a1-p06,05e12ab545f0ff015d9f26705c28409427a259b581e229e4b278fd34b130e759,3,2774,0
2,ex2-s5-e1-a1-p06,05e12ab545f0ff015d9f26705c28409427a259b581e229e4b278fd34b130e759,3,2775,0
2,ex2-s5-e1-a1-p06,05e12ab545f0ff015d9f26705c28409427a259b581e229e4b278fd34b130e759,3,2776,0
2,ex2-s5-e1-a1-p06,05e12ab545f0ff015d9f26705c28409427a259b581e229e4b278fd34b130e759,3,2777,0
2,ex2-s5-e1-a1-p06,05e12ab545f0ff015d9f26705c28409427a259b581e229e4b278fd34b130e759,3,2778,100
2,ex2-s5-e1-a1-p06,05e12ab545f0ff015d9f26705c28409427a259b581e229e4b278fd34b130e759,3,2779,0
2,ex2-s5-e1-a1-p06,05e12ab545f0ff015d9f26705c28409427a259b581e229e4b278fd34b130e759,3,2780,0
2,ex2-s5-e1-a1-p06,05e12ab545f0ff015d9f26705c28409427a259b581e229e4b278fd34b130e759,3,2781,0
2,ex2-s5-e1-a1-p06,05e12ab545f0ff015d9f26705c28409427a259b581e229e4b278fd34b130e759,3,2782,0
2,ex2-s5-e1-a1-p06,05e12ab545f0ff015d9f26705c28409427a259b581e229e4b278fd34b130e759,3,2783,0
2,ex2-s5-e1-a1-p06,05e12ab545f0ff015d9f26705c28409427a259b581e229e4b278fd34b130e759,3,2784,100
2,ex2-s5-e1-a1-p06,05e12ab545f0ff015d9f26705c28409427a259b581e229e4b278fd34b130e759,3,2785,0
2,ex2-s5-e1-a1-p06,05e12ab545f0ff015d9f26705c28409427a259b581e229e4b278fd34b130e759,3,2786,0
2,ex2-s5-e1-a1-p06,05e12ab545f0ff015d9f26705c28409427a259b581e229e4b278fd34b130e759,3,2787,0
2,ex2-s5-e1-a1-p06,05e12ab545f0ff015d9f26705c28409427a259b581e229e4b278fd34b130e759,3,2788,0
2,ex2-s5-e1-a1-p06,05e12ab545f0ff015d9f26705c28409427a259b581e229e4b278fd34b130e759,3,2789,0
2,ex2-s5-e1-a1-p06,05e12ab545f0ff015d9f26705c28409427a259b581e229e4b278fd34b130e759,3,2790,0
2,ex2-s5-e1-a1-p06,05e12ab545f0ff015d9f26705c28409427a259b581e229e4b278fd34b130e759,3,2791,100
2,ex2-s5-e1-a1-p06,05e12ab545f0ff015d9f26705c28409427a259b581e229e4b278fd34b130e759,3,2792,0
2,ex2-s5-e1-a1-p06,05e12ab545f0ff015d9f26705c28409427a259b581e229e4b278fd34b130e759,3,2793,0
2,ex2-s5-e1-a1-p06,05e12ab545f0ff015d9f26705c28409427a259b581e229e4b278fd34b130e759,3,2794,0
2,ex2-s5-e1-a1-p06,05e12ab545f0ff015d9f26705c28409427a259b581e229e4b278fd34b130e759,3,2795,0
2,ex2-s5-e1-a1-p06,05e12ab545f0ff015d9f26705c28409427a259b581e229e4b278fd34b130e759,3,2796,0
2,ex2-s5-e1-a1-p06,05e12ab545f0ff015d9f26705c28409427a259b581e229e4b278fd34b130e759,3,2797,0
2,ex2-s5-e1-a1-p06,05e12ab545f0ff015d9f26705c28409427a259b581e229e4b278fd34b130e759,3,2798,100
2,ex2-s5-e1-a1-p06,05e12ab545f0ff015d9f26705c28409427a259b581e229e4b278fd34b130e759,3,2799,0
2,ex2-s5-e1-a1-p06,05e12ab545f0ff015d9f26705c28409427a259b581e229e4b278fd34b130e759,3,2800,0
2,ex2-s5-e1-a1-p06,05e12ab545f0ff015d9f26705c28409427a259b581e229e4b278fd34b130e759,3,2801,0
2,ex2-s5-e1-a1-p06,05e12ab545f0ff015d9f26705c28409427a259b581e229e4b278fd34b130e759,3,2802,0
2,ex2-s5-e1-a1-p06,05e12ab545f0ff015d9f26705c28409427a259b581e229e4b278fd34b130e759,3,2803,0
2,ex2-s5-e1-a1-p06,05e12ab545f0ff015d9f26705c28409427a259b581e229e4b278fd34b130e759,3,2804,100
2,ex2-s5-e1-a1-p06,05e12ab545f0ff015d9f26705c28409427a259b581e229e4b278fd34b130e759,3,2805,0
2,ex2-s5-e1-a1-p06,05e12ab545f0ff015d9f26705c28409427a259b581e229e4b278fd34b130e759,3,2806,0
2,ex2-s5-e1-a1-p06,05e12ab545f0ff015d9f26705c28409427a259b581e229e4b278fd34b130e759,3,2807,0
2,ex2-s5-e1-a1-p06,05e12ab545f0ff015d9f26705c28409427a259b581e229e4b278fd34b130e759,3,2808,0
2,ex2-s5-e1-a1-p06,05e12ab545f0ff015d9f26705c28409427a259b581e229e4b278fd34b130e759,3,2809,0
2,ex2-s5-e1-a1-p06,05e12ab545f0ff015d9f26705c28409427a259b581e229e4b278fd34b130e759,3,2810,0
2,ex2-s5-e1-a1-p06,05e12ab545f0ff015d9f26705c28409427a259b581e229e4b278fd34b130e759,3,2811,100
2,ex2-s5-e1-a1-p06,05e12ab545f0ff015d9f26705c28409427a259b581e229e4b278fd34b130e759,3,2812,0
2,ex2-s5-e1-a1-p06,05e12ab545f0ff015d9f26705c28409427a259b581e229e4b278fd34b130e759,3,2813,0
2,ex2-s5-e1-a1-p06,05e12ab545f0ff015d9f26705c28409427a259b581e229e4b278fd34b130e759,3,2814,0
2,ex2-s5-e1-a1-p06,05e12ab545f0ff015d9f26705c28409427a259b581e229e4b278fd34b130e759,3,2815,0
2,ex2-s5-e1-a1-p06,05e12ab545f0ff015d9f26705c28409427a259b581e229e4b278fd34b130e759,3,2816,0
2,ex2-s5-e1-a1-p06,05e12ab545f0ff015d9f26705c28409427a259b581e229e4b278fd34b130e759,3,2817,0
2,ex2-s5-e1-a1-p06,05e12ab545f0ff015d9f26705c28409427a259b581e229e4b278fd34b130e759,3,2818,100
2,ex2-s5-e1-a1-p06,05e12ab545f0ff015d9f26705c28409427a259b581e229e4b278fd34b130e759,3,2819,0
2,ex2-s5-e1-a1-p06,05e12ab545f0ff015d9f26705c28409427a259b581e229e4b278fd34b130e759,3,2820,0
2,ex2-s5-e1-a1-p06,05e12ab545f0ff015d9f26705c28409427a259b581e229e4b278fd34b130e759,3,2821,0
2,ex2-s5-e1-a1-p06,05e12ab545f0ff015d9f26705c28409427a259b581e229e4b278fd34b130e759,3,2822,0
2,ex2-s5-e1-a1-p06,05e12ab545f0ff015d9f26705c28409427a259b581e229e4b278fd34b130e759,3,2823,0
2,ex2-s5-e1-a1-p06,05e12ab545f0ff015d9f26705c28409427a259b581e229e4b278fd34b130e759,3,2824,100
2,ex2-s5-e1-a1-p06,05e12ab545f0ff015d9f26705c28409427a259b581e229e4b278fd34b130e759,3,2825,0
2,ex2-s5-e1-a1-p06,05e12ab545f0ff015d9f26705c28409427a259b581e229e4b278fd34b130e759,3,2826,0
2,ex2-s5-e1-a1-p06,05e12ab545f0ff015d9f26705c28409427a259b581e229e4b278fd34b130e759,3,2827,0
2,ex2-s5-e1-a1-p06,05e12ab545f0ff015d9f26705c28409427a259b581e229e4b278fd34b130e759,3,2828,0
2,ex2-s5-e1-a1-p06,05e12ab545f0ff015d9f26705c28409427a259b581e229e4b278fd34b130e759,3,2829,0
2,ex2-s5-e1-a1-p06,05e12ab545f0ff015d9f26705c28409427a259b581e229e4b278fd34b130e759,3,2830,0
2,ex2-s5-e1-a1-p06,05e12ab545f0ff015d9f26705c28409427a259b581e229e4b278fd34b130e759,3,2831,100
2,ex2-s5-e1-a1-p06,05e12ab545f0ff015d9f26705c28409427a259b581e229e4b278fd34b130e759,3,2832,0
2,ex2-s5-e1-a1-p06,05e12ab545f0ff015d9f26705c28409427a259b581e229e4b278fd34b130e759,3,2833,0
2,ex2-s5-e1-a1-p06,05e12ab545f0ff015d9f26705c28409427a259b581e229e4b278fd34b130e759,3,2834,0
2,ex2-s5-e1-a1-p06,05e12ab545f0ff015d9f26705c28409427a259b581e229e4b278fd34b130e759,3,2835,0
2,ex2-s5-e1-a1-p06,05e12ab545f0ff015d9f26705c28409427a259b581e229e4b278fd34b130e759,3,2836,0
2,ex2-s5-e1-a1-p06,05e12ab545f0ff015d9f26705c28409427a259b581e229e4b278fd34b130e759,3,2837,0
2,ex2-s5-e1-a1-p06,05e12ab545f0ff015d9f26705c28409427a259b581e229e4b278fd34b130e759,3,2838,100
2,ex2-s5-e1-a1-p06,05e12ab545f0ff015d9f26705c28409427a259b581e229e4b278fd34b130e759,3,2839,0
2,ex2-s5-e1-a1-p06,05e12ab545f0ff015d9f26705c28409427a259b581e229e4b278fd34b130e759,3,2840,0
2,ex2-s5-e1-a1-p06,05e12ab545f0ff015d9f26705c28409427a259b581e229e4b278fd34b130e759,3,2841,0
2,ex2-s5-e1-a1-p06,05e12ab545f0ff015d9f26705c28409427a259b581e229e4b278fd34b130e759,3,2842,0
2,ex2-s5-e1-a1-p06,05e12ab545f0ff015d9f26705c28409427a259b581e229e4b278fd34b130e759,3,2843,0
2,ex2-s5-e1-a1-p06,05e12ab545f0ff015d9f26705c28409427a259b581e229e4b278fd34b130e759,3,2844,100
2,ex2-s5-e1-a1-p06,05e12ab545f0ff015d9f26705c28409427a259b581e229e4b278fd34b130e759,3,2845,0
2,ex2-s5-e1-a1-p06,05e12ab545f0ff015d9f26705c28409427a259b581e229e4b278fd34b130e759,3,2846,0
2,ex2-s5-e1-a1-p06,05e12ab545f0ff015d9f26705c28409427a259b581e229e4b278fd34b130e759,3,2847,0
2,ex2-s5-e1-a1-p06,05e12ab545f0ff015d9f26705c28409427a259b581e229e4b278fd34b130e759,3,2848,0
2,ex2-s5-e1-a1-p06,05e12ab545f0ff015d9f26705c28409427a259b581e229e4b278fd34b130e759,3,2849,0
2,ex2-s5-e1-a1-p06,05e12ab545f0ff015d9f26705c28409427a259b581e229e4b278fd34b130e759,3,2850,0
2,ex2-s5-e1-a1-p06,05e12ab545f0ff015d9f26705c28409427a259b581e229e4b278fd34b130e759,3,2851,100
2,ex2-s5-e1-a1-p06,05e12ab545f0ff015d9f26705c28409427a259b581e229e4b278fd34b130e759,3,2852,0
2,ex2-s5-e1-a1-p06,05e12ab545f0ff015d9f26705c28409427a259b581e229e4b278fd34b130e759,3,2853,0
2,ex2-s5-e1-a1-p06,05e12ab545f0ff015d9f26705c28409427a259b581e229e4b278fd34b130e759,3,2854,0
2,ex2-s5-e1-a1-p06,05e12ab545f0ff015d9f26705c28409427a259b581e229e4b278fd34b130e759,3,2855,0
2,ex2-s5-e1-a1-p06,05e12ab545f0ff015d9f26705c28409427a259b581e229e4b278fd34b130e759,3,2856,0
2,ex2-s5-e1-a1-p06,05e12ab545f0ff015d9f26705c28409427a259b581e229e4b278fd34b130e759,3,2857,100
2,ex2-s5-e1-a1-p06,05e12ab545f0ff015d9f26705c28409427a259b581e229e4b278fd34b130e759,3,2858,0
2,ex2-s5-e1-a1-p06,05e12ab545f0ff015d9f26705c28409427a259b581e229e4b278fd34b130e759,3,2859,0
2,ex2-s5-e1-a1-p06,05e12ab545f0ff015d9f26705c28409427a259b581e229e4b278fd34b130e759,3,2860,0
2,ex2-s5-e1-a1-p06,05e12ab545f0ff015d9f26705c28409427a259b581e229e4b278fd34b130e759,3,2861,0
2,ex2-s5-e1-a1-p06,05e12ab545f0ff015d9f26705c28409427a259b581e229e4b278fd34b130e759,3,2862,0
2,ex2-s5-e1-a1-p06,05e12ab545f0ff015d9f26705c28409427a259b581e229e4b278fd34b130e759,3,2863,0
2,ex2-s5-e1-a1-p06,05e12ab545f0ff015d9f26705c28409427a259b581e229e4b278fd34b130e759,3,2864,100
2,ex2-s5-e1-a1-p06,05e12ab545f0ff015d9f26705c28409427a259b581e229e4b278fd34b130e759,3,2865,0
2,ex2-s5-e1-a1-p06,05e12ab545f0ff015d9f26705c28409427a259b581e229e4b278fd34b130e759,3,2866,0
2,ex2-s5-e1-a1-p06,05e12ab545f0ff015d9f26705c28409427a259b581e229e4b278fd34b130e759,3,2867,0
2,ex2-s5-e1-a1-p06,05e12ab545f0ff015d9f26705c28409427a259b581e229e4b278fd34b130e759,3,2868,0
2,ex2-s5-e1-a1-p06,05e12ab545f0ff015d9f26705c28409427a259b581e229e4b278fd34b130e759,3,2869,0
2,ex2-s5-e1-a1-p06,05e12ab545f0ff015d9f26705c28409427a259b581e229e4b278fd34b130e759,3,2870,0
2,ex2-s5-e1-a1-p06,05e12ab545f0ff015d9f26705c28409427a259b581e229e4b278fd34b130e759,3,2871,100
2,ex2-s5-e1-a1-p06,05e12ab545f0ff015d9f26705c28409427a259b581e229e4b278fd34b130e759,3,2872,0
2,ex2-s5-e1-a1-p06,05e12ab545f0ff015d9f26705c28409427a259b581e229e4b278fd34b130e759,3,2873,0
2,ex2-s5-e1-a1-p06,05e12ab545f0ff015d9f26705c28409427a259b581e229e4b278fd34b130e759,3,2874,0
2,ex2-s5-e1-a1-p06,05e12ab545f0ff015d9f26705c28409427a259b581e229e4b278fd34b130e759,3,2875,0
2,ex2-s5-e1-a1-p06,05e12ab545f0ff015d9f26705c28409427a259b581e229e4b278fd34b130e759,3,2876,0
2,ex2-s5-e1-a1-p06,05e12ab545f0ff015d9f26705c28409427a259b581e229e4b278fd34b130e759,3,2877,100
2,ex2-s5-e1-a1-p06,05e12ab545f0ff015d9f26705c28409427a259b581e229e4b278fd34b130e759,3,2878,0
2,ex2-s5-e1-a1-p06,05e12ab545f0ff015d9f26705c28409427a259b581e229e4b278fd34b130e759,3,2879,0
2,ex2-s5-e1-a1-p06,05e12ab545f0ff015d9f26705c28409427a259b581e229e4b278fd34b130e759,3,2880,0
2,ex2-s5-e1-a1-p06,05e12ab545f0ff015d9f26705c28409427a259b581e229e4b278fd34b130e759,3,2881,0
2,ex2-s5-e1-a1-p06,05e12ab545f0ff015d9f26705c28409427a259b581e229e4b278fd34b130e759,3,2882,0
2,ex2-s5-e1-a1-p06,05e12ab545f0ff015d9f26705c28409427a259b581e229e4b278fd34b130e759,3,2883,0
2,ex2-s5-e1-a1-p06,05e12ab545f0ff015d9f26705c28409427a259b581e229e4b278fd34b130e759,3,2884,100
2,ex2-s5-e1-a1-p06,05e12ab545f0ff015d9f26705c28409427a259b581e229e4b278fd34b130e759,3,2885,0
2,ex2-s5-e1-a1-p06,05e12ab545f0ff015d9f26705c28409427a259b581e229e4b278fd34b130e759,3,2886,0
2,ex2-s5-e1-a1-p06,05e12ab545f0ff015d9f26705c28409427a259b581e229e4b278fd34b130e759,3,2887,0
2,ex2-s5-e1-a1-p06,05e12ab545f0ff015d9f26705c28409427a259b581e229e4b278fd34b130e759,3,2888,0
2,ex2-s5-e1-a1-p06,05e12ab545f0ff015d9f26705c28409427a259b581e229e4b278fd34b130e759,3,2889,0
2,ex2-s5-e1-a1-p06,05e12ab545f0ff015d9f26705c28409427a259b581e229e4b278fd34b130e759,3,2890,0
2,ex2-s5-e1-a1-p06,05e12ab545f0ff015d9f26705c28409427a259b581e229e4b278fd34b130e759,3,2891,100
2,ex2-s5-e1-a1-p06,05e12ab545f0ff015d9f26705c28409427a259b581e229e4b278fd34b130e759,3,2892,0
2,ex2-s5-e1-a1-p06,05e12ab545f0ff015d9f26705c28409427a259b581e229e4b278fd34b130e759,3,2893,0
2,ex2-s5-e1-a1-p06,05e12ab545f0ff015d9f26705c28409427a259b581e229e4b278fd34b130e759,3,2894,0
2,ex2-s5-e1-a1-p06,05e12ab545f0ff015d9f26705c28409427a259b581e229e4b278fd34b130e759,3,2895,0
2,ex2-s5-e1-a1-p06,05e12ab545f0ff015d9f26705c28409427a259b581e229e4b278fd34b130e759,3,2896,0
2,ex2-s5-e1-a1-p06,05e12ab545f0ff015d9f26705c28409427a259b581e229e4b278fd34b130e759,3,2897,100
2,ex2-s5-e1-a1-p06,05e12ab545f0ff015d9f26705c28409427a259b581e229e4b278fd34b130e759,3,2898,0
2,ex2-s5-e1-a1-p06,05e12ab545f0ff015d9f26705c28409427a259b581e229e4b278fd34b130e759,3,2899,0
2,ex2-s5-e1-a1-p06,05e12ab545f0ff015d9f26705c28409427a259b581e229e4b278fd34b130e759,3,2900,0
2,ex2-s5-e1-a1-p06,05e12ab545f0ff015d9f26705c28409427a259b581e229e4b278fd34b130e759,3,2901,0
2,ex2-s5-e1-a1-p06,05e12ab545f0ff015d9f26705c28409427a259b581e229e4b278fd34b130e759,3,2902,0
2,ex2-s5-e1-a1-p06,05e12ab545f0ff015d9f26705c28409427a259b581e229e4b278fd34b130e759,3,2903,0
2,ex2-s5-e1-a1-p06,05e12ab545f0ff015d9f26705c28409427a259b581e229e4b278fd34b130e759,3,2904,100
2,ex2-s5-e1-a1-p06,05e12ab545f0ff015d9f26705c28409427a259b581e229e4b278fd34b130e759,3,2905,0
2,ex2-s5-e1-a1-p06,05e12ab545f0ff015d9f26705c28409427a259b581e229e4b278fd34b130e759,3,2906,0
2,ex2-s5-e1-a1-p06,05e12ab545f0ff015d9f26705c28409427a259b581e229e4b278fd34b130e759,3,2907,0
2,ex2-s5-e1-a1-p06,05e12ab545f0ff015d9f26705c28409427a259b581e229e4b278fd34b130e759,3,2908,0
2,ex2-s5-e1-a1-p06,05e12ab545f0ff015d9f26705c28409427a259b581e229e4b278fd34b130e759,3,2909,0
2,ex2-s5-e1-a1-p06,05e12ab545f0ff015d9f26705c28409427a259b581e229e4b278fd34b130e759,3,2910,0
2,ex2-s5-e1-a1-p06,05e12ab545f0ff015d9f26705c28409427a259b581e229e4b278fd34b130e759,3,2911,100
2,ex2-s5-e1-a1-p06,05e12ab545f0ff015d9f26705c28409427a259b581e229e4b278fd34b130e759,3,2912,0
2,ex2-s5-e1-a1-p06,05e12ab545f0ff015d9f26705c28409427a259b581e229e4b278fd34b130e759,3,2913,0
2,ex2-s5-e1-a1-p06,05e12ab545f0ff015d9f26705c28409427a259b581e229e4b278fd34b130e759,3,2914,0
2,ex2-s5-e1-a1-p06,05e12ab545f0ff015d9f26705c28409427a259b581e229e4b278fd34b130e759,3,2915,0
2,ex2-s5-e1-a1-p06,05e12ab545f0ff015d9f26705c28409427a259b581e229e4b278fd34b130e759,3,2916,0
2,ex2-s5-e1-a1-p06,05e12ab545f0ff015d9f26705c28409427a259b581e229e4b278fd34b130e759,3,2917,100
2,ex2-s5-e1-a1-p06,05e12ab545f0ff015d9f26705c28409427a259b581e229e4b278fd34b130e759,3,2918,0
2,ex2-s5-e1-a1-p06,05e12ab545f0ff015d9f26705c28409427a259b581e229e4b278fd34b130e759,3,2919,0
2,ex2-s5-e1-a1-p06,05e12ab545f0ff015d9f26705c28409427a259b581e229e4b278fd34b130e759,3,2920,0
2,ex2-s5-e1-a1-p06,05e12ab545f0ff015d9f26705c28409427a259b581e229e4b278fd34b130e759,3,2921,0
2,ex2-s5-e1-a1-p06,05e12ab545f0ff015d9f26705c28409427a259b581e229e4b278fd34b130e759,3,2922,0
2,ex2-s5-e1-a1-p06,05e12ab545f0ff015d9f26705c28409427a259b581e229e4b278fd34b130e759,3,2923,0
2,ex2-s5-e1-a1-p06,05e12ab545f0ff015d9f26705c28409427a259b581e229e4b278fd34b130e759,3,2924,100
2,ex2-s5-e1-a1-p06,05e12ab545f0ff015d9f26705c28409427a259b581e229e4b278fd34b130e759,3,2925,0
2,ex2-s5-e1-a1-p06,05e12ab545f0ff015d9f26705c28409427a259b581e229e4b278fd34b130e759,3,2926,0
2,ex2-s5-e1-a1-p06,05e12ab545f0ff015d9f26705c28409427a259b581e229e4b278fd34b130e759,3,2927,0
2,ex2-s5-e1-a1-p06,05e12ab545f0ff015d9f26705c28409427a259b581e229e4b278fd34b130e759,3,2928,0
2,ex2-s5-e1-a1-p06,05e12ab545f0ff015d9f26705c28409427a259b581e229e4b278fd34b130e759,3,2929,0
2,ex2-s5-e1-a1-p06,05e12ab545f0ff015d9f26705c28409427a259b581e229e4b278fd34b130e759,3,2930,100
2,ex2-s5-e1-a1-p06,05e12ab545f0ff015d9f26705c28409427a259b581e229e4b278fd34b130e759,3,2931,0
2,ex2-s5-e1-a1-p06,05e12ab545f0ff015d9f26705c28409427a259b581e229e4b278fd34b130e759,3,2932,0
2,ex2-s5-e1-a1-p06,05e12ab545f0ff015d9f26705c28409427a259b581e229e4b278fd34b130e759,3,2933,0
2,ex2-s5-e1-a1-p06,05e12ab545f0ff015d9f26705c28409427a259b581e229e4b278fd34b130e759,3,2934,0
2,ex2-s5-e1-a1-p06,05e12ab545f0ff015d9f26705c28409427a259b581e229e4b278fd34b130e759,3,2935,0
2,ex2-s5-e1-a1-p06,05e12ab545f0ff015d9f26705c28409427a259b581e229e4b278fd34b130e759,3,2936,0
2,ex2-s5-e1-a1-p06,05e12ab545f0ff015d9f26705c28409427a259b581e229e4b278fd34b130e759,3,2937,100
2,ex2-s5-e1-a1-p06,05e12ab545f0ff015d9f26705c28409427a259b581e229e4b278fd34b130e759,3,2938,0
2,ex2-s5-e1-a1-p06,05e12ab545f0ff015d9f26705c28409427a259b581e229e4b278fd34b130e759,3,2939,0
2,ex2-s5-e1-a1-p06,05e12ab545f0ff015d9f26705c28409427a259b581e229e4b278fd34b130e759,3,2940,0
2,ex2-s5-e1-a1-p06,05e12ab545f0ff015d9f26705c28409427a259b581e229e4b278fd34b130e759,3,2941,0
2,ex2-s5-e1-a1-p06,05e12ab545f0ff015d9f26705c28409427a259b581e229e4b278fd34b130e759,3,2942,0
2,ex2-s5-e1-a1-p06,05e12ab545f0ff015d9f26705c28409427a259b581e229e4b278fd34b130e759,3,2943,0
2,ex2-s5-e1-a1-p06,05e12ab545f0ff015d9f26705c28409427a259b581e229e4b278fd34b130e759,3,2944,100
2,ex2-s5-e1-a1-p06,05e12ab545f0ff015d9f26705c28409427a259b581e229e4b278fd34b130e759,3,2945,0
2,ex2-s5-e1-a1-p06,05e12ab545f0ff015d9f26705c28409427a259b581e229e4b278fd34b130e759,3,2946,0
2,ex2-s5-e1-a1-p06,05e12ab545f0ff015d9f26705c28409427a259b581e229e4b278fd34b130e759,3,2947,0
2,ex2-s5-e1-a1-p06,05e12ab545f0ff015d9f26705c28409427a259b581e229e4b278fd34b130e759,3,2948,0
2,ex2-s5-e1-a1-p06,05e12ab545f0ff015d9f26705c28409427a259b581e229e4b278fd34b130e759,3,2949,0
2,ex2-s5-e1-a1-p06,05e12ab545f0ff015d9f26705c28409427a259b581e229e4b278fd34b130e759,3,2950,100
2,ex2-s5-e1-a1-p06,05e12ab545f0ff015d9f26705c28409427a259b581e229e4b278fd34b130e759,3,2951,0
2,ex2-s5-e1-a1-p06,05e12ab545f0ff015d9f26705c28409427a259b581e229e4b278fd34b130e759,3,2952,0
2,ex2-s5-e1-a1-p06,05e12ab545f0ff015d9f26705c28409427a259b581e229e4b278fd34b130e759,3,2953,0
2,ex2-s5-e1-a1-p06,05e12ab545f0ff015d9f26705c28409427a259b581e229e4b278fd34b130e759,3,2954,0
2,ex2-s5-e1-a1-p06,05e12ab545f0ff015d9f26705c28409427a259b581e229e4b278fd34b130e759,3,2955,0
2,ex2-s5-e1-a1-p06,05e12ab545f0ff015d9f26705c28409427a259b581e229e4b278fd34b130e759,3,2956,0
2,ex2-s5-e1-a1-p06,05e12ab545f0ff015d9f26705c28409427a259b581e229e4b278fd34b130e759,3,2957,100
2,ex2-s5-e1-a1-p06,05e12ab545f0ff015d9f26705c28409427a259b581e229e4b278fd34b130e759,3,2958,0
2,ex2-s5-e1-a1-p06,05e12ab545f0ff015d9f26705c28409427a259b581e229e4b278fd34b130e759,3,2959,0
2,ex2-s5-e1-a1-p06,05e12ab545f0ff015d9f26705c28409427a259b581e229e4b278fd34b130e759,3,2960,0
2,ex2-s5-e1-a1-p06,05e12ab545f0ff015d9f26705c28409427a259b581e229e4b278fd34b130e759,3,2961,0
2,ex2-s5-e1-a1-p06,05e12ab545f0ff015d9f26705c28409427a259b581e229e4b278fd34b130e759,3,2962,0
2,ex2-s5-e1-a1-p06,05e12ab545f0ff015d9f26705c28409427a259b581e229e4b278fd34b130e759,3,2963,0
2,ex2-s5-e1-a1-p06,05e12ab545f0ff015d9f26705c28409427a259b581e229e4b278fd34b130e759,3,2964,100
2,ex2-s5-e1-a1-p06,05e12ab545f0ff015d9f26705c28409427a259b581e229e4b278fd34b130e759,3,2965,0
2,ex2-s5-e1-a1-p06,05e12ab545f0ff015d9f26705c28409427a259b581e229e4b278fd34b130e759,3,2966,0
2,ex2-s5-e1-a1-p06,05e12ab545f0ff015d9f26705c28409427a259b581e229e4b278fd34b130e759,3,2967,0
2,ex2-s5-e1-a1-p06,05e12ab545f0ff015d9f26705c28409427a259b581e229e4b278fd34b130e759,3,2968,0
2,ex2-s5-e1-a1-p06,05e12ab545f0ff015d9f26705c28409427a259b581e229e4b278fd34b130e759,3,2969,0
2,ex2-s5-e1-a1-p06,05e12ab545f0ff015d9f26705c28409427a259b581e229e4b278fd34b130e759,3,2970,100
2,ex2-s5-e1-a1-p06,05e12ab545f0ff015d9f26705c28409427a259b581e229e4b278fd34b130e759,3,2971,0
2,ex2-s5-e1-a1-p06,05e12ab545f0ff015d9f26705c28409427a259b581e229e4b278fd34b130e759,3,2972,0
2,ex2-s5-e1-a1-p06,05e12ab545f0ff015d9f26705c28409427a259b581e229e4b278fd34b130e759,3,2973,0
2,ex2-s5-e1-a1-p06,05e12ab545f0ff015d9f26705c28409427a259b581e229e4b278fd34b130e759,3,2974,0
2,ex2-s5-e1-a1-p06,05e12ab545f0ff015d9f26705c28409427a259b581e229e4b278fd34b130e759,3,2975,0
2,ex2-s5-e1-a1-p06,05e12ab545f0ff015d9f26705c28409427a259b581e229e4b278fd34b130e759,3,2976,0
2,ex2-s5-e1-a1-p06,05e12ab545f0ff015d9f26705c28409427a259b581e229e4b278fd34b130e759,3,2977,100
2,ex2-s5-e1-a1-p06,05e12ab545f0ff015d9f26705c28409427a259b581e229e4b278fd34b130e759,3,2978,0
2,ex2-s5-e1-a1-p06,05e12ab545f0ff015d9f26705c28409427a259b581e229e4b278fd34b130e759,3,2979,0
2,ex2-s5-e1-a1-p06,05e12ab545f0ff015d9f26705c28409427a259b581e229e4b278fd34b130e759,3,2980,0
2,ex2-s5-e1-a1-p06,05e12ab545f0ff015d9f26705c28409427a259b581e229e4b278fd34b130e759,3,2981,0
2,ex2-s5-e1-a1-p06,05e12ab545f0ff015d9f26705c28409427a259b581e229e4b278fd34b130e759,3,2982,0
2,ex2-s5-e1-a1-p06,05e12ab545f0ff015d9f26705c28409427a259b581e229e4b278fd34b130e759,3,2983,0
2,ex2-s5-e1-a1-p06,05e12ab545f0ff015d9f26705c28409427a259b581e229e4b278fd34b130e759,3,2984,100
2,ex2-s5-e1-a1-p06,05e12ab545f0ff015d9f26705c28409427a259b581e229e4b278fd34b130e759,3,2985,0
2,ex2-s5-e1-a1-p06,05e12ab545f0ff015d9f26705c28409427a259b581e229e4b278fd34b130e759,3,2986,0
2,ex2-s5-e1-a1-p06,05e12ab545f0ff015d9f26705c28409427a259b581e229e4b278fd34b130e759,3,2987,0
2,ex2-s5-e1-a1-p06,05e12ab545f0ff015d9f26705c28409427a259b581e229e4b278fd34b130e759,3,2988,0
2,ex2-s5-e1-a1-p06,05e12ab545f0ff015d9f26705c28409427a259b581e229e4b278fd34b130e759,3,2989,0
2,ex2-s5-e1-a1-p06,05e12ab545f0ff015d9f26705c28409427a259b581e229e4b278fd34b130e759,3,2990,100
2,ex2-s5-e1-a1-p06,05e12ab545f0ff015d9f26705c28409427a259b581e229e4b278fd34b130e759,3,2991,0
2,ex2-s5-e1-a1-p06,05e12ab545f0ff015d9f26705c28409427a259b581e229e4b278fd34b130e759,3,2992,0
2,ex2-s5-e1-a1-p06,05e12ab545f0ff015d9f26705c28409427a259b581e229e4b278fd34b130e759,3,2993,0
2,ex2-s5-e1-a1-p06,05e12ab545f0ff015d9f26705c28409427a259b581e229e4b278fd34b130e759,3,2994,0
2,ex2-s5-e1-a1-p06,05e12ab545f0ff015d9f26705c28409427a259b581e229e4b278fd34b130e759,3,2995,0
2,ex2-s5-e1-a1-p06,05e12ab545f0ff015d9f26705c28409427a259b581e229e4b278fd34b130e759,3,2996,0
2,ex2-s5-e1-a1-p06,05e12ab545f0ff015d9f26705c28409427a259b581e229e4b278fd34b130e759,3,2997,100
2,ex2-s5-e1-a1-p06,05e12ab545f0ff015d9f26705c28409427a259b581e229e4b278fd34b130e759,3,2998,0
2,ex2-s5-e1-a1-p06,05e12ab545f0ff015d9f26705c28409427a259b581e229e4b278fd34b130e759,3,2999,0
2,ex2-s5-e1-a1-p06,05e12ab545f0ff015d9f26705c28409427a259b581e229e4b278fd34b130e759,3,3000,0
2,ex2-s5-e1-a1-p06,05e12ab545f0ff015d9f26705c28409427a259b581e229e4b278fd34b130e759,3,3001,0
2,ex2-s5-e1-a1-p06,05e12ab545f0ff015d9f26705c28409427a259b581e229e4b278fd34b130e759,3,3002,0
2,ex2-s5-e1-a1-p06,05e12ab545f0ff015d9f26705c28409427a259b581e229e4b278fd34b130e759,3,3003,100
2,ex2-s5-e1-a1-p06,05e12ab545f0ff015d9f26705c28409427a259b581e229e4b278fd34b130e759,3,3004,0
2,ex2-s5-e1-a1-p06,05e12ab545f0ff015d9f26705c28409427a259b581e229e4b278fd34b130e759,3,3005,0
2,ex2-s5-e1-a1-p06,05e12ab545f0ff015d9f26705c28409427a259b581e229e4b278fd34b130e759,3,3006,0
2,ex2-s5-e1-a1-p06,05e12ab545f0ff015d9f26705c28409427a259b581e229e4b278fd34b130e759,3,3007,0
2,ex2-s5-e1-a1-p06,05e12ab545f0ff015d9f26705c28409427a259b581e229e4b278fd34b130e759,3,3008,0
2,ex2-s5-e1-a1-p06,05e12ab545f0ff015d9f26705c28409427a259b581e229e4b278fd34b130e759,3,3009,0
2,ex2-s5-e1-a1-p06,05e12ab545f0ff015d9f26705c28409427a259b581e229e4b278fd34b130e759,3,3010,100
2,ex2-s5-e1-a1-p06,05e12ab545f0ff015d9f26705c28409427a259b581e229e4b278fd34b130e759,3,3011,0
2,ex2-s5-e1-a1-p06,05e12ab545f0ff015d9f26705c28409427a259b581e229e4b278fd34b130e759,3,3012,0
2,ex2-s5-e1-a1-p06,05e12ab545f0ff015d9f26705c28409427a259b581e229e4b278fd34b130e759,3,3013,0
2,ex2-s5-e1-a1-p06,05e12ab545f0ff015d9f26705c28409427a259b581e229e4b278fd34b130e759,3,3014,0
2,ex2-s5-e1-a1-p06,05e12ab545f0ff015d9f26705c28409427a259b581e229e4b278fd34b130e759,3,3015,0
2,ex2-s5-e1-a1-p06,05e12ab545f0ff015d9f26705c28409427a259b581e229e4b278fd34b130e759,3,3016,0
2,ex2-s5-e1-a1-p06,05e12ab545f0ff015d9f26705c28409427a259b581e229e4b278fd34b130e759,3,3017,100
2,ex2-s5-e1-a1-p06,05e12ab545f0ff015d9f26705c28409427a259b581e229e4b278fd34b130e759,3,3018,0
2,ex2-s5-e1-a1-p06,05e12ab545f0ff015d9f26705c28409427a259b581e229e4b278fd34b130e759,3,3019,0
2,ex2-s5-e1-a1-p06,05e12ab545f0ff015d9f26705c28409427a259b581e229e4b278fd34b130e759,3,3020,0
2,ex2-s5-e1-a1-p06,05e12ab545f0ff015d9f26705c28409427a259b581e229e4b278fd34b130e759,3,3021,0
2,ex2-s5-e1-a1-p06,05e12ab545f0ff015d9f26705c28409427a259b581e229e4b278fd34b130e759,3,3022,0
2,ex2-s5-e1-a1-p06,05e12ab545f0ff015d9f26705c28409427a259b581e229e4b278fd34b130e759,3,3023,100
2,ex2-s5-e1-a1-p06,05e12ab545f0ff015d9f26705c28409427a259b581e229e4b278fd34b130e759,3,3024,0
2,ex2-s5-e1-a1-p06,05e12ab545f0ff015d9f26705c28409427a259b581e229e4b278fd34b130e759,3,3025,0
2,ex2-s5-e1-a1-p06,05e12ab545f0ff015d9f26705c28409427a259b581e229e4b278fd34b130e759,3,3026,0
2,ex2-s5-e1-a1-p06,05e12ab545f0ff015d9f26705c28409427a259b581e229e4b278fd34b130e759,3,3027,0
2,ex2-s5-e1-a1-p06,05e12ab545f0ff015d9f26705c28409427a259b581e229e4b278fd34b130e759,3,3028,0
2,ex2-s5-e1-a1-p06,05e12ab545f0ff015d9f26705c28409427a259b581e229e4b278fd34b130e759,3,3029,0
2,ex2-s5-e1-a1-p06,05e12ab545f0ff015d9f26705c28409427a259b581e229e4b278fd34b130e759,3,3030,100
2,ex2-s5-e1-a1-p06,05e12ab545f0ff015d9f26705c28409427a259b581e229e4b278fd34b130e759,3,3031,0
2,ex2-s5-e1-a1-p06,05e12ab545f0ff015d9f26705c28409427a259b581e229e4b278fd34b130e759,3,3032,0
2,ex2-s5-e1-a1-p06,05e12ab545f0ff015d9f26705c28409427a259b581e229e4b278fd34b130e759,3,3033,0
2,ex2-s5-e1-a1-p06,05e12ab545f0ff015d9f26705c28409427a259b581e229e4b278fd34b130e759,3,3034,0
2,ex2-s5-e1-a1-p06,05e12ab545f0ff015d9f26705c28409427a259b581e229e4b278fd34b130e759,3,3035,0
2,ex2-s5-e1-a1-p06,05e12ab545f0ff015d9f26705c28409427a259b581e229e4b278fd34b130e759,3,3036,0
2,ex2-s5-e1-a1-p06,05e12ab545f0ff015d9f26705c28409427a259b581e229e4b278fd34b130e759,3,3037,100
2,ex2-s5-e1-a1-p06,05e12ab545f0ff015d9f26705c28409427a259b581e229e4b278fd34b130e759,3,3038,0
2,ex2-s5-e1-a1-p06,05e12ab545f0ff015d9f26705c28409427a259b581e229e4b278fd34b130e759,3,3039,0
2,ex2-s5-e1-a1-p06,05e12ab545f0ff015d9f26705c28409427a259b581e229e4b278fd34b130e759,3,3040,0
2,ex2-s5-e1-a1-p06,05e12ab545f0ff015d9f26705c28409427a259b581e229e4b278fd34b130e759,3,3041,0
2,ex2-s5-e1-a1-p06,05e12ab545f0ff015d9f26705c28409427a259b581e229e4b278fd34b130e759,3,3042,0
2,ex2-s5-e1-a1-p06,05e12ab545f0ff015d9f26705c28409427a259b581e229e4b278fd34b130e759,3,3043,100
2,ex2-s5-e1-a1-p06,05e12ab545f0ff015d9f26705c28409427a259b581e229e4b278fd34b130e759,3,3044,0
2,ex2-s5-e1-a1-p06,05e12ab545f0ff015d9f26705c28409427a259b581e229e4b278fd34b130e759,3,3045,0
2,ex2-s5-e1-a1-p06,05e12ab545f0ff015d9f26705c28409427a259b581e229e4b278fd34b130e759,3,3046,0
2,ex2-s5-e1-a1-p06,05e12ab545f0ff015d9f26705c28409427a259b581e229e4b278fd34b130e759,3,3047,0
2,ex2-s5-e1-a1-p06,05e12ab545f0ff015d9f26705c28409427a259b581e229e4b278fd34b130e759,3,3048,0
2,ex2-s5-e1-a1-p06,05e12ab545f0ff015d9f26705c28409427a259b581e229e4b278fd34b130e759,3,3049,0
2,ex2-s5-e1-a1-p06,05e12ab545f0ff015d9f26705c28409427a259b581e229e4b278fd34b130e759,3,3050,100
2,ex2-s5-e1-a1-p06,05e12ab545f0ff015d9f26705c28409427a259b581e229e4b278fd34b130e759,3,3051,0
2,ex2-s5-e1-a1-p06,05e12ab545f0ff015d9f26705c28409427a259b581e229e4b278fd34b130e759,3,3052,0
2,ex2-s5-e1-a1-p06,05e12ab545f0ff015d9f26705c28409427a259b581e229e4b278fd34b130e759,3,3053,0
2,ex2-s5-e1-a1-p06,05e12ab545f0ff015d9f26705c28409427a259b581e229e4b278fd34b130e759,3,3054,0
2,ex2-s5-e1-a1-p06,05e12ab545f0ff015d9f26705c28409427a259b581e229e4b278fd34b130e759,3,3055,0
2,ex2-s5-e1-a1-p06,05e12ab545f0ff015d9f26705c28409427a259b581e229e4b278fd34b130e759,3,3056,100
2,ex2-s5-e1-a1-p06,05e12ab545f0ff015d9f26705c28409427a259b581e229e4b278fd34b130e759,3,3057,0
2,ex2-s5-e1-a1-p06,05e12ab545f0ff015d9f26705c28409427a259b581e229e4b278fd34b130e759,3,3058,0
2,ex2-s5-e1-a1-p06,05e12ab545f0ff015d9f26705c28409427a259b581e229e4b278fd34b130e759,3,3059,0
2,ex2-s5-e1-a1-p06,05e12ab545f0ff015d9f26705c28409427a259b581e229e4b278fd34b130e759,3,3060,0
2,ex2-s5-e1-a1-p06,05e12ab545f0ff015d9f26705c28409427a259b581e229e4b278fd34b130e759,3,3061,0
2,ex2-s5-e1-a1-p06,05e12ab545f0ff015d9f26705c28409427a259b581e229e4b278fd34b130e759,3,3062,0
2,ex2-s5-e1-a1-p06,05e12ab545f0ff015d9f26705c28409427a259b581e229e4b278fd34b130e759,3,3063,100
2,ex2-s5-e1-a1-p06,05e12ab545f0ff015d9f26705c28409427a259b581e229e4b278fd34b130e759,3,3064,0
2,ex2-s5-e1-a1-p06,05e12ab545f0ff015d9f26705c28409427a259b581e229e4b278fd34b130e759,3,3065,0
2,ex2-s5-e1-a1-p06,05e12ab545f0ff015d9f26705c28409427a259b581e229e4b278fd34b130e759,3,3066,0
2,ex2-s5-e1-a1-p06,05e12ab545f0ff015d9f26705c28409427a259b581e229e4b278fd34b130e759,3,3067,0
2,ex2-s5-e1-a1-p06,05e12ab545f0ff015d9f26705c28409427a259b581e229e4b278fd34b130e759,3,3068,0
2,ex2-s5-e1-a1-p06,05e12ab545f0ff015d9f26705c28409427a259b581e229e4b278fd34b130e759,3,3069,0
2,ex2-s5-e1-a1-p06,05e12ab545f0ff015d9f26705c28409427a259b581e229e4b278fd34b130e759,3,3070,100
2,ex2-s5-e1-a1-p06,05e12ab545f0ff015d9f26705c28409427a259b581e229e4b278fd34b130e759,3,3071,0
2,ex2-s5-e1-a1-p06,05e12ab545f0ff015d9f26705c28409427a259b581e229e4b278fd34b130e759,3,3072,0
2,ex2-s5-e1-a1-p06,05e12ab545f0ff015d9f26705c28409427a259b581e229e4b278fd34b130e759,3,3073,0
2,ex2-s5-e1-a1-p06,05e12ab545f0ff015d9f26705c28409427a259b581e229e4b278fd34b130e759,3,3074,0
2,ex2-s5-e1-a1-p06,05e12ab545f0ff015d9f26705c28409427a259b581e229e4b278fd34b130e759,3,3075,0
2,ex2-s5-e1-a1-p06,05e12ab545f0ff015d9f26705c28409427a259b581e229e4b278fd34b130e759,3,3076,100
2,ex2-s5-e1-a1-p06,05e12ab545f0ff015d9f26705c28409427a259b581e229e4b278fd34b130e759,3,3077,0
2,ex2-s5-e1-a1-p06,05e12ab545f0ff015d9f26705c28409427a259b581e229e4b278fd34b130e759,3,3078,0
2,ex2-s5-e1-a1-p06,05e12ab545f0ff015d9f26705c28409427a259b581e229e4b278fd34b130e759,3,3079,0
2,ex2-s5-e1-a1-p06,05e12ab545f0ff015d9f26705c28409427a259b581e229e4b278fd34b130e759,3,3080,0
2,ex2-s5-e1-a1-p06,05e12ab545f0ff015d9f26705c28409427a259b581e229e4b278fd34b130e759,3,3081,0
2,ex2-s5-e1-a1-p06,05e12ab545f0ff015d9f26705c28409427a259b581e229e4b278fd34b130e759,3,3082,0
2,ex2-s5-e1-a1-p06,05e12ab545f0ff015d9f26705c28409427a259b581e229e4b278fd34b130e759,3,3083,100
2,ex2-s5-e1-a1-p06,05e12ab545f0ff015d9f26705c28409427a259b581e229e4b278fd34b130e759,3,3084,0
2,ex2-s5-e1-a1-p06,05e12ab545f0ff015d9f26705c28409427a259b581e229e4b278fd34b130e759,3,3085,0
2,ex2-s5-e1-a1-p06,05e12ab545f0ff015d9f26705c28409427a259b581e229e4b278fd34b130e759,3,3086,0
2,ex2-s5-e1-a1-p06,05e12ab545f0ff015d9f26705c28409427a259b581e229e4b278fd34b130e759,3,3087,0
2,ex2-s5-e1-a1-p06,05e12ab545f0ff015d9f26705c28409427a259b581e229e4b278fd34b130e759,3,3088,0
2,ex2-s5-e1-a1-p06,05e12ab545f0ff015d9f26705c28409427a259b581e229e4b278fd34b130e759,3,3089,0
2,ex2-s5-e1-a1-p06,05e12ab545f0ff015d9f26705c28409427a259b581e229e4b278fd34b130e759,3,3090,100
2,ex2-s5-e1-a1-p06,05e12ab545f0ff015d9f26705c28409427a259b581e229e4b278fd34b130e759,3,3091,0
2,ex2-s5-e1-a1-p06,05e12ab545f0ff015d9f26705c28409427a259b581e229e4b278fd34b130e759,3,3092,0
2,ex2-s5-e1-a1-p06,05e12ab545f0ff015d9f26705c28409427a259b581e229e4b278fd34b130e759,3,3093,0
2,ex2-s5-e1-a1-p06,05e12ab545f0ff015d9f26705c28409427a259b581e229e4b278fd34b130e759,3,3094,0
2,ex2-s5-e1-a1-p06,05e12ab545f0ff015d9f26705c28409427a259b581e229e4b278fd34b130e759,3,3095,0
2,ex2-s5-e1-a1-p06,05e12ab545f0ff015d9f26705c28409427a259b581e229e4b278fd34b130e759,3,3096,100
2,ex2-s5-e1-a1-p06,05e12ab545f0ff015d9f26705c28409427a259b581e229e4b278fd34b130e759,3,3097,0
2,ex2-s5-e1-a1-p06,05e12ab545f0ff015d9f26705c28409427a259b581e229e4b278fd34b130e759,3,3098,0
2,ex2-s5-e1-a1-p06,05e12ab545f0ff015d9f26705c28409427a259b581e229e4b278fd34b130e759,3,3099,0
2,ex2-s5-e1-a1-p06,05e12ab545f0ff015d9f26705c28409427a259b581e229e4b278fd34b130e759,3,3100,0
2,ex2-s5-e1-a1-p06,05e12ab545f0ff015d9f26705c28409427a259b581e229e4b278fd34b130e759,3,3101,0
2,ex2-s5-e1-a1-p06,05e12ab545f0ff015d9f26705c28409427a259b581e229e4b278fd34b130e759,3,3102,0
2,ex2-s5-e1-a1-p06,05e12ab545f0ff015d9f26705c28409427a259b581e229e4b278fd34b130e759,3,3103,100
2,ex2-s5-e1-a1-p06,05e12ab545f0ff015d9f26705c28409427a259b581e229e4b278fd34b130e759,3,3104,0
2,ex2-s5-e1-a1-p06,05e12ab545f0ff015d9f26705c28409427a259b581e229e4b278fd34b130e759,3,3105,0
2,ex2-s5-e1-a1-p06,05e12ab545f0ff015d9f26705c28409427a259b581e229e4b278fd34b130e759,3,3106,0
2,ex2-s5-e1-a1-p06,05e12ab545f0ff015d9f26705c28409427a259b581e229e4b278fd34b130e759,3,3107,0
2,ex2-s5-e1-a1-p06,05e12ab545f0ff015d9f26705c28409427a259b581e229e4b278fd34b130e759,3,3108,0
2,ex2-s5-e1-a1-p06,05e12ab545f0ff015d9f26705c28409427a259b581e229e4b278fd34b130e759,3,3109,0
2,ex2-s5-e1-a1-p06,05e12ab545f0ff015d9f26705c28409427a259b581e229e4b278fd34b130e759,3,3110,100
2,ex2-s5-e1-a1-p06,05e12ab545f0ff015d9f26705c28409427a259b581e229e4b278fd34b130e759,3,3111,0
2,ex2-s5-e1-a1-p06,05e12ab545f0ff015d9f26705c28409427a259b581e229e4b278fd34b130e759,3,3112,0
2,ex2-s5-e1-a1-p06,05e12ab545f0ff015d9f26705c28409427a259b581e229e4b278fd34b130e759,3,3113,0
2,ex2-s5-e1-a1-p06,05e12ab545f0ff015d9f26705c28409427a259b581e229e4b278fd34b130e759,3,3114,0
2,ex2-s5-e1-a1-p06,05e12ab545f0ff015d9f26705c28409427a259b581e229e4b278fd34b130e759,3,3115,0
2,ex2-s5-e1-a1-p06,05e12ab545f0ff015d9f26705c28409427a259b581e229e4b278fd34b130e759,3,3116,100
2,ex2-s5-e1-a1-p06,05e12ab545f0ff015d9f26705c28409427a259b581e229e4b278fd34b130e759,3,3117,0
2,ex2-s5-e1-a1-p06,05e12ab545f0ff015d9f26705c28409427a259b581e229e4b278fd34b130e759,3,3118,0
2,ex2-s5-e1-a1-p06,05e12ab545f0ff015d9f26705c28409427a259b581e229e4b278fd34b130e759,3,3119,0
2,ex2-s5-e1-a1-p06,05e12ab545f0ff015d9f26705c28409427a259b581e229e4b278fd34b130e759,3,3120,0
2,ex2-s5-e1-a1-p06,05e12ab545f0ff015d9f26705c28409427a259b581e229e4b278fd34b130e759,3,3121,0
2,ex2-s5-e1-a1-p06,05e12ab545f0ff015d9f26705c28409427a259b581e229e4b278fd34b130e759,3,3122,0
2,ex2-s5-e1-a1-p06,05e12ab545f0ff015d9f26705c28409427a259b581e229e4b278fd34b130e759,3,3123,100
2,ex2-s5-e1-a1-p06,05e12ab545f0ff015d9f26705c28409427a259b581e229e4b278fd34b130e759,3,3124,0
2,ex2-s5-e1-a1-p06,05e12ab545f0ff015d9f26705c28409427a259b581e229e4b278fd34b130e759,3,3125,0
2,ex2-s5-e1-a1-p06,05e12ab545f0ff015d9f26705c28409427a259b581e229e4b278fd34b130e759,3,3126,0
2,ex2-s5-e1-a1-p06,05e12ab545f0ff015d9f26705c28409427a259b581e229e4b278fd34b130e759,3,3127,0
2,ex2-s5-e1-a1-p06,05e12ab545f0ff015d9f26705c28409427a259b581e229e4b278fd34b130e759,3,3128,0
2,ex2-s5-e1-a1-p06,05e12ab545f0ff015d9f26705c28409427a259b581e229e4b278fd34b130e759,3,3129,0
2,ex2-s5-e1-a1-p06,05e12ab545f0ff015d9f26705c28409427a259b581e229e4b278fd34b130e759,3,3130,100
2,ex2-s5-e1-a1-p06,05e12ab545f0ff015d9f26705c28409427a259b581e229e4b278fd34b130e759,3,3131,0
2,ex2-s5-e1-a1-p06,05e12ab545f0ff015d9f26705c28409427a259b581e229e4b278fd34b130e759,3,3132,0
2,ex2-s5-e1-a1-p06,05e12ab545f0ff015d9f26705c28409427a259b581e229e4b278fd34b130e759,3,3133,0
2,ex2-s5-e1-a1-p06,05e12ab545f0ff015d9f26705c28409427a259b581e229e4b278fd34b130e759,3,3134,0
2,ex2-s5-e1-a1-p06,05e12ab545f0ff015d9f26705c28409427a259b581e229e4b278fd34b130e759,3,3135,0
2,ex2-s5-e1-a1-p06,05e12ab545f0ff015d9f26705c28409427a259b581e229e4b278fd34b130e759,3,3136,100
2,ex2-s5-e1-a1-p06,05e12ab545f0ff015d9f26705c28409427a259b581e229e4b278fd34b130e759,3,3137,0
2,ex2-s5-e1-a1-p06,05e12ab545f0ff015d9f26705c28409427a259b581e229e4b278fd34b130e759,3,3138,0
2,ex2-s5-e1-a1-p06,05e12ab545f0ff015d9f26705c28409427a259b581e229e4b278fd34b130e759,3,3139,0
2,ex2-s5-e1-a1-p06,05e12ab545f0ff015d9f26705c28409427a259b581e229e4b278fd34b130e759,3,3140,0
2,ex2-s5-e1-a1-p06,05e12ab545f0ff015d9f26705c28409427a259b581e229e4b278fd34b130e759,3,3141,0
2,ex2-s5-e1-a1-p06,05e12ab545f0ff015d9f26705c28409427a259b581e229e4b278fd34b130e759,3,3142,0
2,ex2-s5-e1-a1-p06,05e12ab545f0ff015d9f26705c28409427a259b581e229e4b278fd34b130e759,3,3143,100
2,ex2-s5-e1-a1-p06,05e12ab545f0ff015d9f26705c28409427a259b581e229e4b278fd34b130e759,3,3144,0
2,ex2-s5-e1-a1-p06,05e12ab545f0ff015d9f26705c28409427a259b581e229e4b278fd34b130e759,3,3145,0
2,ex2-s5-e1-a1-p06,05e12ab545f0ff015d9f26705c28409427a259b581e229e4b278fd34b130e759,3,3146,0
2,ex2-s5-e1-a1-p06,05e12ab545f0ff015d9f26705c28409427a259b581e229e4b278fd34b130e759,3,3147,0
2,ex2-s5-e1-a1-p06,05e12ab545f0ff015d9f26705c28409427a259b581e229e4b278fd34b130e759,3,3148,0
2,ex2-s5-e1-a1-p06,05e12ab545f0ff015d9f26705c28409427a259b581e229e4b278fd34b130e759,3,3149,100
2,ex2-s5-e1-a1-p06,05e12ab545f0ff015d9f26705c28409427a259b581e229e4b278fd34b130e759,3,3150,0
2,ex2-s5-e1-a1-p06,05e12ab545f0ff015d9f26705c28409427a259b581e229e4b278fd34b130e759,3,3151,0
2,ex2-s5-e1-a1-p06,05e12ab545f0ff015d9f26705c28409427a259b581e229e4b278fd34b130e759,3,3152,0
2,ex2-s5-e1-a1-p06,05e12ab545f0ff015d9f26705c28409427a259b581e229e4b278fd34b130e759,3,3153,0
2,ex2-s5-e1-a1-p06,05e12ab545f0ff015d9f26705c28409427a259b581e229e4b278fd34b130e759,3,3154,0
2,ex2-s5-e1-a1-p06,05e12ab545f0ff015d9f26705c28409427a259b581e229e4b278fd34b130e759,3,3155,0
2,ex2-s5-e1-a1-p06,05e12ab545f0ff015d9f26705c28409427a259b581e229e4b278fd34b130e759,3,3156,100
2,ex2-s5-e1-a1-p06,05e12ab545f0ff015d9f26705c28409427a259b581e229e4b278fd34b130e759,3,3157,0
2,ex2-s5-e1-a1-p06,05e12ab545f0ff015d9f26705c28409427a259b581e229e4b278fd34b130e759,3,3158,0
2,ex2-s5-e1-a1-p06,05e12ab545f0ff015d9f26705c28409427a259b581e229e4b278fd34b130e759,3,3159,0
2,ex2-s5-e1-a1-p06,05e12ab545f0ff015d9f26705c28409427a259b581e229e4b278fd34b130e759,3,3160,0
2,ex2-s5-e1-a1-p06,05e12ab545f0ff015d9f26705c28409427a259b581e229e4b278fd34b130e759,3,3161,0
2,ex2-s5-e1-a1-p06,05e12ab545f0ff015d9f26705c28409427a259b581e229e4b278fd34b130e759,3,3162,0
2,ex2-s5-e1-a1-p06,05e12ab545f0ff015d9f26705c28409427a259b581e229e4b278fd34b130e759,3,3163,100
2,ex2-s5-e1-a1-p06,05e12ab545f0ff015d9f26705c28409427a259b581e229e4b278fd34b130e759,3,3164,0
2,ex2-s5-e1-a1-p06,05e12ab545f0ff015d9f26705c28409427a259b581e229e4b278fd34b130e759,3,3165,0
2,ex2-s5-e1-a1-p06,05e12ab545f0ff015d9f26705c28409427a259b581e229e4b278fd34b130e759,3,3166,0
2,ex2-s5-e1-a1-p06,05e12ab545f0ff015d9f26705c28409427a259b581e229e4b278fd34b130e759,3,3167,0
2,ex2-s5-e1-a1-p06,05e12ab545f0ff015d9f26705c28409427a259b581e229e4b278fd34b130e759,3,3168,0
2,ex2-s5-e1-a1-p06,05e12ab545f0ff015d9f26705c28409427a259b581e229e4b278fd34b130e759,3,3169,100
2,ex2-s5-e1-a1-p06,05e12ab545f0ff015d9f26705c28409427a259b581e229e4b278fd34b130e759,3,3170,0
2,ex2-s5-e1-a1-p06,05e12ab545f0ff015d9f26705c28409427a259b581e229e4b278fd34b130e759,3,3171,0
2,ex2-s5-e1-a1-p06,05e12ab545f0ff015d9f26705c28409427a259b581e229e4b278fd34b130e759,3,3172,0
2,ex2-s5-e1-a1-p06,05e12ab545f0ff015d9f26705c28409427a259b581e229e4b278fd34b130e759,3,3173,0
2,ex2-s5-e1-a1-p06,05e12ab545f0ff015d9f26705c28409427a259b581e229e4b278fd34b130e759,3,3174,0
2,ex2-s5-e1-a1-p06,05e12ab545f0ff015d9f26705c28409427a259b581e229e4b278fd34b130e759,3,3175,0
2,ex2-s5-e1-a1-p06,05e12ab545f0ff015d9f26705c28409427a259b581e229e4b278fd34b130e759,3,3176,100
2,ex2-s5-e1-a1-p06,05e12ab545f0ff015d9f26705c28409427a259b581e229e4b278fd34b130e759,3,3177,0
2,ex2-s5-e1-a1-p06,05e12ab545f0ff015d9f26705c28409427a259b581e229e4b278fd34b130e759,3,3178,0
2,ex2-s5-e1-a1-p06,05e12ab545f0ff015d9f26705c28409427a259b581e229e4b278fd34b130e759,3,3179,0
2,ex2-s5-e1-a1-p06,05e12ab545f0ff015d9f26705c28409427a259b581e229e4b278fd34b130e759,3,3180,0
2,ex2-s5-e1-a1-p06,05e12ab545f0ff015d9f26705c28409427a259b581e229e4b278fd34b130e759,3,3181,0
2,ex2-s5-e1-a1-p06,05e12ab545f0ff015d9f26705c28409427a259b581e229e4b278fd34b130e759,3,3182,0
2,ex2-s5-e1-a1-p06,05e12ab545f0ff015d9f26705c28409427a259b581e229e4b278fd34b130e759,3,3183,100
2,ex2-s5-e1-a1-p06,05e12ab545f0ff015d9f26705c28409427a259b581e229e4b278fd34b130e759,3,3184,0
2,ex2-s5-e1-a1-p06,05e12ab545f0ff015d9f26705c28409427a259b581e229e4b278fd34b130e759,3,3185,0
2,ex2-s5-e1-a1-p06,05e12ab545f0ff015d9f26705c28409427a259b581e229e4b278fd34b130e759,3,3186,0
2,ex2-s5-e1-a1-p06,05e12ab545f0ff015d9f26705c28409427a259b581e229e4b278fd34b130e759,3,3187,0
2,ex2-s5-e1-a1-p06,05e12ab545f0ff015d9f26705c28409427a259b581e229e4b278fd34b130e759,3,3188,0
2,ex2-s5-e1-a1-p06,05e12ab545f0ff015d9f26705c28409427a259b581e229e4b278fd34b130e759,3,3189,100
2,ex2-s5-e1-a1-p06,05e12ab545f0ff015d9f26705c28409427a259b581e229e4b278fd34b130e759,3,3190,0
2,ex2-s5-e1-a1-p06,05e12ab545f0ff015d9f26705c28409427a259b581e229e4b278fd34b130e759,3,3191,0
2,ex2-s5-e1-a1-p06,05e12ab545f0ff015d9f26705c28409427a259b581e229e4b278fd34b130e759,3,3192,0
2,ex2-s5-e1-a1-p06,05e12ab545f0ff015d9f26705c28409427a259b581e229e4b278fd34b130e759,3,3193,0
2,ex2-s5-e1-a1-p06,05e12ab545f0ff015d9f26705c28409427a259b581e229e4b278fd34b130e759,3,3194,0
2,ex2-s5-e1-a1-p06,05e12ab545f0ff015d9f26705c28409427a259b581e229e4b278fd34b130e759,3,3195,0
2,ex2-s5-e1-a1-p06,05e12ab545f0ff015d9f26705c28409427a259b581e229e4b278fd34b130e759,3,3196,100
2,ex2-s5-e1-a1-p06,05e12ab545f0ff015d9f26705c28409427a259b581e229e4b278fd34b130e759,3,3197,0
2,ex2-s5-e1-a1-p06,05e12ab545f0ff015d9f26705c28409427a259b581e229e4b278fd34b130e759,3,3198,0
2,ex2-s5-e1-a1-p06,05e12ab545f0ff015d9f26705c28409427a259b581e229e4b278fd34b130e759,3,3199,0
2,ex2-s5-e1-a1-p06,05e12ab545f0ff015d9f26705c28409427a259b581e229e4b278fd34b130e759,3,3200,0
2,ex2-s5-e1-a1-p06,05e12ab545f0ff015d9f26705c28409427a259b581e229e4b278fd34b130e759,3,3201,0
2,ex2-s5-e1-a1-p06,05e12ab545f0ff015d9f26705c28409427a259b581e229e4b278fd34b130e759,3,3202,0
2,ex2-s5-e1-a1-p06,05e12ab545f0ff015d9f26705c28409427a259b581e229e4b278fd34b130e759,3,3203,100
2,ex2-s5-e1-a1-p06,05e12ab545f0ff015d9f26705c28409427a259b581e229e4b278fd34b130e759,3,3204,0
2,ex2-s5-e1-a1-p06,05e12ab545f0ff015d9f26705c28409427a259b581e229e4b278fd34b130e759,3,3205,0
2,ex2-s5-e1-a1-p06,05e12ab545f0ff015d9f26705c28409427a259b581e229e4b278fd34b130e759,3,3206,0
2,ex2-s5-e1-a1-p06,05e12ab545f0ff015d9f26705c28409427a259b581e229e4b278fd34b130e759,3,3207,0
2,ex2-s5-e1-a1-p06,05e12ab545f0ff015d9f26705c28409427a259b581e229e4b278fd34b130e759,3,3208,0
2,ex2-s5-e1-a1-p06,05e12ab545f0ff015d9f26705c28409427a259b581e229e4b278fd34b130e759,3,3209,100
2,ex2-s5-e1-a1-p06,05e12ab545f0ff015d9f26705c28409427a259b581e229e4b278fd34b130e759,3,3210,0
2,ex2-s5-e1-a1-p06,05e12ab545f0ff015d9f26705c28409427a259b581e229e4b278fd34b130e759,3,3211,0
2,ex2-s5-e1-a1-p06,05e12ab545f0ff015d9f26705c28409427a259b581e229e4b278fd34b130e759,3,3212,0
2,ex2-s5-e1-a1-p06,05e12ab545f0ff015d9f26705c28409427a259b581e229e4b278fd34b130e759,3,3213,0
2,ex2-s5-e1-a1-p06,05e12ab545f0ff015d9f26705c28409427a259b581e229e4b278fd34b130e759,3,3214,0
2,ex2-s5-e1-a1-p06,05e12ab545f0ff015d9f26705c28409427a259b581e229e4b278fd34b130e759,3,3215,0
2,ex2-s5-e1-a1-p06,05e12ab545f0ff015d9f26705c28409427a259b581e229e4b278fd34b130e759,3,3216,100
2,ex2-s5-e1-a1-p06,05e12ab545f0ff015d9f26705c28409427a259b581e229e4b278fd34b130e759,3,3217,0
2,ex2-s5-e1-a1-p06,05e12ab545f0ff015d9f26705c28409427a259b581e229e4b278fd34b130e759,3,3218,0
2,ex2-s5-e1-a1-p06,05e12ab545f0ff015d9f26705c28409427a259b581e229e4b278fd34b130e759,3,3219,0
2,ex2-s5-e1-a1-p06,05e12ab545f0ff015d9f26705c28409427a259b581e229e4b278fd34b130e759,3,3220,0
2,ex2-s5-e1-a1-p06,05e12ab545f0ff015d9f26705c28409427a259b581e229e4b278fd34b130e759,3,3221,0
2,ex2-s5-e1-a1-p06,05e12ab545f0ff015d9f26705c28409427a259b581e229e4b278fd34b130e759,3,3222,0
2,ex2-s5-e1-a1-p06,05e12ab545f0ff015d9f26705c28409427a259b581e229e4b278fd34b130e759,3,3223,100
2,ex2-s5-e1-a1-p06,05e12ab545f0ff015d9f26705c28409427a259b581e229e4b278fd34b130e759,3,3224,0
2,ex2-s5-e1-a1-p06,05e12ab545f0ff015d9f26705c28409427a259b581e229e4b278fd34b130e759,3,3225,0
2,ex2-s5-e1-a1-p06,05e12ab545f0ff015d9f26705c28409427a259b581e229e4b278fd34b130e759,3,3226,0
2,ex2-s5-e1-a1-p06,05e12ab545f0ff015d9f26705c28409427a259b581e229e4b278fd34b130e759,3,3227,0
2,ex2-s5-e1-a1-p06,05e12ab545f0ff015d9f26705c28409427a259b581e229e4b278fd34b130e759,3,3228,0
2,ex2-s5-e1-a1-p06,05e12ab545f0ff015d9f26705c28409427a259b581e229e4b278fd34b130e759,3,3229,100
2,ex2-s5-e1-a1-p06,05e12ab545f0ff015d9f26705c28409427a259b581e229e4b278fd34b130e759,3,3230,0
2,ex2-s5-e1-a1-p06,05e12ab545f0ff015d9f26705c28409427a259b581e229e4b278fd34b130e759,3,3231,0
2,ex2-s5-e1-a1-p06,05e12ab545f0ff015d9f26705c28409427a259b581e229e4b278fd34b130e759,3,3232,0
2,ex2-s5-e1-a1-p06,05e12ab545f0ff015d9f26705c28409427a259b581e229e4b278fd34b130e759,3,3233,0
2,ex2-s5-e1-a1-p06,05e12ab545f0ff015d9f26705c28409427a259b581e229e4b278fd34b130e759,3,3234,0
2,ex2-s5-e1-a1-p06,05e12ab545f0ff015d9f26705c28409427a259b581e229e4b278fd34b130e759,3,3235,0
2,ex2-s5-e1-a1-p06,05e12ab545f0ff015d9f26705c28409427a259b581e229e4b278fd34b130e759,3,3236,100
2,ex2-s5-e1-a1-p06,05e12ab545f0ff015d9f26705c28409427a259b581e229e4b278fd34b130e759,3,3237,0
2,ex2-s5-e1-a1-p06,05e12ab545f0ff015d9f26705c28409427a259b581e229e4b278fd34b130e759,3,3238,0
2,ex2-s5-e1-a1-p06,05e12ab545f0ff015d9f26705c28409427a259b581e229e4b278fd34b130e759,3,3239,0
2,ex2-s5-e1-a1-p06,05e12ab545f0ff015d9f26705c28409427a259b581e229e4b278fd34b130e759,3,3240,0
2,ex2-s5-e1-a1-p06,05e12ab545f0ff015d9f26705c28409427a259b581e229e4b278fd34b130e759,3,3241,0
2,ex2-s5-e1-a1-p06,05e12ab545f0ff015d9f26705c28409427a259b581e229e4b278fd34b130e759,3,3242,0
2,ex2-s5-e1-a1-p06,05e12ab545f0ff015d9f26705c28409427a259b581e229e4b278fd34b130e759,3,3243,100
2,ex2-s5-e1-a1-p06,05e12ab545f0ff015d9f26705c28409427a259b581e229e4b278fd34b130e759,3,3244,0
2,ex2-s5-e1-a1-p06,05e12ab545f0ff015d9f26705c28409427a259b581e229e4b278fd34b130e759,3,3245,0
2,ex2-s5-e1-a1-p06,05e12ab545f0ff015d9f26705c28409427a259b581e229e4b278fd34b130e759,3,3246,0
2,ex2-s5-e1-a1-p06,05e12ab545f0ff015d9f26705c28409427a259b581e229e4b278fd34b130e759,3,3247,0
2,ex2-s5-e1-a1-p06,05e12ab545f0ff015d9f26705c28409427a259b581e229e4b278fd34b130e759,3,3248,0
2,ex2-s5-e1-a1-p06,05e12ab545f0ff015d9f26705c28409427a259b581e229e4b278fd34b130e759,3,3249,100
2,ex2-s5-e1-a1-p06,05e12ab545f0ff015d9f26705c28409427a259b581e229e4b278fd34b130e759,3,3250,0
2,ex2-s5-e1-a1-p06,05e12ab545f0ff015d9f26705c28409427a259b581e229e4b278fd34b130e759,3,3251,0
2,ex2-s5-e1-a1-p06,05e12ab545f0ff015d9f26705c28409427a259b581e229e4b278fd34b130e759,3,3252,0
2,ex2-s5-e1-a1-p06,05e12ab545f0ff015d9f26705c28409427a259b581e229e4b278fd34b130e759,3,3253,0
2,ex2-s5-e1-a1-p06,05e12ab545f0ff015d9f26705c28409427a259b581e229e4b278fd34b130e759,3,3254,0
2,ex2-s5-e1-a1-p06,05e12ab545f0ff015d9f26705c28409427a259b581e229e4b278fd34b130e759,3,3255,0
2,ex2-s5-e1-a1-p06,05e12ab545f0ff015d9f26705c28409427a259b581e229e4b278fd34b130e759,3,3256,100
2,ex2-s5-e1-a1-p06,05e12ab545f0ff015d9f26705c28409427a259b581e229e4b278fd34b130e759,3,3257,0
2,ex2-s5-e1-a1-p06,05e12ab545f0ff015d9f26705c28409427a259b581e229e4b278fd34b130e759,3,3258,0
2,ex2-s5-e1-a1-p06,05e12ab545f0ff015d9f26705c28409427a259b581e229e4b278fd34b130e759,3,3259,0
2,ex2-s5-e1-a1-p06,05e12ab545f0ff015d9f26705c28409427a259b581e229e4b278fd34b130e759,3,3260,0
2,ex2-s5-e1-a1-p06,05e12ab545f0ff015d9f26705c28409427a259b581e229e4b278fd34b130e759,3,3261,0
2,ex2-s5-e1-a1-p06,05e12ab545f0ff015d9f26705c28409427a259b581e229e4b278fd34b130e759,3,3262,0
2,ex2-s5-e1-a1-p06,05e12ab545f0ff015d9f26705c28409427a259b581e229e4b278fd34b130e759,3,3263,100
2,ex2-s5-e1-a1-p06,05e12ab545f0ff015d9f26705c28409427a259b581e229e4b278fd34b130e759,3,3264,0
2,ex2-s5-e1-a1-p06,05e12ab545f0ff015d9f26705c28409427a259b581e229e4b278fd34b130e759,3,3265,0
2,ex2-s5-e1-a1-p06,05e12ab545f0ff015d9f26705c28409427a259b581e229e4b278fd34b130e759,3,3266,0
2,ex2-s5-e1-a1-p06,05e12ab545f0ff015d9f26705c28409427a259b581e229e4b278fd34b130e759,3,3267,0
2,ex2-s5-e1-a1-p06,05e12ab545f0ff015d9f26705c28409427a259b581e229e4b278fd34b130e759,3,3268,0
2,ex2-s5-e1-a1-p06,05e12ab545f0ff015d9f26705c28409427a259b581e229e4b278fd34b130e759,3,3269,100
2,ex2-s5-e1-a1-p06,05e12ab545f0ff015d9f26705c28409427a259b581e229e4b278fd34b130e759,3,3270,0
2,ex2-s5-e1-a1-p06,05e12ab545f0ff015d9f26705c28409427a259b581e229e4b278fd34b130e759,3,3271,0
2,ex2-s5-e1-a1-p06,05e12ab545f0ff015d9f26705c28409427a259b581e229e4b278fd34b130e759,3,3272,0
2,ex2-s5-e1-a1-p06,05e12ab545f0ff015d9f26705c28409427a259b581e229e4b278fd34b130e759,3,3273,0
2,ex2-s5-e1-a1-p06,05e12ab545f0ff015d9f26705c28409427a259b581e229e4b278fd34b130e759,3,3274,0
2,ex2-s5-e1-a1-p06,05e12ab545f0ff015d9f26705c28409427a259b581e229e4b278fd34b130e759,3,3275,0
2,ex2-s5-e1-a1-p06,05e12ab545f0ff015d9f26705c28409427a259b581e229e4b278fd34b130e759,3,3276,100
2,ex2-s5-e1-a1-p06,05e12ab545f0ff015d9f26705c28409427a259b581e229e4b278fd34b130e759,3,3277,0
2,ex2-s5-e1-a1-p06,05e12ab545f0ff015d9f26705c28409427a259b581e229e4b278fd34b130e759,3,3278,0
2,ex2-s5-e1-a1-p06,05e12ab545f0ff015d9f26705c28409427a259b581e229e4b278fd34b130e759,3,3279,0
2,ex2-s5-e1-a1-p06,05e12ab545f0ff015d9f26705c28409427a259b581e229e4b278fd34b130e759,3,3280,0
2,ex2-s5-e1-a1-p06,05e12ab545f0ff015d9f26705c28409427a259b581e229e4b278fd34b130e759,3,3281,0
2,ex2-s5-e1-a1-p06,05e12ab545f0ff015d9f26705c28409427a259b581e229e4b278fd34b130e759,3,3282,100
2,ex2-s5-e1-a1-p06,05e12ab545f0ff015d9f26705c28409427a259b581e229e4b278fd34b130e759,3,3283,0
2,ex2-s5-e1-a1-p06,05e12ab545f0ff015d9f26705c28409427a259b581e229e4b278fd34b130e759,3,3284,0
2,ex2-s5-e1-a1-p06,05e12ab545f0ff015d9f26705c28409427a259b581e229e4b278fd34b130e759,3,3285,0
2,ex2-s5-e1-a1-p06,05e12ab545f0ff015d9f26705c28409427a259b581e229e4b278fd34b130e759,3,3286,0
2,ex2-s5-e1-a1-p06,05e12ab545f0ff015d9f26705c28409427a259b581e229e4b278fd34b130e759,3,3287,0
2,ex2-s5-e1-a1-p06,05e12ab545f0ff015d9f26705c28409427a259b581e229e4b278fd34b130e759,3,3288,0
2,ex2-s5-e1-a1-p06,05e12ab545f0ff015d9f26705c28409427a259b581e229e4b278fd34b130e759,3,3289,100
2,ex2-s5-e1-a1-p06,05e12ab545f0ff015d9f26705c28409427a259b581e229e4b278fd34b130e759,3,3290,0
2,ex2-s5-e1-a1-p06,05e12ab545f0ff015d9f26705c28409427a259b581e229e4b278fd34b130e759,3,3291,0
2,ex2-s5-e1-a1-p06,05e12ab545f0ff015d9f26705c28409427a259b581e229e4b278fd34b130e759,3,3292,0
2,ex2-s5-e1-a1-p06,05e12ab545f0ff015d9f26705c28409427a259b581e229e4b278fd34b130e759,3,3293,0
2,ex2-s5-e1-a1-p06,05e12ab545f0ff015d9f26705c28409427a259b581e229e4b278fd34b130e759,3,3294,0
2,ex2-s5-e1-a1-p06,05e12ab545f0ff015d9f26705c28409427a259b581e229e4b278fd34b130e759,3,3295,0
2,ex2-s5-e1-a1-p06,05e12ab545f0ff015d9f26705c28409427a259b581e229e4b278fd34b130e759,3,3296,100
2,ex2-s5-e1-a1-p06,05e12ab545f0ff015d9f26705c28409427a259b581e229e4b278fd34b130e759,3,3297,0
2,ex2-s5-e1-a1-p06,05e12ab545f0ff015d9f26705c28409427a259b581e229e4b278fd34b130e759,3,3298,0
2,ex2-s5-e1-a1-p06,05e12ab545f0ff015d9f26705c28409427a259b581e229e4b278fd34b130e759,3,3299,0
2,ex2-s5-e1-a1-p06,05e12ab545f0ff015d9f26705c28409427a259b581e229e4b278fd34b130e759,3,3300,0
2,ex2-s5-e1-a1-p06,05e12ab545f0ff015d9f26705c28409427a259b581e229e4b278fd34b130e759,3,3301,0
2,ex2-s5-e1-a1-p06,05e12ab545f0ff015d9f26705c28409427a259b581e229e4b278fd34b130e759,3,3302,100
2,ex2-s5-e1-a1-p06,05e12ab545f0ff015d9f26705c28409427a259b581e229e4b278fd34b130e759,3,3303,0
2,ex2-s5-e1-a1-p06,05e12ab545f0ff015d9f26705c28409427a259b581e229e4b278fd34b130e759,3,3304,0
2,ex2-s5-e1-a1-p06,05e12ab545f0ff015d9f26705c28409427a259b581e229e4b278fd34b130e759,3,3305,0
2,ex2-s5-e1-a1-p06,05e12ab545f0ff015d9f26705c28409427a259b581e229e4b278fd34b130e759,3,3306,0
2,ex2-s5-e1-a1-p06,05e12ab545f0ff015d9f26705c28409427a259b581e229e4b278fd34b130e759,3,3307,0
2,ex2-s5-e1-a1-p06,05e12ab545f0ff015d9f26705c28409427a259b581e229e4b278fd34b130e759,3,3308,0
2,ex2-s5-e1-a1-p06,05e12ab545f0ff015d9f26705c28409427a259b581e229e4b278fd34b130e759,3,3309,100
2,ex2-s5-e1-a1-p06,05e12ab545f0ff015d9f26705c28409427a259b581e229e4b278fd34b130e759,3,3310,0
2,ex2-s5-e1-a1-p06,05e12ab545f0ff015d9f26705c28409427a259b581e229e4b278fd34b130e759,3,3311,0
2,ex2-s5-e1-a1-p06,05e12ab545f0ff015d9f26705c28409427a259b581e229e4b278fd34b130e759,3,3312,0
2,ex2-s5-e1-a1-p06,05e12ab545f0ff015d9f26705c28409427a259b581e229e4b278fd34b130e759,3,3313,0
2,ex2-s5-e1-a1-p06,05e12ab545f0ff015d9f26705c28409427a259b581e229e4b278fd34b130e759,3,3314,0
2,ex2-s5-e1-a1-p06,05e12ab545f0ff015d9f26705c28409427a259b581e229e4b278fd34b130e759,3,3315,0
2,ex2-s5-e1-a1-p06,05e12ab545f0ff015d9f26705c28409427a259b581e229e4b278fd34b130e759,3,3316,100
2,ex2-s5-e1-a1-p06,05e12ab545f0ff015d9f26705c28409427a259b581e229e4b278fd34b130e759,3,3317,0
2,ex2-s5-e1-a1-p06,05e12ab545f0ff015d9f26705c28409427a259b581e229e4b278fd34b130e759,3,3318,0
2,ex2-s5-e1-a1-p06,05e12ab545f0ff015d9f26705c28409427a259b581e229e4b278fd34b130e759,3,3319,0
2,ex2-s5-e1-a1-p06,05e12ab545f0ff015d9f26705c28409427a259b581e229e4b278fd34b130e759,3,3320,0
2,ex2-s5-e1-a1-p06,05e12ab545f0ff015d9f26705c28409427a259b581e229e4b278fd34b130e759,3,3321,0
2,ex2-s5-e1-a1-p06,05e12ab545f0ff015d9f26705c28409427a259b581e229e4b278fd34b130e759,3,3322,100
2,ex2-s5-e1-a1-p06,05e12ab545f0ff015d9f26705c28409427a259b581e229e4b278fd34b130e759,3,3323,0
2,ex2-s5-e1-a1-p06,05e12ab545f0ff015d9f26705c28409427a259b581e229e4b278fd34b130e759,3,3324,0
2,ex2-s5-e1-a1-p06,05e12ab545f0ff015d9f26705c28409427a259b581e229e4b278fd34b130e759,3,3325,0
2,ex2-s5-e1-a1-p06,05e12ab545f0ff015d9f26705c28409427a259b581e229e4b278fd34b130e759,3,3326,0
2,ex2-s5-e1-a1-p06,05e12ab545f0ff015d9f26705c28409427a259b581e229e4b278fd34b130e759,3,3327,0
2,ex2-s5-e1-a1-p06,05e12ab545f0ff015d9f26705c28409427a259b581e229e4b278fd34b130e759,3,3328,0
2,ex2-s5-e1-a1-p06,05e12ab545f0ff015d9f26705c28409427a259b581e229e4b278fd34b130e759,3,3329,100
2,ex2-s5-e1-a1-p06,05e12ab545f0ff015d9f26705c28409427a259b581e229e4b278fd34b130e759,3,3330,0
2,ex2-s5-e1-a1-p06,05e12ab545f0ff015d9f26705c28409427a259b581e229e4b278fd34b130e759,3,3331,0
2,ex2-s5-e1-a1-p06,05e12ab545f0ff015d9f26705c28409427a259b581e229e4b278fd34b130e759,3,3332,0
2,ex2-s5-e1-a1-p06,05e12ab545f0ff015d9f26705c28409427a259b581e229e4b278fd34b130e759,3,3333,0
2,ex2-s5-e1-a1-p06,05e12ab545f0ff015d9f26705c28409427a259b581e229e4b278fd34b130e759,3,3334,0
2,ex2-s5-e1-a1-p06,05e12ab545f0ff015d9f26705c28409427a259b581e229e4b278fd34b130e759,3,3335,0
2,ex2-s5-e1-a1-p06,05e12ab545f0ff015d9f26705c28409427a259b581e229e4b278fd34b130e759,3,3336,100
2,ex2-s5-e1-a1-p06,05e12ab545f0ff015d9f26705c28409427a259b581e229e4b278fd34b130e759,3,3337,0
2,ex2-s5-e1-a1-p06,05e12ab545f0ff015d9f26705c28409427a259b581e229e4b278fd34b130e759,3,3338,0
2,ex2-s5-e1-a1-p06,05e12ab545f0ff015d9f26705c28409427a259b581e229e4b278fd34b130e759,3,3339,0
2,ex2-s5-e1-a1-p06,05e12ab545f0ff015d9f26705c28409427a259b581e229e4b278fd34b130e759,3,3340,0
2,ex2-s5-e1-a1-p06,05e12ab545f0ff015d9f26705c28409427a259b581e229e4b278fd34b130e759,3,3341,0
2,ex2-s5-e1-a1-p06,05e12ab545f0ff015d9f26705c28409427a259b581e229e4b278fd34b130e759,3,3342,100
2,ex2-s5-e1-a1-p06,05e12ab545f0ff015d9f26705c28409427a259b581e229e4b278fd34b130e759,3,3343,0
2,ex2-s5-e1-a1-p06,05e12ab545f0ff015d9f26705c28409427a259b581e229e4b278fd34b130e759,3,3344,0
2,ex2-s5-e1-a1-p06,05e12ab545f0ff015d9f26705c28409427a259b581e229e4b278fd34b130e759,3,3345,0
2,ex2-s5-e1-a1-p06,05e12ab545f0ff015d9f26705c28409427a259b581e229e4b278fd34b130e759,3,3346,0
2,ex2-s5-e1-a1-p06,05e12ab545f0ff015d9f26705c28409427a259b581e229e4b278fd34b130e759,3,3347,0
2,ex2-s5-e1-a1-p06,05e12ab545f0ff015d9f26705c28409427a259b581e229e4b278fd34b130e759,3,3348,0
2,ex2-s5-e1-a1-p06,05e12ab545f0ff015d9f26705c28409427a259b581e229e4b278fd34b130e759,3,3349,100
2,ex2-s5-e1-a1-p06,05e12ab545f0ff015d9f26705c28409427a259b581e229e4b278fd34b130e759,3,3350,0
2,ex2-s5-e1-a1-p06,05e12ab545f0ff015d9f26705c28409427a259b581e229e4b278fd34b130e759,3,3351,0
2,ex2-s5-e1-a1-p06,05e12ab545f0ff015d9f26705c28409427a259b581e229e4b278fd34b130e759,3,3352,0
2,ex2-s5-e1-a1-p06,05e12ab545f0ff015d9f26705c28409427a259b581e229e4b278fd34b130e759,3,3353,0
2,ex2-s5-e1-a1-p06,05e12ab545f0ff015d9f26705c28409427a259b581e229e4b278fd34b130e759,3,3354,0
2,ex2-s5-e1-a1-p06,05e12ab545f0ff015d9f26705c28409427a259b581e229e4b278fd34b130e759,3,3355,0
2,ex2-s5-e1-a1-p06,05e12ab545f0ff015d9f26705c28409427a259b581e229e4b278fd34b130e759,3,3356,100
2,ex2-s5-e1-a1-p06,05e12ab545f0ff015d9f26705c28409427a259b581e229e4b278fd34b130e759,3,3357,0
2,ex2-s5-e1-a1-p06,05e12ab545f0ff015d9f26705c28409427a259b581e229e4b278fd34b130e759,3,3358,0
2,ex2-s5-e1-a1-p06,05e12ab545f0ff015d9f26705c28409427a259b581e229e4b278fd34b130e759,3,3359,0
2,ex2-s5-e1-a1-p06,05e12ab545f0ff015d9f26705c28409427a259b581e229e4b278fd34b130e759,3,3360,0
2,ex2-s5-e1-a1-p06,05e12ab545f0ff015d9f26705c28409427a259b581e229e4b278fd34b130e759,3,3361,0
2,ex2-s5-e1-a1-p06,05e12ab545f0ff015d9f26705c28409427a259b581e229e4b278fd34b130e759,3,3362,100
2,ex2-s5-e1-a1-p06,05e12ab545f0ff015d9f26705c28409427a259b581e229e4b278fd34b130e759,3,3363,0
2,ex2-s5-e1-a1-p06,05e12ab545f0ff015d9f26705c28409427a259b581e229e4b278fd34b130e759,3,3364,0
2,ex2-s5-e1-a1-p06,05e12ab545f0ff015d9f26705c28409427a259b581e229e4b278fd34b130e759,3,3365,0
2,ex2-s5-e1-a1-p06,05e12ab545f0ff015d9f26705c28409427a259b581e229e4b278fd34b130e759,3,3366,0
2,ex2-s5-e1-a1-p06,05e12ab545f0ff015d9f26705c28409427a259b581e229e4b278fd34b130e759,3,3367,0
2,ex2-s5-e1-a1-p06,05e12ab545f0ff015d9f26705c28409427a259b581e229e4b278fd34b130e759,3,3368,0
2,ex2-s5-e1-a1-p06,05e12ab545f0ff015d9f26705c28409427a259b581e229e4b278fd34b130e759,3,3369,100
2,ex2-s5-e1-a1-p06,05e12ab545f0ff015d9f26705c28409427a259b581e229e4b278fd34b130e759,3,3370,0
2,ex2-s5-e1-a1-p06,05e12ab545f0ff015d9f26705c28409427a259b581e229e4b278fd34b130e759,3,3371,0
2,ex2-s5-e1-a1-p06,05e12ab545f0ff015d9f26705c28409427a259b581e229e4b278fd34b130e759,3,3372,0
2,ex2-s5-e1-a1-p06,05e12ab545f0ff015d9f26705c28409427a259b581e229e4b278fd34b130e759,3,3373,0
2,ex2-s5-e1-a1-p06,05e12ab545f0ff015d9f26705c28409427a259b581e229e4b278fd34b130e759,3,3374,0
2,ex2-s5-e1-a1-p06,05e12ab545f0ff015d9f26705c28409427a259b581e229e4b278fd34b130e759,3,3375,0
2,ex2-s5-e1-a1-p06,05e12ab545f0ff015d9f26705c28409427a259b581e229e4b278fd34b130e759,3,3376,100
2,ex2-s5-e1-a1-p06,05e12ab545f0ff015d9f26705c28409427a259b581e229e4b278fd34b130e759,3,3377,0
2,ex2-s5-e1-a1-p06,05e12ab545f0ff015d9f26705c28409427a259b581e229e4b278fd34b130e759,3,3378,0
2,ex2-s5-e1-a1-p06,05e12ab545f0ff015d9f26705c28409427a259b581e229e4b278fd34b130e759,3,3379,0
2,ex2-s5-e1-a1-p06,05e12ab545f0ff015d9f26705c28409427a259b581e229e4b278fd34b130e759,3,3380,0
2,ex2-s5-e1-a1-p06,05e12ab545f0ff015d9f26705c28409427a259b581e229e4b278fd34b130e759,3,3381,0
2,ex2-s5-e1-a1-p06,05e12ab545f0ff015d9f26705c28409427a259b581e229e4b278fd34b130e759,3,3382,100
2,ex2-s5-e1-a1-p06,05e12ab545f0ff015d9f26705c28409427a259b581e229e4b278fd34b130e759,3,3383,0
2,ex2-s5-e1-a1-p06,05e12ab545f0ff015d9f26705c28409427a259b581e229e4b278fd34b130e759,3,3384,0
2,ex2-s5-e1-a1-p06,05e12ab545f0ff015d9f26705c28409427a259b581e229e4b278fd34b130e759,3,3385,0
2,ex2-s5-e1-a1-p06,05e12ab545f0ff015d9f26705c28409427a259b581e229e4b278fd34b130e759,3,3386,0
2,ex2-s5-e1-a1-p06,05e12ab545f0ff015d9f26705c28409427a259b581e229e4b278fd34b130e759,3,3387,0
2,ex2-s5-e1-a1-p06,05e12ab545f0ff015d9f26705c28409427a259b581e229e4b278fd34b130e759,3,3388,0
2,ex2-s5-e1-a1-p06,05e12ab545f0ff015d9f26705c28409427a259b581e229e4b278fd34b130e759,3,3389,100
2,ex2-s5-e1-a1-p06,05e12ab545f0ff015d9f26705c28409427a259b581e229e4b278fd34b130e759,3,3390,0
2,ex2-s5-e1-a1-p06,05e12ab545f0ff015d9f26705c28409427a259b581e229e4b278fd34b130e759,3,3391,0
2,ex2-s5-e1-a1-p06,05e12ab545f0ff015d9f26705c28409427a259b581e229e4b278fd34b130e759,3,3392,0
2,ex2-s5-e1-a1-p06,05e12ab545f0ff015d9f26705c28409427a259b581e229e4b278fd34b130e759,3,3393,0
2,ex2-s5-e1-a1-p06,05e12ab545f0ff015d9f26705c28409427a259b581e229e4b278fd34b130e759,3,3394,0
2,ex2-s5-e1-a1-p06,05e12ab545f0ff015d9f26705c28409427a259b581e229e4b278fd34b130e759,3,3395,0
2,ex2-s5-e1-a1-p06,05e12ab545f0ff015d9f26705c28409427a259b581e229e4b278fd34b130e759,3,3396,100
2,ex2-s5-e1-a1-p06,05e12ab545f0ff015d9f26705c28409427a259b581e229e4b278fd34b130e759,3,3397,0
2,ex2-s5-e1-a1-p06,05e12ab545f0ff015d9f26705c28409427a259b581e229e4b278fd34b130e759,3,3398,0
2,ex2-s5-e1-a1-p06,05e12ab545f0ff015d9f26705c28409427a259b581e229e4b278fd34b130e759,3,3399,0
2,ex2-s5-e1-a1-p06,05e12ab545f0ff015d9f26705c28409427a259b581e229e4b278fd34b130e759,3,3400,0
2,ex2-s5-e1-a1-p06,05e12ab545f0ff015d9f26705c28409427a259b581e229e4b278fd34b130e759,3,3401,0
2,ex2-s5-e1-a1-p06,05e12ab545f0ff015d9f26705c28409427a259b581e229e4b278fd34b130e759,3,3402,100
2,ex2-s5-e1-a1-p06,05e12ab545f0ff015d9f26705c28409427a259b581e229e4b278fd34b130e759,3,3403,0
2,ex2-s5-e1-a1-p06,05e12ab545f0ff015d9f26705c28409427a259b581e229e4b278fd34b130e759,3,3404,0
2,ex2-s5-e1-a1-p06,05e12ab545f0ff015d9f26705c28409427a259b581e229e4b278fd34b130e759,3,3405,0
2,ex2-s5-e1-a1-p06,05e12ab545f0ff015d9f26705c28409427a259b581e229e4b278fd34b130e759,3,3406,0
2,ex2-s5-e1-a1-p06,05e12ab545f0ff015d9f26705c28409427a259b581e229e4b278fd34b130e759,3,3407,0
2,ex2-s5-e1-a1-p06,05e12ab545f0ff015d9f26705c28409427a259b581e229e4b278fd34b130e759,3,3408,0
2,ex2-s5-e1-a1-p06,05e12ab545f0ff015d9f26705c28409427a259b581e229e4b278fd34b130e759,3,3409,100
2,ex2-s5-e1-a1-p06,05e12ab545f0ff015d9f26705c28409427a259b581e229e4b278fd34b130e759,3,3410,0
2,ex2-s5-e1-a1-p06,05e12ab545f0ff015d9f26705c28409427a259b581e229e4b278fd34b130e759,3,3411,0
2,ex2-s5-e1-a1-p06,05e12ab545f0ff015d9f26705c28409427a259b581e229e4b278fd34b130e759,3,3412,0
2,ex2-s5-e1-a1-p06,05e12ab545f0ff015d9f26705c28409427a259b581e229e4b278fd34b130e759,3,3413,0
2,ex2-s5-e1-a1-p06,05e12ab545f0ff015d9f26705c28409427a259b581e229e4b278fd34b130e759,3,3414,0
2,ex2-s5-e1-a1-p06,05e12ab545f0ff015d9f26705c28409427a259b581e229e4b278fd34b130e759,3,3415,100
2,ex2-s5-e1-a1-p06,05e12ab545f0ff015d9f26705c28409427a259b581e229e4b278fd34b130e759,3,3416,0
2,ex2-s5-e1-a1-p06,05e12ab545f0ff015d9f26705c28409427a259b581e229e4b278fd34b130e759,3,3417,0
2,ex2-s5-e1-a1-p06,05e12ab545f0ff015d9f26705c28409427a259b581e229e4b278fd34b130e759,3,3418,0
2,ex2-s5-e1-a1-p06,05e12ab545f0ff015d9f26705c28409427a259b581e229e4b278fd34b130e759,3,3419,0
2,ex2-s5-e1-a1-p06,05e12ab545f0ff015d9f26705c28409427a259b581e229e4b278fd34b130e759,3,3420,0
2,ex2-s5-e1-a1-p06,05e12ab545f0ff015d9f26705c28409427a259b581e229e4b278fd34b130e759,3,3421,0
2,ex2-s5-e1-a1-p06,05e12ab545f0ff015d9f26705c28409427a259b581e229e4b278fd34b130e759,3,3422,100
2,ex2-s5-e1-a1-p06,05e12ab545f0ff015d9f26705c28409427a259b581e229e4b278fd34b130e759,3,3423,0
2,ex2-s5-e1-a1-p06,05e12ab545f0ff015d9f26705c28409427a259b581e229e4b278fd34b130e759,3,3424,0
2,ex2-s5-e1-a1-p06,05e12ab545f0ff015d9f26705c28409427a259b581e229e4b278fd34b130e759,3,3425,0
2,ex2-s5-e1-a1-p06,05e12ab545f0ff015d9f26705c28409427a259b581e229e4b278fd34b130e759,3,3426,0
2,ex2-s5-e1-a1-p06,05e12ab545f0ff015d9f26705c28409427a259b581e229e4b278fd34b130e759,3,3427,0
2,ex2-s5-e1-a1-p06,05e12ab545f0ff015d9f26705c28409427a259b581e229e4b278fd34b130e759,3,3428,0
2,ex2-s5-e1-a1-p06,05e12ab545f0ff015d9f26705c28409427a259b581e229e4b278fd34b130e759,3,3429,100
2,ex2-s5-e1-a1-p06,05e12ab545f0ff015d9f26705c28409427a259b581e229e4b278fd34b130e759,3,3430,0
2,ex2-s5-e1-a1-p06,05e12ab545f0ff015d9f26705c28409427a259b581e229e4b278fd34b130e759,3,3431,0
2,ex2-s5-e1-a1-p06,05e12ab545f0ff015d9f26705c28409427a259b581e229e4b278fd34b130e759,3,3432,0
2,ex2-s5-e1-a1-p06,05e12ab545f0ff015d9f26705c28409427a259b581e229e4b278fd34b130e759,3,3433,0
2,ex2-s5-e1-a1-p06,05e12ab545f0ff015d9f26705c28409427a259b581e229e4b278fd34b130e759,3,3434,0
2,ex2-s5-e1-a1-p06,05e12ab545f0ff015d9f26705c28409427a259b581e229e4b278fd34b130e759,3,3435,100
2,ex2-s5-e1-a1-p06,05e12ab545f0ff015d9f26705c28409427a259b581e229e4b278fd34b130e759,3,3436,0
2,ex2-s5-e1-a1-p06,05e12ab545f0ff015d9f26705c28409427a259b581e229e4b278fd34b130e759,3,3437,0
2,ex2-s5-e1-a1-p06,05e12ab545f0ff015d9f26705c28409427a259b581e229e4b278fd34b130e759,3,3438,0
2,ex2-s5-e1-a1-p06,05e12ab545f0ff015d9f26705c28409427a259b581e229e4b278fd34b130e759,3,3439,0
2,ex2-s5-e1-a1-p06,05e12ab545f0ff015d9f26705c28409427a259b581e229e4b278fd34b130e759,3,3440,0
2,ex2-s5-e1-a1-p06,05e12ab545f0ff015d9f26705c28409427a259b581e229e4b278fd34b130e759,3,3441,0
2,ex2-s5-e1-a1-p06,05e12ab545f0ff015d9f26705c28409427a259b581e229e4b278fd34b130e759,3,3442,100
2,ex2-s5-e1-a1-p06,05e12ab545f0ff015d9f26705c28409427a259b581e229e4b278fd34b130e759,3,3443,0
2,ex2-s5-e1-a1-p06,05e12ab545f0ff015d9f26705c28409427a259b581e229e4b278fd34b130e759,3,3444,0
2,ex2-s5-e1-a1-p06,05e12ab545f0ff015d9f26705c28409427a259b581e229e4b278fd34b130e759,3,3445,0
2,ex2-s5-e1-a1-p06,05e12ab545f0ff015d9f26705c28409427a259b581e229e4b278fd34b130e759,3,3446,0
2,ex2-s5-e1-a1-p06,05e12ab545f0ff015d9f26705c28409427a259b581e229e4b278fd34b130e759,3,3447,0
2,ex2-s5-e1-a1-p06,05e12ab545f0ff015d9f26705c28409427a259b581e229e4b278fd34b130e759,3,3448,0
2,ex2-s5-e1-a1-p06,05e12ab545f0ff015d9f26705c28409427a259b581e229e4b278fd34b130e759,3,3449,100
2,ex2-s5-e1-a1-p06,05e12ab545f0ff015d9f26705c28409427a259b581e229e4b278fd34b130e759,3,3450,0
2,ex2-s5-e1-a1-p06,05e12ab545f0ff015d9f26705c28409427a259b581e229e4b278fd34b130e759,3,3451,0
2,ex2-s5-e1-a1-p06,05e12ab545f0ff015d9f26705c28409427a259b581e229e4b278fd34b130e759,3,3452,0
2,ex2-s5-e1-a1-p06,05e12ab545f0ff015d9f26705c28409427a259b581e229e4b278fd34b130e759,3,3453,0
2,ex2-s5-e1-a1-p06,05e12ab545f0ff015d9f26705c28409427a259b581e229e4b278fd34b130e759,3,3454,0
2,ex2-s5-e1-a1-p06,05e12ab545f0ff015d9f26705c28409427a259b581e229e4b278fd34b130e759,3,3455,100
2,ex2-s5-e1-a1-p06,05e12ab545f0ff015d9f26705c28409427a259b581e229e4b278fd34b130e759,3,3456,0
2,ex2-s5-e1-a1-p06,05e12ab545f0ff015d9f26705c28409427a259b581e229e4b278fd34b130e759,3,3457,0
2,ex2-s5-e1-a1-p06,05e12ab545f0ff015d9f26705c28409427a259b581e229e4b278fd34b130e759,3,3458,0
2,ex2-s5-e1-a1-p06,05e12ab545f0ff015d9f26705c28409427a259b581e229e4b278fd34b130e759,3,3459,0
2,ex2-s5-e1-a1-p06,05e12ab545f0ff015d9f26705c28409427a259b581e229e4b278fd34b130e759,3,3460,0
2,ex2-s5-e1-a1-p06,05e12ab545f0ff015d9f26705c28409427a259b581e229e4b278fd34b130e759,3,3461,0
2,ex2-s5-e1-a1-p06,05e12ab545f0ff015d9f26705c28409427a259b581e229e4b278fd34b130e759,3,3462,100
2,ex2-s5-e1-a1-p06,05e12ab545f0ff015d9f26705c28409427a259b581e229e4b278fd34b130e759,3,3463,0
2,ex2-s5-e1-a1-p06,05e12ab545f0ff015d9f26705c28409427a259b581e229e4b278fd34b130e759,3,3464,0
2,ex2-s5-e1-a1-p06,05e12ab545f0ff015d9f26705c28409427a259b581e229e4b278fd34b130e759,3,3465,0
2,ex2-s5-e1-a1-p06,05e12ab545f0ff015d9f26705c28409427a259b581e229e4b278fd34b130e759,3,3466,0
2,ex2-s5-e1-a1-p06,05e12ab545f0ff015d9f26705c28409427a259b581e229e4b278fd34b130e759,3,3467,0
2,ex2-s5-e1-a1-p06,05e12ab545f0ff015d9f26705c28409427a259b581e229e4b278fd34b130e759,3,3468,0
2,ex2-s5-e1-a1-p06,05e12ab545f0ff015d9f26705c28409427a259b581e229e4b278fd34b130e759,3,3469,100
2,ex2-s5-e1-a1-p06,05e12ab545f0ff015d9f26705c28409427a259b581e229e4b278fd34b130e759,3,3470,0
2,ex2-s5-e1-a1-p06,05e12ab545f0ff015d9f26705c28409427a259b581e229e4b278fd34b130e759,3,3471,0
2,ex2-s5-e1-a1-p06,05e12ab545f0ff015d9f26705c28409427a259b581e229e4b278fd34b130e759,3,3472,0
2,ex2-s5-e1-a1-p06,05e12ab545f0ff015d9f26705c28409427a259b581e229e4b278fd34b130e759,3,3473,0
2,ex2-s5-e1-a1-p06,05e12ab545f0ff015d9f26705c28409427a259b581e229e4b278fd34b130e759,3,3474,0
2,ex2-s5-e1-a1-p06,05e12ab545f0ff015d9f26705c28409427a259b581e229e4b278fd34b130e759,3,3475,100
2,ex2-s5-e1-a1-p06,05e12ab545f0ff015d9f26705c28409427a259b581e229e4b278fd34b130e759,3,3476,0
2,ex2-s5-e1-a1-p06,05e12ab545f0ff015d9f26705c28409427a259b581e229e4b278fd34b130e759,3,3477,0
2,ex2-s5-e1-a1-p06,05e12ab545f0ff015d9f26705c28409427a259b581e229e4b278fd34b130e759,3,3478,0
2,ex2-s5-e1-a1-p06,05e12ab545f0ff015d9f26705c28409427a259b581e229e4b278fd34b130e759,3,3479,0
2,ex2-s5-e1-a1-p06,05e12ab545f0ff015d9f26705c28409427a259b581e229e4b278fd34b130e759,3,3480,0
2,ex2-s5-e1-a1-p06,05e12ab545f0ff015d9f26705c28409427a259b581e229e4b278fd34b130e759,3,3481,0
2,ex2-s5-e1-a1-p06,05e12ab545f0ff015d9f26705c28409427a259b581e229e4b278fd34b130e759,3,3482,100
2,ex2-s5-e1-a1-p06,05e12ab545f0ff015d9f26705c28409427a259b581e229e4b278fd34b130e759,3,3483,0
2,ex2-s5-e1-a1-p06,05e12ab545f0ff015d9f26705c28409427a259b581e229e4b278fd34b130e759,3,3484,0
2,ex2-s5-e1-a1-p06,05e12ab545f0ff015d9f26705c28409427a259b581e229e4b278fd34b130e759,3,3485,0
2,ex2-s5-e1-a1-p06,05e12ab545f0ff015d9f26705c28409427a259b581e229e4b278fd34b130e759,3,3486,0
2,ex2-s5-e1-a1-p06,05e12ab545f0ff015d9f26705c28409427a259b581e229e4b278fd34b130e759,3,3487,0
2,ex2-s5-e1-a1-p06,05e12ab545f0ff015d9f26705c28409427a259b581e229e4b278fd34b130e759,3,3488,0
2,ex2-s5-e1-a1-p06,05e12ab545f0ff015d9f26705c28409427a259b581e229e4b278fd34b130e759,3,3489,100
2,ex2-s5-e1-a1-p06,05e12ab545f0ff015d9f26705c28409427a259b581e229e4b278fd34b130e759,3,3490,0
2,ex2-s5-e1-a1-p06,05e12ab545f0ff015d9f26705c28409427a259b581e229e4b278fd34b130e759,3,3491,0
2,ex2-s5-e1-a1-p06,05e12ab545f0ff015d9f26705c28409427a259b581e229e4b278fd34b130e759,3,3492,0
2,ex2-s5-e1-a1-p06,05e12ab545f0ff015d9f26705c28409427a259b581e229e4b278fd34b130e759,3,3493,0
2,ex2-s5-e1-a1-p06,05e12ab545f0ff015d9f26705c28409427a259b581e229e4b278fd34b130e759,3,3494,0
2,ex2-s5-e1-a1-p06,05e12ab545f0ff015d9f26705c28409427a259b581e229e4b278fd34b130e759,3,3495,100
2,ex2-s5-e1-a1-p06,05e12ab545f0ff015d9f26705c28409427a259b581e229e4b278fd34b130e759,3,3496,0
2,ex2-s5-e1-a1-p06,05e12ab545f0ff015d9f26705c28409427a259b581e229e4b278fd34b130e759,3,3497,0
2,ex2-s5-e1-a1-p06,05e12ab545f0ff015d9f26705c28409427a259b581e229e4b278fd34b130e759,3,3498,0
2,ex2-s5-e1-a1-p06,05e12ab545f0ff015d9f26705c28409427a259b581e229e4b278fd34b130e759,3,3499,0
2,ex2-s5-e1-a1-p06,05e12ab545f0ff015d9f26705c28409427a259b581e229e4b278fd34b130e759,3,3500,0
2,ex2-s5-e1-a1-p06,05e12ab545f0ff015d9f26705c28409427a259b581e229e4b278fd34b130e759,3,3501,0
2,ex2-s5-e1-a1-p06,05e12ab545f0ff015d9f26705c28409427a259b581e229e4b278fd34b130e759,3,3502,100
2,ex2-s5-e1-a1-p06,05e12ab545f0ff015d9f26705c28409427a259b581e229e4b278fd34b130e759,3,3503,0
2,ex2-s5-e1-a1-p06,05e12ab545f0ff015d9f26705c28409427a259b581e229e4b278fd34b130e759,3,3504,0
2,ex2-s5-e1-a1-p06,05e12ab545f0ff015d9f26705c28409427a259b581e229e4b278fd34b130e759,3,3505,0
2,ex2-s5-e1-a1-p06,05e12ab545f0ff015d9f26705c28409427a259b581e229e4b278fd34b130e759,3,3506,0
2,ex2-s5-e1-a1-p06,05e12ab545f0ff015d9f26705c28409427a259b581e229e4b278fd34b130e759,3,3507,0
2,ex2-s5-e1-a1-p06,05e12ab545f0ff015d9f26705c28409427a259b581e229e4b278fd34b130e759,3,3508,0
2,ex2-s5-e1-a1-p06,05e12ab545f0ff015d9f26705c28409427a259b581e229e4b278fd34b130e759,3,3509,100
2,ex2-s5-e1-a1-p06,05e12ab545f0ff015d9f26705c28409427a259b581e229e4b278fd34b130e759,3,3510,0
2,ex2-s5-e1-a1-p06,05e12ab545f0ff015d9f26705c28409427a259b581e229e4b278fd34b130e759,3,3511,0
2,ex2-s5-e1-a1-p06,05e12ab545f0ff015d9f26705c28409427a259b581e229e4b278fd34b130e759,3,3512,0
2,ex2-s5-e1-a1-p06,05e12ab545f0ff015d9f26705c28409427a259b581e229e4b278fd34b130e759,3,3513,0
2,ex2-s5-e1-a1-p06,05e12ab545f0ff015d9f26705c28409427a259b581e229e4b278fd34b130e759,3,3514,0
2,ex2-s5-e1-a1-p06,05e12ab545f0ff015d9f26705c28409427a259b581e229e4b278fd34b130e759,3,3515,100
2,ex2-s5-e1-a1-p06,05e12ab545f0ff015d9f26705c28409427a259b581e229e4b278fd34b130e759,3,3516,0
2,ex2-s5-e1-a1-p06,05e12ab545f0ff015d9f26705c28409427a259b581e229e4b278fd34b130e759,3,3517,0
2,ex2-s5-e1-a1-p06,05e12ab545f0ff015d9f26705c28409427a259b581e229e4b278fd34b130e759,3,3518,0
2,ex2-s5-e1-a1-p06,05e12ab545f0ff015d9f26705c28409427a259b581e229e4b278fd34b130e759,3,3519,0
2,ex2-s5-e1-a1-p06,05e12ab545f0ff015d9f26705c28409427a259b581e229e4b278fd34b130e759,3,3520,0
2,ex2-s5-e1-a1-p06,05e12ab545f0ff015d9f26705c28409427a259b581e229e4b278fd34b130e759,3,3521,0
2,ex2-s5-e1-a1-p06,05e12ab545f0ff015d9f26705c28409427a259b581e229e4b278fd34b130e759,3,3522,100
2,ex2-s5-e1-a1-p06,05e12ab545f0ff015d9f26705c28409427a259b581e229e4b278fd34b130e759,3,3523,0
2,ex2-s5-e1-a1-p06,05e12ab545f0ff015d9f26705c28409427a259b581e229e4b278fd34b130e759,3,3524,0
2,ex2-s5-e1-a1-p06,05e12ab545f0ff015d9f26705c28409427a259b581e229e4b278fd34b130e759,3,3525,0
2,ex2-s5-e1-a1-p06,05e12ab545f0ff015d9f26705c28409427a259b581e229e4b278fd34b130e759,3,3526,0
2,ex2-s5-e1-a1-p06,05e12ab545f0ff015d9f26705c28409427a259b581e229e4b278fd34b130e759,3,3527,0
2,ex2-s5-e1-a1-p06,05e12ab545f0ff015d9f26705c28409427a259b581e229e4b278fd34b130e759,3,3528,0
2,ex2-s5-e1-a1-p06,05e12ab545f0ff015d9f26705c28409427a259b581e229e4b278fd34b130e759,3,3529,100
2,ex2-s5-e1-a1-p06,05e12ab545f0ff015d9f26705c28409427a259b581e229e4b278fd34b130e759,3,3530,0
2,ex2-s5-e1-a1-p06,05e12ab545f0ff015d9f26705c28409427a259b581e229e4b278fd34b130e759,3,3531,0
2,ex2-s5-e1-a1-p06,05e12ab545f0ff015d9f26705c28409427a259b581e229e4b278fd34b130e759,3,3532,0
2,ex2-s5-e1-a1-p06,05e12ab545f0ff015d9f26705c28409427a259b581e229e4b278fd34b130e759,3,3533,0
2,ex2-s5-e1-a1-p06,05e12ab545f0ff015d9f26705c28409427a259b581e229e4b278fd34b130e759,3,3534,0
2,ex2-s5-e1-a1-p06,05e12ab545f0ff015d9f26705c28409427a259b581e229e4b278fd34b130e759,3,3535,100
2,ex2-s5-e1-a1-p06,05e12ab545f0ff015d9f26705c28409427a259b581e229e4b278fd34b130e759,3,3536,0
2,ex2-s5-e1-a1-p06,05e12ab545f0ff015d9f26705c28409427a259b581e229e4b278fd34b130e759,3,3537,0
2,ex2-s5-e1-a1-p06,05e12ab545f0ff015d9f26705c28409427a259b581e229e4b278fd34b130e759,3,3538,0
2,ex2-s5-e1-a1-p06,05e12ab545f0ff015d9f26705c28409427a259b581e229e4b278fd34b130e759,3,3539,0
2,ex2-s5-e1-a1-p06,05e12ab545f0ff015d9f26705c28409427a259b581e229e4b278fd34b130e759,3,3540,0
2,ex2-s5-e1-a1-p06,05e12ab545f0ff015d9f26705c28409427a259b581e229e4b278fd34b130e759,3,3541,0
2,ex2-s5-e1-a1-p06,05e12ab545f0ff015d9f26705c28409427a259b581e229e4b278fd34b130e759,3,3542,100
2,ex2-s5-e1-a1-p06,05e12ab545f0ff015d9f26705c28409427a259b581e229e4b278fd34b130e759,3,3543,0
2,ex2-s5-e1-a1-p06,05e12ab545f0ff015d9f26705c28409427a259b581e229e4b278fd34b130e759,3,3544,0
2,ex2-s5-e1-a1-p06,05e12ab545f0ff015d9f26705c28409427a259b581e229e4b278fd34b130e759,3,3545,0
2,ex2-s5-e1-a1-p06,05e12ab545f0ff015d9f26705c28409427a259b581e229e4b278fd34b130e759,3,3546,0
2,ex2-s5-e1-a1-p06,05e12ab545f0ff015d9f26705c28409427a259b581e229e4b278fd34b130e759,3,3547,0
2,ex2-s5-e1-a1-p06,05e12ab545f0ff015d9f26705c28409427a259b581e229e4b278fd34b130e759,3,3548,0
2,ex2-s5-e1-a1-p06,05e12ab545f0ff015d9f26705c28409427a259b581e229e4b278fd34b130e759,3,3549,100
2,ex2-s5-e1-a1-p06,05e12ab545f0ff015d9f26705c28409427a259b581e229e4b278fd34b130e759,3,3550,0
2,ex2-s5-e1-a1-p06,05e12ab545f0ff015d9f26705c28409427a259b581e229e4b278fd34b130e759,3,3551,0
2,ex2-s5-e1-a1-p06,05e12ab545f0ff015d9f26705c28409427a259b581e229e4b278fd34b130e759,3,3552,0
2,ex2-s5-e1-a1-p06,05e12ab545f0ff015d9f26705c28409427a259b581e229e4b278fd34b130e759,3,3553,0
2,ex2-s5-e1-a1-p06,05e12ab545f0ff015d9f26705c28409427a259b581e229e4b278fd34b130e759,3,3554,0
2,ex2-s5-e1-a1-p06,05e12ab545f0ff015d9f26705c28409427a259b581e229e4b278fd34b130e759,3,3555,100
2,ex2-s5-e1-a1-p06,05e12ab545f0ff015d9f26705c28409427a259b581e229e4b278fd34b130e759,3,3556,0
2,ex2-s5-e1-a1-p06,05e12ab545f0ff015d9f26705c28409427a259b581e229e4b278fd34b130e759,3,3557,0
2,ex2-s5-e1-a1-p06,05e12ab545f0ff015d9f26705c28409427a259b581e229e4b278fd34b130e759,3,3558,0
2,ex2-s5-e1-a1-p06,05e12ab545f0ff015d9f26705c28409427a259b581e229e4b278fd34b130e759,3,3559,0
2,ex2-s5-e1-a1-p06,05e12ab545f0ff015d9f26705c28409427a259b581e229e4b278fd34b130e759,3,3560,0
2,ex2-s5-e1-a1-p06,05e12ab545f0ff015d9f26705c28409427a259b581e229e4b278fd34b130e759,3,3561,0
2,ex2-s5-e1-a1-p06,05e12ab545f0ff015d9f26705c28409427a259b581e229e4b278fd34b130e759,3,3562,100
2,ex2-s5-e1-a1-p06,05e12ab545f0ff015d9f26705c28409427a259b581e229e4b278fd34b130e759,3,3563,0
2,ex2-s5-e1-a1-p06,05e12ab545f0ff015d9f26705c28409427a259b581e229e4b278fd34b130e759,3,3564,0
2,ex2-s5-e1-a1-p06,05e12ab545f0ff015d9f26705c28409427a259b581e229e4b278fd34b130e759,3,3565,0
2,ex2-s5-e1-a1-p06,05e12ab545f0ff015d9f26705c28409427a259b581e229e4b278fd34b130e759,3,3566,0
2,ex2-s5-e1-a1-p06,05e12ab545f0ff015d9f26705c28409427a259b581e229e4b278fd34b130e759,3,3567,0
2,ex2-s5-e1-a1-p06,05e12ab545f0ff015d9f26705c28409427a259b581e229e4b278fd34b130e759,3,3568,0
2,ex2-s5-e1-a1-p06,05e12ab545f0ff015d9f26705c28409427a259b581e229e4b278fd34b130e759,3,3569,100
2,ex2-s5-e1-a1-p06,05e12ab545f0ff015d9f26705c28409427a259b581e229e4b278fd34b130e759,3,3570,0
2,ex2-s5-e1-a1-p06,05e12ab545f0ff015d9f26705c28409427a259b581e229e4b278fd34b130e759,3,3571,0
2,ex2-s5-e1-a1-p06,05e12ab545f0ff015d9f26705c28409427a259b581e229e4b278fd34b130e759,3,3572,0
2,ex2-s5-e1-a1-p06,05e12ab545f0ff015d9f26705c28409427a259b581e229e4b278fd34b130e759,3,3573,0
2,ex2-s5-e1-a1-p06,05e12ab545f0ff015d9f26705c28409427a259b581e229e4b278fd34b130e759,3,3574,0
2,ex2-s5-e1-a1-p06,05e12ab545f0ff015d9f26705c28409427a259b581e229e4b278fd34b130e759,3,3575,100
2,ex2-s5-e1-a1-p06,05e12ab545f0ff015d9f26705c28409427a259b581e229e4b278fd34b130e759,3,3576,0
2,ex2-s5-e1-a1-p06,05e12ab545f0ff015d9f26705c28409427a259b581e229e4b278fd34b130e759,3,3577,0
2,ex2-s5-e1-a1-p06,05e12ab545f0ff015d9f26705c28409427a259b581e229e4b278fd34b130e759,3,3578,0
2,ex2-s5-e1-a1-p06,05e12ab545f0ff015d9f26705c28409427a259b581e229e4b278fd34b130e759,3,3579,0
2,ex2-s5-e1-a1-p06,05e12ab545f0ff015d9f26705c28409427a259b581e229e4b278fd34b130e759,3,3580,0
2,ex2-s5-e1-a1-p06,05e12ab545f0ff015d9f26705c28409427a259b581e229e4b278fd34b130e759,3,3581,0
2,ex2-s5-e1-a1-p06,05e12ab545f0ff015d9f26705c28409427a259b581e229e4b278fd34b130e759,3,3582,100
2,ex2-s5-e1-a1-p06,05e12ab545f0ff015d9f26705c28409427a259b581e229e4b278fd34b130e759,3,3583,0
2,ex2-s5-e1-a1-p06,05e12ab545f0ff015d9f26705c28409427a259b581e229e4b278fd34b130e759,3,3584,0
2,ex2-s5-e1-a1-p06,05e12ab545f0ff015d9f26705c28409427a259b581e229e4b278fd34b130e759,3,3585,0
2,ex2-s5-e1-a1-p06,05e12ab545f0ff015d9f26705c28409427a259b581e229e4b278fd34b130e759,3,3586,0
2,ex2-s5-e1-a1-p06,05e12ab545f0ff015d9f26705c28409427a259b581e229e4b278fd34b130e759,3,3587,0
2,ex2-s5-e1-a1-p06,05e12ab545f0ff015d9f26705c28409427a259b581e229e4b278fd34b130e759,3,3588,0
2,ex2-s5-e1-a1-p06,05e12ab545f0ff015d9f26705c28409427a259b581e229e4b278fd34b130e759,3,3589,100
2,ex2-s5-e1-a1-p06,05e12ab545f0ff015d9f26705c28409427a259b581e229e4b278fd34b130e759,3,3590,0
2,ex2-s5-e1-a1-p06,05e12ab545f0ff015d9f26705c28409427a259b581e229e4b278fd34b130e759,3,3591,0
2,ex2-s5-e1-a1-p06,05e12ab545f0ff015d9f26705c28409427a259b581e229e4b278fd34b130e759,3,3592,0
2,ex2-s5-e1-a1-p06,05e12ab545f0ff015d9f26705c28409427a259b581e229e4b278fd34b130e759,3,3593,0
2,ex2-s5-e1-a1-p06,05e12ab545f0ff015d9f26705c28409427a259b581e229e4b278fd34b130e759,3,3594,0
2,ex2-s5-e1-a1-p06,05e12ab545f0ff015d9f26705c28409427a259b581e229e4b278fd34b130e759,3,3595,100
2,ex2-s5-e1-a1-p06,05e12ab545f0ff015d9f26705c28409427a259b581e229e4b278fd34b130e759,3,3596,0
2,ex2-s5-e1-a1-p06,05e12ab545f0ff015d9f26705c28409427a259b581e229e4b278fd34b130e759,3,3597,0
2,ex2-s5-e1-a1-p06,05e12ab545f0ff015d9f26705c28409427a259b581e229e4b278fd34b130e759,3,3598,0
2,ex2-s5-e1-a1-p06,05e12ab545f0ff015d9f26705c28409427a259b581e229e4b278fd34b130e759,3,3599,0
2,ex2-s5-e1-a1-p06,05e12ab545f0ff015d9f26705c28409427a259b581e229e4b278fd34b130e759,3,3600,0
2,ex2-s5-e1-a1-p06,05e12ab545f0ff015d9f26705c28409427a259b581e229e4b278fd34b130e759,3,3601,0
2,ex2-s5-e1-a1-p06,05e12ab545f0ff015d9f26705c28409427a259b581e229e4b278fd34b130e759,3,3602,100
2,ex2-s5-e1-a1-p06,05e12ab545f0ff015d9f26705c28409427a259b581e229e4b278fd34b130e759,3,3603,0
2,ex2-s5-e1-a1-p06,05e12ab545f0ff015d9f26705c28409427a259b581e229e4b278fd34b130e759,3,3604,0
2,ex2-s5-e1-a1-p06,05e12ab545f0ff015d9f26705c28409427a259b581e229e4b278fd34b130e759,3,3605,0
2,ex2-s5-e1-a1-p06,05e12ab545f0ff015d9f26705c28409427a259b581e229e4b278fd34b130e759,3,3606,0
2,ex2-s5-e1-a1-p06,05e12ab545f0ff015d9f26705c28409427a259b581e229e4b278fd34b130e759,3,3607,0
2,ex2-s5-e1-a1-p06,05e12ab545f0ff015d9f26705c28409427a259b581e229e4b278fd34b130e759,3,3608,0
2,ex2-s5-e1-a1-p06,05e12ab545f0ff015d9f26705c28409427a259b581e229e4b278fd34b130e759,3,3609,100
2,ex2-s5-e1-a1-p06,05e12ab545f0ff015d9f26705c28409427a259b581e229e4b278fd34b130e759,3,3610,0
2,ex2-s5-e1-a1-p06,05e12ab545f0ff015d9f26705c28409427a259b581e229e4b278fd34b130e759,3,3611,0
2,ex2-s5-e1-a1-p06,05e12ab545f0ff015d9f26705c28409427a259b581e229e4b278fd34b130e759,3,3612,0
2,ex2-s5-e1-a1-p06,05e12ab545f0ff015d9f26705c28409427a259b581e229e4b278fd34b130e759,3,3613,0
2,ex2-s5-e1-a1-p06,05e12ab545f0ff015d9f26705c28409427a259b581e229e4b278fd34b130e759,3,3614,0
2,ex2-s5-e1-a1-p06,05e12ab545f0ff015d9f26705c28409427a259b581e229e4b278fd34b130e759,3,3615,100
2,ex2-s5-e1-a1-p06,05e12ab545f0ff015d9f26705c28409427a259b581e229e4b278fd34b130e759,3,3616,0
2,ex2-s5-e1-a1-p06,05e12ab545f0ff015d9f26705c28409427a259b581e229e4b278fd34b130e759,3,3617,0
2,ex2-s5-e1-a1-p06,05e12ab545f0ff015d9f26705c28409427a259b581e229e4b278fd34b130e759,3,3618,0
2,ex2-s5-e1-a1-p06,05e12ab545f0ff015d9f26705c28409427a259b581e229e4b278fd34b130e759,3,3619,0
2,ex2-s5-e1-a1-p06,05e12ab545f0ff015d9f26705c28409427a259b581e229e4b278fd34b130e759,3,3620,0
2,ex2-s5-e1-a1-p06,05e12ab545f0ff015d9f26705c28409427a259b581e229e4b278fd34b130e759,3,3621,0
2,ex2-s5-e1-a1-p06,05e12ab545f0ff015d9f26705c28409427a259b581e229e4b278fd34b130e759,3,3622,100
2,ex2-s5-e1-a1-p06,05e12ab545f0ff015d9f26705c28409427a259b581e229e4b278fd34b130e759,3,3623,0
2,ex2-s5-e1-a1-p06,05e12ab545f0ff015d9f26705c28409427a259b581e229e4b278fd34b130e759,3,3624,0
2,ex2-s5-e1-a1-p06,05e12ab545f0ff015d9f26705c28409427a259b581e229e4b278fd34b130e759,3,3625,0
2,ex2-s5-e1-a1-p06,05e12ab545f0ff015d9f26705c28409427a259b581e229e4b278fd34b130e759,3,3626,0
2,ex2-s5-e1-a1-p06,05e12ab545f0ff015d9f26705c28409427a259b581e229e4b278fd34b130e759,3,3627,0
2,ex2-s5-e1-a1-p06,05e12ab545f0ff015d9f26705c28409427a259b581e229e4b278fd34b130e759,3,3628,0
2,ex2-s5-e1-a1-p06,05e12ab545f0ff015d9f26705c28409427a259b581e229e4b278fd34b130e759,3,3629,100
2,ex2-s5-e1-a1-p06,05e12ab545f0ff015d9f26705c28409427a259b581e229e4b278fd34b130e759,3,3630,0
2,ex2-s5-e1-a1-p06,05e12ab545f0ff015d9f26705c28409427a259b581e229e4b278fd34b130e759,3,3631,0
2,ex2-s5-e1-a1-p06,05e12ab545f0ff015d9f26705c28409427a259b581e229e4b278fd34b130e759,3,3632,0
2,ex2-s5-e1-a1-p06,05e12ab545f0ff015d9f26705c28409427a259b581e229e4b278fd34b130e759,3,3633,0
2,ex2-s5-e1-a1-p06,05e12ab545f0ff015d9f26705c28409427a259b581e229e4b278fd34b130e759,3,3634,0
2,ex2-s5-e1-a1-p06,05e12ab545f0ff015d9f26705c28409427a259b581e229e4b278fd34b130e759,3,3635,100
2,ex2-s5-e1-a1-p06,05e12ab545f0ff015d9f26705c28409427a259b581e229e4b278fd34b130e759,3,3636,0
2,ex2-s5-e1-a1-p06,05e12ab545f0ff015d9f26705c28409427a259b581e229e4b278fd34b130e759,3,3637,0
2,ex2-s5-e1-a1-p06,05e12ab545f0ff015d9f26705c28409427a259b581e229e4b278fd34b130e759,3,3638,0
2,ex2-s5-e1-a1-p06,05e12ab545f0ff015d9f26705c28409427a259b581e229e4b278fd34b130e759,3,3639,0
2,ex2-s5-e1-a1-p06,05e12ab545f0ff015d9f26705c28409427a259b581e229e4b278fd34b130e759,3,3640,0
2,ex2-s5-e1-a1-p06,05e12ab545f0ff015d9f26705c28409427a259b581e229e4b278fd34b130e759,3,3641,0
2,ex2-s5-e1-a1-p06,05e12ab545f0ff015d9f26705c28409427a259b581e229e4b278fd34b130e759,3,3642,100
2,ex2-s5-e1-a1-p06,05e12ab545f0ff015d9f26705c28409427a259b581e229e4b278fd34b130e759,3,3643,0
2,ex2-s5-e1-a1-p06,05e12ab545f0ff015d9f26705c28409427a259b581e229e4b278fd34b130e759,3,3644,0
2,ex2-s5-e1-a1-p06,05e12ab545f0ff015d9f26705c28409427a259b581e229e4b278fd34b130e759,3,3645,0
2,ex2-s5-e1-a1-p06,05e12ab545f0ff015d9f26705c28409427a259b581e229e4b278fd34b130e759,3,3646,0
2,ex2-s5-e1-a1-p06,05e12ab545f0ff015d9f26705c28409427a259b581e229e4b278fd34b130e759,3,3647,0
2,ex2-s5-e1-a1-p06,05e12ab545f0ff015d9f26705c28409427a259b581e229e4b278fd34b130e759,3,3648,0
2,ex2-s5-e1-a1-p06,05e12ab545f0ff015d9f26705c28409427a259b581e229e4b278fd34b130e759,3,3649,100
2,ex2-s5-e1-a1-p06,05e12ab545f0ff015d9f26705c28409427a259b581e229e4b278fd34b130e759,3,3650,0
2,ex2-s5-e1-a1-p06,05e12ab545f0ff015d9f26705c28409427a259b581e229e4b278fd34b130e759,3,3651,0
2,ex2-s5-e1-a1-p06,05e12ab545f0ff015d9f26705c28409427a259b581e229e4b278fd34b130e759,3,3652,0
2,ex2-s5-e1-a1-p06,05e12ab545f0ff015d9f26705c28409427a259b581e229e4b278fd34b130e759,3,3653,0
2,ex2-s5-e1-a1-p06,05e12ab545f0ff015d9f26705c28409427a259b581e229e4b278fd34b130e759,3,3654,0
2,ex2-s5-e1-a1-p06,05e12ab545f0ff015d9f26705c28409427a259b581e229e4b278fd34b130e759,3,3655,100
2,ex2-s5-e1-a1-p06,05e12ab545f0ff015d9f26705c28409427a259b581e229e4b278fd34b130e759,3,3656,0
2,ex2-s5-e1-a1-p06,05e12ab545f0ff015d9f26705c28409427a259b581e229e4b278fd34b130e759,3,3657,0
2,ex2-s5-e1-a1-p06,05e12ab545f0ff015d9f26705c28409427a259b581e229e4b278fd34b130e759,3,3658,0
2,ex2-s5-e1-a1-p06,05e12ab545f0ff015d9f26705c28409427a259b581e229e4b278fd34b130e759,3,3659,0
2,ex2-s5-e1-a1-p06,05e12ab545f0ff015d9f26705c28409427a259b581e229e4b278fd34b130e759,3,3660,0
2,ex2-s5-e1-a1-p06,05e12ab545f0ff015d9f26705c28409427a259b581e229e4b278fd34b130e759,3,3661,0
2,ex2-s5-e1-a1-p06,05e12ab545f0ff015d9f26705c28409427a259b581e229e4b278fd34b130e759,3,3662,100
2,ex2-s5-e1-a1-p06,05e12ab545f0ff015d9f26705c28409427a259b581e229e4b278fd34b130e759,3,3663,0
2,ex2-s5-e1-a1-p06,05e12ab545f0ff015d9f26705c28409427a259b581e229e4b278fd34b130e759,3,3664,0
2,ex2-s5-e1-a1-p06,05e12ab545f0ff015d9f26705c28409427a259b581e229e4b278fd34b130e759,3,3665,0
2,ex2-s5-e1-a1-p06,05e12ab545f0ff015d9f26705c28409427a259b581e229e4b278fd34b130e759,3,3666,0
2,ex2-s5-e1-a1-p06,05e12ab545f0ff015d9f26705c28409427a259b581e229e4b278fd34b130e759,3,3667,0
2,ex2-s5-e1-a1-p06,05e12ab545f0ff015d9f26705c28409427a259b581e229e4b278fd34b130e759,3,3668,0
2,ex2-s5-e1-a1-p06,05e12ab545f0ff015d9f26705c28409427a259b581e229e4b278fd34b130e759,3,3669,100
2,ex2-s5-e1-a1-p06,05e12ab545f0ff015d9f26705c28409427a259b581e229e4b278fd34b130e759,3,3670,0
2,ex2-s5-e1-a1-p06,05e12ab545f0ff015d9f26705c28409427a259b581e229e4b278fd34b130e759,3,3671,0
2,ex2-s5-e1-a1-p06,05e12ab545f0ff015d9f26705c28409427a259b581e229e4b278fd34b130e759,3,3672,0
2,ex2-s5-e1-a1-p06,05e12ab545f0ff015d9f26705c28409427a259b581e229e4b278fd34b130e759,3,3673,0
2,ex2-s5-e1-a1-p06,05e12ab545f0ff015d9f26705c28409427a259b581e229e4b278fd34b130e759,3,3674,0
2,ex2-s5-e1-a1-p06,05e12ab545f0ff015d9f26705c28409427a259b581e229e4b278fd34b130e759,3,3675,100
2,ex2-s5-e1-a1-p06,05e12ab545f0ff015d9f26705c28409427a259b581e229e4b278fd34b130e759,3,3676,0
2,ex2-s5-e1-a1-p06,05e12ab545f0ff015d9f26705c28409427a259b581e229e4b278fd34b130e759,3,3677,0
2,ex2-s5-e1-a1-p06,05e12ab545f0ff015d9f26705c28409427a259b581e229e4b278fd34b130e759,3,3678,0
2,ex2-s5-e1-a1-p06,05e12ab545f0ff015d9f26705c28409427a259b581e229e4b278fd34b130e759,3,3679,0
2,ex2-s5-e1-a1-p06,05e12ab545f0ff015d9f26705c28409427a259b581e229e4b278fd34b130e759,3,3680,0
2,ex2-s5-e1-a1-p06,05e12ab545f0ff015d9f26705c28409427a259b581e229e4b278fd34b130e759,3,3681,0
2,ex2-s5-e1-a1-p06,05e12ab545f0ff015d9f26705c28409427a259b581e229e4b278fd34b130e759,3,3682,100
2,ex2-s5-e1-a1-p06,05e12ab545f0ff015d9f26705c28409427a259b581e229e4b278fd34b130e759,3,3683,0
2,ex2-s5-e1-a1-p06,05e12ab545f0ff015d9f26705c28409427a259b581e229e4b278fd34b130e759,3,3684,0
2,ex2-s5-e1-a1-p06,05e12ab545f0ff015d9f26705c28409427a259b581e229e4b278fd34b130e759,3,3685,0
2,ex2-s5-e1-a1-p06,05e12ab545f0ff015d9f26705c28409427a259b581e229e4b278fd34b130e759,3,3686,0
2,ex2-s5-e1-a1-p06,05e12ab545f0ff015d9f26705c28409427a259b581e229e4b278fd34b130e759,3,3687,0
2,ex2-s5-e1-a1-p06,05e12ab545f0ff015d9f26705c28409427a259b581e229e4b278fd34b130e759,3,3688,100
2,ex2-s5-e1-a1-p06,05e12ab545f0ff015d9f26705c28409427a259b581e229e4b278fd34b130e759,3,3689,0
2,ex2-s5-e1-a1-p06,05e12ab545f0ff015d9f26705c28409427a259b581e229e4b278fd34b130e759,3,3690,0
2,ex2-s5-e1-a1-p06,05e12ab545f0ff015d9f26705c28409427a259b581e229e4b278fd34b130e759,3,3691,0
2,ex2-s5-e1-a1-p06,05e12ab545f0ff015d9f26705c28409427a259b581e229e4b278fd34b130e759,3,3692,0
2,ex2-s5-e1-a1-p06,05e12ab545f0ff015d9f26705c28409427a259b581e229e4b278fd34b130e759,3,3693,0
2,ex2-s5-e1-a1-p06,05e12ab545f0ff015d9f26705c28409427a259b581e229e4b278fd34b130e759,3,3694,0
2,ex2-s5-e1-a1-p06,05e12ab545f0ff015d9f26705c28409427a259b581e229e4b278fd34b130e759,3,3695,100
2,ex2-s5-e1-a1-p06,05e12ab545f0ff015d9f26705c28409427a259b581e229e4b278fd34b130e759,3,3696,0
2,ex2-s5-e1-a1-p06,05e12ab545f0ff015d9f26705c28409427a259b581e229e4b278fd34b130e759,3,3697,0
2,ex2-s5-e1-a1-p06,05e12ab545f0ff015d9f26705c28409427a259b581e229e4b278fd34b130e759,3,3698,0
2,ex2-s5-e1-a1-p06,05e12ab545f0ff015d9f26705c28409427a259b581e229e4b278fd34b130e759,3,3699,0
2,ex2-s5-e1-a1-p06,05e12ab545f0ff015d9f26705c28409427a259b581e229e4b278fd34b130e759,3,3700,0
2,ex2-s5-e1-a1-p06,05e12ab545f0ff015d9f26705c28409427a259b581e229e4b278fd34b130e759,3,3701,0
2,ex2-s5-e1-a1-p06,05e12ab545f0ff015d9f26705c28409427a259b581e229e4b278fd34b130e759,3,3702,100
2,ex2-s5-e1-a1-p06,05e12ab545f0ff015d9f26705c28409427a259b581e229e4b278fd34b130e759,3,3703,0
2,ex2-s5-e1-a1-p06,05e12ab545f0ff015d9f26705c28409427a259b581e229e4b278fd34b130e759,3,3704,0
2,ex2-s5-e1-a1-p06,05e12ab545f0ff015d9f26705c28409427a259b581e229e4b278fd34b130e759,3,3705,0
2,ex2-s5-e1-a1-p06,05e12ab545f0ff015d9f26705c28409427a259b581e229e4b278fd34b130e759,3,3706,0
2,ex2-s5-e1-a1-p06,05e12ab545f0ff015d9f26705c28409427a259b581e229e4b278fd34b130e759,3,3707,0
2,ex2-s5-e1-a1-p06,05e12ab545f0ff015d9f26705c28409427a259b581e229e4b278fd34b130e759,3,3708,100
2,ex2-s5-e1-a1-p06,05e12ab545f0ff015d9f26705c28409427a259b581e229e4b278fd34b130e759,3,3709,0
2,ex2-s5-e1-a1-p06,05e12ab545f0ff015d9f26705c28409427a259b581e229e4b278fd34b130e759,3,3710,0
2,ex2-s5-e1-a1-p06,05e12ab545f0ff015d9f26705c28409427a259b581e229e4b278fd34b130e759,3,3711,0
2,ex2-s5-e1-a1-p06,05e12ab545f0ff015d9f26705c28409427a259b581e229e4b278fd34b130e759,3,3712,0
2,ex2-s5-e1-a1-p06,05e12ab545f0ff015d9f26705c28409427a259b581e229e4b278fd34b130e759,3,3713,0
2,ex2-s5-e1-a1-p06,05e12ab545f0ff015d9f26705c28409427a259b581e229e4b278fd34b130e759,3,3714,0
2,ex2-s5-e1-a1-p06,05e12ab545f0ff015d9f26705c28409427a259b581e229e4b278fd34b130e759,3,3715,100
2,ex2-s5-e1-a1-p06,05e12ab545f0ff015d9f26705c28409427a259b581e229e4b278fd34b130e759,3,3716,0
2,ex2-s5-e1-a1-p06,05e12ab545f0ff015d9f26705c28409427a259b581e229e4b278fd34b130e759,3,3717,0
2,ex2-s5-e1-a1-p06,05e12ab545f0ff015d9f26705c28409427a259b581e229e4b278fd34b130e759,3,3718,0
2,ex2-s5-e1-a1-p06,05e12ab545f0ff015d9f26705c28409427a259b581e229e4b278fd34b130e759,3,3719,0
2,ex2-s5-e1-a1-p06,05e12ab545f0ff015d9f26705c28409427a259b581e229e4b278fd34b130e759,3,3720,0
2,ex2-s5-e1-a1-p06,05e12ab545f0ff015d9f26705c28409427a259b581e229e4b278fd34b130e759,3,3721,0
2,ex2-s5-e1-a1-p06,05e12ab545f0ff015d9f26705c28409427a259b581e229e4b278fd34b130e759,3,3722,100
2,ex2-s5-e1-a1-p06,05e12ab545f0ff015d9f26705c28409427a259b581e229e4b278fd34b130e759,3,3723,0
2,ex2-s5-e1-a1-p06,05e12ab545f0ff015d9f26705c28409427a259b581e229e4b278fd34b130e759,3,3724,0
2,ex2-s5-e1-a1-p06,05e12ab545f0ff015d9f26705c28409427a259b581e229e4b278fd34b130e759,3,3725,0
2,ex2-s5-e1-a1-p06,05e12ab545f0ff015d9f26705c28409427a259b581e229e4b278fd34b130e759,3,3726,0
2,ex2-s5-e1-a1-p06,05e12ab545f0ff015d9f26705c28409427a259b581e229e4b278fd34b130e759,3,3727,0
2,ex2-s5-e1-a1-p06,05e12ab545f0ff015d9f26705c28409427a259b581e229e4b278fd34b130e759,3,3728,100
2,ex2-s5-e1-a1-p06,05e12ab545f0ff015d9f26705c28409427a259b581e229e4b278fd34b130e759,3,3729,0
2,ex2-s5-e1-a1-p06,05e12ab545f0ff015d9f26705c28409427a259b581e229e4b278fd34b130e759,3,3730,0
2,ex2-s5-e1-a1-p06,05e12ab545f0ff015d9f26705c28409427a259b581e229e4b278fd34b130e759,3,3731,0
2,ex2-s5-e1-a1-p06,05e12ab545f0ff015d9f26705c28409427a259b581e229e4b278fd34b130e759,3,3732,0
2,ex2-s5-e1-a1-p06,05e12ab545f0ff015d9f26705c28409427a259b581e229e4b278fd34b130e759,3,3733,0
2,ex2-s5-e1-a1-p06,05e12ab545f0ff015d9f26705c28409427a259b581e229e4b278fd34b130e759,3,3734,0
2,ex2-s5-e1-a1-p06,05e12ab545f0ff015d9f26705c28409427a259b581e229e4b278fd34b130e759,3,3735,100
2,ex2-s5-e1-a1-p06,05e12ab545f0ff015d9f26705c28409427a259b581e229e4b278fd34b130e759,3,3736,0
2,ex2-s5-e1-a1-p06,05e12ab545f0ff015d9f26705c28409427a259b581e229e4b278fd34b130e759,3,3737,0
2,ex2-s5-e1-a1-p06,05e12ab545f0ff015d9f26705c28409427a259b581e229e4b278fd34b130e759,3,3738,0
2,ex2-s5-e1-a1-p06,05e12ab545f0ff015d9f26705c28409427a259b581e229e4b278fd34b130e759,3,3739,0
2,ex2-s5-e1-a1-p06,05e12ab545f0ff015d9f26705c28409427a259b581e229e4b278fd34b130e759,3,3740,0
2,ex2-s5-e1-a1-p06,05e12ab545f0ff015d9f26705c28409427a259b581e229e4b278fd34b130e759,3,3741,0
2,ex2-s5-e1-a1-p06,05e12ab545f0ff015d9f26705c28409427a259b581e229e4b278fd34b130e759,3,3742,100
2,ex2-s5-e1-a1-p06,05e12ab545f0ff015d9f26705c28409427a259b581e229e4b278fd34b130e759,3,3743,0
2,ex2-s5-e1-a1-p06,05e12ab545f0ff015d9f26705c28409427a259b581e229e4b278fd34b130e759,3,3744,0
2,ex2-s5-e1-a1-p06,05e12ab545f0ff015d9f26705c28409427a259b581e229e4b278fd34b130e759,3,3745,0
2,ex2-s5-e1-a1-p06,05e12ab545f0ff015d9f26705c28409427a259b581e229e4b278fd34b130e759,3,3746,0
2,ex2-s5-e1-a1-p06,05e12ab545f0ff015d9f26705c28409427a259b581e229e4b278fd34b130e759,3,3747,0
2,ex2-s5-e1-a1-p06,05e12ab545f0ff015d9f26705c28409427a259b581e229e4b278fd34b130e759,3,3748,100
2,ex2-s5-e1-a1-p06,05e12ab545f0ff015d9f26705c28409427a259b581e229e4b278fd34b130e759,3,3749,0
2,ex2-s5-e1-a1-p06,05e12ab545f0ff015d9f26705c28409427a259b581e229e4b278fd34b130e759,3,3750,0
2,ex2-s5-e1-a1-p06,05e12ab545f0ff015d9f26705c28409427a259b581e229e4b278fd34b130e759,3,3751,0
2,ex2-s5-e1-a1-p06,05e12ab545f0ff015d9f26705c28409427a259b581e229e4b278fd34b130e759,3,3752,0
2,ex2-s5-e1-a1-p06,05e12ab545f0ff015d9f26705c28409427a259b581e229e4b278fd34b130e759,3,3753,0
2,ex2-s5-e1-a1-p06,05e12ab545f0ff015d9f26705c28409427a259b581e229e4b278fd34b130e759,3,3754,0
2,ex2-s5-e1-a1-p06,05e12ab545f0ff015d9f26705c28409427a259b581e229e4b278fd34b130e759,3,3755,100
2,ex2-s5-e1-a1-p06,05e12ab545f0ff015d9f26705c28409427a259b581e229e4b278fd34b130e759,3,3756,0
2,ex2-s5-e1-a1-p06,05e12ab545f0ff015d9f26705c28409427a259b581e229e4b278fd34b130e759,3,3757,0
2,ex2-s5-e1-a1-p06,05e12ab545f0ff015d9f26705c28409427a259b581e229e4b278fd34b130e759,3,3758,0
2,ex2-s5-e1-a1-p06,05e12ab545f0ff015d9f26705c28409427a259b581e229e4b278fd34b130e759,3,3759,0
2,ex2-s5-e1-a1-p06,05e12ab545f0ff015d9f26705c28409427a259b581e229e4b278fd34b130e759,3,3760,0
2,ex2-s5-e1-a1-p06,05e12ab545f0ff015d9f26705c28409427a259b581e229e4b278fd34b130e759,3,3761,0
2,ex2-s5-e1-a1-p06,05e12ab545f0ff015d9f26705c28409427a259b581e229e4b278fd34b130e759,3,3762,100
2,ex2-s5-e1-a1-p06,05e12ab545f0ff015d9f26705c28409427a259b581e229e4b278fd34b130e759,3,3763,0
2,ex2-s5-e1-a1-p06,05e12ab545f0ff015d9f26705c28409427a259b581e229e4b278fd34b130e759,3,3764,0
2,ex2-s5-e1-a1-p06,05e12ab545f0ff015d9f26705c28409427a259b581e229e4b278fd34b130e759,3,3765,0
2,ex2-s5-e1-a1-p06,05e12ab545f0ff015d9f26705c28409427a259b581e229e4b278fd34b130e759,3,3766,0
2,ex2-s5-e1-a1-p06,05e12ab545f0ff015d9f26705c28409427a259b581e229e4b278fd34b130e759,3,3767,0
2,ex2-s5-e1-a1-p06,05e12ab545f0ff015d9f26705c28409427a259b581e229e4b278fd34b130e759,3,3768,100
2,ex2-s5-e1-a1-p06,05e12ab545f0ff015d9f26705c28409427a259b581e229e4b278fd34b130e759,3,3769,0
2,ex2-s5-e1-a1-p06,05e12ab545f0ff015d9f26705c28409427a259b581e229e4b278fd34b130e759,3,3770,0
2,ex2-s5-e1-a1-p06,05e12ab545f0ff015d9f26705c28409427a259b581e229e4b278fd34b130e759,3,3771,0
2,ex2-s5-e1-a1-p06,05e12ab545f0ff015d9f26705c28409427a259b581e229e4b278fd34b130e759,3,3772,0
2,ex2-s5-e1-a1-p06,05e12ab545f0ff015d9f26705c28409427a259b581e229e4b278fd34b130e759,3,3773,0
2,ex2-s5-e1-a1-p06,05e12ab545f0ff015d9f26705c28409427a259b581e229e4b278fd34b130e759,3,3774,0
2,ex2-s5-e1-a1-p06,05e12ab545f0ff015d9f26705c28409427a259b581e229e4b278fd34b130e759,3,3775,100
2,ex2-s5-e1-a1-p06,05e12ab545f0ff015d9f26705c28409427a259b581e229e4b278fd34b130e759,3,3776,0
2,ex2-s5-e1-a1-p06,05e12ab545f0ff015d9f26705c28409427a259b581e229e4b278fd34b130e759,3,3777,0
2,ex2-s5-e1-a1-p06,05e12ab545f0ff015d9f26705c28409427a259b581e229e4b278fd34b130e759,3,3778,0
2,ex2-s5-e1-a1-p06,05e12ab545f0ff015d9f26705c28409427a259b581e229e4b278fd34b130e759,3,3779,0
2,ex2-s5-e1-a1-p06,05e12ab545f0ff015d9f26705c28409427a259b581e229e4b278fd34b130e759,3,3780,0
2,ex2-s5-e1-a1-p06,05e12ab545f0ff015d9f26705c28409427a259b581e229e4b278fd34b130e759,3,3781,0
2,ex2-s5-e1-a1-p06,05e12ab545f0ff015d9f26705c28409427a259b581e229e4b278fd34b130e759,3,3782,100
2,ex2-s5-e1-a1-p06,05e12ab545f0ff015d9f26705c28409427a259b581e229e4b278fd34b130e759,3,3783,0
2,ex2-s5-e1-a1-p06,05e12ab545f0ff015d9f26705c28409427a259b581e229e4b278fd34b130e759,3,3784,0
2,ex2-s5-e1-a1-p06,05e12ab545f0ff015d9f26705c28409427a259b581e229e4b278fd34b130e759,3,3785,0
2,ex2-s5-e1-a1-p06,05e12ab545f0ff015d9f26705c28409427a259b581e229e4b278fd34b130e759,3,3786,0
2,ex2-s5-e1-a1-p06,05e12ab545f0ff015d9f26705c28409427a259b581e229e4b278fd34b130e759,3,3787,0
2,ex2-s5-e1-a1-p06,05e12ab545f0ff015d9f26705c28409427a259b581e229e4b278fd34b130e759,3,3788,100
2,ex2-s5-e1-a1-p06,05e12ab545f0ff015d9f26705c28409427a259b581e229e4b278fd34b130e759,3,3789,0
2,ex2-s5-e1-a1-p06,05e12ab545f0ff015d9f26705c28409427a259b581e229e4b278fd34b130e759,3,3790,0
2,ex2-s5-e1-a1-p06,05e12ab545f0ff015d9f26705c28409427a259b581e229e4b278fd34b130e759,3,3791,0
2,ex2-s5-e1-a1-p06,05e12ab545f0ff015d9f26705c28409427a259b581e229e4b278fd34b130e759,3,3792,0
2,ex2-s5-e1-a1-p06,05e12ab545f0ff015d9f26705c28409427a259b581e229e4b278fd34b130e759,3,3793,0
2,ex2-s5-e1-a1-p06,05e12ab545f0ff015d9f26705c28409427a259b581e229e4b278fd34b130e759,3,3794,0
2,ex2-s5-e1-a1-p06,05e12ab545f0ff015d9f26705c28409427a259b581e229e4b278fd34b130e759,3,3795,100
2,ex2-s5-e1-a1-p06,05e12ab545f0ff015d9f26705c28409427a259b581e229e4b278fd34b130e759,3,3796,0
2,ex2-s5-e1-a1-p06,05e12ab545f0ff015d9f26705c28409427a259b581e229e4b278fd34b130e759,3,3797,0
2,ex2-s5-e1-a1-p06,05e12ab545f0ff015d9f26705c28409427a259b581e229e4b278fd34b130e759,3,3798,0
2,ex2-s5-e1-a1-p06,05e12ab545f0ff015d9f26705c28409427a259b581e229e4b278fd34b130e759,3,3799,0
2,ex2-s5-e1-a1-p06,05e12ab545f0ff015d9f26705c28409427a259b581e229e4b278fd34b130e759,3,3800,0
2,ex2-s5-e1-a1-p06,05e12ab545f0ff015d9f26705c28409427a259b581e229e4b278fd34b130e759,3,3801,0
2,ex2-s5-e1-a1-p06,05e12ab545f0ff015d9f26705c28409427a259b581e229e4b278fd34b130e759,3,3802,100
2,ex2-s5-e1-a1-p06,05e12ab545f0ff015d9f26705c28409427a259b581e229e4b278fd34b130e759,3,3803,0
2,ex2-s5-e1-a1-p06,05e12ab545f0ff015d9f26705c28409427a259b581e229e4b278fd34b130e759,3,3804,0
2,ex2-s5-e1-a1-p06,05e12ab545f0ff015d9f26705c28409427a259b581e229e4b278fd34b130e759,3,3805,0
2,ex2-s5-e1-a1-p06,05e12ab545f0ff015d9f26705c28409427a259b581e229e4b278fd34b130e759,3,3806,0
2,ex2-s5-e1-a1-p06,05e12ab545f0ff015d9f26705c28409427a259b581e229e4b278fd34b130e759,3,3807,0
2,ex2-s5-e1-a1-p06,05e12ab545f0ff015d9f26705c28409427a259b581e229e4b278fd34b130e759,3,3808,100
2,ex2-s5-e1-a1-p06,05e12ab545f0ff015d9f26705c28409427a259b581e229e4b278fd34b130e759,3,3809,0
2,ex2-s5-e1-a1-p06,05e12ab545f0ff015d9f26705c28409427a259b581e229e4b278fd34b130e759,3,3810,0
2,ex2-s5-e1-a1-p06,05e12ab545f0ff015d9f26705c28409427a259b581e229e4b278fd34b130e759,3,3811,0
2,ex2-s5-e1-a1-p06,05e12ab545f0ff015d9f26705c28409427a259b581e229e4b278fd34b130e759,3,3812,0
2,ex2-s5-e1-a1-p06,05e12ab545f0ff015d9f26705c28409427a259b581e229e4b278fd34b130e759,3,3813,0
2,ex2-s5-e1-a1-p06,05e12ab545f0ff015d9f26705c28409427a259b581e229e4b278fd34b130e759,3,3814,0
2,ex2-s5-e1-a1-p06,05e12ab545f0ff015d9f26705c28409427a259b581e229e4b278fd34b130e759,3,3815,100
2,ex2-s5-e1-a1-p06,05e12ab545f0ff015d9f26705c28409427a259b581e229e4b278fd34b130e759,3,3816,0
2,ex2-s5-e1-a1-p06,05e12ab545f0ff015d9f26705c28409427a259b581e229e4b278fd34b130e759,3,3817,0
2,ex2-s5-e1-a1-p06,05e12ab545f0ff015d9f26705c28409427a259b581e229e4b278fd34b130e759,3,3818,0
2,ex2-s5-e1-a1-p06,05e12ab545f0ff015d9f26705c28409427a259b581e229e4b278fd34b130e759,3,3819,0
2,ex2-s5-e1-a1-p06,05e12ab545f0ff015d9f26705c28409427a259b581e229e4b278fd34b130e759,3,3820,0
2,ex2-s5-e1-a1-p06,05e12ab545f0ff015d9f26705c28409427a259b581e229e4b278fd34b130e759,3,3821,0
2,ex2-s5-e1-a1-p06,05e12ab545f0ff015d9f26705c28409427a259b581e229e4b278fd34b130e759,3,3822,100
2,ex2-s5-e1-a1-p06,05e12ab545f0ff015d9f26705c28409427a259b581e229e4b278fd34b130e759,3,3823,0
2,ex2-s5-e1-a1-p06,05e12ab545f0ff015d9f26705c28409427a259b581e229e4b278fd34b130e759,3,3824,0
2,ex2-s5-e1-a1-p06,05e12ab545f0ff015d9f26705c28409427a259b581e229e4b278fd34b130e759,3,3825,0
2,ex2-s5-e1-a1-p06,05e12ab545f0ff015d9f26705c28409427a259b581e229e4b278fd34b130e759,3,3826,0
2,ex2-s5-e1-a1-p06,05e12ab545f0ff015d9f26705c28409427a259b581e229e4b278fd34b130e759,3,3827,0
2,ex2-s5-e1-a1-p06,05e12ab545f0ff015d9f26705c28409427a259b581e229e4b278fd34b130e759,3,3828,100
2,ex2-s5-e1-a1-p06,05e12ab545f0ff015d9f26705c28409427a259b581e229e4b278fd34b130e759,3,3829,0
2,ex2-s5-e1-a1-p06,05e12ab545f0ff015d9f26705c28409427a259b581e229e4b278fd34b130e759,3,3830,0
2,ex2-s5-e1-a1-p06,05e12ab545f0ff015d9f26705c28409427a259b581e229e4b278fd34b130e759,3,3831,0
2,ex2-s5-e1-a1-p06,05e12ab545f0ff015d9f26705c28409427a259b581e229e4b278fd34b130e759,3,3832,0
2,ex2-s5-e1-a1-p06,05e12ab545f0ff015d9f26705c28409427a259b581e229e4b278fd34b130e759,3,3833,0
2,ex2-s5-e1-a1-p06,05e12ab545f0ff015d9f26705c28409427a259b581e229e4b278fd34b130e759,3,3834,0
2,ex2-s5-e1-a1-p06,05e12ab545f0ff015d9f26705c28409427a259b581e229e4b278fd34b130e759,3,3835,100
2,ex2-s5-e1-a1-p06,05e12ab545f0ff015d9f26705c28409427a259b581e229e4b278fd34b130e759,3,3836,0
2,ex2-s5-e1-a1-p06,05e12ab545f0ff015d9f26705c28409427a259b581e229e4b278fd34b130e759,3,3837,0
2,ex2-s5-e1-a1-p06,05e12ab545f0ff015d9f26705c28409427a259b581e229e4b278fd34b130e759,3,3838,0
2,ex2-s5-e1-a1-p06,05e12ab545f0ff015d9f26705c28409427a259b581e229e4b278fd34b130e759,3,3839,0
2,ex2-s5-e1-a1-p06,05e12ab545f0ff015d9f26705c28409427a259b581e229e4b278fd34b130e759,3,3840,0
2,ex2-s5-e1-a1-p06,05e12ab545f0ff015d9f26705c28409427a259b581e229e4b278fd34b130e759,3,3841,0
2,ex2-s5-e1-a1-p06,05e12ab545f0ff015d9f26705c28409427a259b581e229e4b278fd34b130e759,3,3842,100
2,ex2-s5-e1-a1-p06,05e12ab545f0ff015d9f26705c28409427a259b581e229e4b278fd34b130e759,3,3843,0
2,ex2-s5-e1-a1-p06,05e12ab545f0ff015d9f26705c28409427a259b581e229e4b278fd34b130e759,3,3844,0
2,ex2-s5-e1-a1-p06,05e12ab545f0ff015d9f26705c28409427a259b581e229e4b278fd34b130e759,3,3845,0
2,ex2-s5-e1-a1-p06,05e12ab545f0ff015d9f26705c28409427a259b581e229e4b278fd34b130e759,3,3846,0
2,ex2-s5-e1-a1-p06,05e12ab545f0ff015d9f26705c28409427a259b581e229e4b278fd34b130e759,3,3847,0
2,ex2-s5-e1-a1-p06,05e12ab545f0ff015d9f26705c28409427a259b581e229e4b278fd34b130e759,3,3848,100
2,ex2-s5-e1-a1-p06,05e12ab545f0ff015d9f26705c28409427a259b581e229e4b278fd34b130e759,3,3849,0
2,ex2-s5-e1-a1-p06,05e12ab545f0ff015d9f26705c28409427a259b581e229e4b278fd34b130e759,3,3850,0
2,ex2-s5-e1-a1-p06,05e12ab545f0ff015d9f26705c28409427a259b581e229e4b278fd34b130e759,3,3851,0
2,ex2-s5-e1-a1-p06,05e12ab545f0ff015d9f26705c28409427a259b581e229e4b278fd34b130e759,3,3852,0
2,ex2-s5-e1-a1-p06,05e12ab545f0ff015d9f26705c28409427a259b581e229e4b278fd34b130e759,3,3853,0
2,ex2-s5-e1-a1-p06,05e12ab545f0ff015d9f26705c28409427a259b581e229e4b278fd34b130e759,3,3854,0
2,ex2-s5-e1-a1-p06,05e12ab545f0ff015d9f26705c28409427a259b581e229e4b278fd34b130e759,3,3855,100
2,ex2-s5-e1-a1-p06,05e12ab545f0ff015d9f26705c28409427a259b581e229e4b278fd34b130e759,3,3856,0
2,ex2-s5-e1-a1-p06,05e12ab545f0ff015d9f26705c28409427a259b581e229e4b278fd34b130e759,3,3857,0
2,ex2-s5-e1-a1-p06,05e12ab545f0ff015d9f26705c28409427a259b581e229e4b278fd34b130e759,3,3858,0
2,ex2-s5-e1-a1-p06,05e12ab545f0ff015d9f26705c28409427a259b581e229e4b278fd34b130e759,3,3859,0
2,ex2-s5-e1-a1-p06,05e12ab545f0ff015d9f26705c28409427a259b581e229e4b278fd34b130e759,3,3860,0
2,ex2-s5-e1-a1-p06,05e12ab545f0ff015d9f26705c28409427a259b581e229e4b278fd34b130e759,3,3861,0
2,ex2-s5-e1-a1-p06,05e12ab545f0ff015d9f26705c28409427a259b581e229e4b278fd34b130e759,3,3862,100
2,ex2-s5-e1-a1-p06,05e12ab545f0ff015d9f26705c28409427a259b581e229e4b278fd34b130e759,3,3863,0
2,ex2-s5-e1-a1-p06,05e12ab545f0ff015d9f26705c28409427a259b581e229e4b278fd34b130e759,3,3864,0
2,ex2-s5-e1-a1-p06,05e12ab545f0ff015d9f26705c28409427a259b581e229e4b278fd34b130e759,3,3865,0
2,ex2-s5-e1-a1-p06,05e12ab545f0ff015d9f26705c28409427a259b581e229e4b278fd34b130e759,3,3866,0
2,ex2-s5-e1-a1-p06,05e12ab545f0ff015d9f26705c28409427a259b581e229e4b278fd34b130e759,3,3867,0
2,ex2-s5-e1-a1-p06,05e12ab545f0ff015d9f26705c28409427a259b581e229e4b278fd34b130e759,3,3868,100
2,ex2-s5-e1-a1-p06,05e12ab545f0ff015d9f26705c28409427a259b581e229e4b278fd34b130e759,3,3869,0
2,ex2-s5-e1-a1-p06,05e12ab545f0ff015d9f26705c28409427a259b581e229e4b278fd34b130e759,3,3870,0
2,ex2-s5-e1-a1-p06,05e12ab545f0ff015d9f26705c28409427a259b581e229e4b278fd34b130e759,3,3871,0
2,ex2-s5-e1-a1-p06,05e12ab545f0ff015d9f26705c28409427a259b581e229e4b278fd34b130e759,3,3872,0
2,ex2-s5-e1-a1-p06,05e12ab545f0ff015d9f26705c28409427a259b581e229e4b278fd34b130e759,3,3873,0
2,ex2-s5-e1-a1-p06,05e12ab545f0ff015d9f26705c28409427a259b581e229e4b278fd34b130e759,3,3874,0
2,ex2-s5-e1-a1-p06,05e12ab545f0ff015d9f26705c28409427a259b581e229e4b278fd34b130e759,3,3875,100
2,ex2-s5-e1-a1-p06,05e12ab545f0ff015d9f26705c28409427a259b581e229e4b278fd34b130e759,3,3876,0
2,ex2-s5-e1-a1-p06,05e12ab545f0ff015d9f26705c28409427a259b581e229e4b278fd34b130e759,3,3877,0
2,ex2-s5-e1-a1-p06,05e12ab545f0ff015d9f26705c28409427a259b581e229e4b278fd34b130e759,3,3878,0
2,ex2-s5-e1-a1-p06,05e12ab545f0ff015d9f26705c28409427a259b581e229e4b278fd34b130e759,3,3879,0
2,ex2-s5-e1-a1-p06,05e12ab545f0ff015d9f26705c28409427a259b581e229e4b278fd34b130e759,3,3880,0
2,ex2-s5-e1-a1-p06,05e12ab545f0ff015d9f26705c28409427a259b581e229e4b278fd34b130e759,3,3881,0
2,ex2-s5-e1-a1-p06,05e12ab545f0ff015d9f26705c28409427a259b581e229e4b278fd34b130e759,3,3882,100
2,ex2-s5-e1-a1-p06,05e12ab545f0ff015d9f26705c28409427a259b581e229e4b278fd34b130e759,3,3883,0
2,ex2-s5-e1-a1-p06,05e12ab545f0ff015d9f26705c28409427a259b581e229e4b278fd34b130e759,3,3884,0
2,ex2-s5-e1-a1-p06,05e12ab545f0ff015d9f26705c28409427a259b581e229e4b278fd34b130e759,3,3885,0
2,ex2-s5-e1-a1-p06,05e12ab545f0ff015d9f26705c28409427a259b581e229e4b278fd34b130e759,3,3886,0
2,ex2-s5-e1-a1-p06,05e12ab545f0ff015d9f26705c28409427a259b581e229e4b278fd34b130e759,3,3887,0
2,ex2-s5-e1-a1-p06,05e12ab545f0ff015d9f26705c28409427a259b581e229e4b278fd34b130e759,3,3888,100
2,ex2-s5-e1-a1-p06,05e12ab545f0ff015d9f26705c28409427a259b581e229e4b278fd34b130e759,3,3889,0
2,ex2-s5-e1-a1-p06,05e12ab545f0ff015d9f26705c28409427a259b581e229e4b278fd34b130e759,3,3890,0
2,ex2-s5-e1-a1-p06,05e12ab545f0ff015d9f26705c28409427a259b581e229e4b278fd34b130e759,3,3891,0
2,ex2-s5-e1-a1-p06,05e12ab545f0ff015d9f26705c28409427a259b581e229e4b278fd34b130e759,3,3892,0
2,ex2-s5-e1-a1-p06,05e12ab545f0ff015d9f26705c28409427a259b581e229e4b278fd34b130e759,3,3893,0
2,ex2-s5-e1-a1-p06,05e12ab545f0ff015d9f26705c28409427a259b581e229e4b278fd34b130e759,3,3894,0
2,ex2-s5-e1-a1-p06,05e12ab545f0ff015d9f26705c28409427a259b581e229e4b278fd34b130e759,3,3895,100
2,ex2-s5-e1-a1-p06,05e12ab545f0ff015d9f26705c28409427a259b581e229e4b278fd34b130e759,3,3896,0
2,ex2-s5-e1-a1-p06,05e12ab545f0ff015d9f26705c28409427a259b581e229e4b278fd34b130e759,3,3897,0
2,ex2-s5-e1-a1-p06,05e12ab545f0ff015d9f26705c28409427a259b581e229e4b278fd34b130e759,3,3898,0
2,ex2-s5-e1-a1-p06,05e12ab545f0ff015d9f26705c28409427a259b581e229e4b278fd34b130e759,3,3899,0
2,ex2-s5-e1-a1-p06,05e12ab545f0ff015d9f26705c28409427a259b581e229e4b278fd34b130e759,3,3900,0
2,ex2-s5-e1-a1-p06,05e12ab545f0ff015d9f26705c28409427a259b581e229e4b278fd34b130e759,3,3901,0
2,ex2-s5-e1-a1-p06,05e12ab545f0ff015d9f26705c28409427a259b581e229e4b278fd34b130e759,3,3902,100
2,ex2-s5-e1-a1-p06,05e12ab545f0ff015d9f26705c28409427a259b581e229e4b278fd34b130e759,3,3903,0
2,ex2-s5-e1-a1-p06,05e12ab545f0ff015d9f26705c28409427a259b581e229e4b278fd34b130e759,3,3904,0
2,ex2-s5-e1-a1-p06,05e12ab545f0ff015d9f26705c28409427a259b581e229e4b278fd34b130e759,3,3905,0
2,ex2-s5-e1-a1-p06,05e12ab545f0ff015d9f26705c28409427a259b581e229e4b278fd34b130e759,3,3906,0
2,ex2-s5-e1-a1-p06,05e12ab545f0ff015d9f26705c28409427a259b581e229e4b278fd34b130e759,3,3907,0
2,ex2-s5-e1-a1-p06,05e12ab545f0ff015d9f26705c28409427a259b581e229e4b278fd34b130e759,3,3908,100
2,ex2-s5-e1-a1-p06,05e12ab545f0ff015d9f26705c28409427a259b581e229e4b278fd34b130e759,3,3909,0
2,ex2-s5-e1-a1-p06,05e12ab545f0ff015d9f26705c28409427a259b581e229e4b278fd34b130e759,3,3910,0
2,ex2-s5-e1-a1-p06,05e12ab545f0ff015d9f26705c28409427a259b581e229e4b278fd34b130e759,3,3911,0
2,ex2-s5-e1-a1-p06,05e12ab545f0ff015d9f26705c28409427a259b581e229e4b278fd34b130e759,3,3912,0
2,ex2-s5-e1-a1-p06,05e12ab545f0ff015d9f26705c28409427a259b581e229e4b278fd34b130e759,3,3913,0
2,ex2-s5-e1-a1-p06,05e12ab545f0ff015d9f26705c28409427a259b581e229e4b278fd34b130e759,3,3914,0
2,ex2-s5-e1-a1-p06,05e12ab545f0ff015d9f26705c28409427a259b581e229e4b278fd34b130e759,3,3915,100
2,ex2-s5-e1-a1-p06,05e12ab545f0ff015d9f26705c28409427a259b581e229e4b278fd34b130e759,3,3916,0
2,ex2-s5-e1-a1-p06,05e12ab545f0ff015d9f26705c28409427a259b581e229e4b278fd34b130e759,3,3917,0
2,ex2-s5-e1-a1-p06,05e12ab545f0ff015d9f26705c28409427a259b581e229e4b278fd34b130e759,3,3918,0
2,ex2-s5-e1-a1-p06,05e12ab545f0ff015d9f26705c28409427a259b581e229e4b278fd34b130e759,3,3919,0
2,ex2-s5-e1-a1-p06,05e12ab545f0ff015d9f26705c28409427a259b581e229e4b278fd34b130e759,3,3920,0
2,ex2-s5-e1-a1-p06,05e12ab545f0ff015d9f26705c28409427a259b581e229e4b278fd34b130e759,3,3921,0
2,ex2-s5-e1-a1-p06,05e12ab545f0ff015d9f26705c28409427a259b581e229e4b278fd34b130e759,3,3922,100
2,ex2-s5-e1-a1-p06,05e12ab545f0ff015d9f26705c28409427a259b581e229e4b278fd34b130e759,3,3923,0
2,ex2-s5-e1-a1-p06,05e12ab545f0ff015d9f26705c28409427a259b581e229e4b278fd34b130e759,3,3924,0
2,ex2-s5-e1-a1-p06,05e12ab545f0ff015d9f26705c28409427a259b581e229e4b278fd34b130e759,3,3925,0
2,ex2-s5-e1-a1-p06,05e12ab545f0ff015d9f26705c28409427a259b581e229e4b278fd34b130e759,3,3926,0
2,ex2-s5-e1-a1-p06,05e12ab545f0ff015d9f26705c28409427a259b581e229e4b278fd34b130e759,3,3927,0
2,ex2-s5-e1-a1-p06,05e12ab545f0ff015d9f26705c28409427a259b581e229e4b278fd34b130e759,3,3928,100
2,ex2-s5-e1-a1-p06,05e12ab545f0ff015d9f26705c28409427a259b581e229e4b278fd34b130e759,3,3929,0
2,ex2-s5-e1-a1-p06,05e12ab545f0ff015d9f26705c28409427a259b581e229e4b278fd34b130e759,3,3930,0
2,ex2-s5-e1-a1-p06,05e12ab545f0ff015d9f26705c28409427a259b581e229e4b278fd34b130e759,3,3931,0
2,ex2-s5-e1-a1-p06,05e12ab545f0ff015d9f26705c28409427a259b581e229e4b278fd34b130e759,3,3932,0
2,ex2-s5-e1-a1-p06,05e12ab545f0ff015d9f26705c28409427a259b581e229e4b278fd34b130e759,3,3933,0
2,ex2-s5-e1-a1-p06,05e12ab545f0ff015d9f26705c28409427a259b581e229e4b278fd34b130e759,3,3934,0
2,ex2-s5-e1-a1-p06,05e12ab545f0ff015d9f26705c28409427a259b581e229e4b278fd34b130e759,3,3935,100
2,ex2-s5-e1-a1-p06,05e12ab545f0ff015d9f26705c28409427a259b581e229e4b278fd34b130e759,3,3936,0
2,ex2-s5-e1-a1-p06,05e12ab545f0ff015d9f26705c28409427a259b581e229e4b278fd34b130e759,3,3937,0
2,ex2-s5-e1-a1-p06,05e12ab545f0ff015d9f26705c28409427a259b581e229e4b278fd34b130e759,3,3938,0
2,ex2-s5-e1-a1-p06,05e12ab545f0ff015d9f26705c28409427a259b581e229e4b278fd34b130e759,3,3939,0
2,ex2-s5-e1-a1-p06,05e12ab545f0ff015d9f26705c28409427a259b581e229e4b278fd34b130e759,3,3940,0
2,ex2-s5-e1-a1-p06,05e12ab545f0ff015d9f26705c28409427a259b581e229e4b278fd34b130e759,3,3941,0
2,ex2-s5-e1-a1-p06,05e12ab545f0ff015d9f26705c28409427a259b581e229e4b278fd34b130e759,3,3942,100
2,ex2-s5-e1-a1-p06,05e12ab545f0ff015d9f26705c28409427a259b581e229e4b278fd34b130e759,3,3943,0
2,ex2-s5-e1-a1-p06,05e12ab545f0ff015d9f26705c28409427a259b581e229e4b278fd34b130e759,3,3944,0
2,ex2-s5-e1-a1-p06,05e12ab545f0ff015d9f26705c28409427a259b581e229e4b278fd34b130e759,3,3945,0
2,ex2-s5-e1-a1-p06,05e12ab545f0ff015d9f26705c28409427a259b581e229e4b278fd34b130e759,3,3946,0
2,ex2-s5-e1-a1-p06,05e12ab545f0ff015d9f26705c28409427a259b581e229e4b278fd34b130e759,3,3947,0
2,ex2-s5-e1-a1-p06,05e12ab545f0ff015d9f26705c28409427a259b581e229e4b278fd34b130e759,3,3948,100
2,ex2-s5-e1-a1-p06,05e12ab545f0ff015d9f26705c28409427a259b581e229e4b278fd34b130e759,3,3949,0
2,ex2-s5-e1-a1-p06,05e12ab545f0ff015d9f26705c28409427a259b581e229e4b278fd34b130e759,3,3950,0
2,ex2-s5-e1-a1-p06,05e12ab545f0ff015d9f26705c28409427a259b581e229e4b278fd34b130e759,3,3951,0
2,ex2-s5-e1-a1-p06,05e12ab545f0ff015d9f26705c28409427a259b581e229e4b278fd34b130e759,3,3952,0
2,ex2-s5-e1-a1-p06,05e12ab545f0ff015d9f26705c28409427a259b581e229e4b278fd34b130e759,3,3953,0
2,ex2-s5-e1-a1-p06,05e12ab545f0ff015d9f26705c28409427a259b581e229e4b278fd34b130e759,3,3954,0
2,ex2-s5-e1-a1-p06,05e12ab545f0ff015d9f26705c28409427a259b581e229e4b278fd34b130e759,3,3955,100
2,ex2-s5-e1-a1-p06,05e12ab545f0ff015d9f26705c28409427a259b581e229e4b278fd34b130e759,3,3956,0
2,ex2-s5-e1-a1-p06,05e12ab545f0ff015d9f26705c28409427a259b581e229e4b278fd34b130e759,3,3957,0
2,ex2-s5-e1-a1-p06,05e12ab545f0ff015d9f26705c28409427a259b581e229e4b278fd34b130e759,3,3958,0
2,ex2-s5-e1-a1-p06,05e12ab545f0ff015d9f26705c28409427a259b581e229e4b278fd34b130e759,3,3959,0
2,ex2-s5-e1-a1-p06,05e12ab545f0ff015d9f26705c28409427a259b581e229e4b278fd34b130e759,3,3960,0
2,ex2-s5-e1-a1-p06,05e12ab545f0ff015d9f26705c28409427a259b581e229e4b278fd34b130e759,3,3961,0
2,ex2-s5-e1-a1-p06,05e12ab545f0ff015d9f26705c28409427a259b581e229e4b278fd34b130e759,3,3962,100
2,ex2-s5-e1-a1-p06,05e12ab545f0ff015d9f26705c28409427a259b581e229e4b278fd34b130e759,3,3963,0
2,ex2-s5-e1-a1-p06,05e12ab545f0ff015d9f26705c28409427a259b581e229e4b278fd34b130e759,3,3964,0
2,ex2-s5-e1-a1-p06,05e12ab545f0ff015d9f26705c28409427a259b581e229e4b278fd34b130e759,3,3965,0
2,ex2-s5-e1-a1-p06,05e12ab545f0ff015d9f26705c28409427a259b581e229e4b278fd34b130e759,3,3966,0
2,ex2-s5-e1-a1-p06,05e12ab545f0ff015d9f26705c28409427a259b581e229e4b278fd34b130e759,3,3967,0
2,ex2-s5-e1-a1-p06,05e12ab545f0ff015d9f26705c28409427a259b581e229e4b278fd34b130e759,3,3968,100
2,ex2-s5-e1-a1-p06,05e12ab545f0ff015d9f26705c28409427a259b581e229e4b278fd34b130e759,3,3969,0
2,ex2-s5-e1-a1-p06,05e12ab545f0ff015d9f26705c28409427a259b581e229e4b278fd34b130e759,3,3970,0
2,ex2-s5-e1-a1-p06,05e12ab545f0ff015d9f26705c28409427a259b581e229e4b278fd34b130e759,3,3971,0
2,ex2-s5-e1-a1-p06,05e12ab545f0ff015d9f26705c28409427a259b581e229e4b278fd34b130e759,3,3972,0
2,ex2-s5-e1-a1-p06,05e12ab545f0ff015d9f26705c28409427a259b581e229e4b278fd34b130e759,3,3973,0
2,ex2-s5-e1-a1-p06,05e12ab545f0ff015d9f26705c28409427a259b581e229e4b278fd34b130e759,3,3974,0
2,ex2-s5-e1-a1-p06,05e12ab545f0ff015d9f26705c28409427a259b581e229e4b278fd34b130e759,3,3975,100
2,ex2-s5-e1-a1-p06,05e12ab545f0ff015d9f26705c28409427a259b581e229e4b278fd34b130e759,3,3976,0
2,ex2-s5-e1-a1-p06,05e12ab545f0ff015d9f26705c28409427a259b581e229e4b278fd34b130e759,3,3977,0
2,ex2-s5-e1-a1-p06,05e12ab545f0ff015d9f26705c28409427a259b581e229e4b278fd34b130e759,3,3978,0
2,ex2-s5-e1-a1-p06,05e12ab545f0ff015d9f26705c28409427a259b581e229e4b278fd34b130e759,3,3979,0
2,ex2-s5-e1-a1-p06,05e12ab545f0ff015d9f26705c28409427a259b581e229e4b278fd34b130e759,3,3980,0
2,ex2-s5-e1-a1-p06,05e12ab545f0ff015d9f26705c28409427a259b581e229e4b278fd34b130e759,3,3981,0
2,ex2-s5-e1-a1-p06,05e12ab545f0ff015d9f26705c28409427a259b581e229e4b278fd34b130e759,3,3982,100
2,ex2-s5-e1-a1-p06,05e12ab545f0ff015d9f26705c28409427a259b581e229e4b278fd34b130e759,3,3983,0
2,ex2-s5-e1-a1-p06,05e12ab545f0ff015d9f26705c28409427a259b581e229e4b278fd34b130e759,3,3984,0
2,ex2-s5-e1-a1-p06,05e12ab545f0ff015d9f26705c28409427a259b581e229e4b278fd34b130e759,3,3985,0
2,ex2-s5-e1-a1-p06,05e12ab545f0ff015d9f26705c28409427a259b581e229e4b278fd34b130e759,3,3986,0
2,ex2-s5-e1-a1-p06,05e12ab545f0ff015d9f26705c28409427a259b581e229e4b278fd34b130e759,3,3987,0
2,ex2-s5-e1-a1-p06,05e12ab545f0ff015d9f26705c28409427a259b581e229e4b278fd34b130e759,3,3988,100
2,ex2-s5-e1-a1-p06,05e12ab545f0ff015d9f26705c28409427a259b581e229e4b278fd34b130e759,3,3989,0
2,ex2-s5-e1-a1-p06,05e12ab545f0ff015d9f26705c28409427a259b581e229e4b278fd34b130e759,3,3990,0
2,ex2-s5-e1-a1-p06,05e12ab545f0ff015d9f26705c28409427a259b581e229e4b278fd34b130e759,3,3991,0
2,ex2-s5-e1-a1-p06,05e12ab545f0ff015d9f26705c28409427a259b581e229e4b278fd34b130e759,3,3992,0
2,ex2-s5-e1-a1-p06,05e12ab545f0ff015d9f26705c28409427a259b581e229e4b278fd34b130e759,3,3993,0
2,ex2-s5-e1-a1-p06,05e12ab545f0ff015d9f26705c28409427a259b581e229e4b278fd34b130e759,3,3994,0
2,ex2-s5-e1-a1-p06,05e12ab545f0ff015d9f26705c28409427a259b581e229e4b278fd34b130e759,3,3995,100
2,ex2-s5-e1-a1-p06,05e12ab545f0ff015d9f26705c28409427a259b581e229e4b278fd34b130e759,3,3996,0
2,ex2-s5-e1-a1-p06,05e12ab545f0ff015d9f26705c28409427a259b581e229e4b278fd34b130e759,3,3997,0
2,ex2-s5-e1-a1-p06,05e12ab545f0ff015d9f26705c28409427a259b581e229e4b278fd34b130e759,3,3998,0
2,ex2-s5-e1-a1-p06,05e12ab545f0ff015d9f26705c28409427a259b581e229e4b278fd34b130e759,3,3999,0
2,ex2-s5-e1-a1-p06,05e12ab545f0ff015d9f26705c28409427a259b581e229e4b278fd34b130e759,3,4000,0
2,ex2-s5-e1-a1-p06,05e12ab545f0ff015d9f26705c28409427a259b581e229e4b278fd34b130e759,3,4001,0
2,ex2-s5-e1-a1-p06,05e12ab545f0ff015d9f26705c28409427a259b581e229e4b278fd34b130e759,3,4002,100
2,ex2-s5-e1-a1-p06,05e12ab545f0ff015d9f26705c28409427a259b581e229e4b278fd34b130e759,3,4003,0
2,ex2-s5-e1-a1-p06,05e12ab545f0ff015d9f26705c28409427a259b581e229e4b278fd34b130e759,3,4004,0
2,ex2-s5-e1-a1-p06,05e12ab545f0ff015d9f26705c28409427a259b581e229e4b278fd34b130e759,3,4005,0
2,ex2-s5-e1-a1-p06,05e12ab545f0ff015d9f26705c28409427a259b581e229e4b278fd34b130e759,3,4006,0
2,ex2-s5-e1-a1-p06,05e12ab545f0ff015d9f26705c28409427a259b581e229e4b278fd34b130e759,3,4007,0
2,ex2-s5-e1-a1-p06,05e12ab545f0ff015d9f26705c28409427a259b581e229e4b278fd34b130e759,3,4008,100
2,ex2-s5-e1-a1-p06,05e12ab545f0ff015d9f26705c28409427a259b581e229e4b278fd34b130e759,3,4009,0
2,ex2-s5-e1-a1-p06,05e12ab545f0ff015d9f26705c28409427a259b581e229e4b278fd34b130e759,3,4010,0
2,ex2-s5-e1-a1-p06,05e12ab545f0ff015d9f26705c28409427a259b581e229e4b278fd34b130e759,3,4011,0
2,ex2-s5-e1-a1-p06,05e12ab545f0ff015d9f26705c28409427a259b581e229e4b278fd34b130e759,3,4012,0
2,ex2-s5-e1-a1-p06,05e12ab545f0ff015d9f26705c28409427a259b581e229e4b278fd34b130e759,3,4013,0
2,ex2-s5-e1-a1-p06,05e12ab545f0ff015d9f26705c28409427a259b581e229e4b278fd34b130e759,3,4014,0
2,ex2-s5-e1-a1-p06,05e12ab545f0ff015d9f26705c28409427a259b581e229e4b278fd34b130e759,3,4015,100
2,ex2-s5-e1-a1-p06,05e12ab545f0ff015d9f26705c28409427a259b581e229e4b278fd34b130e759,3,4016,0
2,ex2-s5-e1-a1-p06,05e12ab545f0ff015d9f26705c28409427a259b581e229e4b278fd34b130e759,3,4017,0
2,ex2-s5-e1-a1-p06,05e12ab545f0ff015d9f26705c28409427a259b581e229e4b278fd34b130e759,3,4018,0
2,ex2-s5-e1-a1-p06,05e12ab545f0ff015d9f26705c28409427a259b581e229e4b278fd34b130e759,3,4019,0
2,ex2-s5-e1-a1-p06,05e12ab545f0ff015d9f26705c28409427a259b581e229e4b278fd34b130e759,3,4020,0
2,ex2-s5-e1-a1-p06,05e12ab545f0ff015d9f26705c28409427a259b581e229e4b278fd34b130e759,3,4021,0
2,ex2-s5-e1-a1-p06,05e12ab545f0ff015d9f26705c28409427a259b581e229e4b278fd34b130e759,3,4022,100
2,ex2-s5-e1-a1-p06,05e12ab545f0ff015d9f26705c28409427a259b581e229e4b278fd34b130e759,3,4023,0
2,ex2-s5-e1-a1-p06,05e12ab545f0ff015d9f26705c28409427a259b581e229e4b278fd34b130e759,3,4024,0
2,ex2-s5-e1-a1-p06,05e12ab545f0ff015d9f26705c28409427a259b581e229e4b278fd34b130e759,3,4025,0
2,ex2-s5-e1-a1-p06,05e12ab545f0ff015d9f26705c28409427a259b581e229e4b278fd34b130e759,3,4026,0
2,ex2-s5-e1-a1-p06,05e12ab545f0ff015d9f26705c28409427a259b581e229e4b278fd34b130e759,3,4027,0
2,ex2-s5-e1-a1-p06,05e12ab545f0ff015d9f26705c28409427a259b581e229e4b278fd34b130e759,3,4028,100
2,ex2-s5-e1-a1-p06,05e12ab545f0ff015d9f26705c28409427a259b581e229e4b278fd34b130e759,3,4029,0
2,ex2-s5-e1-a1-p06,05e12ab545f0ff015d9f26705c28409427a259b581e229e4b278fd34b130e759,3,4030,0
2,ex2-s5-e1-a1-p06,05e12ab545f0ff015d9f26705c28409427a259b581e229e4b278fd34b130e759,3,4031,0
2,ex2-s5-e1-a1-p06,05e12ab545f0ff015d9f26705c28409427a259b581e229e4b278fd34b130e759,3,4032,0
2,ex2-s5-e1-a1-p06,05e12ab545f0ff015d9f26705c28409427a259b581e229e4b278fd34b130e759,3,4033,0
2,ex2-s5-e1-a1-p06,05e12ab545f0ff015d9f26705c28409427a259b581e229e4b278fd34b130e759,3,4034,0
2,ex2-s5-e1-a1-p06,05e12ab545f0ff015d9f26705c28409427a259b581e229e4b278fd34b130e759,3,4035,100
2,ex2-s5-e1-a1-p06,05e12ab545f0ff015d9f26705c28409427a259b581e229e4b278fd34b130e759,3,4036,0
2,ex2-s5-e1-a1-p06,05e12ab545f0ff015d9f26705c28409427a259b581e229e4b278fd34b130e759,3,4037,0
2,ex2-s5-e1-a1-p06,05e12ab545f0ff015d9f26705c28409427a259b581e229e4b278fd34b130e759,3,4038,0
2,ex2-s5-e1-a1-p06,05e12ab545f0ff015d9f26705c28409427a259b581e229e4b278fd34b130e759,3,4039,0
2,ex2-s5-e1-a1-p06,05e12ab545f0ff015d9f26705c28409427a259b581e229e4b278fd34b130e759,3,4040,0
2,ex2-s5-e1-a1-p06,05e12ab545f0ff015d9f26705c28409427a259b581e229e4b278fd34b130e759,3,4041,0
2,ex2-s5-e1-a1-p06,05e12ab545f0ff015d9f26705c28409427a259b581e229e4b278fd34b130e759,3,4042,100
2,ex2-s5-e1-a1-p06,05e12ab545f0ff015d9f26705c28409427a259b581e229e4b278fd34b130e759,3,4043,0
2,ex2-s5-e1-a1-p06,05e12ab545f0ff015d9f26705c28409427a259b581e229e4b278fd34b130e759,3,4044,0
2,ex2-s5-e1-a1-p06,05e12ab545f0ff015d9f26705c28409427a259b581e229e4b278fd34b130e759,3,4045,0
2,ex2-s5-e1-a1-p06,05e12ab545f0ff015d9f26705c28409427a259b581e229e4b278fd34b130e759,3,4046,0
2,ex2-s5-e1-a1-p06,05e12ab545f0ff015d9f26705c28409427a259b581e229e4b278fd34b130e759,3,4047,0
2,ex2-s5-e1-a1-p06,05e12ab545f0ff015d9f26705c28409427a259b581e229e4b278fd34b130e759,3,4048,100
2,ex2-s5-e1-a1-p06,05e12ab545f0ff015d9f26705c28409427a259b581e229e4b278fd34b130e759,3,4049,0
2,ex2-s5-e1-a1-p06,05e12ab545f0ff015d9f26705c28409427a259b581e229e4b278fd34b130e759,3,4050,0
2,ex2-s5-e1-a1-p06,05e12ab545f0ff015d9f26705c28409427a259b581e229e4b278fd34b130e759,3,4051,0
2,ex2-s5-e1-a1-p06,05e12ab545f0ff015d9f26705c28409427a259b581e229e4b278fd34b130e759,3,4052,0
2,ex2-s5-e1-a1-p06,05e12ab545f0ff015d9f26705c28409427a259b581e229e4b278fd34b130e759,3,4053,0
2,ex2-s5-e1-a1-p06,05e12ab545f0ff015d9f26705c28409427a259b581e229e4b278fd34b130e759,3,4054,0
2,ex2-s5-e1-a1-p06,05e12ab545f0ff015d9f26705c28409427a259b581e229e4b278fd34b130e759,3,4055,100
2,ex2-s5-e1-a1-p06,05e12ab545f0ff015d9f26705c28409427a259b581e229e4b278fd34b130e759,3,4056,0
2,ex2-s5-e1-a1-p06,05e12ab545f0ff015d9f26705c28409427a259b581e229e4b278fd34b130e759,3,4057,0
2,ex2-s5-e1-a1-p06,05e12ab545f0ff015d9f26705c28409427a259b581e229e4b278fd34b130e759,3,4058,0
2,ex2-s5-e1-a1-p06,05e12ab545f0ff015d9f26705c28409427a259b581e229e4b278fd34b130e759,3,4059,0
2,ex2-s5-e1-a1-p06,05e12ab545f0ff015d9f26705c28409427a259b581e229e4b278fd34b130e759,3,4060,0
2,ex2-s5-e1-a1-p06,05e12ab545f0ff015d9f26705c28409427a259b581e229e4b278fd34b130e759,3,4061,0
2,ex2-s5-e1-a1-p06,05e12ab545f0ff015d9f26705c28409427a259b581e229e4b278fd34b130e759,3,4062,100
2,ex2-s5-e1-a1-p06,05e12ab545f0ff015d9f26705c28409427a259b581e229e4b278fd34b130e759,3,4063,0
2,ex2-s5-e1-a1-p06,05e12ab545f0ff015d9f26705c28409427a259b581e229e4b278fd34b130e759,3,4064,0
2,ex2-s5-e1-a1-p06,05e12ab545f0ff015d9f26705c28409427a259b581e229e4b278fd34b130e759,3,4065,0
2,ex2-s5-e1-a1-p06,05e12ab545f0ff015d9f26705c28409427a259b581e229e4b278fd34b130e759,3,4066,0
2,ex2-s5-e1-a1-p06,05e12ab545f0ff015d9f26705c28409427a259b581e229e4b278fd34b130e759,3,4067,0
2,ex2-s5-e1-a1-p06,05e12ab545f0ff015d9f26705c28409427a259b581e229e4b278fd34b130e759,3,4068,100
2,ex2-s5-e1-a1-p06,05e12ab545f0ff015d9f26705c28409427a259b581e229e4b278fd34b130e759,3,4069,0
2,ex2-s5-e1-a1-p06,05e12ab545f0ff015d9f26705c28409427a259b581e229e4b278fd34b130e759,3,4070,0
2,ex2-s5-e1-a1-p06,05e12ab545f0ff015d9f26705c28409427a259b581e229e4b278fd34b130e759,3,4071,0
2,ex2-s5-e1-a1-p06,05e12ab545f0ff015d9f26705c28409427a259b581e229e4b278fd34b130e759,3,4072,0
2,ex2-s5-e1-a1-p06,05e12ab545f0ff015d9f26705c28409427a259b581e229e4b278fd34b130e759,3,4073,0
2,ex2-s5-e1-a1-p06,05e12ab545f0ff015d9f26705c28409427a259b581e229e4b278fd34b130e759,3,4074,0
2,ex2-s5-e1-a1-p06,05e12ab545f0ff015d9f26705c28409427a259b581e229e4b278fd34b130e759,3,4075,100
2,ex2-s5-e1-a1-p06,05e12ab545f0ff015d9f26705c28409427a259b581e229e4b278fd34b130e759,3,4076,0
2,ex2-s5-e1-a1-p06,05e12ab545f0ff015d9f26705c28409427a259b581e229e4b278fd34b130e759,3,4077,0
2,ex2-s5-e1-a1-p06,05e12ab545f0ff015d9f26705c28409427a259b581e229e4b278fd34b130e759,3,4078,0
2,ex2-s5-e1-a1-p06,05e12ab545f0ff015d9f26705c28409427a259b581e229e4b278fd34b130e759,3,4079,0
2,ex2-s5-e1-a1-p06,05e12ab545f0ff015d9f26705c28409427a259b581e229e4b278fd34b130e759,3,4080,0
2,ex2-s5-e1-a1-p06,05e12ab545f0ff015d9f26705c28409427a259b581e229e4b278fd34b130e759,3,4081,0
2,ex2-s5-e1-a1-p06,05e12ab545f0ff015d9f26705c28409427a259b581e229e4b278fd34b130e759,3,4082,100
2,ex2-s5-e1-a1-p06,05e12ab545f0ff015d9f26705c28409427a259b581e229e4b278fd34b130e759,3,4083,0
2,ex2-s5-e1-a1-p06,05e12ab545f0ff015d9f26705c28409427a259b581e229e4b278fd34b130e759,3,4084,0
2,ex2-s5-e1-a1-p06,05e12ab545f0ff015d9f26705c28409427a259b581e229e4b278fd34b130e759,3,4085,0
2,ex2-s5-e1-a1-p06,05e12ab545f0ff015d9f26705c28409427a259b581e229e4b278fd34b130e759,3,4086,0
2,ex2-s5-e1-a1-p06,05e12ab545f0ff015d9f26705c28409427a259b581e229e4b278fd34b130e759,3,4087,0
2,ex2-s5-e1-a1-p06,05e12ab545f0ff015d9f26705c28409427a259b581e229e4b278fd34b130e759,3,4088,100
2,ex2-s5-e1-a1-p06,05e12ab545f0ff015d9f26705c28409427a259b581e229e4b278fd34b130e759,3,4089,0
2,ex2-s5-e1-a1-p06,05e12ab545f0ff015d9f26705c28409427a259b581e229e4b278fd34b130e759,3,4090,0
2,ex2-s5-e1-a1-p06,05e12ab545f0ff015d9f26705c28409427a259b581e229e4b278fd34b130e759,3,4091,0
2,ex2-s5-e1-a1-p06,05e12ab545f0ff015d9f26705c28409427a259b581e229e4b278fd34b130e759,3,4092,0
2,ex2-s5-e1-a1-p06,05e12ab545f0ff015d9f26705c28409427a259b581e229e4b278fd34b130e759,3,4093,0
2,ex2-s5-e1-a1-p06,05e12ab545f0ff015d9f26705c28409427a259b581e229e4b278fd34b130e759,3,4094,0
